QuestionID,Chapter,Topic,Question,OptionA,OptionB,OptionC,OptionD,OptionE,CorrectAnswer,Explanation
FA-Nephro-ABP & RTA-001,Nephrology,Acid Base Physiology & Renal Tubular Acidosis,A 45-year-old female presents to the emergency department with a severe panic attack. She is hyperventilating and complains of perioral numbness. Arterial blood gas analysis is most likely to reveal which of the following sets of abnormalities?,"Decreased pH, decreased HCO3, decreased pCO2","Increased pH, decreased HCO3, decreased pCO2","Increased pH, increased HCO3, increased pCO2","Decreased pH, increased HCO3, increased pCO2","Decreased pH, normal HCO3, increased pCO2",B,
FA-Nephro-ABP & RTA-002,Nephrology,Acid Base Physiology & Renal Tubular Acidosis,A patient with chronic kidney disease presents with profound lethargy. Laboratory evaluation reveals a metabolic acidosis with an elevated anion gap. Which of the following is the most appropriate mathematical formula used to calculate this patient's anion gap?,Na+ + (Cl- + HCO3-),Na+ - (Cl- - HCO3-),Na+ - (Cl- + HCO3-),(Na+ + K+) - (Cl- + HCO3-),Cl- - (Na+ + HCO3-),C,
FA-Nephro-ABP & RTA-003,Nephrology,Acid Base Physiology & Renal Tubular Acidosis,"A patient is evaluated for chronic, non-anion gap metabolic acidosis. The physician suspects a Type 1 Renal Tubular Acidosis (RTA). Which of the following combinations of findings is most characteristic of this specific defect?",Urine pH > 5.5 and calcium phosphate kidney stones,Urine pH < 5.5 and hypophosphatemic rickets,Urine pH < 5.5 and hyperkalemia,Urine pH > 5.5 and severe hyperkalemia,Urine pH < 5.5 and uric acid stones,A,
FA-Nephro-ABP & RTA-004,Nephrology,Acid Base Physiology & Renal Tubular Acidosis,A 50-year-old diabetic male with chronic kidney disease is taking an ACE inhibitor for hypertension. Routine lab work reveals a non-anion gap metabolic acidosis and significant hyperkalemia. Urine pH is 5.2. Which type of renal tubular acidosis does this patient most likely have?,Type 1 RTA,Type 2 RTA,Type 3 RTA,Type 4 RTA,Proximal RTA,D,
FA-Nephro-ABP & RTA-005,Nephrology,Acid Base Physiology & Renal Tubular Acidosis,"A child presents with growth retardation and signs of hypophosphatemic rickets. Laboratory testing indicates a defect in the proximal convoluted tubule's ability to reabsorb bicarbonate, leading to its excretion in the urine. This condition is designated as which type of Renal Tubular Acidosis?",Type 1 RTA,Type 2 RTA,Type 3 RTA,Type 4 RTA,Distal RTA,B,
FA-Nephro-ABP & RTA-006,Nephrology,Acid Base Physiology & Renal Tubular Acidosis,"A patient receives a large volume of normal saline infusion during a prolonged hospitalization. Subsequent blood work reveals a non-anion gap metabolic acidosis. According to standard physiological mnemonics, which of the following is also a recognized cause of a normal anion gap metabolic acidosis?",Diabetic ketoacidosis,Uremia,Salicylate toxicity,Diarrhea,Lactic acidosis,D,
FA-Nephro-ABP & RTA-007,Nephrology,Acid Base Physiology & Renal Tubular Acidosis,"A pregnant female in her third trimester presents for a routine checkup. Arterial blood gas shows an elevated pH, decreased HCO3, and decreased pCO2. Her physiological state is a recognized cause of which acid-base disturbance?",Metabolic alkalosis,Metabolic acidosis,Respiratory alkalosis,Respiratory acidosis,Mixed metabolic and respiratory acidosis,C,
FA-Nephro-ABP & RTA-008,Nephrology,Acid Base Physiology & Renal Tubular Acidosis,"A patient is brought to the ED after ingesting a large amount of antifreeze (ethylene glycol). He has a severe high anion gap metabolic acidosis. According to the MUDPILES mnemonic, which of the following common over-the-counter medications can also cause a high anion gap acidosis in overdose?",Ibuprofen,Loratadine,Paracetamol,Omeprazole,Diphenhydramine,C,
FA-Nephro-ABP & RTA-009,Nephrology,Acid Base Physiology & Renal Tubular Acidosis,"A patient with primary adrenal insufficiency (Addison disease) presents with fatigue. Lab work reveals a metabolic acidosis. Upon calculating the anion gap, it falls within the normal range (6-12 mEq/L). According to the HARDASS mnemonic, which of the following is also a cause of a normal anion gap acidosis?",Methanol toxicity,Uremia,Salicylate toxicity,Hyperchloremia/hyperalimentation,Diabetic ketoacidosis,D,
FA-Nephro-ABP & RTA-010,Nephrology,Acid Base Physiology & Renal Tubular Acidosis,"A 60-year-old male on high-dose NSAIDs develops hyperkalemia and a non-anion gap metabolic acidosis. He is diagnosed with hypoaldosteronism. According to the mnemonic ""NO 4LDOESTERONE"", which type of Renal Tubular Acidosis does this represent?",Type 1,Type 2,Type 3,Type 4,Type 5,D,
FA-Nephro-AKI-001,Nephrology,Acute Kidney Injury,A 65-year-old male is admitted with severe congestive heart failure exacerbation. His urine output drops significantly. Laboratory tests show a BUN of 45 mg/dL and a serum creatinine of 1.5 mg/dL. Fractional excretion of sodium (FENa) is 0.5%. What type of casts are most commonly associated with this specific pre-renal etiology?,WBC casts,RBC casts,Hyaline casts,Granular casts,Waxy casts,C,
FA-Nephro-AKI-002,Nephrology,Acute Kidney Injury,"A patient undergoes a contrast-enhanced CT scan. Two days later, his serum creatinine acutely rises from 1.0 mg/dL to 2.8 mg/dL. Urinalysis reveals specific casts indicative of tubular epithelial damage. Which type of casts are classically seen in this patient's condition?",Hyaline casts,Muddy brown granular casts,WBC casts with eosinophils,Dysmorphic RBC casts,Fatty casts,B,
FA-Nephro-AKI-003,Nephrology,Acute Kidney Injury,"A 40-year-old female is treated with ibuprofen for chronic back pain. Three weeks later, she develops a fever, maculopapular rash, and rising serum creatinine. Urinalysis reveals WBC casts and pyuria with the presence of eosinophils. Which region of the kidney is primarily inflamed in this condition?",Glomerular basement membrane,Renal papilla,Tubular epithelium,Renal interstitium,Renal pelvis,D,
FA-Nephro-AKI-004,Nephrology,Acute Kidney Injury,A 25-year-old male with a known history of sickle cell disease presents with sudden onset of gross hematuria and flank pain. He is diagnosed with acute kidney injury due to damage to a specific structural region of the kidney highly susceptible to ischemia in this condition. Which condition has he most likely developed?,Acute interstitial nephritis,Acute tubular necrosis,Renal papillary necrosis,Post-streptococcal glomerulonephritis,Bilateral ureteral obstruction,C,
FA-Nephro-AKI-005,Nephrology,Acute Kidney Injury,"A patient with severe dehydration is suspected of having a prerenal acute kidney injury. In addition to a BUN/Cr ratio >20, what specific Fractional Excretion of Sodium (FENa) value strictly defines this prerenal state?",<1%,>1%,>2%,<2%,>3%,A,
FA-Nephro-AKI-006,Nephrology,Acute Kidney Injury,A patient recovering from septic shock develops acute tubular necrosis. The kidneys are unable to reabsorb Na+ or H2O. What specific Urine Osmolality value is classically expected in this intrinsic AKI state?,>500 mOsm/kg,>400 mOsm/kg,<350 mOsm/kg,<100 mOsm/kg,Variable mOsm/kg,C,
FA-Nephro-AKI-007,Nephrology,Acute Kidney Injury,An elderly male with benign prostatic hyperplasia presents with complete urinary retention. He develops postrenal AKI. Which class of medications is classically known to precipitate postrenal AKI by causing urethral compression or neurogenic bladder issues?,Beta-blockers,Anticholinergics,ACE inhibitors,Loop diuretics,Calcium channel blockers,B,
FA-Nephro-AKI-008,Nephrology,Acute Kidney Injury,"A patient develops a fever, rash, and eosinophiluria. He was recently prescribed a medication for gastric reflux. According to the ""5 Ps"" of Acute Interstitial Nephritis, which specific drug class is responsible?",Penicillins,Pain-free (NSAIDs),Pee (Diuretics),Proton pump inhibitors (PPIs),Rifampin,D,
FA-Nephro-Physio-001,Nephrology,Glomerulus & Renal Physiology,A medical student is studying the glomerular filtration barrier. The endothelium of the glomerulus acts as a size barrier. Molecules larger than what specific size are primarily prevented from being filtered by this endothelium?,10 nm,20-30 nm,50-60 nm,80 nm,100 nm,E,
FA-Nephro-Physio-002,Nephrology,Glomerulus & Renal Physiology,"A patient has a suspected decline in renal function. The physician decides to order a blood test that can be used to estimate GFR, as an alternative to creatinine. Which of the following endogenous substances is routinely used for this purpose?",Para-aminohippuric acid (PAH),Urea,Cystatin C,Inulin,Albumin,C,
FA-Nephro-Physio-003,Nephrology,Glomerulus & Renal Physiology,"A patient presents with a severe ureteral stone causing complete obstruction of the right ureter. According to the principles of glomerular dynamics, how will this constriction of the ureter alter GFR, RPF, and the filtration fraction (FF) in the affected kidney?","Decreased GFR, Unchanged RPF, Decreased FF","Decreased GFR, Decreased RPF, Unchanged FF","Increased GFR, Unchanged RPF, Increased FF","Decreased GFR, Increased RPF, Decreased FF","Unchanged GFR, Decreased RPF, Increased FF",A,
FA-Nephro-Incontinence-001,Nephrology,Micturition & Urinary Incontinence,"A 50-year-old multiparous woman complains of urinary leakage every time she laughs, coughs, or sneezes. The underlying mechanism is an increase in intra-abdominal pressure overcoming an incompetent outlet. Which of the following is the recommended first-line treatment for her specific condition?",Oxybutynin,Alpha-blockers,Kegel exercises,Catheterization,Mirabegron,C,
FA-Nephro-Incontinence-002,Nephrology,Micturition & Urinary Incontinence,A 65-year-old male with a history of benign prostatic hyperplasia (BPH) presents with continuous dribbling of urine and a sensation of incomplete emptying. Post-void residual volume is significantly increased. Which medication class is most appropriate to relieve the obstruction in this type of incontinence?,Antimuscarinics,Cholinergic agonists,Alpha-1 receptor antagonists,Beta-3 receptor agonists,Nicotinic receptor antagonists,C,
FA-Nephro-Incontinence-003,Nephrology,Micturition & Urinary Incontinence,"A 70-year-old female suffers from sudden, overwhelming urges to urinate, frequently resulting in leakage before reaching the bathroom. This urgency incontinence is driven by detrusor muscle overactivity. Which class of medication, acting to relax the detrusor, is an appropriate pharmacological treatment?",Muscarinic M3 receptor antagonists,Alpha-1 receptor antagonists,Cholinergic agonists,Nicotinic receptor agonists,Beta-1 receptor blockers,A,
FA-Nephro-Incontinence-004,Nephrology,Micturition & Urinary Incontinence,A patient receives a medication to treat urinary retention. The drug stimulates contraction of the detrusor muscle. Which specific receptor is targeted by this cholinergic agonist?,Alpha-1 receptor,Beta-3 receptor,Nicotinic receptor,M3 receptor,Beta-2 receptor,D,
FA-Nephro-Incontinence-005,Nephrology,Micturition & Urinary Incontinence,Voluntary control over the external urethral sphincter is mediated by the pudendal nerve. Which type of receptor directly controls this somatic process?,Alpha-1 receptor,Beta-3 receptor,Nicotinic receptor,Muscarinic M3 receptor,Muscarinic M1 receptor,C,
FA-Nephro-Incontinence-006,Nephrology,Micturition & Urinary Incontinence,"During the normal micturition reflex, the bladder fills and stretches, activating mechanoreceptors. This physical stretch information is carried towards the spinal cord primarily by which specific set of nerves?",Efferent parasympathetic fibers,Pudendal nerve fibers,Afferent pelvic splanchnic nerves,Sympathetic hypogastric nerves,Somatic motor fibers,C,
FA-Nephro-Incontinence-007,Nephrology,Micturition & Urinary Incontinence,A 40-year-old female with a history of Multiple Sclerosis presents with urinary leakage and a high post-void residual volume. Her underlying neurological disease leads to incomplete emptying. Which specific type of incontinence is this?,Stress incontinence,Urgency incontinence,Overflow incontinence,Functional incontinence,Mixed incontinence,C,
FA-Nephro-Nephritic-001,Nephrology,Nephritic Syndromes,"A 7-year-old boy presents with peripheral and periorbital edema, hypertension, and cola-colored urine. His mother notes he had a skin infection diagnosed as impetigo three weeks ago. Laboratory testing reveals decreased C3 levels. The underlying pathogenesis of this patient's renal condition is mediated by which of the following mechanisms?",Type I hypersensitivity,Type II hypersensitivity,Type III hypersensitivity,Type IV hypersensitivity,Direct bacterial toxicity to the glomerulus,C,
FA-Nephro-Nephritic-002,Nephrology,Nephritic Syndromes,"A 10-year-old girl develops acute poststreptococcal glomerulonephritis following a severe sore throat. If a renal biopsy were performed, what would be the expected finding on electron microscopy?",Subendothelial immune complex humps,Subepithelial immune complex humps,Intramembranous deposits,Effacement of podocyte foot processes,Basket-weave appearance of the basement membrane,B,
FA-Nephro-Nephritic-003,Nephrology,Nephritic Syndromes,A 55-year-old male presents with hemoptysis and rapidly declining renal function. A renal biopsy reveals a crescent moon shape in the glomeruli on light microscopy. Immunofluorescence demonstrates a linear pattern of deposition. Which of the following is the most likely diagnosis?,Granulomatosis with polyangiitis,Goodpasture syndrome,Acute poststreptococcal glomerulonephritis,IgA nephropathy,Diffuse proliferative glomerulonephritis,B,
FA-Nephro-Nephritic-004,Nephrology,Nephritic Syndromes,"A patient is being evaluated for rapidly progressive glomerulonephritis. Renal biopsy confirms the presence of crescents on light microscopy, but immunofluorescence is completely negative. Which of the following conditions is most consistent with these biopsy findings?",Microscopic polyangiitis,Goodpasture syndrome,Alport syndrome,Membranoproliferative glomerulonephritis,Acute poststreptococcal glomerulonephritis,A,
FA-Nephro-Nephritic-005,Nephrology,Nephritic Syndromes,A 22-year-old male presents with episodic gross hematuria. He reports having a mild respiratory infection just two days prior to the onset of the hematuria. Renal biopsy reveals mesangial proliferation. Immunofluorescence would most likely show deposition of which of the following in the mesangium?,IgG and C3,IgM,IgA,Fibrinogen,Type IV collagen,C,
FA-Nephro-Nephritic-006,Nephrology,Nephritic Syndromes,"A 14-year-old boy is evaluated for chronic microscopic hematuria, progressive sensorineural hearing loss, and bilateral lens dislocations. Family history is significant for an uncle who required a kidney transplant. The underlying genetic mutation in this condition most directly affects which structural component?",Type I collagen,Type III collagen,Type IV collagen,Fibronectin,Heparan sulfate,C,
FA-Nephro-Nephritic-007,Nephrology,Nephritic Syndromes,"A patient with chronic Hepatitis C infection develops edema and heavy proteinuria. Renal biopsy reveals a ""tram-track"" appearance on both light microscopy and immunofluorescence. This specific morphological change is primarily due to which of the following processes?",Mesangial growth and splitting of the basement membrane,Fusion of podocyte foot processes,Subepithelial deposition of IgG,Nonenzymatic glycation of the mesangium,Ischemic necrosis of the tubular epithelium,A,
FA-Nephro-Nephritic-008,Nephrology,Nephritic Syndromes,"A patient is diagnosed with Type II Membranoproliferative Glomerulonephritis. Laboratory evaluation demonstrates the presence of C3 nephritic factor. In this specific subtype, where are the immune deposits typically located on electron microscopy?",Subepithelial space,Subendothelial space,Intramembranous space,Mesangial matrix,Parietal layer of Bowman's capsule,C,
FA-Nephro-Nephritic-009,Nephrology,Nephritic Syndromes,"A patient is suspected of having a nephritic syndrome based on hematuria and hypertension. To fit the classic definition of ""mild proteinuria"" seen in nephritic syndromes, the 24-hour urine protein must fall below what specific threshold?",<1.0 g/day,<2.5 g/day,<3.0 g/day,<3.5 g/day,<4.0 g/day,D,
FA-Nephro-Nephritic-010,Nephrology,Nephritic Syndromes,"A patient with acute poststreptococcal glomerulonephritis presents with ""cola-colored"" urine. The hematuria is classified as glomerular in origin due to inflammation and GBM damage. Which characteristic finding on urinalysis strictly confirms that the RBCs are of glomerular origin?",Isomorphic RBCs,Dysmorphic RBCs,RBC fragments,Hemoglobin casts,Clumped RBCs,B,
FA-Nephro-Nephritic-011,Nephrology,Nephritic Syndromes,"A 45-year-old patient presents with rapidly declining renal function. Biopsy shows crescents on LM. Immunofluorescence is strictly negative. While Granulomatosis with polyangiitis and microscopic polyangiitis are possibilities, which other condition classically presents with a negative IF?",Goodpasture syndrome,Eosinophilic polyangiitis,IgA nephropathy,Lupus nephritis,Poststreptococcal glomerulonephritis,B,
FA-Nephro-Nephritic-012,Nephrology,Nephritic Syndromes,A 20-year-old male presents with episodic gross hematuria. He reports having a gastrointestinal infection just 3 days ago. Renal biopsy reveals mesangial proliferation. The timing of this hematuria (2-4 days post-infection) is the classic hallmark of which condition?,Acute poststreptococcal glomerulonephritis,IgA Nephropathy,Membranoproliferative glomerulonephritis,Alport syndrome,Goodpasture syndrome,B,
FA-Nephro-Nephritic-013,Nephrology,Nephritic Syndromes,"A 12-year-old boy presents with hematuria and sensorineural deafness. The physician suspects Alport Syndrome, which is caused by a mutation in Type IV collagen. According to the classic mnemonic, what other specific issue does this patient most likely have?",Skin lesions,Cardiac defects,Eye problems,Hepatic cysts,Pulmonary hypoplasia,C,
FA-Nephro-Nephritic-014,Nephrology,Nephritic Syndromes,"A 40-year-old male with chronic Hepatitis B infection presents with a mixed nephrotic and nephritic picture. Biopsy demonstrates a ""tram-track"" appearance. This finding is classically secondary to which specific type of glomerulonephritis?",Type I Membranoproliferative GM,Type II Membranoproliferative GM,Membranous Nephropathy,Diffuse Proliferative GM,Focal Segmental Glomerulosclerosis,A,
FA-Nephro-Stone-001,Nephrology,Nephrolithiasis,A 35-year-old male presents with unilateral colicky flank pain radiating to the groin. Ultrasound confirms hydronephrosis. Urinalysis shows envelope-shaped crystals. He has a history of Crohn's disease resulting in malabsorption. Which of the following is the most appropriate long-term pharmacological treatment to prevent recurrence of this specific stone?,Allopurinol,Broad-spectrum antibiotics,Thiazide diuretics,Loop diuretics,Calcium supplements,C,
FA-Nephro-Stone-002,Nephrology,Nephrolithiasis,A 40-year-old female presents with recurrent urinary tract infections. Imaging reveals a large staghorn calculus in the right kidney. Urinalysis shows a urine pH of 8.5 and coffin-lid shaped crystals. Infection with which of the following urease-positive organisms is the most likely underlying cause?,Escherichia coli,Proteus mirabilis,Staphylococcus saprophyticus,Enterococcus faecalis,Pseudomonas aeruginosa,B,
FA-Nephro-Stone-003,Nephrology,Nephrolithiasis,A 15-year-old boy with a history of recurrent kidney stones is found to have six-sided hexagon-shaped crystals in his urine. His urine pH is decreased. The underlying pathogenesis is a recessive defect in the proximal convoluted tubule's ability to transport certain amino acids. Which of the following is one of the specific amino acids affected?,Alanine,Glutamine,Arginine,Methionine,Phenylalanine,C,
FA-Nephro-Stone-004,Nephrology,Nephrolithiasis,"A 60-year-old male with a long history of gout presents with acute left-sided flank pain and hematuria. An abdominal X-ray does not reveal any radiopaque stones, but a non-contrast CT confirms a calculus in the left ureter. Urine microscopy shows rhomboid-shaped crystals. Which of the following is the most appropriate treatment strategy for this specific type of stone?",Acidifying the urine,Surgical removal only,Administering thiazide diuretics,Alkylating the urine with sodium bicarbonate,Lithotripsy,D,
FA-Nephro-Stone-005,Nephrology,Nephrolithiasis,"A 45-year-old female admits to taking massive daily doses of a specific vitamin supplement, which subsequently leads to the development of radiopaque, envelope-shaped kidney stones. Which vitamin abuse is a known risk factor for calcium oxalate stones?",Vitamin A,Vitamin B12,Vitamin C,Vitamin D,Vitamin E,C,
FA-Nephro-Stone-006,Nephrology,Nephrolithiasis,"A 60-year-old patient with leukemia undergoes aggressive chemotherapy. The increased cell turnover significantly raises his risk for developing a specific type of radiolucent, rhomboid-shaped kidney stone. Which type of stone is this?",Calcium oxalate,Calcium phosphate,Struvite,Cystine,Uric acid,E,
FA-Nephro-Stone-007,Nephrology,Nephrolithiasis,A patient is diagnosed with a severe right-sided ureteral stone. Ultrasound confirms a dilation of the renal pelvis. Which principle correctly describes the anatomical relationship of this dilation in hydronephrosis?,Dilation occurs distal to the obstruction,Dilation occurs proximal to the obstruction,Dilation only occurs bilaterally,Dilation is restricted to the minor calyces,Dilation strictly spares the renal pelvis,B,
FA-Nephro-Nephron-001,Nephrology,Nephron  & Tubular Defects,"A patient is prescribed acetazolamide for altitude sickness. In addition to causing metabolic acidosis, this drug can precipitate an allergic reaction in patients with which of the following specific sensitivities?",Penicillin allergy,Aspirin allergy,Peanut allergy,Sulfa allergy,Iodine allergy,D,
FA-Nephro-Nephron-002,Nephrology,Nephron  & Tubular Defects,"A 60-year-old male with hypertension is started on a thiazide diuretic. At his follow-up, laboratory results show several expected elevations (HyperGLUC). Which of the following is also a recognized adverse effect of this medication class?",Hyperkalemia,Hyperlipidemia,Hypocalcemia,Metabolic acidosis,Ototoxicity,B,
FA-Nephro-Nephron-003,Nephrology,Nephron  & Tubular Defects,"A young adult is diagnosed with Liddle Syndrome, an autosomal dominant condition increasing sodium reabsorption. Which of the following is the most appropriate pharmacological treatment for this specific syndrome?",Hydrochlorothiazide,Furosemide,K+ sparing diuretics,ACE inhibitors,Acetazolamide,C,
FA-Nephro-Nephron-004,Nephrology,Nephron & Tubular Defects,"A mountain climber takes a carbonic anhydrase inhibitor to prevent altitude sickness. Two days later, he develops metabolic acidosis. Which section of the nephron is the primary site of action for this medication?",Proximal convoluted tubule,Descending limb of the loop of Henle,Thick ascending limb of the loop of Henle,Distal convoluted tubule,Collecting duct,A,
FA-Nephro-Nephron-005,Nephrology,Nephron & Tubular Defects,"A child presents with failure to thrive. Laboratory tests reveal excretion of amino acids, glucose, bicarbonate, and phosphate, resulting in metabolic acidosis. A defect in which renal segment is responsible for this condition, known as Fanconi syndrome?",Proximal convoluted tubule,Thin descending limb,Thick ascending limb,Distal convoluted tubule,Collecting duct,A,
FA-Nephro-Nephron-006,Nephrology,Nephron & Tubular Defects,A patient with elevated intracranial pressure is treated with an osmotic diuretic that increases tubular fluid osmolarity. Which part of the nephron is the primary site of action for this drug?,Proximal convoluted tubule,Descending limb of the loop of Henle,Thick ascending limb of the loop of Henle,Distal convoluted tubule,Collecting duct,B,
FA-Nephro-Nephron-007,Nephrology,Nephron & Tubular Defects,A 70-year-old male with elevated intracranial pressure is being considered for mannitol therapy. A review of his medical history reveals a condition that makes this drug strictly contraindicated. Which of the following conditions is an absolute contraindication for mannitol?,Glaucoma,Congestive heart failure,Hyperuricemia,Metabolic alkalosis,Hypercalcemia,B,
FA-Nephro-Nephron-008,Nephrology,Nephron & Tubular Defects,"A patient is treated for acute pulmonary edema with an intravenous diuretic that inhibits the Na+/K+/2Cl- cotransporter, disrupting the hypertonicity of the medulla. The patient subsequently develops ototoxicity. Which medication was most likely administered?",Hydrochlorothiazide,Spironolactone,Furosemide,Acetazolamide,Mannitol,C,
FA-Nephro-Nephron-009,Nephrology,Nephron & Tubular Defects,A patient receiving long-term loop diuretic therapy presents with an episode of acute renal colic. Imaging confirms a calcium oxalate kidney stone. The diuretic used precipitates these stones by acting on which segment of the nephron?,Proximal convoluted tubule,Descending limb of the loop of Henle,Thick ascending limb of the loop of Henle,Distal convoluted tubule,Collecting duct,C,
FA-Nephro-Nephron-010,Nephrology,Nephron & Tubular Defects,"A child presents with poor growth. Laboratory findings show hypokalemia and metabolic alkalosis. The condition is due to an inherited defect in the thick ascending loop, functionally mimicking the effects of loop diuretics. Which syndrome is this?",Fanconi syndrome,Gitelman syndrome,Liddle syndrome,Bartter syndrome,Syndrome of Apparent Mineralocorticoid Excess,D,
FA-Nephro-Nephron-011,Nephrology,Nephron & Tubular Defects,"A 55-year-old male on a diuretic for hypertension routinely shows elevated serum glucose, uric acid, and calcium levels (HyperGLUC). What is the mechanism of action of the prescribed diuretic class?",Carbonic anhydrase inhibition,Inhibition of the Na+/K+/2Cl- cotransporter,Inhibition of NaCl reabsorption in the DCT,Aldosterone receptor antagonism,Osmotic diuresis,C,
FA-Nephro-Nephron-012,Nephrology,Nephron & Tubular Defects,"A teenager presents with hypokalemia, hypomagnesemia, and metabolic alkalosis. The genetic defect involved mimics the action of thiazide diuretics. Which segment of the nephron contains the reabsorption defect in this specific syndrome?",Proximal convoluted tubule,Thick ascending limb of the loop of Henle,Distal convoluted tubule,Cortical collecting duct,Medullary collecting duct,C,
FA-Nephro-Nephron-013,Nephrology,Nephron & Tubular Defects,"A patient with liver cirrhosis and hepatic ascites is started on a diuretic. Weeks later, he complains of tender breast enlargement. Which specific potassium-sparing diuretic, known for its anti-androgen effects, was most likely prescribed?",Furosemide,Hydrochlorothiazide,Amiloride,Spironolactone,Triamterene,D,
FA-Nephro-Nephron-014,Nephrology,Nephron & Tubular Defects,A patient develops nephrogenic diabetes insipidus. Which specific potassium-sparing diuretic is uniquely noted for its use in treating this particular condition?,Spironolactone,Eplerenone,Amiloride,Triamterene,Acetazolamide,C,
FA-Nephro-Nephron-015,Nephrology,Nephron & Tubular Defects,A young patient presents with severe hypertension and hypokalemia. Genetic testing reveals an autosomal dominant mutation causing decreased degradation of sodium channels in the collecting tubules. Which syndrome is this?,Bartter syndrome,Gitelman syndrome,Liddle syndrome,Fanconi syndrome,Syndrome of Apparent Mineralocorticoid Excess,C,
FA-Nephro-Nephron-016,Nephrology,Nephron & Tubular Defects,"A child presents with severe hypertension, hypokalemia, and metabolic alkalosis. The diagnosis is Syndrome of Apparent Mineralocorticoid Excess (S.A.M.E.). The pathogenesis fundamentally involves a decreased ability to convert which of the following?",Cortisone to cortisol,Cortisol to cortisone,Angiotensin I to Angiotensin II,Aldosterone to corticosterone,Progesterone to deoxycorticosterone,B,
FA-Nephro-Nephrotic-001,Nephrology,Nephrotic Syndromes,A 45-year-old male with nephrotic syndrome develops a pulmonary embolism. The hypercoagulable state in nephrotic syndrome is primarily driven by the urinary loss of which of the following?,Albumin,Immunoglobulins,Antithrombin III,Plasminogen,Fibrinogen,C,
FA-Nephro-Nephrotic-002,Nephrology,Nephrotic Syndromes,A 6-year-old child is diagnosed with a nephrotic syndrome. The severe proteinuria seen in this condition is fundamentally due to an impaired charge barrier resulting from damage to which specific structure?,Glomerular basement membrane,Endothelial fenestrations,Podocytes,Macula densa,Mesangial cells,C,
FA-Nephro-Nephrotic-003,Nephrology,Nephrotic Syndromes,"A 5-year-old boy develops severe edema following a viral immunization. Light microscopy of a renal biopsy appears normal. If an electron microscopy were performed, what would be the most likely specific finding?",Subendothelial immune complex deposition,Spike and dome appearance,Effacement of podocyte foot processes,Mesangial expansion and sclerosis,Splitting of the basement membrane,C,
FA-Nephro-Nephrotic-004,Nephrology,Nephrotic Syndromes,A 4-year-old girl is diagnosed with Minimal Change Disease. Her parents ask about the expected course of treatment. What is the classic therapeutic response associated with this specific disease?,Poor response to corticosteroids,Strong response to corticosteroids,Requires immediate kidney transplantation,Responsive only to cyclophosphamide,Worsens rapidly with ACE inhibitors,B,
FA-Nephro-Nephrotic-005,Nephrology,Nephrotic Syndromes,"A 35-year-old African American male with a history of HIV infection presents with nephrotic-range proteinuria. A renal biopsy is performed. Given the most likely diagnosis, what would be the expected finding on light microscopy?",Normal glomeruli,Diffuse capillary and GBM thickening,Segmental sclerosis and hyalinosis,Wire looping of capillaries,Kimmelstiel-Wilson nodules,C,
FA-Nephro-Nephrotic-006,Nephrology,Nephrotic Syndromes,"A patient with a history of heroin abuse develops Focal Segmental Glomerulosclerosis. Compared to minimal change disease, how is this patient's disease most likely to respond to standard therapy?",Rapid and complete remission,Strong initial response with frequent relapses,Poor response to corticosteroids,Dramatic improvement followed by acute renal failure,Response depends entirely on age,C,
FA-Nephro-Nephrotic-007,Nephrology,Nephrotic Syndromes,"A 50-year-old male with chronic Hepatitis B infection presents with heavy proteinuria. Renal biopsy demonstrates a ""spike and dome"" appearance on electron microscopy. What is the most common pathogenesis for the primary form of this specific nephropathy?",T-cell mediated cytokine release,Antibodies to Phospholipase A2 receptor,Nonenzymatic glycation of the basement membrane,Mutation in the type IV collagen gene,Circulating IgA immune complexes,B,
FA-Nephro-Nephrotic-008,Nephrology,Nephrotic Syndromes,A patient taking penicillamine develops massive proteinuria. Renal biopsy reveals diffuse capillary thickening with a granular IF pattern. Which of the following infections is also a classic secondary cause of this specific renal pathology?,HIV infection,Heroin abuse,Syphilis infection,Sickle cell trait,Streptococcal pharyngitis,C,
FA-Nephro-Nephrotic-009,Nephrology,Nephrotic Syndromes,A 60-year-old male with poorly controlled type 2 diabetes is found to have microalbuminuria. What is the initial pathophysiological mechanism that leads to glomerular hypertrophy and scarring in diabetic glomerulonephropathy?,Antibody deposition against the GBM,Nonenzymatic glycation causing hyperfiltration,T-cell mediated podocyte effacement,Ischemic injury to the renal medulla,Immune complex deposition in the mesangium,B,
FA-Nephro-Nephrotic-010,Nephrology,Nephrotic Syndromes,A patient with long-standing diabetes progresses to end-stage renal disease. Review of a renal biopsy reveals prominent eosinophilic glomerulosclerosis. What is the classic name for these specific nodular lesions?,Aschoff bodies,Kimmelstiel-Wilson lesions,Mallory bodies,Ghon complexes,Lewy bodies,B,
FA-Nephro-Nephrotic-011,Nephrology,Nephrotic Syndromes,A 28-year-old female with systemic lupus erythematosus presents with nephrotic-range proteinuria. A renal biopsy is performed. Which classic histological finding on light microscopy is highly characteristic of Diffuse Proliferative Glomerulonephritis?,Segmental sclerosis,Nodular glomerulosclerosis,Wire looping of capillaries,Crescent formation in Bowman's space,Normal glomerular architecture,C,
FA-Nephro-Nephrotic-012,Nephrology,Nephrotic Syndromes,A patient with systemic lupus erythematosus is diagnosed with Diffuse Proliferative Glomerulonephritis. Electron microscopy of the renal biopsy is most likely to show immune complex deposition (IgG & C3) in which specific location?,Subepithelial space,Intramembranous or subendothelial space,Exclusively within the mesangium,Along the parietal layer of Bowman's capsule,Exclusively within the podocyte foot processes,B,
FA-Nephro-Nephrotic-013,Nephrology,Nephrotic Syndromes,A 4-year-old boy develops generalized edema. His mother reports he recently received his standard childhood vaccines. A diagnosis of Minimal Change Disease is made. Which of the following is a recognized 4I's cause of this disease?,Ischemia,Immunization,Infarction,Infiltration,Iatrogenic injury,B,
FA-Nephro-Nephrotic-014,Nephrology,Nephrotic Syndromes,A 45-year-old morbidly obese male presents with heavy proteinuria and edema. Renal biopsy shows segmental sclerosis and hyalinosis. Which primary glomerular disease is classically associated with obesity as a secondary cause?,Minimal Change Disease,Membranous Nephropathy,Focal Segmental Glomerulosclerosis,Diffuse Proliferative Glomerulonephritis,Diabetic Glomerulonephropathy,C,
FA-Nephro-Nephrotic-015,Nephrology,Nephrotic Syndromes,"A patient with rheumatoid arthritis is treated with gold salts. Six months later, he develops massive proteinuria. A renal biopsy reveals diffuse capillary and GBM thickening with ""spike & dome"" appearance on EM. Which other medication is classically known to cause this specific nephropathy?",Acetaminophen,Penicillamine,Lisinopril,Furosemide,Prednisone,B,
FA-Nephro-Nephrotic-016,Nephrology,Nephrotic Syndromes,"A 55-year-old male with a 20-year history of diabetes mellitus is informed that he has end-stage renal disease (ESRD). In the United States, what is the most common overall cause of ESRD?",Hypertensive nephrosclerosis,Polycystic kidney disease,Diabetic glomerulonephropathy,Focal segmental glomerulosclerosis,Membranous nephropathy,C,
FA-Nephro-Potter & Related-001,Nephrology,Potter Sequence & Related Conditions,"A neonate presents with a flattened nose, low-set ears, clubbed feet, and severe respiratory distress shortly after birth. Prenatal records indicate severe oligohydramnios. Which of the following is the primary cause of this neonate's respiratory distress?",Surfactant deficiency,Meconium aspiration,Pulmonary hypoplasia,Tracheoesophageal fistula,Congenital diaphragmatic hernia,C,
FA-Nephro-Potter & Related-002,Nephrology,Potter Sequence & Related Conditions,"A 45-year-old male presents with recurrent flank pain, hematuria, and a new diagnosis of hypertension. Family history is significant for a father who died of a ruptured Berry aneurysm. An ultrasound confirms multiple cysts in the renal cortex and medulla. A mutation on which chromosome is most likely responsible?",Chromosome 4,Chromosome 16,Chromosome 22,Chromosome 11,Chromosome 6,B,
FA-Nephro-Potter & Related-003,Nephrology,Potter Sequence & Related Conditions,A patient with known autosomal dominant polycystic kidney disease presents for routine follow-up. Blood pressure is 155/95 mmHg. Which of the following medication classes is the recommended treatment for his hypertension?,Beta-blockers,Calcium channel blockers,Angiotensin-converting enzyme inhibitors,Thiazide diuretics,Alpha-blockers,C,
FA-Nephro-Potter & Related-004,Nephrology,Potter Sequence & Related Conditions,"An infant is born with enlarged, echogenic kidneys and signs of Potter sequence. Genetic testing reveals an autosomal recessive subtype of polycystic kidney disease. The cysts in this specific condition are primarily due to a dilation of which structures?",Glomerular capsule,Proximal convoluted tubule,Loop of Henle,Collecting ducts,Afferent arterioles,D,
FA-Nephro-Potter & Related-005,Nephrology,Potter Sequence & Related Conditions,"Ultrasound of a newborn reveals a unilateral cystic, non-functional kidney. The other kidney is completely normal. What is the most accurate statement regarding the pathogenesis of this multicystic dysplastic kidney?",It is due to a mutation on chromosome 16,It is an inherited autosomal recessive condition,It results from an abnormal interaction between the ureteric bud and metanephric mesenchyme,It is caused by chronic placental insufficiency,It is classically caused by posterior urethral valves,C,
FA-Nephro-Potter & Related-006,Nephrology,Potter Sequence & Related Conditions,"A fetus is diagnosed with complete unilateral renal agenesis. Embryologically, this defect occurs because which primary structure completely fails to develop and differentiate?",Mesonephric duct,Paramesonephric duct,Ureteric bud,Urogenital sinus,Metanephric vesicle,C,
FA-Nephro-Potter & Related-007,Nephrology,Potter Sequence & Related Conditions,A male infant is evaluated for a weak urinary stream and a distended bladder. Ultrasound shows bilateral hydronephrosis. A voiding cystourethrogram is ordered to confirm the most common cause of bladder outlet obstruction in males. Which of the following is the most likely diagnosis?,Ureteropelvic junction obstruction,Multicystic dysplastic kidney,Posterior urethral valves,Autosomal recessive polycystic kidney disease,Vesicoureteral reflux,C,
FA-Nephro-Potter & Related-008,Nephrology,Potter Sequence & Related Conditions,"A neonate with Potter Sequence exhibits a flattened face and pulmonary hypoplasia. According to the standard mnemonic, which of the following physical findings is also a direct result of fetal compression in this sequence?",Macular cherry-red spot,Wrinkled skin,Cleft palate,Webbed neck,Polydactyly,B,
FA-Nephro-Potter & Related-009,Nephrology,Potter Sequence & Related Conditions,A 30-year-old male is newly diagnosed with Autosomal Dominant Polycystic Kidney Disease (ADPKD). Which of the following cardiovascular anomalies is highly associated with this specific condition?,Ventricular septal defect,Coarctation of the aorta,Mitral valve prolapse,Patent ductus arteriosus,Hypertrophic cardiomyopathy,C,
FA-Nephro-Potter & Related-010,Nephrology,Potter Sequence & Related Conditions,A patient with a strong family history of polycystic kidney disease undergoes genetic counseling. The counselor explains that 85% of cases are due to a PKD1 mutation. On which chromosome is this specific mutation located?,Chromosome 4,Chromosome 6,Chromosome 11,Chromosome 16,Chromosome 22,D,
FA-Nephro-RAAS-001,Nephrology,RAAS & Renovascular Disease,"During a state of volume depletion, specialized chemoreceptor cells in the distal convoluted tubule detect a change in sodium chloride concentration. What substance is secreted by the macula densa in direct response?",Renin,Angiotensinogen,Prostaglandins,Norepinephrine,Aldosterone,C,
FA-Nephro-RAAS-002,Nephrology,RAAS & Renovascular Disease,A patient experiences severe hypotension. Baroreceptor-lined cells surrounding the afferent arterioles sense the decreased renal perfusion pressure. These juxtaglomerular cells directly secrete which of the following into the bloodstream?,Angiotensin II,Aldosterone,Renin,Angiotensin-converting enzyme,Antidiuretic hormone,C,
FA-Nephro-RAAS-003,Nephrology,RAAS & Renovascular Disease,A patient is prescribed a medication that blocks the conversion of Angiotensin I to Angiotensin II via ACE. Where are the vascular endothelial cells that primarily facilitate this specific conversion located?,Juxtaglomerular apparatus of the kidney,Hepatocytes in the liver,Vascular endothelial cells of the lungs,Macula densa of the distal tubule,Zona glomerulosa of the adrenal cortex,C,
FA-Nephro-RAAS-004,Nephrology,RAAS & Renovascular Disease,"In response to systemic hypotension, Angiotensin II is produced. Within the kidney, Angiotensin II directly increases the reabsorption of sodium, bicarbonate, and water primarily at which specific segment?",Proximal convoluted tubule,Thin descending limb,Thick ascending limb,Distal convoluted tubule,Collecting duct,A,
FA-Nephro-RAAS-005,Nephrology,RAAS & Renovascular Disease,A patient with hyperaldosteronism is hypokalemic and alkalotic. Aldosterone increases acid secretion by upregulating the H+/ATPase pump. In which specific cell type does this primarily occur?,Principal cells of the collecting duct,Alpha-intercalated cells of the collecting duct,Macula densa cells of the DCT,Juxtaglomerular cells of the afferent arteriole,Podocytes of the glomerulus,B,
FA-Nephro-RAAS-006,Nephrology,RAAS & Renovascular Disease,A 68-year-old male smoker presents with severe secondary hypertension. Ultrasound reveals asymmetric kidney sizes. Which underlying pathology is the most common cause of this condition in this demographic?,Fibromuscular dysplasia of the distal renal artery,Atherosclerosis on the proximal 1/3 of the renal artery,Autosomal dominant polycystic kidney disease,Renin-secreting tumor of the juxtaglomerular apparatus,Bilateral renal artery stenosis,B,
FA-Nephro-RAAS-007,Nephrology,RAAS & Renovascular Disease,"A 28-year-old female presents with severe hypertension. Angiography of the renal arteries reveals a classic ""string of beads"" appearance. Which segment of the vasculature is typically affected in this fibromuscular dysplasia?",Proximal 1/3 of the main renal artery,Distal 2/3 of the renal artery and segmental branches,Renal vein and its tributaries,Afferent arteriole exclusively,Efferent arteriole exclusively,B,
FA-Nephro-RAAS-008,Nephrology,RAAS & Renovascular Disease,"A 70-year-old patient with hypertension is started on an ACE inhibitor. Three days later, labs reveal a sudden, dramatic spike in serum creatinine. Which underlying condition should be most strongly suspected?",Unilateral renal artery stenosis,Bilateral renal artery stenosis,Fibromuscular dysplasia,Minimal change disease,Acute interstitial nephritis,B,
FA-Nephro-RAAS-009,Nephrology,RAAS & Renovascular Disease,The Renin-Angiotensin-Aldosterone System is activated during hypotension. Renin is secreted by the kidneys and acts on angiotensinogen. In which specific organ is angiotensinogen primarily synthesized?,Kidneys,Lungs,Liver,Adrenal glands,Hypothalamus,C,
FA-Nephro-RAAS-010,Nephrology,RAAS & Renovascular Disease,"A trauma patient experiences massive hemorrhage, leading to low systemic blood pressure. This triggers sympathetic activation. The release of which specific neurotransmitter directly signals the juxtaglomerular cells in this pathway?",Acetylcholine,Dopamine,Serotonin,Epinephrine,Norepinephrine,E,
FA-Nephro-RAAS-011,Nephrology,RAAS & Renovascular Disease,"Aldosterone is synthesized in the adrenal glands and binds to receptors in the kidney. In the principal cells, aldosterone promotes sodium absorption and potassium secretion via the upregulation of which specific channel?",Na+/K+/2Cl- cotransporter,ENaC,Aquaporins,H+/ATPase,Na+/Cl- cotransporter,B,
FA-Nephro-RAAS-012,Nephrology,RAAS & Renovascular Disease,"A 35-year-old female presents with severe, difficult-to-control hypertension. Angiography reveals a ""string of beads"" appearance in her renal arteries. What is the classic demographic for this specific cause of renovascular disease?",Elderly males who smoke,Elderly females with diabetes,Young-middle aged women,Children under 10 years,African American males over 50,C,
FA-Nephro-Ana-001,Nephrology,Renal Anatomy,"During a routine abdominal CT scan, an incidental finding of a horseshoe kidney is noted. During fetal development, the normal ascent of these fused kidneys to their T12-L3 location was most likely arrested by which anatomical structure?",Superior mesenteric artery,Inferior mesenteric artery,Common iliac artery,Celiac trunk,Renal artery,B,
FA-Nephro-Ana-002,Nephrology,Renal Anatomy,"A 15-year-old female with Turner syndrome undergoes abdominal imaging, which reveals a horseshoe kidney. Due to this anatomical anomaly, she is at increased risk for which of the following specific complications?",Berry aneurysms,Hepatic cysts,Recurrent urinary tract infections,Pulmonary hypoplasia,Adrenal insufficiency,C,
FA-Nephro-Ana-003,Nephrology,Renal Anatomy,"A 40-year-old man presents with severe, colicky flank pain radiating to the groin. A ureteral calculus is suspected. Which of the following is one of the distinct anatomical narrowings where a stone is most likely to cause ureteral obstruction?",Renal hilum,Major calyx,Urethral meatus,Pelvic inlet,Bladder neck,D,
FA-Nephro-Ana-004,Nephrology,Renal Anatomy,"A 35-year-old female undergoes a total abdominal hysterectomy. During the procedure, the surgeon ligates the uterine artery. Which critical structure must be carefully identified and protected, as it passes immediately inferior to this artery?",Fallopian tube,Ovarian artery,Ureter,Internal iliac artery,Round ligament,C,
FA-Nephro-Ana-005,Nephrology,Renal Anatomy,A patient in profound shock develops acute kidney injury. The renal medulla is particularly prone to ischemia in such states. What primary anatomical/physiological factor accounts for this vulnerability?,It receives all of the cardiac output,It receives less blood flow than the renal cortex,It is supplied solely by the vasa recta,It lacks a venous drainage system,It contains no efferent arterioles,B,
FA-Nephro-Ana-006,Nephrology,Renal Anatomy,"A 25-year-old male presents with a sudden onset, left-sided varicocele that does not empty when recumbent. An abdominal mass compressing a major vessel is suspected. Which normal anatomical feature makes the left testicle more prone to this presentation compared to the right?",The left testicular artery originates higher on the aorta,The left renal vein is shorter than the right,The left gonadal vein drains directly into the left renal vein,The right gonadal vein drains into the right renal vein,The left pampiniform plexus has fewer venous valves,C,
FA-Nephro-Ana-007,Nephrology,Renal Anatomy,"During normal fetal development, the kidneys ascend from the pelvis to their final anatomical location. By which gestational week does this ascent to the T12-L3 level typically complete?",Week 4,Week 5,Week 9,Week 12,Week 36,C,
FA-Nephro-Ana-008,Nephrology,Renal Anatomy,"A surgeon is performing a complex pelvic operation on a male patient. While tracing the path of the ureter, the surgeon notes that it flows ""under the bridge"" before entering the bladder. In males, which structure represents this ""bridge""?",Uterine artery,Internal iliac artery,Inferior mesenteric artery,Vas deferens,Gonadal artery,D,
FA-Nephro-Ana-009,Nephrology,Renal Anatomy,"A 50-year-old female undergoes radiation therapy for pelvic organ malignancy, leading to ischemic stricture of the distal ureter. The distal portion of the ureter primarily receives its blood supply from branches of which major artery?",Renal artery,Gonadal artery,Common iliac artery,Internal iliac artery,Superior mesenteric artery,D,
FA-Nephro-Ana-010,Nephrology,Renal Anatomy,"A red blood cell enters the renal artery and travels through the kidney. After passing through the interlobar artery, which specific vascular structure will it enter next?",Segmental artery,Arcuate artery,Afferent arteriole,Interlobular artery,Efferent arteriole,B,
FA-Nephro-Ana-011,Nephrology,Renal Anatomy,"A 45-year-old male presents with a left-sided varicocele. Anatomically, the left renal vein receives blood from the left gonadal vein. Which other major vein directly acts as an additional tributary to the left renal vein?",Left suprarenal vein,Right gonadal vein,Inferior mesenteric vein,Splenic vein,Hepatic vein,A,
FA-Nephro-Embryo-001,Nephrology,Renal Embryology,Embryological development of the kidneys begins with a temporary structure that acts as a blueprint and eventually degenerates. At what week of gestation does this structure initially form?,Week 2,Week 3,Week 4,Week 5,Week 10,B,
FA-Nephro-Embryo-002,Nephrology,Renal Embryology,"A 30-year-old male undergoes a fertility evaluation, and imaging reveals an anomaly in his reproductive organs. The structures involved are embryologically derived from the mesonephros, which acts as a ""middleman"" kidney. When does this specific precursor structure primarily appear during gestation?",Week 3,Week 4,Week 5,Week 10,Week 36,B,
FA-Nephro-Embryo-003,Nephrology,Renal Embryology,A fetal ultrasound at 18 weeks shows normally developing permanent kidneys. The structure responsible for becoming the mature kidney (metanephros) originally appeared at which gestational week?,Week 3,Week 4,Week 5,Week 9,Week 12,C,
FA-Nephro-Embryo-004,Nephrology,Renal Embryology,A neonate is born with bilateral renal agenesis. This condition most likely resulted from a failure of interaction between the metanephric mesenchyme and which of the following embryological structures?,Pronephros,Mesonephric duct,Urogenital sinus,Ureteric bud,Wolffian duct,D,
FA-Nephro-Embryo-005,Nephrology,Renal Embryology,Which of the following mature renal structures is derived directly from the metanephric mesenchyme rather than the ureteric bud?,Collecting ducts,Renal pelves,Major calyces,Ureters,Distal convoluted tubule,E,
FA-Nephro-Embryo-006,Nephrology,Renal Embryology,A prenatal ultrasound at 20 weeks reveals unilateral hydronephrosis in a fetus. A congenital obstruction is suspected at the site that is typically the last to canalize during development. Which specific structure is most likely obstructed?,Ureterovesical junction,Urethral meatus,Ureteropelvic junction,Bladder neck,Renal calyx,C,
FA-Nephro-Embryo-007,Nephrology,Renal Embryology,"A developmental biologist is tracking the cellular lineage of the human renal system. By utilizing specific cellular markers during early gestation, she isolates the precursor cells that will eventually form the pronephros, mesonephros, and metanephros. All three of these embryological structures are exclusively derived from which primary germ layer?",Ectoderm,Endoderm,Mesoderm,Neural crest,Neuroectoderm,C,
FA-Nephro-Embryo-008,Nephrology,Renal Embryology,A neonate undergoes genetic evaluation for a congenital renal anomaly. A mutation is found that specifically disrupts the normal branching of the ureteric bud during embryogenesis. Which of the following mature structures will be most directly affected by this specific defect?,Glomerulus,Proximal convoluted tubule,Loop of Henle,Distal convoluted tubule,Collecting ducts,E,
FA-Nephro-Embryo-009,Nephrology,Renal Embryology,"Normal embryological development of the renal system involves the sequential formation of three distinct structures. The permanent kidney, or metanephros, initially arises in week 5 of gestation. By which specific gestational week is the canalization of this structure typically complete?",Week 8,Week 9,Week 10,Week 12,Week 36,C,
FA-Nephro-Embryo-010,Nephrology,Renal Embryology,"The mesonephros serves as the primary secretory organ for the developing fetus during early gestation. While it plays a crucial role in the development of male reproductive organs, its renal function is strictly temporary. By which gestational week does the mesonephros fully degenerate?",Week 5,Week 9,Week 10,Week 12,Week 36,D,
FA-Nephro-Embryo-011,Nephrology,Renal Embryology,"A fetus is evaluated at 7 weeks of gestation. At this specific stage of development, which structure serves as the primary secretory organ before it eventually degenerates?",Pronephros,Metanephros,Mesonephros,Ureteric bud,Metanephric mesenchyme,C,
FA-Nephro-Neoplasm-001,Nephrology,Renal Neoplasms,A 60-year-old male smoker with obesity presents with painless hematuria and a palpable right-sided flank mass. A biopsy of the mass reveals polygonal clear cells loaded with lipids. What is the most common subtype of this primary renal malignancy?,Urothelial carcinoma,Squamous cell carcinoma,Clear cell renal cell carcinoma,Renal oncocytoma,Wilms tumor,C,
FA-Nephro-Neoplasm-002,Nephrology,Renal Neoplasms,A patient diagnosed with renal cell carcinoma presents with a significantly elevated hematocrit. This finding is determined to be a paraneoplastic syndrome due to ectopic hormone production by the tumor. Which hormone is the tumor most likely secreting?,Adrenocorticotropic hormone (ACTH),Parathyroid hormone-related protein (PTHrP),Renin,Erythropoietin (EPO),Antidiuretic hormone (ADH),D,
FA-Nephro-Neoplasm-003,Nephrology,Renal Neoplasms,"A 3-year-old child presents with a large, unilateral flank mass, hematuria, and hypertension. Genetic testing reveals a loss of a tumor suppressor gene on chromosome 11 (WT1/WT2 mutation). Histology shows a triphasic pattern. This malignancy is frequently associated with which of the following clinical syndromes?",Goodpasture syndrome,WAGR syndrome,Alport syndrome,Fanconi syndrome,Potter sequence,B,
FA-Nephro-Neoplasm-004,Nephrology,Renal Neoplasms,"A 55-year-old male who worked for decades in a factory using aniline dyes presents with painless hematuria. Cystoscopy reveals a mass in the bladder. Given his specific occupational exposure, he is at highest risk for which of the following malignancies?",Renal cell carcinoma,Squamous cell carcinoma of the bladder,Wilms tumor,Urothelial carcinoma,Renal oncocytoma,D,
FA-Nephro-Neoplasm-005,Nephrology,Renal Neoplasms,An Egyptian male with a known history of chronic Schistosoma haematobium infection presents with hematuria. A bladder mass is discovered. The chronic inflammation of the bladder wall in this patient most strongly predisposes him to which specific type of carcinoma?,Clear cell carcinoma,Urothelial carcinoma,Squamous cell carcinoma,Adenocarcinoma of the bladder,Renal oncocytoma,C,
FA-Nephro-Neoplasm-006,Nephrology,Renal Neoplasms,A 30-year-old patient is found to have bilateral renal masses. Family history is significant for multiple relatives with similar kidney tumors at a young age. This hereditary presentation of Renal Cell Carcinoma is most classically associated with the inactivation of which specific gene?,WT1,WT2,VHL,BRCA1,TP53,C,
FA-Nephro-Neoplasm-007,Nephrology,Renal Neoplasms,"A renal mass is incidentally discovered on an abdominal CT scan. After surgical excision, pathology identifies it as a benign tumor originating from the collecting ducts, characterized by enlarged, eosinophilic cells with an increased number of mitochondria. What is the diagnosis?",Renal Cell Carcinoma,Wilms Tumor,Urothelial Carcinoma,Renal Oncocytoma,Squamous Cell Carcinoma,D,
FA-Nephro-Neoplasm-008,Nephrology,Renal Neoplasms,A 65-year-old obese male smoker is diagnosed with a sporadic Renal Cell Carcinoma. These sporadic tumors are classically found in which specific anatomical region of the kidney?,Renal pelvis,Major calyces,Lower poles,Upper poles,Renal hilum,D,
FA-Nephro-Neoplasm-009,Nephrology,Renal Neoplasms,"A patient presents with painless hematuria. He has a history of long-term use of cyclophosphamide. He is diagnosed with the most common lower urinary tract malignancy. While it most commonly affects the bladder, it can also involve other structures. Which of the following is one of those structures?",Glomerulus,Renal cortex,Renal calyces,Loop of Henle,Efferent arteriole,C,
FA-Nephro-Physio-001,Nephrology,Renal Physiology,A novel pharmacological agent is being studied. The renal clearance of this drug is calculated and found to be strictly equal to the patient's glomerular filtration rate (GFR). Which of the following best describes the renal handling of this substance?,Net tubular secretion occurs,Net tubular reabsorption occurs,It is completely blocked by the glomerular basement membrane,It is freely filtered with no net secretion or reabsorption,It is metabolized by the proximal tubule,D,
FA-Nephro-Physio-002,Nephrology,Renal Physiology,"In an experimental setting, a patient is infused with para-aminohippuric acid (PAH). The clearance of PAH is then calculated. This specific value is primarily used to provide an estimate of which of the following renal parameters?",Glomerular filtration rate,Effective renal plasma flow,Filtration fraction,Renal blood flow,Free water clearance,B,
FA-Nephro-Physio-003,Nephrology,Renal Physiology,A 28-year-old pregnant female presents for routine labs. Her estimated GFR is noted to be elevated compared to normal non-pregnant ranges. Which of the following is the most appropriate interpretation of this finding?,It indicates early diabetic nephropathy,It is a normal physiological association with pregnancy,It suggests pre-eclampsia,It is an artifact due to increased protein intake,It reflects a pathological decrease in efferent resistance,B,
FA-Nephro-Physio-004,Nephrology,Renal Physiology,A patient has their glomerular filtration rate estimated using endogenous creatinine clearance. Why does creatinine clearance typically slightly overestimate the true GFR?,Creatinine is actively reabsorbed in the proximal tubule,Creatinine is heavily bound to albumin,Creatinine is moderately secreted by the kidneys,Inulin is partially secreted by the distal convoluted tubule,Creatinine is rapidly metabolized by the renal cortex,C,
FA-Nephro-Physio-005,Nephrology,Renal Physiology,"A patient has an estimated GFR of 120 mL/min and an effective renal plasma flow (RPF) of 600 mL/min. What is the calculated filtration fraction (FF), and is it considered roughly normal?",10% which is low,20% which is normal,30% which is high,40% which is high,5% which is low,B,
FA-Nephro-Physio-006,Nephrology,Renal Physiology,"A patient presents with massive proteinuria, specifically consisting of negatively charged albumin. A defect in which specific structural component of the glomerular filtration barrier is most likely responsible for the loss of this charge barrier?",Glomerular endothelial fenestrations,Mesangial cells,Basement membrane and podocyte foot processes,Parietal layer of Bowman's capsule,Macula densa,C,
FA-Nephro-Physio-007,Nephrology,Renal Physiology,A 65-year-old male with chronic osteoarthritis takes high-dose NSAIDs daily. He presents with elevated serum creatinine. How do NSAIDs primarily alter glomerular dynamics to reduce GFR?,Preferential dilation of the efferent arteriole,Preferential constriction of the afferent arteriole,Increased permeability of the glomerular basement membrane,Direct toxicity to the proximal convoluted tubule,Obstruction of the collecting ducts,B,
FA-Nephro-Physio-008,Nephrology,Renal Physiology,"A patient with heart failure is started on an ACE inhibitor, which blocks the normal action of Angiotensin II. According to changes in glomerular dynamics, how will this medication affect the efferent arteriole and the resulting filtration fraction (FF)?",Constricts efferent arteriole and increases FF,Dilates efferent arteriole and increases FF,Constricts efferent arteriole and decreases FF,Dilates efferent arteriole and decreases FF,No effect on efferent arteriole and no change in FF,D,
FA-Nephro-Physio-009,Nephrology,Renal Physiology,"A runner completes a marathon without adequate fluid intake and becomes severely dehydrated. According to established changes in glomerular dynamics, what combination of changes is most expected regarding GFR, RPF, and Filtration Fraction (FF)?","Increased GFR, increased RPF, decreased FF","Decreased GFR, markedly decreased RPF, increased FF","Decreased GFR, decreased RPF, decreased FF","Increased GFR, decreased RPF, increased FF","Decreased GFR, increased RPF, no change in FF",B,
FA-Nephro-Physio-010,Nephrology,Renal Physiology,"A patient develops severe liver cirrhosis resulting in a decreased plasma protein concentration. According to the principles of glomerular dynamics, how will this alteration affect Glomerular Filtration Rate (GFR) and Filtration Fraction (FF)?",Decreased GFR and decreased FF,Increased GFR and increased FF,Decreased GFR and increased FF,Increased GFR and decreased FF,Unchanged GFR and unchanged FF,B,
FA-Nephro-Urea-001,Nephrology,Urea Cycle,"A neonate becomes increasingly lethargic and develops seizures on the third day of life. Blood tests reveal severe hyperammonemia, decreased blood urea nitrogen (BUN), and markedly elevated orotic acid levels. The patient most likely has an inherited defect in which of the following enzymes?",Carbamoyl phosphate synthetase 1,Arginosuccinate synthetase,Arginase,Ornithine transcarbamylase,Arginosuccinate lyase,D,
FA-Nephro-Urea-002,Nephrology,Urea Cycle,"A patient with advanced liver cirrhosis presents with altered mental status, asterixis, and cerebral edema. The accumulation of ammonia is crossing the blood-brain barrier. In a normal, healthy state, the final conversion of ammonia into urea is primarily achieved for excretion by which organ?",Kidneys,Liver,Brain,Spleen,Pancreas,A,
FA-Nephro-Urea-003,Nephrology,Urea Cycle,"During the normal physiological clearance of ammonia, the formation of citrulline takes place exclusively within a specific cellular compartment. Where does this specific step of the urea cycle occur?",Renal cytoplasm,Hepatic mitochondria,Hepatic smooth endoplasmic reticulum,Renal mitochondria,Hepatic cytoplasm,B,
FA-Nephro-Urea-004,Nephrology,Urea Cycle,"A patient with profound renal failure has severely elevated levels of urea in their blood. The excess urea leads to significant systemic toxicity. Which of the following is a direct, classical symptom of excess urea (uremia)?",Cerebral edema,Pericarditis,Asterixis,Maculopapular rash,Hemolytic anemia,B,
FA-Nephro-Urea-005,Nephrology,Urea Cycle,"A patient with severe liver cirrhosis develops lethargy and asterixis due to hyperammonemia. Treatment is divided into conservative and medical approaches. In addition to a low protein diet, which specific medical therapy is indicated?",Lactulose,Corticosteroids,Hemodialysis,Allopurinol,Sodium bicarbonate,A,
FA-Nephro-Urea-006,Nephrology,Urea Cycle,"A male infant is diagnosed with Ornithine Transcarbamylase Deficiency, the most commonly inherited condition affecting the urea cycle. What is the specific genetic inheritance pattern of this condition?",Autosomal dominant,Autosomal recessive,X-linked dominant,X-linked recessive,Mitochondrial inheritance,D,
FA-Nephro-RFT-001,Nephrology,Urinalysis & Renal Functions Test,A 22-year-old female presents with dysuria. Urine dipstick is strongly positive for nitrites. Which of the following gram-negative organisms is most likely responsible for this specific urinalysis finding?,Staphylococcus saprophyticus,Enterococcus faecalis,Escherichia coli,Candida albicans,Streptococcus pyogenes,C,
FA-Nephro-RFT-002,Nephrology,Urinalysis & Renal Functions Test,A pregnant patient in her third trimester presents with hypertension. Urinalysis reveals heavily positive protein. Which of the following conditions is most strongly associated with this finding?,Urinary tract infection,Acute interstitial nephritis,Pre-eclampsia,Rhabdomyolysis,Diabetes insipidus,C,
FA-Nephro-RFT-003,Nephrology,Urinalysis & Renal Functions Test,A patient presents with flank pain. Urinalysis reveals an alkalotic urine pH of 9.0. Which of the following is the most likely cause of this highly alkaline urine?,Type 2 Renal Tubular Acidosis,Type 4 Renal Tubular Acidosis,Diabetic Ketoacidosis,"Urease-positive urinary tract infection (e.g., Proteus)",Starvation,D,
FA-Nephro-RFT-004,Nephrology,Urinalysis & Renal Functions Test,"A military recruit undergoes intense physical training and complains of severe muscle pain. Urine dipstick is strongly positive for ""Large Blood."" What is the most likely cause of this urinalysis finding?",Nephrotic syndrome,Rhabdomyolysis,Hemolysis,Biliary obstruction,Pyelonephritis,B,
FA-Nephro-RFT-005,Nephrology,Urinalysis & Renal Functions Test,"A patient is evaluated for severe polyuria. A fluid deprivation test is performed, and the patient's urine specific gravity remains extremely low at 1.000. Which of the following conditions is highly associated with this finding?",Dehydration,Syndrome of inappropriate antidiuretic hormone secretion (SIADH),Diabetes insipidus,Cushing's syndrome,Pre-eclampsia,C,
FA-Nephro-RFT-006,Nephrology,Urinalysis & Renal Functions Test,"A patient receiving intravenous electrolyte therapy becomes difficult to arouse. Examination reveals absent deep tendon reflexes, bradycardia, and respiratory depression. Which specific electrolyte abnormality is directly causing these symptoms?",Hypernatremia,Hypocalcemia,Hypermagnesemia,Hypokalemia,Hyperkalemia,C,
FA-Nephro-RFT-007,Nephrology,Urinalysis & Renal Functions Test,A 45-year-old alcoholic male presents with involuntary muscle contractions. An electrocardiogram reveals polymorphic ventricular tachycardia (Torsades). Which electrolyte derangement is classically associated with this presentation?,Hypercalcemia,Hypomagnesemia,Hypernatremia,Hyperphosphatemia,Hyponatremia,B,
FA-Nephro-RFT-008,Nephrology,Urinalysis & Renal Functions Test,"A patient in acute renal failure undergoes an ECG, which shows tall-T waves and widened QRS complexes. This ECG pattern is the hallmark of which electrolyte abnormality?",Hyponatremia,Hypokalemia,Hyperkalemia,Hypercalcemia,Hypophosphatemia,C,
FA-Nephro-RFT-009,Nephrology,Urinalysis & Renal Functions Test,"Following a thyroidectomy, a patient complains of tingling. Tapping the cheek anterior to the earlobe results in twitching of the facial muscles (Chvostek sign). This clinical sign indicates which electrolyte abnormality?",Hypercalcemia,Hypocalcemia,Hypokalemia,Hypernatremia,Hypermagnesemia,B,
FA-Nephro-RFT-010,Nephrology,Urinalysis & Renal Functions Test,A patient with a history of jaundice provides a urine sample. The dipstick is highly positive for urobilinogen. Which of the following conditions is a primary cause of isolated elevated urobilinogen on urinalysis?,Urinary tract infection,Diabetic ketoacidosis,Hemolysis,Dehydration,Nephrotic syndrome,C,
FA-Nephro-RFT-011,Nephrology,Urinalysis & Renal Functions Test,A chronic alcoholic is brought to the ED after days of heavy drinking and poor oral intake. Urinalysis reveals high levels of ketones. Which specific condition is most likely responsible for this finding?,Pre-eclampsia,Starvation,Alcoholic ketoacidosis,Diabetic ketoacidosis,Type 1 RTA,C,
FA-Nephro-RFT-012,Nephrology,Urinalysis & Renal Functions Test,"A medical student is interpreting a normal urinalysis report. According to standard reference ranges, what is the normal range for urine specific gravity?",1.000 - 1.005,1.005 - 1.030,1.010 - 1.050,1.020 - 1.040,1.030 - 1.060,B,
FA-Nephro-RFT-013,Nephrology,Urinalysis & Renal Functions Test,A 24-hour urine collection is ordered for a healthy adult to evaluate glucose excretion. What is the standard reference value for normal glucose excretion over 24 hours?,<10 mg/24hrs,<50 mg/24hrs,<100 mg/24hrs,<150 mg/24hrs,<200 mg/24hrs,B,
FA-Nephro-RFT-014,Nephrology,Urinalysis & Renal Functions Test,"A 60-year-old female with chronic kidney disease complains of severe bone pain. Laboratory tests show significant hypophosphatemia. In adults, low phosphorus levels directly lead to which of the following bone pathologies?",Ricketts,Osteoporosis,Osteomalacia,Paget's disease,Osteopetrosis,C,
FA-Nephro-UTI-001,Nephrology,Urinary Tract Infection,"A 22-year-old sexually active female presents with dysuria, frequency, and suprapubic tenderness. Urine dipstick is positive for leukocyte esterase and nitrites. Urine culture eventually grows a Gram-negative, leading cause of lower UTIs. Which organism is most likely responsible?",Staphylococcus saprophyticus,Enterococcus species,Escherichia coli,Pseudomonas aeruginosa,Proteus mirabilis,C,
FA-Nephro-UTI-002,Nephrology,Urinary Tract Infection,"A young male presents with dysuria and pyuria. Routine urine cultures return completely negative for the usual urinary pathogens. According to clinical protocols, which of the following organisms should be strongly suspected in this presentation of sterile pyuria?",Proteus mirabilis,Klebsiella pneumoniae,Neisseria gonorrhoeae,Staphylococcus saprophyticus,Enterococcus faecalis,C,
FA-Nephro-UTI-003,Nephrology,Urinary Tract Infection,"A patient with a long-term indwelling catheter develops a multi-drug resistant urinary tract infection. The pathogen is identified as a Gram-negative rod. Based on common associations, which organism is a highly suspected culprit in this specific scenario?",Staphylococcus saprophyticus,Pseudomonas aeruginosa,Streptococcus pyogenes,Neisseria meningitidis,Haemophilus influenzae,B,
FA-Nephro-UTI-004,Nephrology,Urinary Tract Infection,"A 45-year-old female presents with fever, chills, nausea, and severe right-sided flank pain. Urinalysis shows numerous WBCs. A CT scan reveals perinephric stranding with striated parenchymal enhancement. This clinical picture is most consistent with infection of which specific anatomical level?",Urethra,Bladder,Ureter,Kidney,Prostate,D,
FA-Nephro-UTI-005,Nephrology,Urinary Tract Infection,"A 25-year-old female experiences recurrent lower urinary tract infections. Anatomically, women are significantly more likely to develop UTIs compared to men. By what specific factor does their shorter urethra increase this risk?",2x more likely,5x more likely,10x more likely,20x more likely,50x more likely,C,
FA-Nephro-UTI-006,Nephrology,Urinary Tract Infection,A patient develops an upper urinary tract infection (acute pyelonephritis). What is the recommended broad sequence of pharmacological treatment for an upper UTI?,Immediate surgical drainage,Short-course TMP/SMX alone,Broad spectrum followed by targeted antibiotics,Antifungal therapy followed by antibiotics,Strictly conservative management with fluids,C,
FA-Nephro-UTI-007,Nephrology,Urinary Tract Infection,A 50-year-old male with a history of recurrent kidney infections is evaluated for worsening renal function. A CT scan shows shrunken and atrophied renal tubules with prominent cortical scarring. This specific pathological finding is the hallmark of which condition?,Acute pyelonephritis,Chronic pyelonephritis,Renal cell carcinoma,Acute tubular necrosis,Minimal change disease,B,
FA-Patho & Immuno-Antibodies & MHC-001,Pathology & Immunology,Antibodies & MHC,"A 22-year-old female develops Toxic Shock Syndrome after prolonged use of a vaginal tampon. She presents with fever, vomiting, diarrhea, rash, and signs of shock. The causative organism, Staphylococcus aureus, releases TSST-1. What is the specific mechanism of action of this toxin?",It releases erythrogenic toxin A,It fixes complement via the Fc region,It cross-links the beta chain of the TCR to MHC class II on APCs,It promotes somatic hypermutation,It directly destroys the Fab fragment of immunoglobulins,C,
FA-Patho & Immuno-Antibodies & MHC-002,Pathology & Immunology,Antibodies & MHC,A patient undergoes serological testing which reveals an immunoglobulin isotype that is described as a massive pentamer. This specific antibody is the first produced during an immune response and is classically associated with cold autoimmune hemolytic anemia. Which region of this antibody is primarily responsible for fixing complement?,The Fab fragment,The Fc region,The variable region of the light chain,The hinge region,The antigen-binding site,B,
FA-Patho & Immuno-Antibodies & MHC-003,Pathology & Immunology,Antibodies & MHC,"A 30-year-old male is evaluated for a suspected immunodeficiency after presenting with recurrent airway and GI infections, along with an episode of anaphylaxis during a blood transfusion. Testing reveals normal levels of IgG and IgM but undetectable levels of another isotype, increasing his susceptibility to Giardia. Which specific structure typically produces the deficient immunoglobulin in a healthy individual?",Bone marrow,Thymus,Peyer patches,Liver,Splenic red pulp,C,
FA-Patho & Immuno-Antibodies & MHC-004,Pathology & Immunology,Antibodies & MHC,Which region of an immunoglobulin molecule strictly determines its specific isotype?,Variable region of the light chain,Variable region of the heavy chain,Fab fragment,Fc region,Disulfide hinge,D,
FA-Patho & Immuno-Antibodies & MHC-005,Pathology & Immunology,Antibodies & MHC,MHC Class I molecules are expressed by all nucleated cells. They are structurally associated with which specific protein?,Invariant chain protein,Beta-2 microglobulin,CD14,Superantigen,TCR alpha chain,B,
FA-Patho & Immuno-Antiretrovirals-001,Pathology & Immunology,Antiretrovirals,A patient newly diagnosed with HIV is prescribed a regimen including Abacavir and Tenofovir. These drugs competitively inhibit nucleotide binding to reverse transcriptase. What unique structural feature distinguishes Tenofovir from the other NRTIs in its class according to the text?,It is the only one that binds gp41,It is the only NRTI that isn't a nucleoside,"It contains ""VIR"" in the middle of its name",It targets the CD4 receptor directly,It prevents the maturation of new viruses,B,
FA-Patho & Immuno-Antiretrovirals-002,Pathology & Immunology,Antiretrovirals,"A patient on a highly active antiretroviral therapy (HAART) regimen presents for a follow-up. Blood work reveals increased creatine kinase levels, and the patient reports significant recent weight gain. Which class of medication, recognizable by the suffix ""-tegra"", is responsible for these adverse effects?",Protease Inhibitors,NRTIs,NNRTIs,Integrase Inhibitors,Entry/Fusion Inhibitors,D,
FA-Patho & Immuno-Antiretrovirals-003,Pathology & Immunology,Antiretrovirals,"An HIV-positive patient is started on a new medication regimen. The physician monitors the patient for hyperglycemia and GI intolerance, which are common adverse effects of a drug class that prevents the maturation of new viruses. Which specific drug belongs to this class?",Nevirapine,Enfuvirtide,Atazanavir,Raltegravir,Zidovudine,C,
FA-Patho & Immuno-Antiretrovirals-004,Pathology & Immunology,Antiretrovirals,A patient is prescribed Nevirapine as part of their antiretroviral therapy. This drug binds to reverse transcriptase at a different site than NRTIs. Which of the following is a known adverse effect specifically associated with this drug class?,Myelosuppression,Nephrotoxicity,Rash and hepatotoxicity,Increase creatine kinase,Hyperglycemia,C,
FA-Patho & Immuno-Antiretrovirals-005,Pathology & Immunology,Antiretrovirals,Non-Nucleoside Reverse Transcriptase Inhibitors (NNRTIs) bind directly to reverse transcriptase. Which of the following drugs belongs to this specific class?,Abacavir,Tenofovir,Efavirenz,Dolutegravir,Atazanavir,C,
FA-Patho & Immuno-Apoptosis Vs Necrosis-001,Pathology & Immunology,Apoptosis Vs Necrosis,Which of the following is an energy-dependent programmed cell death process that does not induce acute inflammation?,Coagulative necrosis,Caseous necrosis,Apoptosis,Liquefactive necrosis,Fibrinoid necrosis,C,
FA-Patho & Immuno-Apoptosis Vs Necrosis-002,Pathology & Immunology,Apoptosis Vs Necrosis,Fat necrosis characterized by saponification is classically seen following trauma to which of the following organs?,Liver and spleen,Heart and lungs,Brain and spinal cord,Breast and pancreas,Kidneys and adrenal glands,D,
FA-Patho & Immuno-Apoptosis Vs Necrosis-003,Pathology & Immunology,Apoptosis Vs Necrosis,"A cell undergoes injury resulting in DNA damage. This decreases hormonal stimulation and inactivates Bcl-2, allowing Bax and Bak to promote the release of a specific molecule that activates caspases. Which molecule is released from the mitochondria?",Perforin,Granzyme B,Cytochrome C,Fas Ligand,TNF-alpha,C,
FA-Patho & Immuno-Apoptosis Vs Necrosis-004,Pathology & Immunology,Apoptosis Vs Necrosis,"A 65-year-old male suffers an ischemic infarction of the brain. Months later, imaging reveals that the dead tissue has undergone enzymatic lysis, leaving a fluid-filled cavity. Which type of necrosis is characteristic of this finding?",Coagulative,Liquefactive,Gangrenous,Caseous,Fibrinoid,B,
FA-Patho & Immuno-Apoptosis Vs Necrosis-005,Pathology & Immunology,Apoptosis Vs Necrosis,A patient presents with acute pancreatitis. Inflammation and trauma release lipases that join with calcium to form chalky-white deposits in the adipose tissue. What is the specific term for this calcium deposition process?,Saponification,Caseation,Coagulation,Liquefaction,Fibrinoid deposition,A,
FA-Patho & Immuno-Apoptosis Vs Necrosis-006,Pathology & Immunology,Apoptosis Vs Necrosis,"A child presents with hepatosplenomegaly, generalized lymphadenopathy, and laboratory signs of autoimmunity. Genetic analysis reveals defective FasL and Fas binding preventing extrinsic apoptosis. What is the diagnosis?",Autoimmune Lymphoproliferative Syndrome,Follicular Lymphoma,Chronic Granulomatous Disease,Leukocyte Adhesion Deficiency,Chediak Higashi Syndrome,A,
FA-Patho & Immuno-Apoptosis Vs Necrosis-007,Pathology & Immunology,Apoptosis Vs Necrosis,A patient is diagnosed with Follicular Lymphoma. Cytogenetic analysis reveals a t[14:18] translocation. This mutation increases tumorigenesis by overexpressing a protein that actively decreases caspase activation. Which protein is overexpressed?,Bax,Bak,Cytochrome C,Bcl-2,FasL,D,
FA-Patho & Immuno-Carcinogens-001,Pathology & Immunology,Carcinogens,A 45-year-old shipyard worker with a long history of handling old roof insulation presents with shortness of breath. He is found to have a malignancy related to asbestos exposure. Which of the following is the most likely cancer to develop over time in this patient?,Mesothelioma,Bronchogenic Carcinoma,Hepatic Angiosarcoma,Transitional Carcinoma,Hepatocellular Carcinoma,B,
FA-Patho & Immuno-Carcinogens-002,Pathology & Immunology,Carcinogens,"A 55-year-old male presents with hematuria. His occupational history reveals long-term exposure to benzadines in a dye manufacturing plant. He also has a 20 pack-year smoking history, exposing him to naphthylamines. Because both of these exposures contain aromatic amines, he is at highest risk for which type of cancer?",Gastric cancer,Lung Carcinoma,Papillary Thyroid Cancer,Transitional Carcinoma,Squamous Cell Carcinoma,D,
FA-Patho & Immuno-Carcinogens-003,Pathology & Immunology,Carcinogens,An outbreak of liver cancer is observed in a community where diets consist heavily of stored grains and peanuts. Investigation reveals contamination by Aspergillus. Which specific carcinogen produced by this mold is responsible for causing Hepatocellular Carcinoma?,Arsenic,Vinyl Chloride,Nitrosamines,Aflatoxin,Heavy Metals,D,
FA-Patho & Immuno-Carcinogens-004,Pathology & Immunology,Carcinogens,"Exposure to aromatic amines, such as benzadines found in dyes, is heavily linked to the development of which specific cancer?",Hepatocellular carcinoma,Transitional carcinoma,Mesothelioma,Gastric cancer,Squamous cell carcinoma,B,
FA-Patho & Immuno-Carcinogens-005,Pathology & Immunology,Carcinogens,Infection-induced urticaria is a type of nonallergic hypersensitivity. Which parasitic infection is explicitly noted to cause this reaction?,Mycoplasma,Rotavirus,Anisakis simplex,Giardia lamblia,Cryptosporidium,C,
FA-Patho & Immuno-Cardinal Signs of Inflammation-001,Pathology & Immunology,Cardinal Signs of Inflammation,A patient presents with a systemic infection and a fever. Interleukin-1 (IL-1) production is increased. IL-1 directly leads to the increased production of which mediator that stimulates the thermoregulatory centers in the hypothalamus?,Histamine,Bradykinin,Nitric Oxide,PGE2,Serotonin,D,
FA-Patho & Immuno-Cardinal Signs of Inflammation-002,Pathology & Immunology,Cardinal Signs of Inflammation,A 55-year-old male is admitted with a severe bacterial infection. The physician orders an acute phase reactant level specifically used to help follow the progression of bacterial infections. Which marker is ordered?,C-Reactive Protein (CRP),Procalcitonin,Ferritin,Serum Amyloid,Erythrocyte Sedimentation Rate (ESR),B,
FA-Patho & Immuno-Cardinal Signs of Inflammation-003,Pathology & Immunology,Cardinal Signs of Inflammation,"A blood culture from a septic patient grows gram-negative bacteria. The outer membrane of these bacteria contains lipopolysaccharide (LPS) endotoxin. LPS triggers macrophage activation via TLR4/CD14, leading to the release of a cytokine that causes both fever and hypotension. Which cytokine is this?",IL-1,IL-6,TNF-alpha,Nitric oxide,C3a,C,
FA-Patho & Immuno-Cardinal Signs of Inflammation-004,Pathology & Immunology,Cardinal Signs of Inflammation,"A physician is investigating a patient with a high Erythrocyte Sedimentation Rate (ESR). Based on the ""NAPKIN"" mnemonic, which of the following is a known cause of high ESR?",Microcytosis,Heart failure,Polycythemia,Sickle cell anemia,Pregnancy,E,
FA-Patho & Immuno-Cardinal Signs of Inflammation-005,Pathology & Immunology,Cardinal Signs of Inflammation,Which inflammatory mediator is primarily responsible for mediating the symptom of pain (dolor)?,Histamine,Nitric oxide,Bradykinin,Serotonin,Interleukin-1,C,
FA-Patho & Immuno-Cardinal Signs of Inflammation-006,Pathology & Immunology,Cardinal Signs of Inflammation,Endotoxins are toxic molecules bound to the outer wall of bacteria. Which specific component of the endotoxin is responsible for macrophage activation and shock?,O-antigen,Core polysaccharide,Lipid A,Peptidoglycan,Teichoic acid,C,
FA-Patho & Immuno-Cell Cycle Pharmacology-001,Pathology & Immunology,Cell Cycle Pharmacology,"A 4-year-old boy is diagnosed with an immunodeficiency characterized by impaired double-stranded DNA break repair and cell-cycle checkpoint control. This leads to a failure in the G1 to S transition. According to the text, this condition is caused by a mutation in which of the following genes?",ATM,TP53,BCL-2,Rb,MYC,A,
FA-Patho & Immuno-Cell Cycle Pharmacology-002,Pathology & Immunology,Cell Cycle Pharmacology,A 35-year-old male is treated for testicular cancer with an antineoplastic agent that works by generating free radicals. He subsequently presents with progressive shortness of breath and a non-productive cough. Imaging suggests pulmonary fibrosis. Which drug was most likely administered?,Bleomycin,Paclitaxel,Cisplatin,Etoposide,Methotrexate,A,
FA-Patho & Immuno-Cell Cycle Pharmacology-003,Pathology & Immunology,Cell Cycle Pharmacology,"A patient with an autoimmune disease is stabilized on Azathioprine. He recently develops gout, and his physician considers prescribing a gout medication like allopurinol. Co-administration risks severe liver toxicity because Azathioprine is directly metabolized by which enzyme?",Thymidylate synthase,Dihydrofolate reductase,Ribonucleotide reductase,Xanthine oxidase,Topoisomerase I,D,
FA-Patho & Immuno-Cell Cycle Pharmacology-004,Pathology & Immunology,Cell Cycle Pharmacology,"A 60-year-old patient with colon cancer is treated with a pyrimidine analog. A few weeks later, he develops painful erythema and swelling on the palms of his hands and the soles of his feet (Hand-foot syndrome). Which of the following is the specific enzyme inhibited by this drug?",Ribonucleotide reductase,Thymidylate synthase,Topoisomerase II,Beta-tubulin,Xanthine oxidase,B,
FA-Patho & Immuno-Cell Cycle Pharmacology-005,Pathology & Immunology,Cell Cycle Pharmacology,"A patient receiving chemotherapy for a solid tumor develops prominent peripheral neuropathy. The responsible drug binds to beta-tubulin, preventing the assembly of microtubules. Based on the provided pharmacology tables, which drug is this?",Vincristine,Vinblastine,Paclitaxel,Cisplatin,Carmustine,A,
FA-Patho & Immuno-Cell Cycle Pharmacology-006,Pathology & Immunology,Cell Cycle Pharmacology,"A 50-year-old patient with an aggressive brain tumor requires chemotherapy. The oncologist selects an alkylating agent specifically because it can cross the blood-brain barrier. Which drug is this, keeping in mind its potential for CNS toxicity?",Cisplatin,Cyclophosphamide,Carmustine,Bleomycin,Dactinomycin,C,
FA-Patho & Immuno-Cell Cycle Pharmacology-007,Pathology & Immunology,Cell Cycle Pharmacology,Which antimetabolite drug specifically functions by inhibiting ribonucleotide reductase?,Methotrexate,5-Fluorouracil,Cytarabine,Hydroxyurea,Cladribine,D,
FA-Patho & Immuno-Cell Cycle Pharmacology-008,Pathology & Immunology,Cell Cycle Pharmacology,"Topoisomerase I inhibitors, such as Irinotecan, work by preventing DNA unwinding. They are recognized by which distinct suffix?",#NAME?,#NAME?,#NAME?,#NAME?,#NAME?,B,
FA-Patho & Immuno-Cellular Adaptation-001,Pathology & Immunology,Cellular Adaptation,A 55-year-old male with prolonged carpal tunnel syndrome shows marked flattening of his thenar eminence. Which of the following mechanisms is primarily responsible for the reduction in cell size within this muscle tissue?,Apoptosis,Autophagic vacuole fusion,Ubiquitin-proteasome degradation,Stem cell proliferation,Metaplastic transformation,C,
FA-Patho & Immuno-Cellular Adaptation-002,Pathology & Immunology,Cellular Adaptation,"A 65-year-old male undergoes a biopsy of an enlarged prostate gland. The pathology report indicates benign prostatic hyperplasia. Based on this cellular adaptation, what is his risk of developing prostate cancer directly from this specific lesion?",High risk of direct transformation to adenocarcinoma,Increased risk due to stem cell proliferation,No increased risk,Progresses to dysplasia before cancer,Moderate risk dependent on stress level,C,
FA-Patho & Immuno-Cellular Adaptation-003,Pathology & Immunology,Cellular Adaptation,"A 45-year-old female with long-standing persistent acid reflux undergoes endoscopy, revealing a change from squamous to columnar epithelium in the lower esophagus. If the stress persists, this adaptation may directly transform into which of the following?",Hypertrophy,Dysplasia,Apoptosis,Aplasia,Autophagy,B,
FA-Patho & Immuno-Cellular Adaptation-004,Pathology & Immunology,Cellular Adaptation,A biopsy of a mucosal lesion shows disordered cell growth and proliferation of precancerous cells. Which feature strictly distinguishes early dysplasia from an established carcinoma in this context?,It is early and reversible,It involves a change in cell type,It features ubiquitin tagging,It decreases cell size,It is strictly irreversible,A,
FA-Patho & Immuno-Cellular Adaptation-005,Pathology & Immunology,Cellular Adaptation,An ultrasound of a fetus reveals the complete failure of cellular development of the left renal system during embryogenesis. Which term best describes this pathological finding?,Atrophy,Hyperplasia,Aplasia,Dysplasia,Metaplasia,C,
FA-Patho & Immuno-Cellular Adaptation-006,Pathology & Immunology,Cellular Adaptation,"A bodybuilder heavily trains his skeletal muscles, resulting in noticeably increased muscle mass. Since skeletal muscle is a permanent cell population, the increase in size is strictly due to hypertrophy. Which other cell type is also considered a permanent cell population capable only of hypertrophy in response to stress?",Skin surface epithelium,Hematopoietic stem cells,Endometrial lining,Nerves,Conjunctival epithelium,D,
FA-Patho & Immuno-Cellular Adaptation-007,Pathology & Immunology,Cellular Adaptation,A 10-year-old child from a developing country with severe malnutrition presents with vision issues. Examination reveals simple squamous epithelium has transitioned to stratified keratinized squamous epithelium in the conjunctiva (keratomalacia). This is due to a deficiency of which vitamin?,Vitamin C,Vitamin D,Vitamin E,Vitamin A,Vitamin B12,D,
FA-Patho & Immuno-Cellular Adaptation-008,Pathology & Immunology,Cellular Adaptation,Which mechanism of cellular atrophy involves intermediate filaments being tagged and subsequently removed by proteasomes?,Autophagy,Apoptosis,Ubiquitin-proteasome pathway,Metaplasia,Dysplasia,C,
FA-Patho & Immuno-Cellular Adaptation-009,Pathology & Immunology,Cellular Adaptation,Which of the following conditions is an exception that features metaplasia but carries no increased risk of dysplasia transformation?,Barrett's esophagus,Apocrine metaplasia of breast,Endometrial hyperplasia,Keratomalacia,Cervical metaplasia,B,
FA-Patho & Immuno-Cellular Adaptation-010,Pathology & Immunology,Cellular Adaptation,Hyperplasia involves an increase in the number of cells. Which cell population is strictly unable to undergo hyperplasia?,Labile cells,Stable cells,Stem cells,Permanent cells,Epithelial cells,D,
FA-Patho & Immuno-Chemotoxicity & Monoclonals-001,Pathology & Immunology,Chemotoxicity & Monoclonals,"Dilated cardiomyopathy is a severe, known adverse effect associated with which class of chemotherapeutic agents?",Taxanes,Vinca Alkaloids,Anthracyclines,Topoisomerase Inhibitors,Microtubule Inhibitors,C,
FA-Patho & Immuno-Chemotoxicity & Monoclonals-002,Pathology & Immunology,Chemotoxicity & Monoclonals,Which monoclonal antibody specifically targets VEGF to inhibit blood vessel formation in tumors?,Rituximab,Cetuximab,Bevacizumab,Trastuzumab,Eculizumab,C,
FA-Patho & Immuno-Chemotoxicity & Monoclonals-003,Pathology & Immunology,Chemotoxicity & Monoclonals,"A pathologist is examining an undifferentiated tumor biopsy. To determine the tissue of origin, an immunohistochemical stain is performed, which tests positive for Desmin. This finding indicates the tumor originated from which of the following tissues?",Epidermis,Mesenchyme,Neuroglia,Muscle,Neuroendocrine cells,D,
FA-Patho & Immuno-Chemotoxicity & Monoclonals-004,Pathology & Immunology,Chemotoxicity & Monoclonals,"A 60-year-old female is receiving Cyclophosphamide for a solid tumor. She presents to the clinic complaining of gross hematuria. The physician suspects a specific organ toxicity associated with this cross-linking DNA agent. According to the Chemotoxicity Bear, which organ is primarily affected?",Heart,Lungs,Ears,Bladder,Kidneys,D,
FA-Patho & Immuno-Chemotoxicity & Monoclonals-005,Pathology & Immunology,Chemotoxicity & Monoclonals,"A 40-year-old female with Rheumatoid Arthritis is started on Rituximab, a monoclonal antibody that targets CD20. Her physician warns her about a rare but severe neurological complication, particularly if she is a carrier of the JC virus. What is this associated risk?",Dilated cardiomyopathy,Progressive multifocal leukoencephalopathy (PML),Tuberculosis reactivation,Agranulocytosis,Hemorrhage,B,
FA-Patho & Immuno-Chronic Inflammation-001,Pathology & Immunology,Chronic Inflammation,"A 25-year-old male presents with a persistent viral infection. During the immune response, extracellular antigens are phagocytosed by macrophages and presented to helper T-cells. For full CD4+ T-cell activation, a second activation signal is required. Which interaction provides this specific signal?",CD40 receptor on B cell binding CD40L,B7 on the APC binding to CD28 on the T-cell,TCR binding to MHC Class II,TCR binding to MHC Class I,Fas ligand binding to Fas receptor,B,
FA-Patho & Immuno-Chronic Inflammation-002,Pathology & Immunology,Chronic Inflammation,"An 8-month-old male infant presents with a history of recurrent bacterial infections, notably Giardia and Enterovirus. Laboratory workup reveals barely present lymphoid tissue and severely reduced levels of all immunoglobulins. Genetic testing identifies a mutation in a tyrosine kinase gene. This X-linked recessive condition primarily results in a failure of which process?",Isotype switching,T-cell receptor rearrangement,B-cell maturation,Macrophage activation,CD8+ T-cell activation,C,
FA-Patho & Immuno-Chronic Inflammation-003,Pathology & Immunology,Chronic Inflammation,"A patient is diagnosed with Hyper-IgM syndrome, characterized by recurrent pyogenic infections at mucosal sites. Laboratory results show markedly elevated IgM and decreased IgA, IgG, and IgE. This condition is directly caused by a mutation that prevents the second activation signal for B-cells. Which structure is mutated in this syndrome?",B7 or CD28,MHC Class II or TCR,CD40L or CD40 receptor,BTK gene,IL-4 or IL-5 receptors,C,
FA-Patho & Immuno-Chronic Inflammation-004,Pathology & Immunology,Chronic Inflammation,"A patient with an autoimmune disorder is found to have defective T-cell activation. Normally, CD8+ cytotoxic T-cells are activated when intracellular antigens are processed and presented on specific surface molecules. Which cell types normally express the MHC class required to activate CD8+ T-cells?",Only antigen-presenting cells,Only B-lymphocytes,All nucleated cells,Only mature helper T-cells,Only thymic epithelial cells,C,
FA-Patho & Immuno-Chronic Inflammation-005,Pathology & Immunology,Chronic Inflammation,"For full activation, a B-cell requires a second activation signal from a helper T-cell. This is achieved by the CD40 receptor on the B-cell binding to which ligand?",B7,CD28,CD40L,TCR,MHC Class II,C,
FA-Patho & Immuno-Chronic Inflammation-006,Pathology & Immunology,Chronic Inflammation,Bruton's Agammaglobulinemia is an X-linked recessive disorder preventing B-cell maturation. It is caused by a mutation in a gene encoding which type of enzyme?,Tyrosine kinase,Protease,Phospholipase,Hydroxylase,Reductase,A,
FA-Patho & Immuno-Free Radical Injury-001,Pathology & Immunology,Free Radical Injury,"A patient undergoing radiation therapy for a tumor develops local tissue damage. The photons induce direct cellular and DNA damage via enzyme oxidation and ionization. Which free radical, generated via the hydrolysis of water, is considered the most damaging in this process?",Superoxide anion,Hydrogen peroxide,Hydroxyl radical,Nitric oxide,Carbon tetrachloride,C,
FA-Patho & Immuno-Free Radical Injury-002,Pathology & Immunology,Free Radical Injury,A 4-year-old boy suffers from recurrent infections with Staphylococcus aureus and Serratia. A nitroblue tetrazolium (NBT) dye test is performed and the dye stays yellow/colourless. This patient most likely has an X-linked deficiency in which of the following enzymes?,Catalase,Superoxide Dismutase,Myeloperoxidase,NADPH Oxidase,Glutathione peroxidase,D,
FA-Patho & Immuno-Free Radical Injury-003,Pathology & Immunology,Free Radical Injury,"A 60-year-old man suffers a myocardial infarction. Blood flow is medically restored to the heart tissue, but cardiac enzymes subsequently leak further into the blood. The reactivation of enzymes and a burst of which entity is primarily responsible for this secondary damage via peroxidation of lipids?",Platelets,Complement proteins,Free radicals,Fibroblasts,Eosinophils,C,
FA-Patho & Immuno-Free Radical Injury-004,Pathology & Immunology,Free Radical Injury,A patient diagnosed with Wilson's disease presents with hepatic damage due to excess metal accumulation. Through which specific reaction do metals like Fe2+ and Cu generate hydroxyl free radicals in this condition?,Oxidative phosphorylation,Fenton reaction,P450 metabolism,Respiratory burst,Autolysis,B,
FA-Patho & Immuno-Free Radical Injury-005,Pathology & Immunology,Free Radical Injury,"A patient has a known deficiency in Myeloperoxidase. According to the provided diagram, this increases their risk of infection particularly from which organism, because HOCl is important for killing it?",Staphylococcus aureus,Serratia,Pseudomonas,Aspergillus,Candida,E,
FA-Patho & Immuno-Free Radical Injury-006,Pathology & Immunology,Free Radical Injury,Which enzyme specifically generates superoxide ions during the inflammatory respiratory burst?,Myeloperoxidase,Superoxide dismutase,Catalase,NADPH oxidase,Glutathione peroxidase,D,
FA-Patho & Immuno-Free Radical Injury-007,Pathology & Immunology,Free Radical Injury,The Fenton reaction damages hepatocytes in Hemochromatosis by generating which specific free radical?,Superoxide anion,Hydrogen peroxide,Hydroxyl radical,Nitric oxide,Carbon tetrachloride,C,
FA-Patho & Immuno-HIV-001,Pathology & Immunology,HIV,A patient tests positive for HIV. The virus utilizes specific envelope proteins to attach to and enter host cells. Which viral protein is explicitly responsible for fusing with the host membrane and facilitating viral entry?,p24,p17,gp120,gp41,Reverse transcriptase,D,
FA-Patho & Immuno-HIV-002,Pathology & Immunology,HIV,"A 30-year-old male presents with weight loss and opportunistic infections. An HIV-1/2 Ag/Ab immunoassay is performed. This diagnostic test detects the amount of IgG antibodies against HIV-1/2, as well as the number of specific capsid proteins, which provides high sensitivity and specificity. Which capsid protein is measured?",p17,gp120,p24,gp41,CCR5,C,
FA-Patho & Immuno-HIV-003,Pathology & Immunology,HIV,"A researcher is studying HIV infectivity. They isolate a strain of HIV that strictly targets T-cells. Based on co-receptor binding rules, this specific viral strain relies on interacting with which co-receptor found on T-cells?",CCR5,CXCR4,CD8,CD20,gp120,B,
FA-Patho & Immuno-HIV-004,Pathology & Immunology,HIV,"A 45-year-old untreated HIV-positive male presents with severe headaches and neurological deficits. His latest CD4 count is 85 cells/mm3. At this specific CD4 level (<100/mm3), which of the following organisms becomes a new risk for opportunistic infection that was not a primary risk at higher counts (e.g., >200)?",Candida,Epstein-Barr Virus (EBV),Pneumocystis jirovecii,JC Virus,Toxoplasma gondii,E,
FA-Patho & Immuno-HIV-005,Pathology & Immunology,HIV,"A 40-year-old untreated HIV-positive female is evaluated for AIDS-defining conditions. She presents with month-long diarrhea, fever, and myalgia. To meet the precise definition of Wasting Syndrome, she must also have experienced a specific percentage of body weight loss over 6 months. What is the required weight loss threshold?",>5% body weight,>10% body weight,>15% body weight,>20% body weight,>25% body weight,B,
FA-Patho & Immuno-HIV-006,Pathology & Immunology,HIV,"A 35-year-old male has been living with untreated HIV for several years. According to the serology graph of untreated infection, as the patient transitions into the final crisis stage (AIDS), which of the following immunological events occurs concurrently with the sharp decline of CD4+ T cells and the rise of HIV RNA?",Sharp spike in anti-envelope antibody (gp120),Immediate recovery of p24 antigen,Exhaustion of CD8+ T cells,Rapid proliferation of mucosal membrane infections,Peak of viral dissemination to lymphoid organs,C,
FA-Patho & Immuno-HIV-007,Pathology & Immunology,HIV,"During HIV infection, the virus uses the gp41 envelope protein for which specific function?",Attachment to CD4+ cells,Fusion and Entry,Creating dsDNA from viral RNA,Integration into host genome,Capsid assembly,B,
FA-Patho & Immuno-HIV-008,Pathology & Immunology,HIV,"When HIV infects macrophages rather than T-cells, it relies on binding to which specific co-receptor?",CXCR4,CCR5,CD8,CD20,CD40,B,
FA-Patho & Immuno-Hypersensitivity-001,Pathology & Immunology,Hypersensitivity,"A 25-year-old female presents to the clinic complaining of localized pain, swelling, and arthralgia at an injection site hours after receiving a booster dose of a vaccine. The physician suspects an Arthus reaction. This type of reaction is characterized by the deposition of immune complexes against self-antigens in tissues. Which type of hypersensitivity is this?",Type 1,Type 2,Type 3,Type 4,Type 5,C,
FA-Patho & Immuno-Hypersensitivity-002,Pathology & Immunology,Hypersensitivity,"A 35-year-old male develops a severely pruritic rash two days after hiking through a wooded area where he was exposed to Poison Ivy. This reaction is mediated by APCs migrating to lymph nodes to sensitize T-cells, which then return to the site. Which mechanism is primarily responsible for the tissue destruction seen in this late-stage response?",Immediate degranulation of histamine and tryptase,Antibodies reacting to self-antigens leading to a cytotoxic response,Immune complexes activating the complement cascade,CD8+ T-cells binding to somatic cells with antigen,Systemic mast cell degranulation,D,
FA-Patho & Immuno-Hypersensitivity-003,Pathology & Immunology,Hypersensitivity,"A patient is treated with intravenous vancomycin for a severe bacterial infection. Shortly after administration, the patient develops a delayed response characterized by localized tissue destruction. The physician notes that vancomycin acts as a pseudoallergen. Which type of hypersensitivity reaction is associated with this presentation?",Type 1,Type 2,Type 3,Type 4,Arthus reaction,D,
FA-Patho & Immuno-Hypersensitivity-004,Pathology & Immunology,Hypersensitivity,"A patient in the emergency department receives a dose of intravenous radiocontrast dye for a CT scan. Within minutes, he develops urticaria, edema, and hypotension. The patient has absolutely no history of previous sensitization to this dye. This direct activation of mast cells is termed a pseudoallergy. Which other drug is classically known to cause this specific type of nonallergic hypersensitivity?",Penicillin,Ceftriaxone,Vancomycin,Methotrexate,Cyclophosphamide,C,
FA-Patho & Immuno-Hypersensitivity-005,Pathology & Immunology,Hypersensitivity,Which type of hypersensitivity reaction is defined by the deposition of immune complexes against self-antigens in tissues?,Type 1,Type 2,Type 3,Type 4,Pseudoallergy,C,
FA-Patho & Immuno-Hypersensitivity-006,Pathology & Immunology,Hypersensitivity,Goodpasture's syndrome and Rheumatic fever are classic examples of which type of hypersensitivity reaction?,Type 1,Type 2,Type 3,Type 4,Serum sickness,B,
FA-Patho & Immuno-Hypoxia & Cellular Injury-001,Pathology & Immunology,Hypoxia & Cellular Injury,A 25-year-old rescued from a house fire presents with cherry-red skin and a severe headache. Blood gas analysis reveals a normal PaO2 but decreased SaO2. Which of the following is the most likely cause of these findings?,Carbon monoxide poisoning,Methemoglobinemia,Anemia,High altitude exposure,Hypoventilation,A,
FA-Patho & Immuno-Hypoxia & Cellular Injury-002,Pathology & Immunology,Hypoxia & Cellular Injury,A patient treated with sulfate drugs develops cyanosis and chocolate-colored blood. The iron in the heme is oxidized to Fe3+ and cannot bind oxygen. What is the appropriate specific treatment for this condition?,Supplemental oxygen,Blood transfusion,IV methylene blue,Corticosteroids,Broad-spectrum antibiotics,C,
FA-Patho & Immuno-Hypoxia & Cellular Injury-003,Pathology & Immunology,Hypoxia & Cellular Injury,A patient experiences severe shock resulting in generalized hypotension and poor perfusion to multiple organs. Which specific area of the liver is most susceptible to this ischemic injury?,Central vein (Zone III),Portal triad,Hepatic artery,Bile ductules,Kupffer cells,A,
FA-Patho & Immuno-Hypoxia & Cellular Injury-004,Pathology & Immunology,Hypoxia & Cellular Injury,"A cell is subjected to low oxygen, leading to decreased ATP production. The cell switches to anaerobic respiration, increasing lactic acid and lowering pH. Which defining feature of reversible cell injury is primarily caused by the subsequent failure of the Na+/K+ and Ca2+ pumps?",Rupture of lysosomes,Generalized swelling,Lysis of endoplasmic reticulum,Nuclear pyknosis,Myelin figures,B,
FA-Patho & Immuno-Hypoxia & Cellular Injury-005,Pathology & Immunology,Hypoxia & Cellular Injury,A pathologist examines tissue subjected to prolonged ischemia and notes profoundly damaged cells exhibiting karyorrhexis and large mitochondrial densities. An increase in which intracellular ion is a key mediator in activating the hydrolytic enzymes responsible for this irreversible membrane damage?,Potassium,Sodium,Calcium,Magnesium,Chloride,C,
FA-Patho & Immuno-Hypoxia & Cellular Injury-006,Pathology & Immunology,Hypoxia & Cellular Injury,Which area of the brain is highly susceptible to ischemic injury due to decreased arterial perfusion?,Purkinje cells,Medulla oblongata,Hypothalamus,Thalamus,Pons,A,
FA-Patho & Immuno-Hypoxia & Cellular Injury-007,Pathology & Immunology,Hypoxia & Cellular Injury,Reversible cellular injury is characterized by which of the following morphological changes?,Rupture of lysosomes,Karyorrhexis,Myelin figures,Generalized swelling,Nuclear pyknosis,D,
FA-Patho & Immuno-Immunosuppressants-001,Pathology & Immunology,Immunosuppressants,"A kidney transplant recipient is maintained on Tacrolimus to prevent graft rejection. This drug acts as a Calcineurin inhibitor. By inhibiting Calcineurin, Tacrolimus directly decreases the transcription of which specific cytokine?",IL-1,IL-2,IL-3,IL-4,IL-6,B,
FA-Patho & Immuno-Immunosuppressants-002,Pathology & Immunology,Immunosuppressants,"A patient receiving an organ transplant is prescribed Sirolimus. Unlike Tacrolimus, which decreases the transcription of interleukins, Sirolimus prevents cellular proliferation by decreasing responsiveness to IL-2. It achieves this by inhibiting which specific target?",Calcineurin,IMP dehydrogenase,mTOR,NF-kB,PRPP amidotransferase,C,
FA-Patho & Immuno-Immunosuppressants-003,Pathology & Immunology,Immunosuppressants,"A patient with rheumatoid disease is prescribed Mycophenolate as a glucocorticoid-sparing agent. The patient is warned about the risk of GI upset, pancytopenia, and hypertension. This drug is also distinctly associated with an invasive infection of which virus?",Epstein-Barr Virus (EBV),Cytomegalovirus (CMV),HIV,JC Virus,Rotavirus,B,
FA-Patho & Immuno-Immunosuppressants-004,Pathology & Immunology,Immunosuppressants,"A patient with a severe bacterial infection presents with a high fever and elevated levels of acute phase reactants. According to the ""HOT T-BONE stEAK"" mnemonic, which interleukin is primarily responsible for stimulating the production of acute phase reactants (the ""aKute"" in stEAK)?",IL-1,IL-2,IL-4,IL-5,IL-6,E,
FA-Patho & Immuno-Immunosuppressants-005,Pathology & Immunology,Immunosuppressants,Cyclosporine is an immunosuppressant used for psoriasis and rheumatoid arthritis. It exerts its effect by binding cyclophilin and directly inhibiting which molecule?,mTOR,Calcineurin,IMP dehydrogenase,NF-kB,PRPP amidotransferase,B,
FA-Patho & Immuno-Immunosuppressants-006,Pathology & Immunology,Immunosuppressants,Interleukin-3 (IL-3) has which of the following primary functions in the immune system?,Stimulates T cells,Stimulates bone marrow,Stimulates IgE production,Stimulates IgA production,Stimulates acute phase reactants,B,
FA-Patho & Immuno-Immunosuppressants-007,Pathology & Immunology,Immunosuppressants,A patient with chronic granulomatous disease (CGD) is treated with a specific immunotherapy to help manage their condition. Which interferon is specifically indicated for the treatment of this disease?,Aldesleukin,IFN-alpha,IFN-beta,IFN-gamma,TNF-alpha,D,
FA-Patho & Immuno-Lymph Node & Spleen-001,Pathology & Immunology,Lymph Node & Spleen,"A 15-year-old male is infected with the Epstein-Barr Virus (EBV), leading to extreme immune activation and generalized lymphadenopathy. A biopsy of an enlarged lymph node would most likely show marked hyperplasia in which specific region, known to contain high endothelial venules and T-cells?",Medullary cords,Primary follicles,Secondary follicles,Medullary sinuses,Paracortex,E,
FA-Patho & Immuno-Lymph Node & Spleen-002,Pathology & Immunology,Lymph Node & Spleen,"A patient with Job Syndrome presents with retained baby teeth, coarse facies, dermatological problems, and recurrent abscesses. This condition is characterized by increased IgE and increased fractures. It is directly caused by a mutation in STAT3, which leads to a decrease in which specific cell population?",Treg cells,Th1 cells,Th2 cells,Th17 cells,Cytotoxic T-cells,D,
FA-Patho & Immuno-Lymph Node & Spleen-003,Pathology & Immunology,Lymph Node & Spleen,Regulatory T-cells (Treg) play a crucial role in modulating the immune response and promoting self-tolerance. They attenuate the immune response by secreting specific interleukins and cytokines. Which of the following is secreted by Treg cells for this purpose?,IL-17,IL-21,IL-22,IL-10,IFN-gamma,D,
FA-Patho & Immuno-Lymph Node & Spleen-004,Pathology & Immunology,Lymph Node & Spleen,"A patient undergoes an emergency splenectomy following abdominal trauma. Because the spleen's red pulp filtration system and macrophages are removed, the patient must receive vaccinations against encapsulated organisms. According to the provided mnemonic, which of the following is considered an encapsulated organism?",Staphylococcus aureus,Streptococcus pyogenes,Cryptococcus neoformans,Mycobacterium tuberculosis,Treponema pallidum,C,
FA-Patho & Immuno-Lymph Node & Spleen-005,Pathology & Immunology,Lymph Node & Spleen,Which region of the lymph node undergoes extreme hyperplasia during viral infections like EBV because it contains T-cells and high endothelial venules?,Primary follicle,Secondary follicle,Medullary cords,Medullary sinuses,Paracortex,E,
FA-Patho & Immuno-Lymph Node & Spleen-006,Pathology & Immunology,Lymph Node & Spleen,Regulatory T-cells (Treg) suppress the immune response to promote self-tolerance. A mutation in which gene causes IPEX syndrome by directly disrupting Treg function?,STAT3,FOXP3,BTK,AIRE,PIGA,B,
FA-Patho & Immuno-Macrophages & Granuloma-001,Pathology & Immunology,Macrophages & Granuloma,Macrophages predominate in the late stages of acute inflammation. They are directly derived from which circulating cell type?,Eosinophils,Basophils,Neutrophils,Lymphocytes,Monocytes,E,
FA-Patho & Immuno-Macrophages & Granuloma-002,Pathology & Immunology,Macrophages & Granuloma,Granulomatous inflammation is a subtype of chronic inflammation. Which cytokine secreted by Th1 cells is responsible for activating macrophages to form epithelioid cells?,IL-12,IL-10,IFN-gamma,TNF-alpha,TGF-beta,C,
FA-Patho & Immuno-Macrophages & Granuloma-003,Pathology & Immunology,Macrophages & Granuloma,"Two to three days after an initial acute injury, macrophages dominate the site. If the outcome is successful resolution and healing, which anti-inflammatory cytokines are primarily secreted by the macrophages?",IL-8 and TNF-alpha,IFN-gamma and IL-12,IL-1 and IL-6,IL-10 and TGF-beta,PDGF and FGF,D,
FA-Patho & Immuno-Macrophages & Granuloma-004,Pathology & Immunology,Macrophages & Granuloma,A tissue injury is undergoing the repair phase. Macrophages at the site begin secreting fibrogenic and angiogenic factors. Which of the following is specifically an angiogenic factor secreted during this process?,IL-10,VEGF,CD14,IFN-gamma,TNF-alpha,B,
FA-Patho & Immuno-Macrophages & Granuloma-005,Pathology & Immunology,Macrophages & Granuloma,An infant develops a disseminated fungal infection. Immunological evaluation reveals that the patient's macrophages are not being activated by T-cells because of a receptor defect. Which receptor is deficient?,IL-10 receptor,TGF-beta receptor,IL-12 receptor,TNF-alpha receptor,CD14,C,
FA-Patho & Immuno-Macrophages & Granuloma-006,Pathology & Immunology,Macrophages & Granuloma,"A 40-year-old female with sarcoidosis is found to have elevated serum calcium levels. Her hypercalcemia is driven by increased amounts of activated Vitamin D. Which enzyme, produced by macrophages in high concentrations during granulomatous inflammation, is responsible?",NADPH oxidase,1-alpha-hydroxylase,Phospholipase A2,Myeloperoxidase,Cyclooxygenase,B,
FA-Patho & Immuno-Macrophages & Granuloma-007,Pathology & Immunology,Macrophages & Granuloma,"A pathologist examining a lung biopsy from a patient with a chronic cough and fever notes a granuloma with a soft, friable ""cheese-like"" central necrosis. Which of the following infections is classically associated with this caseating presentation?",Cat Scratch disease,Beryllium exposure,Crohn's disease,Sarcoidosis,Tuberculosis,E,
FA-Patho & Immuno-Mediators of Inflammation-001,Pathology & Immunology,Mediators of Inflammation,A 15-year-old female presents with recurrent Neisseria infections. Immunologic workup is most likely to reveal a deficiency in which component of the complement system?,C1-4,C3b,Terminal complement (C5-9),C3 convertase,MAC inhibitor,C,
FA-Patho & Immuno-Mediators of Inflammation-002,Pathology & Immunology,Mediators of Inflammation,"A patient experiencing an acute asthmatic reaction develops severe bronchospasm and increased vascular permeability. Which set of arachidonic acid metabolites, produced via the lipoxygenase pathway, mediates these specific symptoms?","PGI2, PGD2, PGE2","LTC4, LTD4, LTE4",Thromboxane A2,LTB4 only,Phospholipase A2,B,
FA-Patho & Immuno-Mediators of Inflammation-003,Pathology & Immunology,Mediators of Inflammation,"A 35-year-old male presents with fatigue and episodic dark urine. Testing reveals a defect in the PIGA gene, which prevents the formation of GPI anchors for complement inhibitors. This defect directly leads to which of the following?",Impaired neutrophil chemotaxis,Defective classical pathway activation,Recurrent pyogenic infections,Complement mediated RBC lysis,Mast cell degranulation,D,
FA-Patho & Immuno-Mediators of Inflammation-004,Pathology & Immunology,Mediators of Inflammation,A macrophage encounters a pathogen and its Toll-Like Receptor (TLR) is activated by a Pathogen-Associated Molecular Pattern (PAMP). This activation upregulates a specific nuclear transcription factor that increases the production of immune response genes. What is this transcription factor?,CD14,NF-kB,C3 convertase,PIGA,LTB4,B,
FA-Patho & Immuno-Mediators of Inflammation-005,Pathology & Immunology,Mediators of Inflammation,Which of the following complement proteins functions primarily as an opsonin by binding to LPS on bacteria?,C3a,C5a,C3b,C5b,MAC (C6-9),C,
FA-Patho & Immuno-Mediators of Inflammation-006,Pathology & Immunology,Mediators of Inflammation,Paroxysmal Nocturnal Hemoglobinuria (PNH) involves a defect in the PIGA gene. This prevents the formation of GPI anchors for which system?,Coagulation cascade,Complement inhibitors,Toll-like receptors,Arachidonic acid metabolites,Kinase cascade,B,
FA-Patho & Immuno-Neoplasms-001,Pathology & Immunology,Neoplasms,A biopsy of a mass reveals poorly differentiated cells that have invaded local adjacent tissues. The pathologist notes that these cells exhibit a marked decrease in programmed cell death. Which genetic mutation best explains this specific resistance to cell death according to the TEASE GRAID hallmarks of cancer?,Decreased E-Cadherin function,Increased telomerase expression,Mutation in TP53 or BCL2,Decreased MHC1 expression,Increased pro-angiogenic factors,C,
FA-Patho & Immuno-Neoplasms-002,Pathology & Immunology,Neoplasms,"Tumor cells uniquely alter their cellular energetics to support rapid growth, a phenomenon known as the Warburg effect. This dysregulation primarily involves shifting glucose metabolism towards which of the following pathways?",Oxidative phosphorylation,Gluconeogenesis,Glycolysis,Beta-oxidation,Pentose phosphate pathway,C,
FA-Patho & Immuno-Neoplasms-003,Pathology & Immunology,Neoplasms,"A public health researcher is reviewing the epidemiology of cancer in adults. According to incidence statistics, which type of cancer is the most frequently diagnosed in adult females?",Lung cancer,Colon/rectum cancer,Breast cancer,Melanoma,Squamous cell carcinoma,C,
FA-Patho & Immuno-Neoplasms-004,Pathology & Immunology,Neoplasms,A pediatric patient is diagnosed with a benign tumor. Pathological examination reveals the cellular origin of the tumor to be myocytes. What is the specific diagnosis based on this cellular origin?,Hemangioma,Osteoma,Adenoma,Rhabdomyoma,Fibroma,D,
FA-Patho & Immuno-Neoplasms-005,Pathology & Immunology,Neoplasms,"An oncologist is evaluating a patient's tumor staging and grading. The pathology report notes that the tumor cells are poorly differentiated. According to the principles of tumor grading, what does this microscopic finding indicate regarding the patient's prognosis?",Better prognosis because the cells are localized,Worse prognosis because the cells are dissimilar to the original tissue,Excellent prognosis due to a low grade,Indeterminate prognosis dependent entirely on metastasis,Better prognosis due to slow growth,B,
FA-Patho & Immuno-Neoplasms-006,Pathology & Immunology,Neoplasms,"A 50-year-old male is diagnosed with Hepatocellular carcinoma. While most carcinomas spread via the lymphatic system, this specific cancer is a known exception. By which route does Hepatocellular carcinoma primarily spread?",Lymphatically,Perineural invasion,Hematogenously,Transcoelomic seeding,Direct contiguous extension,C,
FA-Patho & Immuno-Neoplasms-007,Pathology & Immunology,Neoplasms,"A 65-year-old male with a history of prostate cancer complains of severe, deep pain in his femur. Imaging confirms the presence of bone metastases. Based on common metastatic pathways (""Painful Breasts Kill The Long Bones""), which of the following primary tumors is also highly likely to metastasize to the bone?",Colon,Stomach,Kidney,Melanoma,Pancreas,C,
FA-Patho & Immuno-Neoplasms-008,Pathology & Immunology,Neoplasms,"A cervical biopsy reveals cellular pleomorphism and an increased nuclear-to-cytoplasmic ratio. However, the basement membrane remains completely intact and the dysplasia is deemed irreversible. Which stage of neoplastic progression does this represent?",Normal cells,Reversible dysplasia,Carcinoma in situ,Invasive carcinoma,Metastatic carcinoma,C,
FA-Patho & Immuno-Neoplasms-009,Pathology & Immunology,Neoplasms,Benign neoplasms are well-differentiated tumors that remain localized. Which of the following is the correct term for a benign tumor of melanocytic origin?,Fibroma,Adenoma,Nevus,Melanoma,Rhabdomyoma,C,
FA-Patho & Immuno-Neoplasms-010,Pathology & Immunology,Neoplasms,The single most important prognostic factor in tumor staging is determined by which component of the TNM system?,Tumor size (T),Regional lymph node involvement (N),Distant metastasis (M),Tumor grading,Microscopic differentiation,C,
FA-Patho & Immuno-Neutrophil Arrival & Function-001,Pathology & Immunology,Neutrophil Arrival & Function,"An infant's umbilical cord separates unusually late. The infant suffers from recurrent bacterial skin infections, but the lesions completely lack pus. Blood tests show a high concentration of dysfunctional neutrophils. This presentation is characteristic of an autosomal recessive defect in which molecule?",CD18 integrin,Sialyl-Lewis X,E-selectin,PECAM-1,Von-Willebrand factor,A,
FA-Patho & Immuno-Neutrophil Arrival & Function-002,Pathology & Immunology,Neutrophil Arrival & Function,"During acute inflammation, a neutrophil successfully adheres to the blood vessel wall and begins to migrate across the endothelial barrier into the tissue. This transmigration specifically requires which of the following cell adhesion molecules?",ICAM-1,VCAM-1,PECAM-1,P-selectin,LTB4,C,
FA-Patho & Immuno-Neutrophil Arrival & Function-003,Pathology & Immunology,Neutrophil Arrival & Function,"A young child presents with albinism, a history of frequent infections, and recurrent hemorrhage. Microscopic examination of cells shows a failure in phagolysosome formation due to a microtubule dysfunction caused by a defect in the LYST gene. What is the diagnosis?",Leukocyte Adhesion Deficiency,Autoimmune Lymphoproliferative Syndrome,Chediak Higashi Syndrome,Chronic Granulomatous Disease,Paroxysmal Nocturnal Hemoglobinuria,C,
FA-Patho & Immuno-Neutrophil Arrival & Function-004,Pathology & Immunology,Neutrophil Arrival & Function,"During the initial rolling phase of leukocyte extravasation, cytokines such as TNF-a and IL-1 induce the expression of a specific selectin on the endothelium to act as a ""speed bump"". Which molecule is induced by these cytokines?",P-selectin,Integrin,PECAM-1,E-selectin,Sialyl-Lewis X,D,
FA-Patho & Immuno-Neutrophil Arrival & Function-005,Pathology & Immunology,Neutrophil Arrival & Function,"During leukocyte extravasation, which molecule explicitly facilitates the transmigration of neutrophils across the endothelial barrier?",P-selectin,E-selectin,ICAM-1,PECAM-1,Sialyl-Lewis X,D,
FA-Patho & Immuno-Neutrophil Arrival & Function-006,Pathology & Immunology,Neutrophil Arrival & Function,Chediak Higashi Syndrome is characterized by a defect in the LYST gene leading to microtubule dysfunction. This primarily impairs which phase of neutrophil function?,Margination,Rolling,Transmigration,Phagolysosome formation,Oxidative burst,D,
FA-Patho & Immuno-Tumor Suppressors-005,Pathology & Immunology,Tumor Suppressors & Oncogenes,A gain of function mutation in the BCR-ABL signal transducer is classically associated with which type of malignancy?,Retinoblastoma,Melanoma,Chronic Myeloid Leukemia,Gastrointestinal stromal tumor,Small lung cell cancer,C,
"FA-Patho & Immuno-Radiation, Calcification & Amyloidosis-001",Pathology & Immunology,"Radiation, Calcification & Amyloidosis",Dystrophic calcification occurs in dead and diseased tissues. Which of the following accurately describes the serum calcium levels in this process?,Markedly elevated,Normal,Slightly elevated,Markedly decreased,Variable dependent on diet,B,
"FA-Patho & Immuno-Radiation, Calcification & Amyloidosis-002",Pathology & Immunology,"Radiation, Calcification & Amyloidosis",Type 2 Diabetes is associated with localized amyloidosis in the pancreas. Which specific fibrin protein is deposited?,Calcitonin,B-amyloid proteins,Transthyretin,Atrial Natriuretic Peptide,Islet amyloid polypeptide,E,
"FA-Patho & Immuno-Radiation, Calcification & Amyloidosis-003",Pathology & Immunology,"Radiation, Calcification & Amyloidosis",A 40-year-old female undergoes a mammogram which reveals localized calcifications in an area of diseased/necrotic breast tissue. Her serum calcium levels are completely normal. Which type of calcification is this?,Metastatic calcification,Systemic calcification,Primary calcification,Dystrophic calcification,Secondary calcification,D,
"FA-Patho & Immuno-Radiation, Calcification & Amyloidosis-004",Pathology & Immunology,"Radiation, Calcification & Amyloidosis","A patient with abnormal serum calcium levels develops diffuse calcium deposition in normal tissues. Based on the provided associated conditions mnemonic ""MG STOP"", which of the following is associated with this type of calcification?",Osteosarcoma,Prolactinoma,Angiosarcoma,Acute myeloid leukemia,Hepatocellular carcinoma,B,
"FA-Patho & Immuno-Radiation, Calcification & Amyloidosis-005",Pathology & Immunology,"Radiation, Calcification & Amyloidosis",A 65-year-old male with multiple myeloma develops organ dysfunction. Biopsy of the affected tissue stained with Congo red shows apple-green birefringence. These deposits are primarily composed of which misfolded protein?,AL amyloids (light chains),AA amyloids,Calcitonin,B-amyloid proteins,Transthyretin,A,
"FA-Patho & Immuno-Radiation, Calcification & Amyloidosis-006",Pathology & Immunology,"Radiation, Calcification & Amyloidosis",An elderly patient with a long history of Type 2 Diabetes is found to have amyloid deposits localized entirely within the pancreas. What is the specific fibrin protein deposited in this condition?,B-amyloid proteins,Atrial Natriuretic Peptide,Islet amyloid polypeptide,Transthyretin,Calcitonin,C,
"FA-Patho & Immuno-Radiation, Calcification & Amyloidosis-007",Pathology & Immunology,"Radiation, Calcification & Amyloidosis",A 55-year-old male with chronic kidney failure has been on long-term dialysis. He begins to experience joint pain and neuropathy. This is likely due to localized amyloidosis via the deposition of which protein?,AA Amyloids,B2-microglobulin,Calcitonin,Transthyretin,Islet amyloid polypeptide,B,
FA-Patho & Immuno-Thymus & Pathologies-001,Pathology & Immunology,Thymus & Pathologies,"During T-cell maturation in the thymus, double-positive (CD4+/CD8+) T-cells must demonstrate they can bind self-MHC to survive. In which specific anatomical region of the thymus does this positive selection occur?",Medulla,Hassan's corpuscles,Cortex,Paracortex,Third pharyngeal pouch,C,
FA-Patho & Immuno-Thymus & Pathologies-002,Pathology & Immunology,Thymus & Pathologies,"A neonate presents with tetralogy of Fallot, abnormal facies, and a cleft palate. A chest X-ray shows an absent sail sign. Laboratory tests reveal hypocalcemia and an absolute decreased T-cell count. The atypical development of which embryological structure is responsible for this patient's syndrome?",1st and 2nd pharyngeal pouches,2nd and 3rd pharyngeal pouches,3rd and 4th pharyngeal pouches,4th and 5th pharyngeal pouches,Hassan's corpuscles,C,
FA-Patho & Immuno-Thymus & Pathologies-003,Pathology & Immunology,Thymus & Pathologies,"A young child with severe recurrent bacterial, fungal, and viral infections is found to have Severe Combined Immunodeficiency (SCID). Genetic analysis reveals a defect that leads to the toxic buildup of a specific metabolite within lymphocytes. The deficiency of which enzyme is causing this presentation?",Tyrosine kinase (BTK),Adenosine Deaminase (ADA),IL-2 receptor gamma chain,AIRE,FoxP3,B,
FA-Patho & Immuno-Thymus & Pathologies-004,Pathology & Immunology,Thymus & Pathologies,The thymus arises embryologically from which of the following structures?,1st pharyngeal pouch,2nd pharyngeal pouch,3rd pharyngeal pouch,4th pharyngeal pouch,5th pharyngeal pouch,C,
FA-Patho & Immuno-Thymus & Pathologies-005,Pathology & Immunology,Thymus & Pathologies,"In Autoimmune Polyendocrine Syndrome 1, a mutation in the AIRE gene leads to an inability to eliminate self-reactive T-cells. This failure occurs during which specific thymic process?",Positive selection,Cortical maturation,Negative selection,Progenitor production,Thymic involution,C,
FA-Patho & Immuno-Transfusion Reactions-001,Pathology & Immunology,Transfusion Reactions,"During a blood transfusion, a patient suddenly develops a fever, chills, hemoglobinuria, and signs of disseminated intravascular coagulation (DIC). This reaction occurs within the first 24 hours and is typically caused by ABO incompatibility. What is the underlying immunological mechanism of this acute reaction?",Type 1 Hypersensitivity,Type 2 Hypersensitivity causing intravascular hemolysis,Type 3 Hypersensitivity,Preformed cytokines produced by WBCs in donor blood,Donor antileukocyte antibodies activating host neutrophils,B,
FA-Patho & Immuno-Transfusion Reactions-002,Pathology & Immunology,Transfusion Reactions,A pediatric patient receives a packed red blood cell transfusion and develops a fever and chills 3 hours later. The reaction is determined to be a Febrile Non-Hemolytic Transfusion Reaction. How could instances of this specific reaction best be reduced?,Administering epinephrine prior to transfusion,Using strictly Rh-compatible blood,Washing the red blood cells to remove IgA,Using leukoreduced blood products,Irradiating the blood products,D,
FA-Patho & Immuno-Transfusion Reactions-003,Pathology & Immunology,Transfusion Reactions,A patient receives a blood transfusion and rapidly develops bilateral pulmonary edema and hypotension. A chest X-ray shows interstitial infiltrates. The physician diagnoses Transfusion Related Lung Injury (TRALI). What is the primary two-hit mechanism responsible for TRALI?,Mast cell allergy to donor IgA and systemic histamine release,Rh incompatibility and extravascular hemolysis,Neutrophil aggregation in lungs and activation by donor antileukocyte antibodies,ABO incompatibility and complement activation,Preformed cytokines from donor WBCs and host T-cell proliferation,C,
FA-Patho & Immuno-Transfusion Reactions-004,Pathology & Immunology,Transfusion Reactions,Febrile non-hemolytic transfusion reactions occur within 1-6 hours. They are primarily caused by which of the following mechanisms?,ABO incompatibility,Preformed antibodies in the host,Preformed cytokines from donor WBCs,IgA allergy,Donor antileukocyte antibodies,C,
FA-Patho & Immuno-Transplant Rejection-001,Pathology & Immunology,Transplant Rejection,"A patient receives a kidney transplant. Within minutes, the graft becomes cyanotic and mottled. A biopsy shows thrombi forming in the graft vessels and ischemia leading to fibrinoid necrosis. This reaction is mediated by preformed antibodies reacting to donor tissue. What is the definitive treatment for this specific type of rejection?",Administer high-dose immunosuppressants,Wait for the reaction to self-limit,Remove the graft,Administer anti-histamines,Transfuse irradiated blood,C,
FA-Patho & Immuno-Transplant Rejection-002,Pathology & Immunology,Transplant Rejection,"Six months after receiving a liver transplant, a patient develops signs of organ dysfunction. A biopsy suggests Vanishing Bile Duct Syndrome. This chronic rejection process is characterized by which of the following pathological sequences?",Preformed antibodies causing immediate thrombosis,Smooth muscle proliferation leading to tissue atrophy,CD8+ cells responding directly to MHCs causing acute necrosis,Donor T-cells reacting against the host,Mast cell degranulation in the graft vessels,B,
FA-Patho & Immuno-Transplant Rejection-003,Pathology & Immunology,Transplant Rejection,Acute transplant rejection occurs weeks to months after the procedure. The cellular response in acute rejection is an example of which type of hypersensitivity?,Type 1,Type 2,Type 3,Type 4,Arthus reaction,D,
FA-Patho & Immuno-Tumor Suppressors-001,Pathology & Immunology,Tumor Suppressors & Oncogenes,The RB gene is a cell-checkpoint tumor suppressor. The normal RB protein prevents progression to the S-phase by blocking which transcription factor?,E2F,p53,beta-catenin,NF-kB,BRCA1,A,
FA-Patho & Immuno-Tumor Suppressors-002,Pathology & Immunology,Tumor Suppressors & Oncogenes,"A 4-year-old child is diagnosed with Retinoblastoma. Genetic analysis reveals an inherited autosomal dominant mutation in the RB gene on Chromosome 13. How does the normal, unmutated RB protein function to suppress tumor growth?",It inhibits the Wnt/B-catenin pathway,It codes for P16 to block the cell cycle,It prevents the E2F transcription factor from progressing the cell from G1 to S phase,It acts as a signal transducer in the RAS pathway,It suppresses the production of growth factor receptors like HER-2,C,
FA-Patho & Immuno-Tumor Suppressors-003,Pathology & Immunology,Tumor Suppressors & Oncogenes,"A 35-year-old female with a strong family history of cancer is diagnosed with breast cancer. Genetic testing reveals a germline mutation in the TP53 gene, confirming a diagnosis of Li-Fraumeni syndrome. In addition to breast cancer, patients with this SBLA syndrome are at high risk for which of the following malignancies?",Squamous cell carcinoma,Mantle cell lymphoma,Astrocytoma,Adrenal gland tumors,Retinoblastoma,D,
FA-Patho & Immuno-Tumor Suppressors-004,Pathology & Immunology,Tumor Suppressors & Oncogenes,A patient is diagnosed with Medullary Thyroid Cancer. Genetic analysis identifies a gain-of-function mutation in an oncogene that codes for a growth factor receptor. Which of the following oncogenes is most likely mutated in this patient?,HER-2,RET,KIT,L-MYC,BCR-ABL,B,
FA-Patho & Immuno-Vaccine Types-001,Pathology & Immunology,Vaccine Types,"A 28-year-old pregnant female is being evaluated for routine immunizations. According to the properties of different vaccine types, which of the following vaccines is absolutely contraindicated in her condition because it could potentially become virulent?",Classic Influenza vaccine,Intranasal Influenza vaccine,Hepatitis A vaccine,Rabies vaccine,Hepatitis B vaccine,B,
FA-Patho & Immuno-Vaccine Types-002,Pathology & Immunology,Vaccine Types,"A premature infant is scheduled to receive the Hepatitis B Virus (HBV) vaccine, which is a subunit vaccine. What is the correct protocol regarding the dosing of this vaccine for a premature infant?",Vaccination is delayed until chronological age matches a full-term infant,Dosage is significantly reduced based on the infant's weight,Dosage is calculated based strictly on the infant's height and weight percentiles,The infant is vaccinated based on chronological age; weight and height do not factor into dosage,Subunit vaccines are contraindicated in premature infants,D,
FA-Patho & Immuno-Vaccine Types-003,Pathology & Immunology,Vaccine Types,"A patient traveling to an endemic area receives a vaccine that strictly provides a humoral response. It does not provide a cellular response, requires booster shots, and is considered safer than live vaccines. Based on the RIP ACE mnemonic, which of the following is an example of this type of vaccine?",Yellow Fever,Rabies,Epidemic typhus,Diphtheria,Hepatitis B Virus (HBV),B,
FA-Patho & Immuno-Vaccine Types-004,Pathology & Immunology,Vaccine Types,Which of the following vaccines provides both a humoral and cellular response and is contraindicated in pregnant patients?,Rabies,Hepatitis B,Influenza (classic),Yellow Fever,Diphtheria toxoid,D,
