QuestionID,Chapter,Topic,Question,OptionA,OptionB,OptionC,OptionD,OptionE,CorrectAnswer,Explanation
IMM-Pulmo-ARDS-001,Pulmonology,Acute Respiratory Distress Syndrome,"A 40-year-old trauma patient develops severe respiratory distress 4 days after admission. A chest X-ray shows diffuse bilateral infiltrates. To meet the Berlin Definition of Acute Respiratory Distress Syndrome (ARDS), the patient's pulmonary edema must NOT be explained by which of the following?",Severe sepsis,Fat embolism syndrome,Aspiration pneumonitis,Fluid overload or congestive heart failure,Multiple bone fractures,D,
IMM-Pulmo-ARDS-002,Pulmonology,Acute Respiratory Distress Syndrome,"A 65-year-old male is admitted with ARDS. The physician reviews the patient's history to identify the inciting insult. Which of the following is considered the most common ""direct injury"" cause of ARDS, accounting for 40% of cases?",Near drowning,Aspiration of gastric contents,Lung contusion,Pneumonia,Inhalation injury,D,
IMM-Pulmo-ARDS-003,Pulmonology,Acute Respiratory Distress Syndrome,"A patient develops ARDS following a massive systemic inflammatory response. Which of the following is considered an ""indirect injury"" cause of ARDS?",Pneumonia,Aspiration,Inhalation injury,Lung contusion,Sepsis,E,
IMM-Pulmo-ARDS-004,Pulmonology,Acute Respiratory Distress Syndrome,"A patient in the ICU is mechanically ventilated for severe hypoxemia. The physician evaluates the patient for ARDS. An arterial blood gas shows a PaO2 of 105 mmHg while the patient is breathing 50% oxygen (FiO2 0.50). What is the calculated PaO2/FiO2 ratio, and what severity of ARDS does this represent according to the Berlin definition?",210 (Mild ARDS),210 (Moderate ARDS),105 (Severe ARDS),50 (Severe ARDS),500 (Not ARDS),B,
IMM-Pulmo-ARDS-005,Pulmonology,Acute Respiratory Distress Syndrome,"A patient with ARDS is placed on mechanical ventilation. To prevent volutrauma and protect the fragile lungs, the intensivist utilizes ""low-tidal volume"" mechanical ventilation. What is the specific target maintenance level for this tidal volume?",≤ 4 mL/kg,≤ 6 mL/kg,≤ 8 mL/kg,≤ 10 mL/kg,≤ 12 mL/kg,B,
IMM-Pulmo-ARDS-006,Pulmonology,Acute Respiratory Distress Syndrome,A patient with ARDS is undergoing conservative fluid management. The physician orders Brain Natriuretic Peptide (BNP) levels to guide diuresis. Above what specific BNP level should diuresis be considered to achieve a target urine output?,> 50 pg/mL,> 100 pg/mL,> 150 pg/mL,> 200 pg/mL,> 500 pg/mL,D,
IMM-Pulmo-ARDS-007,Pulmonology,Acute Respiratory Distress Syndrome,"A patient with severe ARDS is placed on 100% oxygen, but their hypoxemia shows no improvement. What is the key pathophysiologic event in ARDS that is responsible for this lack of response to high-concentration oxygen?",Massive intrapulmonary shunting,Increased dead space ventilation,Severe bronchospasm,Central respiratory depression,Hemoglobinopathy,A,
IMM-Pulmo-ARDS-008,Pulmonology,Acute Respiratory Distress Syndrome,"A severely hypoxemic ARDS patient has a PaO2/FiO2 ratio of 120. The critical care team decides to use a neuromuscular blocking agent (cisatracurium) to eliminate patient-ventilator dyssynchrony. According to guidelines, for how many hours should this paralysis be maintained to optimally decrease mortality?",12 hours,24 hours,48 hours,72 hours,96 hours,C,
IMM-Pulmo-ARDS-009,Pulmonology,Acute Respiratory Distress Syndrome,"An ARDS patient requires high levels of supplemental oxygen. However, prolonged exposure to high concentrations can be toxic to the lungs. According to ARDS management guidelines, the FiO2 should ideally be kept below what threshold once the patient is stabilized?",40% (0.40),50% (0.50),60% (0.60),70% (0.70),80% (0.80),C,
IMM-Pulmo-ARDS-010,Pulmonology,Acute Respiratory Distress Syndrome,"In the development of ARDS, an acute lung injury leads to the release of inflammatory mediators. This inflammatory cascade directly causes non-cardiogenic pulmonary edema by increasing which of the following?",Alveolar macrophage count,Pulmonary capillary permeability,Bronchial smooth muscle tone,Pulmonary artery pressure,Mucociliary escalator action,B,
IMM-Pulmo-ARDS-011,Pulmonology,Acute Respiratory Distress Syndrome,"The use of systemic steroids in ARDS remains controversial and highly dependent on timing. According to the data, initiating steroids within the first 72 hours decreases mortality. However, initiating steroids after a certain period actually increases mortality. What is this detrimental timeframe?",After 3 days,After 5 days,Between 7 and 13 days,≥ 14 days,After 21 days,D,
IMM-Pulmo-ARDS-012,Pulmonology,Acute Respiratory Distress Syndrome,"While managing an ARDS patient on a mechanical ventilator, the respiratory therapist continuously monitors airway pressures to prevent barotrauma. What is the maximum acceptable target for the plateau pressure (measured on the ventilator)?",≤ 15 cm of water,≤ 20 cm of water,≤ 30 cm of water,≤ 40 cm of water,≤ 50 cm of water,C,
IMM-Pulmo-Asthma-001,Pulmonology,Asthma,"A 18-year-old patient has symptoms of wheezing less than once a week for the past 3 months and less than 2 nocturnal symptoms per month. According to step-wise management for mild intermittent asthma, what is the treatment of choice?",Inhaled low-dose corticosteroids (ICS),Inhaled Short-Acting Beta Agonists (SABA),Leukotriene receptor antagonists (LTA),Long-acting beta agonist (LABA),Oral steroids,B,
IMM-Pulmo-Asthma-002,Pulmonology,Asthma,"A 22-year-old woman presents to the clinic with episodes of chest tightness, cough, and breathlessness. She notes that her symptoms and lung function are noticeably worse during a specific time of day. When are asthma symptoms classically most severe due to their ""diurnal pattern""?",Late afternoon,Early morning,Midday,Immediately after meals,Late evening,B,
IMM-Pulmo-Asthma-003,Pulmonology,Asthma,A 25-year-old man undergoes spirometry for suspected asthma. He is given an inhaled bronchodilator (albuterol) during the test. Which of the following changes in his FEV1 would fulfill the diagnostic criteria for a reversible airway obstruction?,Increase of ≥ 5% (and 50 ml),Increase of ≥ 10% (and 100 ml),Increase of ≥ 15% (and 200 ml),Increase of ≥ 20% (and 300 ml),Increase of ≥ 25% (and 400 ml),C,
IMM-Pulmo-Asthma-004,Pulmonology,Asthma,A 30-year-old male presents to the ER with a severe asthma attack. His oxygen saturation is 88%. Which of the following arterial blood gas findings would most strongly suggest impending respiratory failure and respiratory muscle fatigue?,Decreased PaCO2,Normal or increased PaCO2,PaO2 > 60 mmHg,Arterial pH > 7.45,Increased HCO3,B,
IMM-Pulmo-Asthma-005,Pulmonology,Asthma,"A 35-year-old male with a history of recurrent nasal polyps presents with acute wheezing and shortness of breath shortly after taking aspirin for a headache. What is the name of this specific ""Asthma Plus"" syndrome?",Atopy,Churg-Strauss Syndrome,Samter's syndrome,Allergic bronchopulmonary aspergillosis,Kartagener's syndrome,C,
IMM-Pulmo-Asthma-006,Pulmonology,Asthma,"A 40-year-old female in the ICU for a severe asthma exacerbation has a peak expiratory flow (PEF) of less than 30%. In addition to standard nebulizers and systemic steroids, which intravenous medication can provide additional bronchodilation in this specific scenario?",Intravenous Ipratropium,Intravenous Theophylline,Intravenous Magnesium,Intravenous Omalizumab,Intravenous Albuterol,C,
IMM-Pulmo-Asthma-007,Pulmonology,Asthma,"A patient is being treated for an acute asthma exacerbation. After 4 hours of treatment in the ER, the patient shows a poor response. Which of the following combinations of clinical findings indicates a poor response necessitating admission to the ICU?","PEF 40-69%, mild signs","PEF > 70%, SaO2 > 90%","PEF < 40%, PaO2 < 60, PaCO2 > 42, altered mental status","PEF > 80%, normal PaCO2","PEF 60-80%, PaO2 > 60",C,
IMM-Pulmo-Asthma-008,Pulmonology,Asthma,A patient with a history of intermittent cough undergoes a methacholine challenge test to differentiate between asthma and COPD. Which of the following findings would indicate a positive test for asthma?,Decreased FEV1 ≥ 10%,Increased FEV1 ≥ 15%,No decrease in FEV1,Decreased FEV1 ≥ 20%,Increased FVC ≥ 20%,D,
IMM-Pulmo-Asthma-009,Pulmonology,Asthma,A patient with a known history of asthma is found to have marked eosinophilia on a complete blood count and evidence of granulomatous vasculitis on a recent tissue biopsy. Which syndrome is characterized by this triad?,Churg-Strauss Syndrome,Samter's syndrome,Allergic bronchopulmonary aspergillosis,Goodpasture's syndrome,Atopy,A,
IMM-Pulmo-Asthma-010,Pulmonology,Asthma,A patient with severe asthma requiring continuous therapy has frequent hospitalizations and an FEV1 < 60%. The physician considers starting Omalizumab. What is the mechanism of action of this drug?,Short-acting inhaled beta-agonist,Leukotriene receptor antagonist,Long-acting anti-cholinergic,Monoclonal anti-IgE antibody,Mast cell stabilizer,D,
IMM-Pulmo-Asthma-011,Pulmonology,Asthma,"A physician is reviewing the medication list of an asthma patient. The patient is currently taking a Long-Acting Beta Agonist (LABA) as monotherapy, without an inhaled corticosteroid (ICS). This prescribing practice is associated with which of the following adverse outcomes?",Decreased mortality in blacks,Improved medication compliance,Increased risk of exacerbations and increased mortality,Decreased peak expiratory flow,Prevention of exercise-induced asthma,C,
IMM-Pulmo-Asthma-012,Pulmonology,Asthma,A silent chest in an acute asthma exacerbation is caused by which of the following?,Excessive mucus production,Tachypnea,No air movement,Pulsus paradoxicus,Respiratory alkalosis,C,
IMM-Pulmo-Asthma-013,Pulmonology,Asthma,"According to the severity of asthma exacerbations table, a patient exhibiting a heart rate > 120 and Pulsus paradoxicus > 25 falls into which severity category regarding breathlessness?",With walking,With talking,At rest,During exercise,While sleeping,C,
IMM-Pulmo-Asthma-014,Pulmonology,Asthma,"According to the stepwise management of asthma, what is the preferred choice for Step 2 Regular Preventive Therapy?",Inhaled low-dose corticosteroids,Leukotriene receptor antagonists,Mast cell stabilizers,Long-acting beta agonist,Oral theophylline,A,
IMM-Pulmo-Asthma-015,Pulmonology,Asthma,"Allergic bronchopulmonary aspergillosis consists of asthma, allergic reaction to Aspergillus, and which additional finding?",Granulomatous vasculitis,Nasal polyps,Pulmonary infiltrates,Eosinophilia,Atopic dermatitis,C,
IMM-Pulmo-Asthma-016,Pulmonology,Asthma,"An asthmatic patient in the emergency department is receiving maximal medical therapy. Arterial blood gas monitoring shows a PaO2 of 55 mmHg which is falling, a PaCO2 of 48 mmHg which is rising, and falling pH. The patient appears exhausted. What is the appropriate next step in management?",Administer oral steroids,Discharge home with close follow-up,Add oral leukotriene antagonists,Endotracheal Intubation,Switch to a different Short-Acting Beta Agonist,D,
IMM-Pulmo-Asthma-017,Pulmonology,Asthma,"Aspirin-sensitive Asthma (Samter's syndrome) is characterized by the combination of asthma, aspirin sensitivity, and which of the following?",Eosinophilia,Granulomatous vasculitis,Atopic dermatitis,Nasal polyps,Pulmonary infiltrates,D,
IMM-Pulmo-Asthma-018,Pulmonology,Asthma,"Asthma symptoms and lung function typically exhibit a ""diurnal pattern."" During which time of day are they characteristically worse?",Late afternoon,Early morning,Midday,Late evening,Post-prandial,B,
IMM-Pulmo-Asthma-019,Pulmonology,Asthma,"In the management of severe acute asthma with a PEF < 30%, which intravenous medication provides bronchodilation?",Ipratropium,Omalizumab,Magnesium,Albuterol,Beclomethasone,C,
IMM-Pulmo-Asthma-020,Pulmonology,Asthma,"Long-Acting Beta Agonists (LABA) monotherapy, without inhaled corticosteroids, is associated with which of the following risks?",Decreased mortality,Increased compliance,Increased risk of exacerbations,Decreased peak expiratory flow,Prevention of exercise-induced asthma,C,
IMM-Pulmo-Asthma-021,Pulmonology,Asthma,Omalizumab is a monoclonal anti-IgE antibody. It is indicated for severe asthma in patients with an FEV1 below what threshold?,80%,70%,60%,50%,40%,C,
IMM-Pulmo-Asthma-022,Pulmonology,Asthma,What is the classical triad of clinical features in asthma?,"Cough, fever, and chest pain","Wheezing, breathlessness, and cough","Tachypnea, tachycardia, and diaphoresis","Pulsus paradoxicus, cyanosis, and confusion","Nasal polyps, aspirin sensitivity, and wheezing",B,
IMM-Pulmo-Asthma-023,Pulmonology,Asthma,"What is the defined goal for daily symptoms to achieve ""complete control"" in asthma therapy?",No daily symptoms,≤ 1 time/week,≤ 2 times/week,≤ 3 times/week,≤ 4 times/week,C,
IMM-Pulmo-Asthma-024,Pulmonology,Asthma,What is the most common trigger for acute asthma exacerbations?,Pollen,Air pollution,Moulds,Viral infection,Emotional stress,D,
IMM-Pulmo-Asthma-025,Pulmonology,Asthma,What is the preferred treatment option for Step 5 Severe Asthma?,Maximum dose of ICS,Inhaled long-acting anti-cholinergics,Oral leukotriene antagonists,Oral Steroids,Oral theophylline,D,
IMM-Pulmo-Asthma-026,Pulmonology,Asthma,"When performing a Methacholine-Challenge Test, which finding differentiates COPD from asthma?",Positive test with decreased FEV1 ≥ 20%,Positive test with increased FEV1 ≥ 15%,Negative test with no decrease in FEV1,Negative test with increased FVC,Positive test with increased PEF,C,
IMM-Pulmo-Asthma-027,Pulmonology,Asthma,Which arterial blood gas (ABG) deterioration pattern is an indication for endotracheal intubation in an ICU setting?,PaO2 > 60 mmHg and rising,PaCO2 < 40 mmHg and falling,pH high and rising,PaCO2 > 45 mmHg and rising,PaO2 normal with high pH,D,
IMM-Pulmo-Asthma-028,Pulmonology,Asthma,Which of the following changes in Forced Expiratory Volume in 1 second (FEV1) after 6 minutes of exercise meets the diagnostic criteria for asthma?,Decrease of ≥ 5%,Decrease of ≥ 10%,Decrease of ≥ 15%,Increase of ≥ 15%,Increase of ≥ 20%,C,
IMM-Pulmo-Asthma-029,Pulmonology,Asthma,Which of the following is classified as a short-acting inhaled anti-cholinergic medication used for reliever therapy?,Albuterol,Terbutaline,Ipratropium,Salmeterol,Tiotropium,C,
IMM-Pulmo-Asthma-030,Pulmonology,Asthma,Which of the following is considered a life-threatening feature of an acute asthma exacerbation?,Peak expiratory flow (PEF) > 50% predicted,SaO2 > 95%,Tachycardia,Normal (increased) PaCO2,Loud end-expiratory wheeze,D,
IMM-Pulmo-Bronchiectasis-001,Pulmonology,Bronchiectasis,A 24-year-old male presents with chronic productive cough and infertility. Semen analysis shows normal sperm production but an absence of forward motility. Genetic testing reveals a condition characterized by absent or short dynein arms. What is the most likely underlying diagnosis?,Cystic fibrosis,Kartagener syndrome,Primary Ciliary Dyskinesia,Allergic bronchopulmonary aspergillosis,Alpha-1-antitrypsin deficiency,C,
IMM-Pulmo-Bronchiectasis-002,Pulmonology,Bronchiectasis,"A 30-year-old patient has a history of situs inversus, chronic sinusitis, and chronic cough with copious foul-smelling sputum. These clinical findings characterize which of the following syndromes?",Heerfordt Syndrome,Lofgren Syndrome,Kartagener Syndrome,Churg-Strauss syndrome,Samter's syndrome,C,
IMM-Pulmo-Bronchiectasis-003,Pulmonology,Bronchiectasis,A 45-year-old female with known rheumatoid arthritis develops a chronic cough producing copious foul-smelling sputum and occasional episodes of hemoptysis. What is the pathogenetic mechanism underlying her hemoptysis in the context of her likely pulmonary complication?,Pulmonary infarction,Rupture of blood vessels near bronchial wall surfaces,Granulomatous destruction of pulmonary capillaries,Necrotizing alveolar hemorrhage,Rupture of pulmonary blebs,B,
IMM-Pulmo-Bronchiectasis-004,Pulmonology,Bronchiectasis,A chest X-ray of a patient with chronic productive cough reveals cystic shadows and thickened bronchial walls. What is the classical descriptive term for this specific radiological finding?,Ground-glass appearance,Honeycomb lung,Tram-Tracking,Water bottle sign,Eggshell calcification,C,
IMM-Pulmo-Bronchiectasis-005,Pulmonology,Bronchiectasis,A patient suspected of having bronchiectasis is referred for imaging. What is the investigation of choice to confirm the diagnosis?,Chest X-ray,Helical CT scan,Pulmonary function tests,Bronchoscopy,Transbronchial lung biopsy,B,
IMM-Pulmo-Bronchiectasis-006,Pulmonology,Bronchiectasis,Which of the following chronic infections is cited as the most common cause of bronchiectasis worldwide?,Suppurative pneumonia,Allergic bronchopulmonary aspergillosis (ABPA),Pseudomonas aeruginosa infection,Tuberculosis,Staphylococcus aureus infection,D,
IMM-Pulmo-COPD-001,Pulmonology,COPD,"A 35-year-old non-smoker presents with progressive dyspnea. Pulmonary function tests show an obstructive pattern, and imaging reveals emphysematous changes most severe at the lung bases. This specific pattern is most strongly associated with which underlying condition?",Alpha-1-antitrypsin deficiency,Coal miner's pneumoconiosis,Chronic severe asthma,Cadmium exposure,Cannabis smoking,A,
IMM-Pulmo-COPD-002,Pulmonology,COPD,"A 55-year-old male smoker complains of a persistent, productive cough. To meet the clinical definition of chronic bronchitis, for how long must he have this persistent cough with sputum production?",At least 1 month in 1 year,At least 2 months in 1 year,At least 3 months in 2 consecutive years,At least 6 months in 1 year,At least 12 months in 3 consecutive years,C,
IMM-Pulmo-COPD-003,Pulmonology,COPD,"A 60-year-old patient with COPD presents with prominent breathlessness, use of accessory muscles, and tachypnea with prolonged expiration through pursed lips. His PaCO2 is normal and he is thin. According to classic clinical phenotyping for ""Pink Puffers"", what is the predominant underlying pathology?",Predominant bronchitis,Predominant emphysema,Predominant asthma,Secondary polycythemia,Right ventricular hypertrophy,B,
IMM-Pulmo-COPD-004,Pulmonology,COPD,"A 62-year-old man recently diagnosed with COPD asks what steps he can take to improve his long-term survival, rather than just relieving symptoms. Which intervention is identified as the most important to improve mortality?",Yearly influenza vaccine,5-yearly pneumococcal vaccine,Long-acting beta agonists,Smoking cessation,Short-acting anticholinergic agents,D,
IMM-Pulmo-COPD-005,Pulmonology,COPD,"A 65-year-old male with severe COPD is being evaluated for the addition of inhaled corticosteroids (ICS) to his regimen. According to guidelines, which of the following is a specific indication for prescribing ICS in this patient?",FEV1 < 60%,Daily use of a short-acting beta agonist,Severe disease with FEV1 < 50%,Presence of cor pulmonale,Recent initiation of long-term oxygen therapy,C,
IMM-Pulmo-COPD-006,Pulmonology,COPD,A 65-year-old man with a 40-pack-year smoking history is diagnosed with emphysema. Imaging shows destruction predominantly affecting the upper lobes of his lungs. Which type of emphysema is most common in this demographic and presentation?,Panacinar emphysema,Centriacinar emphysema,Paraseptal emphysema,Bullous emphysema,Interstitial emphysema,B,
IMM-Pulmo-COPD-007,Pulmonology,COPD,"A 68-year-old man with an acute exacerbation of COPD is failing standard medical therapy. His respiratory rate is 32 breaths per minute, and an arterial blood gas reveals a pH of 7.30 and a PaCO2 of 55 mmHg. He is alert and able to protect his airway. Which of the following is the most appropriate next step in management to reduce the need for intubation?",Administer daily azithromycin,Increase oxygen concentration to 50%,Initiate non-invasive ventilation (NIV),Perform endotracheal intubation immediately,Administer intravenous magnesium,C,
IMM-Pulmo-COPD-008,Pulmonology,COPD,"A 70-year-old female presents to the emergency department with increased dyspnea, tachypnea, and cyanosis. She is diagnosed with an acute exacerbation of COPD. When administering supplemental oxygen, which of the following is the appropriate target range for oxygen saturation (SaO2)?",88% - 92%,90% - 94%,92% - 96%,94% - 98%,98% - 100%,A,
IMM-Pulmo-COPD-009,Pulmonology,COPD,A 70-year-old patient with long-standing COPD undergoes a routine chest X-ray. Which of the following findings is classically expected on the radiograph?,Elevated hemidiaphragm,Decreased anteroposterior diameter,Enlarged globular heart,Flattened diaphragm,Reticulonodular opacities,D,
IMM-Pulmo-COPD-010,Pulmonology,COPD,A clinical trial is evaluating the long-term survival of patients diagnosed with chronic obstructive pulmonary disease. Which of the following factors is described as being directly related to the patient's prognosis and survival?,Patient age,Pack-years of smoking,Frequency of oral steroid use,Forced expiratory volume in 1 second (FEV1),Frequency of antibiotic use,D,
IMM-Pulmo-COPD-011,Pulmonology,COPD,"A patient is evaluated for chronic dyspnea. Pulmonary function testing demonstrates an obstructive pattern, but the methacholine challenge test is negative. The diffusion capacity of carbon monoxide (DLCO) is normal. Which diagnosis is most consistent with these findings?",Asthma,Emphysema,Chronic bronchitis,Restrictive lung disease,Interstitial fibrosis,C,
IMM-Pulmo-COPD-012,Pulmonology,COPD,"A patient with COPD continues to have frequent exacerbations and hospital admissions. The physician prescribes Tiotropium. What class of medication is this, which is noted to decrease exacerbations better than LABA as monotherapy?",Short-acting beta agonist (SABA),Long-acting beta agonist (LABA),Long-acting Anticholinergic (LAA),Inhaled low-dose corticosteroid (ICS),Leukotriene receptor antagonist (LTA),C,
IMM-Pulmo-COPD-013,Pulmonology,COPD,"A patient with severe COPD is being evaluated for Long-Term Oxygen Therapy (LTOT). According to management guidelines, which of the following is a direct indication for initiating this therapy?",PaO2 ≤ 65 mmHg,SaO2 ≤ 92%,PaCO2 > 45 mmHg,PaO2 ≤ 55 mmHg,PaO2 > 60 mmHg,D,
IMM-Pulmo-COPD-014,Pulmonology,COPD,Below what threshold of pack-years is it considered unusual for a patient to develop COPD?,5 pack years,10 pack years,15 pack years,20 pack years,25 pack years,B,
IMM-Pulmo-COPD-015,Pulmonology,COPD,"During the management of a severe COPD exacerbation, a patient is prescribed intravenous corticosteroids. What is the recommended dosing regimen for severe cases requiring IV methylprednisolone?",30 mg/day for 10 days,60 mg/day for 5 days,125 mg IV 6 hourly for 72 hours,250 mg IV 12 hourly for 48 hours,500 mg IV once daily for 3 days,C,
IMM-Pulmo-COPD-016,Pulmonology,COPD,"In the clinical distinction of COPD phenotypes, ""Blue Bloaters"" predominantly have which underlying pathology?",Emphysema,Bronchiectasis,Asthma,Bronchitis,Pulmonary Fibrosis,D,
IMM-Pulmo-COPD-017,Pulmonology,COPD,"Panacinar emphysema, which predominantly affects the lower lobes, is strongly associated with which of the following?",Heavy smoking,Coal worker's pneumoconiosis,Alpha-1-antitrypsin deficiency,Cadmium exposure,Cannabis smoking,C,
IMM-Pulmo-COPD-018,Pulmonology,COPD,"To provide maximum mortality benefit, Long-Term Oxygen Therapy (LTOT) in COPD should ideally be used for more than how many hours per day?",10 hours,12 hours,15 hours,20 hours,24 hours,D,
IMM-Pulmo-COPD-019,Pulmonology,COPD,What is the clinical time-frame required to diagnose persistent cough with sputum production as Chronic Bronchitis?,At least 2 months in 1 year,At least 3 months in 1 consecutive year,At least 3 months in 2 consecutive years,At least 6 months in 2 consecutive years,At least 6 months in 3 consecutive years,C,
IMM-Pulmo-COPD-020,Pulmonology,COPD,What is the expected finding on an electrocardiogram (ECG) in a patient with advanced COPD?,Left atrial hypertrophy,Right atrial and right ventricular hypertrophy,Left ventricular hypertrophy,Atrial fibrillation,First-degree heart block,B,
IMM-Pulmo-COPD-021,Pulmonology,COPD,Which combination of pulmonary function test results and diffusing capacity (DLCO) is characteristic of chronic bronchitis?,Obstructive pattern on PFTs + decreased DLCO,Obstructive pattern on PFTs + negative Methacholine test + normal DLCO,Obstructive pattern on PFTs + positive Methacholine test + normal DLCO,Restrictive pattern on PFTs + normal DLCO,Restrictive pattern on PFTs + decreased DLCO,B,
IMM-Pulmo-COPD-022,Pulmonology,COPD,"Which of the following antibiotics, when taken daily, has been shown to decrease exacerbations in COPD patients, although it is not yet routinely recommended?",Amoxicillin,Levofloxacin,Cefuroxime,Azithromycin,Cefixime,D,
IMM-Pulmo-COPD-023,Pulmonology,COPD,Which of the following interventions is noted as the most important for improving mortality in COPD patients?,Yearly influenza vaccine,Long-acting beta agonists (LABA),Smoking cessation,Short-acting anticholinergic agents,Inhaled corticosteroids,C,
IMM-Pulmo-COPD-024,Pulmonology,COPD,Which of the following is a classic finding on a chest X-ray in a patient with COPD?,Elevated diaphragm,Enlarged globular heart,Decreased anteroposterior diameter,Small tubular heart,Bilateral hilar lymphadenopathy,D,
IMM-Pulmo-COPD-025,Pulmonology,COPD,Which of the following is an expected physical sign in a patient with advanced COPD?,Increased diaphragmatic excursion,Decreased anteroposterior diameter of chest,Increased breath sounds,Hyperresonant percussion note,Decreased expiratory phase,D,
IMM-Pulmo-COPD-026,Pulmonology,COPD,"Which symptomatic treatment is noted to be better than ipratropium or LABA as monotherapy for decreasing exacerbations, hospital admissions, and respiratory failure in COPD?",Short acting beta agonists (SABA),Long-acting Anticholinergic (LAA) - Tiotropium,Inhaled low-dose corticosteroids,Oral theophylline,Leukotriene receptor antagonists,B,
IMM-Pulmo-COPD-027,Pulmonology,COPD,"Which type of emphysema is most common, typically affects the upper lobes, and is associated with chronic bronchitis in heavy smokers?",Panacinar Emphysema,Centriacinar Emphysema,Paraseptal Emphysema,Bullous Emphysema,Interstitial Emphysema,B,
IMM-Pulmo-CF -001,Pulmonology,Cystic Fibrosis,A 12-year-old boy with cystic fibrosis is admitted for recurrent pneumonia. Which of the following organisms is typically the initial cause of recurrent pneumonia in these patients before pseudomonas becomes the dominant pathogen?,Haemophilus influenzae,Streptococcus pneumoniae,Staphylococcus aureus,Klebsiella pneumoniae,Mycoplasma pneumoniae,C,
IMM-Pulmo-CF -002,Pulmonology,Cystic Fibrosis,A 28-year-old male with a history of cystic fibrosis and recurrent respiratory infections presents to a fertility clinic. He is diagnosed with infertility. What is the anatomical reason for infertility in men with this condition?,Testicular atrophy,Immotile cilia,Retrograde ejaculation,Absence of vas deferens,Pituitary dysfunction,D,
IMM-Pulmo-CF -003,Pulmonology,Cystic Fibrosis,A neonate is diagnosed with cystic fibrosis. The underlying genetic defect leads to a dysfunction of the cystic fibrosis transmembrane conductance regulator (CFTR). This dysfunction primarily affects the movement of which ion across epithelial cell membranes?,Potassium,Calcium,Sodium,Chloride,Magnesium,D,
IMM-Pulmo-CF -004,Pulmonology,Cystic Fibrosis,A patient is undergoing evaluation for suspected cystic fibrosis. A sweat test is ordered. Above what concentration threshold of sweat sodium and chloride is the test considered diagnostic?,40 mmol/L,50 mmol/L,60 mmol/L,70 mmol/L,80 mmol/L,C,
IMM-Pulmo-CF -005,Pulmonology,Cystic Fibrosis,Cystic fibrosis is the most common fatal genetic disease in Caucasians. It is caused by a mutation affecting a gene on the long arm of which chromosome?,Chromosome 5,Chromosome 7,Chromosome 9,Chromosome 11,Chromosome 13,B,
IMM-Pulmo-CF -006,Pulmonology,Cystic Fibrosis,"In the management of cystic fibrosis, which inhaled medication is specifically used to break down DNA in respiratory mucus that clogs the airways?",Albuterol,Ipratropium,Inhaled corticosteroids,Recombinant human deoxyribonuclease (rhDNase),Daily azithromycin,D,
IMM-Pulmo-Empyema-001,Pulmonology,Empyema,"A patient treated for pneumonia continues to have a high-grade remittent fever, rigors, and weight loss. An empyema is suspected. An ultrasound-guided wide-bore needle aspiration yields thick, turbid pus. Which specific fluid pH cut-off is characteristic of an empyema?",pH < 7.4,pH < 7.35,pH < 7.2,pH < 7.0,pH < 6.8,D,
IMM-Pulmo-Empyema-002,Pulmonology,Empyema,"A patient with a chronic, resistant non-tuberculous empyema fails to improve after 4 weeks of intercostal tube drainage and targeted intravenous antibiotics. What is the definitive surgical management indicated for this resistant case?",Balloon atrial septostomy,Surgical decortication,Segmental lung resection,Pleurodesis with tetracycline,Thoracoplasty,B,
IMM-Pulmo-Empyema-003,Pulmonology,Empyema,A pleural fluid aspiration is performed on a patient with a persisting pyrexia. The fluid is thick and turbid. The laboratory reports an LDH level of 1200 U/L and a glucose level of 45 mg/dL (2.5 mmol/L). What is the most likely diagnosis based on these specific fluid characteristics?,Uncomplicated para-pneumonic effusion,Malignant pleural effusion,Empyema,Transudative effusion secondary to CHF,Hemothorax,C,
IMM-Pulmo-FD-001,Pulmonology,Fungal Diseases,"A 28-year-old patient with a long history of asthma experiences worsening symptoms, including wheezing and coughing up distinct brown-flecked bronchial casts. Laboratory evaluation reveals marked eosinophilia and an elevated total serum IgE level (>1000 ng/mL). What is the most likely diagnosis?",Aspergilloma,Cystic Fibrosis,Kartagener Syndrome,Allergic Bronchopulmonary Aspergillosis (ABPA),Churg-Strauss Syndrome,D,
IMM-Pulmo-FD-002,Pulmonology,Fungal Diseases,"A 45-year-old patient with acute myeloid leukemia develops severe neutropenia following chemotherapy. He subsequently presents with fever, severe hemoptysis, and necrotizing pneumonia. Imaging and biopsy confirm Invasive Pulmonary Aspergillosis (IPA). What is the drug of choice for this condition?",Amphotericin B,Caspofungin,Voriconazole,Fluconazole,Ketoconazole,C,
IMM-Pulmo-FD-003,Pulmonology,Fungal Diseases,"A 55-year-old male with a history of successfully treated tuberculosis presents with massive hemoptysis. Imaging reveals an ""Aspergilloma"" (fungal ball). In which specific region of the lung is this fungal ball most commonly located, due to the typical location of tuberculous cavities?",Right middle lobe,Lingula,Lower lung bases,Costophrenic angles,Upper lobes,E,
IMM-Pulmo-FD-004,Pulmonology,Fungal Diseases,"A 55-year-old male with a history of treated pulmonary tuberculosis presents with recurrent mild hemoptysis. He is otherwise asymptomatic. A chest X-ray reveals a tumor-like opacity in the upper lobe with a distinct ""crescent sign"" of air between the mass and the upper wall of the cavity. What is the most appropriate management if this patient remains asymptomatic?",Surgical excision,Local instillation of Amphotericin B,Regular oral antifungal therapy,Systemic corticosteroids,No treatment,E,
IMM-Pulmo-FD-005,Pulmonology,Fungal Diseases,A patient is being evaluated for Allergic Bronchopulmonary Aspergillosis (ABPA). A sputum sample is sent for microscopic examination. What specific finding on this microscopic exam confirms the presence of the offending organism?,Gram-positive diplococci,Acid-fast bacilli,Fungal hyphae,Epithelioid cells,Charcot-Leyden crystals,C,
IMM-Pulmo-FD-006,Pulmonology,Fungal Diseases,"A patient with a known ""fungal ball"" (Aspergilloma) in a previous tuberculous cavity becomes highly symptomatic with severe, life-threatening hemoptysis. He is evaluated and deemed fit for surgery. Which of the following is the treatment of choice?",High-dose systemic corticosteroids,Surgical excision,Long-term oral Itraconazole,Bronchial artery embolization,Intravenous Voriconazole,B,
IMM-Pulmo-FD-007,Pulmonology,Fungal Diseases,"A patient with confirmed Allergic Bronchopulmonary Aspergillosis (ABPA) continues to have recurrent exacerbations despite maintenance therapy. Which specific anti-fungal agent, given as a 4-month trial, is recommended to assess its efficacy in reducing these recurrent episodes?",Fluconazole,Amphotericin B,Caspofungin,Itraconazole,Ketoconazole,D,
IMM-Pulmo-FD-008,Pulmonology,Fungal Diseases,An Aspergilloma represents the growth of Aspergillus fumigatus within previously damaged lung tissue. What is the most common pre-existing lung pathology that acts as a risk factor for the formation of this fungal ball?,Pulmonary infarcts,Bronchiectatic spaces,Abscess cavities,Tuberculous cavities,Emphysematous bullae,D,
IMM-Pulmo-FD-009,Pulmonology,Fungal Diseases,"In a patient suspected of having Allergic Bronchopulmonary Aspergillosis (ABPA), a CT scan of the chest is performed. What specific radiologic finding involving the inner 2/3rd of the chest field is classically associated with this condition?",Honeycomb lung,Proximal bronchiectasis,Egg-shell calcification,Bilateral cavitations,Millet-seed appearance,B,
IMM-Pulmo-Pneumonitis-001,Pulmonology,Hypersensitivity Pneumonitis,"A 45-year-old agricultural worker develops fever, cough, and dyspnea several hours after moving large quantities of mouldy hay. He is diagnosed with Farmer's Lung. What is the specific antigen or agent responsible for this occupational disorder?",Avian serum proteins,Cotton dust,Aspergillus clavatus,Thermophilic actinomycetes bacteria,Hemp dust,D,
IMM-Pulmo-Pneumonitis-002,Pulmonology,Hypersensitivity Pneumonitis,"A 45-year-old farmer presents with recurrent episodes of fever, malaise, headache, and cough after being exposed to a massive amount of moldy hay. A high-resolution CT (HRCT) of his chest is ordered to evaluate for acute hypersensitivity pneumonitis. Which of the following radiologic findings is characteristic of this acute form?",Architectural distortion and volume loss,Bilateral ground-glass appearance affecting upper and middle lobes,Egg-shell calcification of hilar lymph nodes,Discrete circumscribed areas of hyaline fibrosis,Linear opacities isolated to the lung bases,B,
IMM-Pulmo-Pneumonitis-003,Pulmonology,Hypersensitivity Pneumonitis,"A patient with an acute form of hypersensitivity pneumonitis is admitted with severe hypoxemia. Alongside high-concentration oxygen, what is the primary pharmacological treatment recommended for a duration of 3 to 4 weeks?",Daily azithromycin,Inhaled short-acting beta agonists,Prednisolone,Intravenous cyclophosphamide,Methotrexate,C,
IMM-Pulmo-Pneumonitis-004,Pulmonology,Hypersensitivity Pneumonitis,"A patient with chronic exposure to a low-antigen load develops progressive worsening dyspnea and respiratory failure. On physical examination, what specific auscultatory finding is widespread in this chronic form of hypersensitivity pneumonitis?",Early-inspiratory wheezes,Expiratory rhonchi,Wide-spread end-inspiratory crackles,Pleural friction rub,Absent breath sounds,C,
IMM-Pulmo-Pneumonitis-005,Pulmonology,Hypersensitivity Pneumonitis,A textile industry worker develops respiratory symptoms associated with exposure to cotton and hemp dust. What is the specific name of the hypersensitivity pneumonitis disorder associated with this source?,Byssinosis,Humidifier fever,Cheese worker's lung,Farmer's lung,Bird fancier's lung,A,
IMM-Pulmo-Pneumonitis-006,Pulmonology,Hypersensitivity Pneumonitis,Hypersensitivity pneumonitis is an immunologic response to an extrinsic antigen. Which two types of hypersensitivity reactions are classically involved in the pathogenesis of this condition?,Type-I and Type-II,Type-II and Type-III,Type-III and Type-IV,Type-I and Type-IV,Type-II and Type-IV,C,
IMM-Pulmo-LC-001,Pulmonology,Lung Cancer,"A 40-year-old female presents with chronic cough and occasional hemoptysis. Bronchoscopy reveals a central airway mass, which is biopsied and diagnosed as a bronchial carcinoid tumor. The patient also reports episodes of facial flushing and diarrhea. Unlike gastrointestinal carcinoid tumors, bronchial carcinoids can produce carcinoid syndrome without requiring metastasis to which specific organ?",Brain,Bone,Adrenal glands,Liver,Kidneys,D,
IMM-Pulmo-LC-002,Pulmonology,Lung Cancer,"A 55-year-old female with a known central lung mass presents with severe breathlessness. Physical examination reveals tracheal deviation towards the right side, a dull percussion note on the right, and markedly reduced breath sounds on the right. What is the most likely cause of these physical findings?",Malignant pleural effusion,Partial bronchial obstruction with pneumonia,Complete bronchial obstruction with lung collapse,Superior vena cava syndrome,Diaphragmatic paralysis,C,
IMM-Pulmo-LC-003,Pulmonology,Lung Cancer,"A 55-year-old patient is diagnosed with advanced stage Non-Small Cell Lung Cancer. Alongside standard chemotherapy, the oncologist suggests adding a monoclonal antibody that acts as an anti-vascular endothelial growth factor (VEGF). This agent can increase the median survival rate by 2 months. What is the name of this drug?",Omalizumab,Rituximab,Bevacizumab,Infliximab,Trastuzumab,C,
IMM-Pulmo-LC-004,Pulmonology,Lung Cancer,A 58-year-old male smoker is found to have hypercalcemia during routine blood work. Further investigation reveals an elevated PTH-related peptide and a central lung mass. Which histologic subtype of lung cancer is characteristically associated with this specific paraneoplastic syndrome?,Small cell cancer,Squamous cell carcinoma,Adenocarcinoma,Large cell carcinoma,Mesothelioma,B,
IMM-Pulmo-LC-005,Pulmonology,Lung Cancer,A 60-year-old male is diagnosed with Small Cell Lung Cancer (SCLC). Imaging shows the disease is already disseminated at presentation. What is the primary treatment modality for this specific histologic type of lung cancer?,Surgical resection,Chemotherapy,Radiotherapy alone,Laser ablation,Palliative care only,B,
IMM-Pulmo-LC-006,Pulmonology,Lung Cancer,"A 60-year-old man with a 40 pack-year smoking history develops a new, persistent cough. Over the next few weeks, he notices his voice has become progressively hoarse. This specific symptom (hoarseness) indicates mediastinal spread and invasion of which structure?",Phrenic nerve,Superior vena cava,Esophagus,Recurrent laryngeal nerve,Sympathetic chain,D,
IMM-Pulmo-LC-007,Pulmonology,Lung Cancer,"A 62-year-old male with a newly diagnosed lung mass presents with profound muscle weakness, hypertension, weight gain, and central obesity. Laboratory testing reveals elevated ectopic ACTH production. Which specific histologic type of lung cancer is overwhelmingly associated with this presentation of Cushing syndrome?",Squamous cell carcinoma,Adenocarcinoma,Large cell carcinoma,Small cell cancer,Bronchial carcinoid,D,
IMM-Pulmo-LC-008,Pulmonology,Lung Cancer,"A 65-year-old male heavy smoker undergoes biopsy for a central lung mass. Pathology confirms the most common type of non-small cell lung cancer, which typically arises in a central location. Which specific cell type does this describe?",Small cell lung cancer,Adenocarcinoma,Squamous cell carcinoma,Large cell carcinoma,Bronchoalveolar carcinoma,C,
IMM-Pulmo-LC-009,Pulmonology,Lung Cancer,"A 65-year-old patient has a confirmed lung mass on a CT scan. The multidisciplinary team needs to assess the mediastinum accurately for lymph node involvement and possible distant metastasis to determine staging. What is considered the ""investigation of choice"" for these specific assessments?",Fibreoptic Bronchoscopy,Percutaneous CT-guided Biopsy,Positron Emission Tomography (PET),Magnetic Resonance Imaging (MRI),Radionuclide Bone Scan,C,
IMM-Pulmo-LC-010,Pulmonology,Lung Cancer,"A 70-year-old male smoker presents with a right-sided apical lung tumor in the superior pulmonary sulcus. He complains of severe pain in his right shoulder radiating down the inner aspect of his arm, accompanied by wasting of his hand muscles. This specific presentation (Pancoast Syndrome) is due to tumor damage to which specific nerve roots?",C5 - C6 roots,C6 - C7 roots,C7 - C8 roots,C8 - T1 roots of the brachial plexus,T1 - T2 roots of the brachial plexus,D,
IMM-Pulmo-LC-011,Pulmonology,Lung Cancer,A patient is scheduled for a percutaneous aspiration and biopsy under CT guidance for a peripherally located lung cancer. The physician discusses procedural risks with the patient. What is the most common complication associated with this specific biopsy technique?,Massive hemoptysis,Pneumothorax,Infection/abscess formation,Air embolism,Tumor seeding along the needle tract,B,
IMM-Pulmo-LC-012,Pulmonology,Lung Cancer,"A patient with a central lung mass presents with lethargy, confusion, and severe hyponatremia. He is diagnosed with the Syndrome of Inappropriate ADH secretion (SIADH). This paraneoplastic syndrome is classically linked to which type of lung cancer?",Small cell cancer,Squamous cell carcinoma,Adenocarcinoma,Large cell carcinoma,Pulmonary hamartoma,A,
IMM-Pulmo-LC-013,Pulmonology,Lung Cancer,"A patient with a Pancoast tumor develops ipsilateral partial ptosis, enophthalmos, miosis, and anhidrosis. This combination of signs (Horner's syndrome) is caused by the tumor involving the sympathetic chain. At or above which specific anatomical structure must the involvement occur to produce this syndrome?",Celiac ganglion,Superior cervical ganglion,Stellate ganglion,Thoracic sympathetic trunk,Sphenopalatine ganglion,C,
IMM-Pulmo-LC-014,Pulmonology,Lung Cancer,A patient with a peripheral lung mass develops migratory thrombophlebitis (Trousseau's syndrome) and nonbacterial verrucous endocarditis. Which specific type of non-small cell lung cancer is most strongly associated with these particular vascular and cardiac paraneoplastic manifestations?,Squamous cell carcinoma,Adenocarcinoma,Large cell carcinoma,Small cell carcinoma,Bronchoalveolar carcinoma,B,
IMM-Pulmo-LC-015,Pulmonology,Lung Cancer,"A patient with a suspected right-sided lung tumor presents with facial swelling, conjunctival edema, headache, and visibly dilated veins on his upper chest wall. This classic presentation is known as Superior Vena Cava (SVC) syndrome. Compression of the SVC by the tumor directly leads to these findings. Which of the following physical signs is also commonly associated with lymphatic spread in lung cancer patients?",Pulsus paradoxicus,Palpable left supraclavicular node (Virchow's node),Erythema nodosum,Digital clubbing isolated to the toes,Splinter hemorrhages,B,
IMM-Pulmo-LC-016,Pulmonology,Lung Cancer,"A patient with an advanced apical lung tumor presents with a chronic cough. The physician notes that the cough lacks its normal explosive character, describing it as a ""bovine cough."" What underlying pathology directly causes this specific type of cough?",Complete bronchial obstruction,Recurrent laryngeal nerve palsy,Phrenic nerve invasion,Esophageal compression,Tracheal deviation,B,
IMM-Pulmo-LC-017,Pulmonology,Lung Cancer,"A patient with lung cancer presents with severe pain and tenderness in the wrists and ankles. X-rays reveal subperiosteal new bone formation of the distal radius and ulna, and clinical exam shows marked digital clubbing. What is the specific clinical term for this paraneoplastic skeletal manifestation?",Osteitis fibrosa cystica,Hypertrophic Pulmonary Osteoarthropathy,Rheumatoid arthritis,Osteoarthritis,Paget's disease of bone,B,
IMM-Pulmo-LC-018,Pulmonology,Lung Cancer,"A patient with Small Cell Lung Cancer (SCLC) responds well to initial chemotherapy. To further improve overall survival and specifically prevent a common site of metastasis, which adjunctive therapy is prophylactically recommended?",Prophylactic hepatic irradiation,Prophylactic cranial irradiation,Long-term maintenance oral chemotherapy,Surgical resection of the primary tumor bed,Bone marrow transplant,B,
IMM-Pulmo-LC-019,Pulmonology,Lung Cancer,"A public health study is evaluating the risk factors associated with lung carcinoma. While active smoking is responsible for at least 90% of cases, what specific percentage of lung cancers is attributed to passive smoking?",1%,5%,15%,25%,40%,B,
IMM-Pulmo-LC-020,Pulmonology,Lung Cancer,"A routine chest radiograph in an asymptomatic 50-year-old man reveals a peripheral, well-circumscribed ""coin lesion."" Biopsy identifies it as a pulmonary hamartoma. Which of the following best describes the typical clinical behavior and frequency of this specific tumor?","Rapid growth, most common benign tumor","Extremely slow growth, most common benign tumor","Rapid growth, rare benign tumor","Extremely slow growth, rare benign tumor","Moderate growth, invariably transforms to malignancy",B,
IMM-Pulmo-OLD-001,Pulmonology,Occupational Lung Diseases,A 50-year-old glass manufacturer with a 20-year history of continuous silica exposure undergoes a chest radiograph. The imaging reveals a rim of dystrophic calcification in the hilar nodes. What is the classical descriptive term for this radiologic appearance?,Tram-tracking calcification,Popcorn calcification,Egg-shell calcification,Millet-seed calcification,Ground-glass calcification,C,
IMM-Pulmo-OLD-002,Pulmonology,Occupational Lung Diseases,"A 55-year-old retired coal miner is completely asymptomatic, but a routine screening chest X-ray reveals small radiographic nodules. His lung function is perfectly normal. If this patient's exposure to coal dust has definitively ceased, what is the expected clinical progression of this specific condition?",It will rapidly progress to massive fibrosis,It will cause progressive right heart failure,It rarely progresses,It will invariably transform into lung cancer,It requires immediate treatment with systemic steroids,C,
IMM-Pulmo-OLD-003,Pulmonology,Occupational Lung Diseases,A 60-year-old stone cutter is diagnosed with silicosis. The inhalation of crystalline silica is responsible for his condition. Which specific crystalline form of silica is noted to be more fibrogenic and most heavily implicated in causing silicosis?,Amorphous silica,Chrysotile,Quartz,Crocidolite,Beryllium,C,
IMM-Pulmo-OLD-004,Pulmonology,Occupational Lung Diseases,"A 65-year-old retired shipyard worker undergoes a routine chest X-ray, which demonstrates discrete, circumscribed areas of hyaline fibrosis involving the parietal pleura of the diaphragm and chest wall. He is completely asymptomatic. What is the most likely diagnosis representing this most common manifestation of past asbestos exposure?",Diffuse Pleural Thickening,Asbestosis,Mesothelioma,Benign pleural plaques,Progressive massive fibrosis,D,
IMM-Pulmo-OLD-005,Pulmonology,Occupational Lung Diseases,A 70-year-old male with confirmed asbestosis (diffuse parenchymal lung disease) is examined in the clinic. Over which specific area of the lungs are the characteristic fine late-inspiratory crackles most prominently heard in this condition?,Apices of the upper lobes,Upper zones,Middle zones,Lower zones,Diffuse and equal in all zones,D,
IMM-Pulmo-OLD-006,Pulmonology,Occupational Lung Diseases,A former coal miner with a history of complicated coal-worker's pneumoconiosis (Progressive Massive Fibrosis) presents with a worsening productive cough and dyspnea. He reports coughing up distinctively black sputum. What is the clinical term used to describe this specific type of sputum?,Hemoptysis,Melanoptysis,Purulent sputum,Mucoid expectoration,Frothy pink sputum,B,
IMM-Pulmo-OLD-007,Pulmonology,Occupational Lung Diseases,"A patient is diagnosed with mesothelioma. The oncologist discusses the treatment plan, noting that the condition is invariably fatal. If radiotherapy is utilized in this patient's management, what is its primary intended clinical benefit?",To cure the primary tumor,To improve survival benefit by 3 months,To control pain and limit the risk of seeding at biopsy sites,To reverse the associated pleural effusion,To prevent the development of Cor Pulmonale,C,
IMM-Pulmo-OLD-008,Pulmonology,Occupational Lung Diseases,"A patient with a history of heavy asbestos exposure develops exertional dyspnea, chest pain, and restrictive lung disease. Imaging shows involvement of the ""visceral pleura"". Which specific asbestos-related disease does this presentation describe?",Benign pleural plaques,Diffuse Pleural Thickening,Asbestosis,Mesothelioma,Caplan's Syndrome,B,
IMM-Pulmo-OLD-009,Pulmonology,Occupational Lung Diseases,A patient with a history of severe asbestosis is a current heavy tobacco smoker. This concomitant smoking significantly increases his risk for which of the following specific asbestos-related complications?,Benign pleural plaques,Diffuse pleural thickening,Lung cancer,Mesothelioma,Tuberculosis,C,
IMM-Pulmo-OLD-010,Pulmonology,Occupational Lung Diseases,"A patient with a long history of coal mining develops Complicated Coal Workers' Pneumoconiosis (Progressive Massive Fibrosis). The disease continues to progress despite him leaving the mines. In extreme cases, this severe fibrotic lung disease leads to which of the following cardiovascular complications?",Left ventricular hypertrophy,Cor pulmonale,Aortic stenosis,Mitral valve prolapse,Constrictive pericarditis,B,
IMM-Pulmo-OLD-011,Pulmonology,Occupational Lung Diseases,A patient with advanced silicosis is counselled about the complications associated with his occupational lung disease. He is specifically warned about an increased susceptibility to a certain infection due to decreased cell-mediated immunity. Which of the following infections is he at an increased risk for?,Pneumocystis jirovecii pneumonia,Tuberculosis,Allergic bronchopulmonary aspergillosis,Recurrent viral influenza,Mycoplasma pneumonia,B,
IMM-Pulmo-OLD-012,Pulmonology,Occupational Lung Diseases,"A worker employed in roofing for decades has a documented history of significant asbestos exposure. He inhaled the ""white asbestos"" type. What is the name of this most common type of asbestos, which is notably NOT associated with the development of mesothelioma?",Crocidolite,Quartz,Chrysotile,Amorphous silica,Beryllium,C,
IMM-Pulmo-PF-001,Pulmonology,Pleural Effusion,A 40-year-old female presents with a right-sided pleural effusion and a palpable right adnexal mass. She is diagnosed with Meig's syndrome. What is the specific histological nature of the ovarian mass classically associated with this syndrome?,Mucinous cystadenoma,Endometrioma,Fibroma,Granulosa cell tumor,Dysgerminoma,C,
IMM-Pulmo-PF-002,Pulmonology,Pleural Effusion,A 55-year-old male with a history of cirrhosis presents with progressive dyspnea. Imaging reveals a bilateral and equal pleural effusion. The pleural fluid pH is 7.5. What is the most likely pathophysiological mechanism causing this specific type of transudative effusion?,Increased hydrostatic pressure,Decreased oncotic pressure,Altered pleural surface permeability,Lymphatic obstruction,Decreased capillary permeability,B,
IMM-Pulmo-PF-003,Pulmonology,Pleural Effusion,A patient has a suspected pleural effusion that is difficult to visualize completely on a standard PA chest X-ray. A lateral decubitus view is obtained. Thoracocentesis (fluid aspiration) is indicated if the effusion is greater than what specific thickness on this decubitus view?,0.5 cm,1 cm,2 cm,3 cm,5 cm,B,
IMM-Pulmo-PF-004,Pulmonology,Pleural Effusion,"A patient is diagnosed with a para-pneumonic effusion. Pleural fluid analysis reveals a positive Gram stain, a pH of 7.1, and a glucose level of 50 mg/dL. Based on these findings indicating a complicated effusion, what is the mandatory next step in management in addition to antibiotics?",Immediate surgical decortication,Pleurodesis with bleomycin,Tube thoracostomy,Therapeutic bronchoscopy,Continued observation,C,
IMM-Pulmo-PF-005,Pulmonology,Pleural Effusion,A patient presents with an exudative pleural effusion. Clinical chemistry of the pleural fluid reveals a markedly raised amylase level. Which of the following is the most likely underlying cause for this specific laboratory finding?,Rheumatoid arthritis,Esophageal rupture,Tuberculosis,Pulmonary infarction,Congestive heart failure,B,
IMM-Pulmo-PF-006,Pulmonology,Pleural Effusion,A patient presents with dyspnea. An erect PA chest X-ray is ordered to evaluate for a suspected pleural effusion. What is the minimum approximate volume of pleural fluid required to be reliably detectable as blunting of the costophrenic angle on this specific radiologic view?,50 ml,100 ml,200 ml,400 ml,500 ml,C,
IMM-Pulmo-PF-007,Pulmonology,Pleural Effusion,A patient with a history of systemic lupus erythematosus (SLE) develops a pleural effusion. Pleural fluid is sent for cytological analysis. Which specific cell type is expected to be predominantly elevated (++) in this patient's effusion?,Neutrophils,Mesothelial cells,Lymphocytes,Multi-nucleated giant cells,Eosinophils,C,
IMM-Pulmo-PF-008,Pulmonology,Pleural Effusion,"A patient with a massive, symptomatic pleural effusion requires therapeutic drainage. To prevent the complication of re-expansion pulmonary edema, what is the maximum volume of fluid that should be drained slowly per day?",0.5 L,1.0 L,1.5 L,2.0 L,3.0 L,D,
IMM-Pulmo-PF-009,Pulmonology,Pleural Effusion,A physician examines a patient with a suspected large pleural effusion. Which of the following combinations of physical signs is classically expected over the affected area of the chest?,Hyperresonant percussion and increased vocal fremitus,Stony dull percussion and decreased tactile vocal fremitus,Tympanitic percussion and absent breath sounds,Dull percussion and increased vocal resonance,Resonant percussion and vesicular breath sounds,B,
IMM-Pulmo-PF-010,Pulmonology,Pleural Effusion,"A pleural fluid analysis reveals a fluid-to-serum LDH ratio of 0.7 and a fluid-to-serum protein ratio of 0.4. According to Light's Criteria, how should this effusion be classified, and how many criteria must be met to define it as such?",Transudate (needs 1 criterion met),Transudate (needs all 3 criteria met),Exudate (needs all 3 criteria met),Exudate (needs only 1 criterion met),Empyema (needs 2 criteria met),D,
IMM-Pulmo-PF-011,Pulmonology,Pleural Effusion,"Which of the following underlying conditions is classically associated with a transudative pleural effusion, rather than an exudative one caused by altered pleural surface permeability?",Pancreatitis,Rheumatoid arthritis,Nephrotic syndrome,Esophageal rupture,Tuberculosis,C,
IMM-Pulmo-Pneumonia-001,Pulmonology,Pneumonia,A 14-year-old boy with cystic fibrosis is admitted to the ICU with severe pneumonia. He is expectorating characteristic green sputum. Which gram-negative rod is identified as the most common cause of death due to pneumonia in this patient population?,Hemophilus influenzae,Klebsiella pneumoniae,Legionella pneumophilia,Pseudomonas aeruginosa,Escherichia coli,D,
IMM-Pulmo-Pneumonia-002,Pulmonology,Pneumonia,A 20-year-old male presents with atypical pneumonia caused by Mycoplasma pneumoniae. He subsequently develops ascending muscle weakness and absent deep tendon reflexes. This organism is specifically associated with which of the following complications?,Meningitis,Brain abscess,Guillain-Barre syndrome,Constrictive pericarditis,Reactive arthritis,C,
IMM-Pulmo-Pneumonia-003,Pulmonology,Pneumonia,"A 20-year-old military recruit develops an atypical pneumonia. A week later, he presents with ascending muscle weakness and is diagnosed with Guillain-Barre syndrome. Which of the following features is characteristic of the organism causing his primary lung infection?",It has a thick mucoid capsule,It is a gram-positive lancet-shaped diplococcus,It produces distinct green sputum,It is associated with contaminated water coolers,It lacks a cell wall and is not visible on Gram stain,E,
IMM-Pulmo-Pneumonia-004,Pulmonology,Pneumonia,"A 22-year-old college student presents with a gradual onset of dry cough, headache, and myalgias. She later develops a targetoid skin rash identified as erythema multiforme. Sputum Gram stain reveals no visible organisms. What is the most likely pathogen?",Legionella pneumophilia,Staphylococcus aureus,Klebsiella pneumoniae,Streptococcus pneumoniae,Mycoplasma pneumoniae,E,
IMM-Pulmo-Pneumonia-005,Pulmonology,Pneumonia,A 25-year-old with a history of intravenous drug abuse presents with high fever and respiratory distress. A chest X-ray reveals bilateral cavitatory bronchopneumonia. Sputum culture isolates a methicillin-sensitive strain of the causative organism. What is the drug of choice?,Flucloxacillin,Vancomycin,Ceftriaxone,Amoxicillin,Levofloxacin,A,
IMM-Pulmo-Pneumonia-006,Pulmonology,Pneumonia,"A 28-year-old intravenous drug user presents with a high fever and dyspnea. A chest X-ray reveals bilateral cavitary bronchopneumonia. Sputum analysis shows gram-positive cocci in clusters. If this organism is methicillin-resistant (MRSA), what is the drug of choice?",Flucloxacillin,Amoxicillin,Vancomycin,Ceftriaxone,Levofloxacin,C,
IMM-Pulmo-Pneumonia-007,Pulmonology,Pneumonia,A 30-year-old recovering from an influenza infection develops a secondary bacterial pneumonia with yellow sputum. Gram stain shows gram-positive cocci in clusters. Which organism is the most likely cause?,Streptococcus pneumoniae,Staphylococcus aureus,Hemophilus influenzae,Klebsiella pneumoniae,Mycoplasma pneumoniae,B,
IMM-Pulmo-Pneumonia-008,Pulmonology,Pneumonia,"A 40-year-old patient is being treated for outpatient Community-Acquired Pneumonia (CAP). He asks how long he needs to continue his antibiotic therapy. According to standard duration guidelines, treatment should not be stopped until he shows clinical improvement AND has been afebrile for at least how many hours?",12 - 24 hours,24 - 48 hours,48 - 72 hours,72 - 96 hours,96 - 120 hours,C,
IMM-Pulmo-Pneumonia-009,Pulmonology,Pneumonia,"A 45-year-old man develops pneumonia characterized by significant extra-pulmonary symptoms, including abdominal pain, diarrhea, and confusion. Laboratory testing reveals marked hyponatremia. He recently stayed in a hotel with a large central air-conditioning system. What is the most likely causative organism?",Mycoplasma pneumoniae,Streptococcus pneumoniae,Legionella pneumophilia,Hemophilus influenzae,Pseudomonas aeruginosa,C,
IMM-Pulmo-Pneumonia-010,Pulmonology,Pneumonia,"A 45-year-old previously healthy male is diagnosed with community-acquired pneumonia. He has a CURB-65 score of 0 and has taken no antibiotics in the past 3 months. According to outpatient treatment guidelines, which of the following is the most appropriate empirical therapy?",Intravenous Ceftriaxone,Oral Amoxicillin-clavulanic acid,"Oral Macrolides (e.g., Azithromycin)","Oral Respiratory fluoroquinolone (e.g., Levofloxacin)",Intravenous Vancomycin,C,
IMM-Pulmo-Pneumonia-011,Pulmonology,Pneumonia,"A 50-year-old organ transplant patient presents with fever, dry cough, abdominal pain, and diarrhea. Laboratory work reveals hyponatremia and deranged liver function tests. He recently stayed in a hotel with a large central ventilation system. What is the most likely causative organism?",Mycoplasma pneumoniae,Klebsiella pneumoniae,Legionella pneumophilia,Streptococcus pneumoniae,Staphylococcus aureus,C,
IMM-Pulmo-Pneumonia-012,Pulmonology,Pneumonia,"A 55-year-old male with a history of severe alcoholism presents with a productive cough. He describes the sputum as thick, mucoid, and blood-tinged, resembling ""currant jelly."" Gram stain shows gram-negative rods with a mucoid capsule. What is the drug of choice for this organism?",Penicillin G,Azithromycin,Flucloxacillin,Ceftriaxone,Vancomycin,D,
IMM-Pulmo-Pneumonia-013,Pulmonology,Pneumonia,A 60-year-old heavy smoker with long-standing COPD develops an acute exacerbation of his respiratory symptoms. Sputum analysis reveals a gram-negative rod with a polysaccharide capsule. What is the most common bacterial cause of this presentation?,Hemophilus influenzae,Klebsiella pneumoniae,Pseudomonas aeruginosa,Legionella pneumophilia,Mycoplasma pneumoniae,A,
IMM-Pulmo-Pneumonia-014,Pulmonology,Pneumonia,"A 60-year-old man presents with sudden onset of fever, rigors, and a cough producing rust-colored sputum. Gram stain of the sputum reveals gram-positive lancet-shaped diplococci. What is the drug of choice for this most common cause of CAP?",Vancomycin,Penicillin G or amoxicillin,Ciprofloxacin,Azithromycin,Ceftriaxone,B,
IMM-Pulmo-Pneumonia-015,Pulmonology,Pneumonia,"A 60-year-old patient with severe CAP requires inpatient treatment on the medical ward. He has no risk factors for Pseudomonas. According to inpatient treatment guidelines, which of the following antibiotic regimens is appropriate?",Oral Azithromycin monotherapy,Intravenous Vancomycin,Ceftriaxone PLUS Azithromycin,Oral Amoxicillin-clavulanic acid,Intravenous Imipenem,C,
IMM-Pulmo-Pneumonia-016,Pulmonology,Pneumonia,"A 65-year-old female with diabetes mellitus and COPD is diagnosed with community-acquired pneumonia. She is stable enough for outpatient treatment. Based on her age and comorbidities, what is the recommended empirical oral antibiotic regimen?",Macrolide monotherapy,Respiratory fluoroquinolone monotherapy,Cephalosporin monotherapy,Penicillin monotherapy,Aminoglycoside monotherapy,B,
IMM-Pulmo-Pneumonia-017,Pulmonology,Pneumonia,"A 65-year-old male presents with sudden onset of fever, rigors, and a productive cough. He is diagnosed with the most common cause of community-acquired pneumonia. What specific finding on a sputum Gram stain is characteristic of this organism?",Gram-positive cocci in clusters,Gram-negative rods with a mucoid capsule,Gram-positive lancet-shaped diplococci,Bacteria with no cell wall,Gram-negative diplococci,C,
IMM-Pulmo-Pneumonia-018,Pulmonology,Pneumonia,A 65-year-old male with a long history of COPD presents with a severe acute exacerbation. Sputum culture isolates a gram-negative rod with a polysaccharide capsule. What is the most common bacterial cause of acute exacerbation of COPD?,Streptococcus pneumoniae,Klebsiella pneumoniae,Staphylococcus aureus,Hemophilus influenzae,Pseudomonas aeruginosa,D,
IMM-Pulmo-Pneumonia-019,Pulmonology,Pneumonia,"A 72-year-old patient with pneumonia is evaluated. According to the CURB-65 scoring system, a score of 2 specifically indicates the need for which level of clinical management?",Outpatient management with oral antibiotics,Inpatient management,Immediate ICU admission,Palliative care,Discharge with close follow-up in 48 hours,B,
IMM-Pulmo-Pneumonia-020,Pulmonology,Pneumonia,"A 75-year-old patient with CAP is evaluated using the CURB-65 criteria. He is confused, has a BUN of 35 mg/dL, a respiratory rate of 32/min, a blood pressure of 85/55 mmHg, and is over 65. His score is 5. According to this scoring system, a score of ≥ 3 specifically indicates the need for which of the following?",Outpatient management with oral macrolides,Inpatient management on a general medical floor,Assessment for ICU admission,Immediate endotracheal intubation,Discharge with hospice care,C,
IMM-Pulmo-Pneumonia-021,Pulmonology,Pneumonia,"A hospitalized patient develops nosocomial pneumonia 4 days after admission. Sputum cultures isolate Pseudomonas aeruginosa. Based on the textbook table, what is the Gram stain morphology of this specific pathogen?",Gram-negative rod,Gram-positive cocci in clusters,Gram-positive lancet-shaped diplococcus,Gram-negative diplococcus,Organism lacking a cell wall,A,
IMM-Pulmo-Pneumonia-022,Pulmonology,Pneumonia,"A patient develops Hospital-Acquired Pneumonia (HAP) 5 days into their stay. The physician plans a standard antibiotic course. Unless the infection is proven to be caused by Pseudomonas or other non-fermenting gram-negative rods, what is the standard recommended duration of treatment for HAP?",5 days,8 days,10 days,14 days,15 days,B,
IMM-Pulmo-Pneumonia-023,Pulmonology,Pneumonia,"A patient develops nosocomial pneumonia 5 days after admission. Compared to community-acquired pneumonia, empirical therapy for this patient must effectively cover which specific group of high-risk organisms?",Gram-positive diplococci,Atypical cell-wall deficient bacteria,"Gram-negative bacilli (e.g., Pseudomonas)",Anaerobic spore-forming bacilli,Dimorphic fungi,C,
IMM-Pulmo-Pneumonia-024,Pulmonology,Pneumonia,"A patient in the ICU is diagnosed with Ventilator-Associated Pneumonia (VAP). The physician is writing orders for empiric therapy based on the standard formula. The regimen must include an anti-pseudomonal agent, an agent covering MRSA, and a third agent from which of the following classes?",Macrolide or Tetracycline,Respiratory fluoroquinolone or Aminoglycoside,First-generation cephalosporin or Penicillin,Echinocandin or Azole antifungal,Lincosamide or Sulfonamide,B,
IMM-Pulmo-Pneumonia-025,Pulmonology,Pneumonia,A patient in the ICU on mechanical ventilation develops a fever and a rising white cell count. A new infiltrate is seen on the portable chest X-ray. Which specific clinical finding from the endotracheal tube is highly supportive of the diagnosis of VAP?,"Clear, watery secretions",Blood-tinged frothy sputum,Purulent secretions,Absence of any secretions,Thick black sputum,C,
IMM-Pulmo-Pneumonia-026,Pulmonology,Pneumonia,"A patient is diagnosed with an atypical community-acquired pneumonia. A chest X-ray is ordered. Unlike typical CAP which shows lobar consolidation, what is the classic radiographic finding for atypical pneumonia?",Unilateral pleural effusion,Bilateral interstitial infiltrates,Apical cavitations,Egg-shell calcifications,Diffuse ground-glass opacities,B,
IMM-Pulmo-Pneumonia-027,Pulmonology,Pneumonia,"A patient is diagnosed with community-acquired pneumonia and is coughing up characteristic rust-colored sputum. Assuming no antibiotic resistance, what is the drug of choice for this infection?",Vancomycin,Flucloxacillin,Ceftriaxone,Penicillin G,Azithromycin,D,
IMM-Pulmo-Pneumonia-028,Pulmonology,Pneumonia,"A patient on a mechanical ventilator develops fever and purulent endotracheal secretions. To confirm Ventilator-Associated Pneumonia (VAP) and guide targeted therapy, several investigations can be performed. Which of the following is considered the most accurate diagnostic investigation, though it is rarely done?",Tracheal aspirate culture,Bronchoalveolar lavage (BAL),Video-assisted thoracoscopy,Open lung biopsy,Blood cultures,C,
IMM-Pulmo-Pneumonia-029,Pulmonology,Pneumonia,"A physician uses the CURB-65 scoring system to assess the severity of a patient's pneumonia. Which of the following parameters specifically represents the ""U"" in this clinical tool?",Urine output < 30 mL/hr,Uric acid > 7 mg/dL,Blood urea nitrogen (BUN) > 30 mg/dL,Uncontrolled diabetes,Upper lobe consolidation,C,
IMM-Pulmo-Pneumonia-030,Pulmonology,Pneumonia,A teenager with a dry cough and low-grade fever is diagnosed with atypical pneumonia caused by Mycoplasma pneumoniae. Examination reveals a targetoid skin rash consisting of distinct rings. What is the medical term for this associated complication?,Erythema marginatum,Erythema multiform,Erythema nodosum,Lupus pernio,Pyoderma gangrenosum,B,
IMM-Pulmo-Pneumonia-031,Pulmonology,Pneumonia,"An elderly patient from a nursing home with poorly controlled diabetes presents with severe pneumonia. He is coughing up thick, blood-tinged, mucoid sputum resembling ""currant jelly."" What is the drug of choice for this infection caused by ""Friedlander's bacillus""?",Penicillin G,Flucloxacillin,Vancomycin,Ceftriaxone,Azithromycin,D,
IMM-Pulmo-Pneumonia-032,Pulmonology,Pneumonia,Community-acquired pneumonia (CAP) is defined as an infection of the lung parenchyma occurring in the community or within what specific time frame after hospital admission?,First 12 hours,First 24 hours,First 48 hours,First 72 hours,First 96 hours,D,
IMM-Pulmo-Pneumonia-033,Pulmonology,Pneumonia,Hospital-Acquired Pneumonia (HAP) is defined as pneumonia occurring more than how many hours after hospital admission?,24 hours,48 hours,72 hours,96 hours,120 hours,C,
IMM-Pulmo-Pneumonia-034,Pulmonology,Pneumonia,Patients on continuous mechanical ventilation are at significant risk for developing Ventilator-Associated Pneumonia (VAP). What is the primary mechanical reason underlying this increased susceptibility?,The positive pressure enhances systemic bacterial dissemination,The endotracheal tube impairs mucociliary clearance and the ability to cough,The oxygen concentration directly suppresses alveolar macrophages,The ventilator tubing acts as a reservoir for Streptococcus pneumoniae,The patient is invariably placed in a prone position,B,
IMM-Pulmo-Pneumonia-035,Pulmonology,Pneumonia,Which of the following is considered a recognized complication of pneumonia resulting from bacteremic dissemination?,Para-pneumonic effusion,Abscess formation,Empyema,Deep venous thrombosis,Sepsis,E,
IMM-Pulmo-Pneumothorax-001,Pulmonology,Pneumothorax,"A patient on positive pressure mechanical ventilation suddenly develops severe hypoxia and hypotension. Examination reveals a rapidly expanding, hyperresonant chest. What specific pathological mechanism is causing this life-threatening ""tension"" presentation?",Complete occlusion of the mainstem bronchus,A flap-like pleural tear allowing air in but preventing its exit,Spontaneous resolution of a simple pneumothorax,Accumulation of massive hemorrhagic fluid,Loss of negative intra-thoracic pressure without a continuous air leak,B,
IMM-Pulmo-Pneumothorax-002,Pulmonology,Pneumothorax,"A tall, thin 20-year-old male presents with sudden onset of unilateral pleuritic chest pain and dyspnea. Examination reveals a tympanitic percussion note and absent breath sounds on the right side. Which underlying pathology is the most common cause of this spontaneous event?",Rupture of a subpleural bleb,Penetrating chest wall injury,Iatrogenic injury from central line placement,Positive pressure ventilation,Bronchopleural fistula,A,
IMM-Pulmo-Pneumothorax-003,Pulmonology,Pneumothorax,"A trauma patient presents with a penetrating chest wound. He is in severe respiratory distress. The physician notes that his trachea is deviated to the left, away from the hyperresonant right side of his chest. What does this contralateral tracheal deviation specifically indicate?",Simple spontaneous pneumothorax,Tension pneumothorax,Massive hemothorax,Pulmonary contusion,Cardiac tamponade,B,
IMM-Pulmo-Pneumothorax-004,Pulmonology,Pneumothorax,"In differentiating between a simple spontaneous pneumothorax and a tension pneumothorax, the position of the trachea is a critical clinical sign. Toward which side does the trachea deviate in a simple spontaneous pneumothorax due to the loss of negative intra-thoracic pressure and lung collapse?",It remains perfectly midline,It deviates to the contralateral side,It deviates to the side of the lung collapse,It moves anteriorly,It moves posteriorly,C,
IMM-Pulmo-PE-001,Pulmonology,Pulmonary Embolism,"A 30-year-old female develops her first Deep Vein Thrombosis (DVT) and secondary Pulmonary Embolism (PE) after a 14-hour long-haul flight. The risk factor is considered reversible and time-limited. According to standard guidelines, what is the recommended duration of anticoagulation therapy for this patient?",1 month,3 months,6 months,12 months,Indefinite (For Life),B,
IMM-Pulmo-PE-002,Pulmonology,Pulmonary Embolism,A 45-year-old male develops a massive pulmonary embolism following a femur fracture. The sudden obstruction of blood flow in the pulmonary artery leads to increased pulmonary vascular resistance. Which direct consequence of this obstruction causes acute cor pulmonale?,Creation of dead space,Hypoxemia and hypercarbia,Increased Right Ventricular (RV) pressure,Decreased Left Ventricular (LV) output,Systemic hypotension,C,
IMM-Pulmo-PE-003,Pulmonology,Pulmonary Embolism,"A 45-year-old male presents with his first unprovoked Venous Thromboembolism (proximal DVT). He has no identifiable reversible risk factors. According to the duration guidelines, how long should he receive anticoagulation therapy?",Exactly 3 months,1 to 2 months,≥ 3 Months,Indefinite (For Life),6 weeks,C,
IMM-Pulmo-PE-004,Pulmonology,Pulmonary Embolism,"A 50-year-old female presents to the emergency department complaining of sudden onset shortness of breath and pleuritic chest pain. On physical examination, her lungs are completely clear to auscultation. Her heart rate is 110 bpm and respiratory rate is 24/min. Based on these classic clinical findings, what is the most likely diagnosis?",Acute asthma exacerbation,Community-acquired pneumonia,Pulmonary Embolism (PE),Myocardial infarction,Spontaneous pneumothorax,C,
IMM-Pulmo-PE-005,Pulmonology,Pulmonary Embolism,"A 55-year-old patient presents to the ER with sudden severe dyspnea, pleuritic chest pain, and tachycardia. Clinical suspicion for a pulmonary embolism is extremely high. While waiting for a CT-Angiogram to be scheduled, what is the most appropriate immediate pharmacological management?",Wait for the CT results before giving medication,Commence Low-Molecular Weight Heparin (LMWH) immediately,Administer intravenous thrombolytics (tPA),Start oral Warfarin monotherapy,Administer prophylactic aspirin,B,
IMM-Pulmo-PE-006,Pulmonology,Pulmonary Embolism,"A 60-year-old man with suspected pulmonary embolism undergoes a chest X-ray. While the CXR is most commonly normal, it may occasionally show a wedge-shaped, pleural-based consolidation associated with pulmonary infarction. What is the specific clinical eponym for this radiographic finding?",Westermark Sign,Hampton's Hump,Ghon Complex,Water bottle sign,Tram-tracking sign,B,
IMM-Pulmo-PE-007,Pulmonology,Pulmonary Embolism,A 60-year-old patient with active colon cancer develops a pulmonary embolism. Standard guidelines for cancer-associated VTE dictate a specific two-phase long-term management strategy. What is this strategy?,"Warfarin for 3 months, then LMWH indefinitely","LMWH for 6 months, then switch to Warfarin indefinitely","Rivaroxaban for 3 weeks, then Warfarin for 6 months","Thrombolytics initially, then LMWH for 3 months",Aspirin indefinitely,B,
IMM-Pulmo-PE-008,Pulmonology,Pulmonary Embolism,"A 65-year-old male presents with an acute, massive pulmonary embolism. He is hemodynamically unstable with severe hypotension. The critical care team decides to use thrombolytics (e.g., tPA) to speed up the lysis of the clot. The team must weigh this decision against the major risk of intracerebral hemorrhage. What specific mortality benefit do thrombolytics provide in this setting according to the text?",Decreases mortality by 50%,Decreases mortality by 25%,They carry no mortality benefit,Increases overall survival by 1 year,Complete prevention of right heart failure,C,
IMM-Pulmo-PE-009,Pulmonology,Pulmonary Embolism,A 75-year-old patient with severe chronic kidney disease and a low clinical probability of pulmonary embolism is evaluated. The physician orders a D-dimer test. The result is < 500 ng/mL. How should this specific result be clinically interpreted?,It confirms the presence of a pulmonary embolism,It indicates a high likelihood of myocardial infarction,It helps rule out the disease due to high negative predictive value,It is of little clinical significance and requires CTA,It mandates immediate administration of thrombolytics,C,
IMM-Pulmo-PE-010,Pulmonology,Pulmonary Embolism,A patient being treated for a pulmonary embolism develops Heparin-Induced Thrombocytopenia (HIT). The physician must immediately discontinue the heparin. Which alternative subcutaneous anticoagulant agent is indicated for use in this specific scenario?,Warfarin,Rivaroxaban,Fondaparinux,Streptokinase,Aspirin,C,
IMM-Pulmo-PE-011,Pulmonology,Pulmonary Embolism,A patient is diagnosed with an acute pulmonary embolism and the physician decides to use Rivaroxaban instead of the traditional Heparin/Warfarin bridge. What is the major clinical advantage of using Rivaroxaban?,It is administered intravenously for faster onset,It has a lower risk of intracerebral hemorrhage than tPA,It requires daily subcutaneous injections rather than twice daily,It is an oral agent that does not require regular INR monitoring,It actively dissolves existing blood clots,D,
IMM-Pulmo-PE-012,Pulmonology,Pulmonary Embolism,"A patient presents with unilateral leg swelling and sudden dyspnea. A lower extremity Doppler ultrasound is positive for a deep vein thrombosis (DVT) in the ilio-femoral vein. According to diagnostic guidelines for suspected PE, what is the next appropriate step?",Proceed immediately to CT-Angiography to confirm PE,Order a D-dimer test,Perform pulmonary angiography,"No further testing for PE is needed, initiate treatment",Order a Ventilation/Perfusion (V/Q) scan,D,
IMM-Pulmo-PE-013,Pulmonology,Pulmonary Embolism,"A patient with a confirmed pulmonary embolism is started on a Low-Molecular Weight Heparin (LMWH) like Enoxaparin. Oral warfarin is also initiated on day 1. According to the overlapping treatment protocol, LMWH should not be discontinued until the patient's INR reaches a specific target for at least 24 hours. What is this target INR?",≥ 1.5,≥ 2.0,≥ 3.0,≥ 3.5,≥ 4.0,B,
IMM-Pulmo-PE-014,Pulmonology,Pulmonary Embolism,"A patient with a documented deep vein thrombosis and a massive pulmonary embolism is started on anticoagulation therapy. Two days later, he suffers a massive gastrointestinal hemorrhage, and anticoagulation is deemed strictly contraindicated. What is the most appropriate next step in the management to prevent further pulmonary emboli?",Start oral rivaroxaban,Administer intravenous thrombolytics,Insert an Inferior Vena Cava (IVC) filter,Perform a balloon atrial septostomy,Administer prophylactic aspirin,C,
IMM-Pulmo-PE-015,Pulmonology,Pulmonary Embolism,A patient with acute dyspnea is suspected of having a pulmonary embolism. An arterial blood gas (ABG) is drawn. Which of the following combinations of ABG findings is classically expected in a patient with an acute PE?,"Low PaO2, high PaCO2, low pH","Low PaO2, normal PaCO2, normal pH","Low PaO2, low PaCO2, high pH","Normal PaO2, high PaCO2, low pH","High PaO2, low PaCO2, high pH",C,
IMM-Pulmo-PE-016,Pulmonology,Pulmonary Embolism,"A patient with high clinical suspicion for a pulmonary embolism requires definitive diagnostic imaging. What is the most commonly sought ""first-line"" diagnostic test (test of choice) in most medical centers, capable of visualizing clots as small as 2 mm?",Doppler Ultrasound,D-dimer Level,CT - Angiography (CTA),Pulmonary angiography,Echocardiography,C,
IMM-Pulmo-PE-017,Pulmonology,Pulmonary Embolism,"According to Virchow's Triad, hypercoagulability is a major risk factor for venous thromboembolism. Which of the following is specifically classified as a medication-induced cause of hypercoagulability leading to DVT/PE?",Aspirin therapy,Selective estrogen receptor modulators (SERMs),ACE inhibitors,Statin therapy,Proton pump inhibitors,B,
IMM-Pulmo-PE-018,Pulmonology,Pulmonary Embolism,"An ECG is performed on a patient with a suspected acute massive pulmonary embolism. The physician notes evidence of right ventricular strain. Which specific ECG pattern, comprising an S-wave in Lead I, a Q-wave in Lead III, and an inverted T-wave in Lead III, represents this finding?",S1Q3T3 pattern,RSR' pattern in V1,Delta wave pattern,U wave pattern,Osborn wave pattern,A,
IMM-Pulmo-PFTs-001,Pulmonology,Pulmonary Function Tests,"A 45-year-old male undergoes pulmonary function testing. The results show his forced expiratory volume in 1 second (FEV1) and forced vital capacity (FVC). According to standard definitions, what is the normal expected percentage for the FEV1 to FVC ratio?",60%,70%,80%,90%,100%,C,
IMM-Pulmo-PFTs-002,Pulmonology,Pulmonary Function Tests,A patient with chronic shortness of breath is evaluated. PFTs show an obstructive pattern. Diffusion capacity of carbon monoxide (DLCO) is significantly decreased. Which of the following is the most likely underlying condition based on these findings?,Asthma,Chronic bronchitis,Emphysema,Interstitial lung disease,Restrictive lung disease,C,
IMM-Pulmo-PFTs-003,Pulmonology,Pulmonary Function Tests,"A patient's pulmonary function test demonstrates decreased Total Lung Capacity (TLC), decreased Residual Volume (RV), and an increased FEV1/FVC ratio. Which of the following disease categories does this pattern represent?",Mild persistent asthma,Obstructive lung disease,Emphysema,Restrictive lung disease,Chronic bronchitis,D,
IMM-Pulmo-PFTs-004,Pulmonology,Pulmonary Function Tests,"According to standard pulmonary function definitions, which equation correctly represents Vital Capacity (VC)?",VC = TLC + RV,VC = TLC - RV,VC = FEV1 / FVC,VC = RV - TLC,VC = FEV1 + RV,B,
IMM-Pulmo-PFTs-005,Pulmonology,Pulmonary Function Tests,"In restrictive lung diseases, what is the expected change in the FEV1/FVC ratio?",Decreased,Normal,Increased,Variable,Undetectable,C,
IMM-Pulmo-PFTs-006,Pulmonology,Pulmonary Function Tests,What is the normal predicted value range for Total Lung Capacity (TLC)?,60 - 80%,80 - 100%,80 - 120%,100 - 140%,120 - 150%,C,
IMM-Pulmo-PFTs-007,Pulmonology,Pulmonary Function Tests,Which of the following conditions is characterized by a decreased Diffusion Capacity of Carbon Monoxide (DLCO) in the context of an obstructive lung disease?,Chronic bronchitis,Asthma,Emphysema,Interstitial lung disease,Pulmonary fibrosis,C,
IMM-Pulmo-PFTs-008,Pulmonology,Pulmonary Function Tests,Which of the following definitions best describes the Residual Volume (RV) measured during a pulmonary function test?,The volume of gas in the lungs after maximal inspiration,The volume of gas remaining in lungs after forced maximal expiration,The volume of gas exhaled with maximal forced expiration,The forced expiratory volume at 1 second,The measurement of air movement in and out of lungs,B,
IMM-Pulmo-PFTs-009,Pulmonology,Pulmonary Function Tests,Which of the following describes the volume of gas exhaled with maximal forced expiration?,Total Lung Capacity (TLC),Residual Volume (RV),Vital Capacity (VC),Forced Expiratory Volume (FEV1),Peak Expiratory Flow (PEF),C,
IMM-Pulmo-PHTN-001,Pulmonology,Pulmonary Hypertension,A 30-year-old female is diagnosed with Familial Pulmonary Arterial Hypertension (FPAH). Genetic testing reveals a mutation in the morphogenetic protein receptor-2 (BMPR2). This specific genetic defect leads to the pathophysiology of the disease by causing which of the following?,Severe alveolar hypoventilation,Recurrent micro-thromboembolism,Smooth muscle and endothelial cell proliferation,Destruction of the pulmonary capillary bed,Impaired mucociliary clearance,C,
IMM-Pulmo-PHTN-002,Pulmonology,Pulmonary Hypertension,"A 35-year-old female with Systemic Lupus Erythematosus (SLE) develops pulmonary arterial hypertension. According to the Revised WHO Classification, her Associated Condition (APAH) places her in which specific etiologic group?",Group 1,Group 2,Group 3,Group 4,Group 5,A,
IMM-Pulmo-PHTN-003,Pulmonology,Pulmonary Hypertension,"A 45-year-old female presents with progressive exertional dyspnea. Right heart catheterization is performed to evaluate for pulmonary hypertension. According to standard definitions, what resting mean pulmonary artery pressure is required to diagnose this condition?",> 15 mmHg,> 20 mmHg,> 25 mmHg,> 30 mmHg,> 35 mmHg,C,
IMM-Pulmo-PHTN-004,Pulmonology,Pulmonary Hypertension,"A 50-year-old female with known pulmonary hypertension complains of new-onset exertional chest pain. Coronary angiography shows completely normal, patent coronary arteries. What is the most likely cause of her chest pain in the context of her disease?",Pleuritis,Costochondritis,Right ventricular ischemia,Esophageal spasm,Pulmonary infarction,C,
IMM-Pulmo-PHTN-005,Pulmonology,Pulmonary Hypertension,"A 65-year-old male with severe, long-standing COPD develops cor pulmonale. His pulmonary hypertension is driven by chronic hypoxemia and lung tissue destruction. According to the Revised WHO Classification, this patient falls into which group?",Group 1,Group 2,Group 3,Group 4,Group 5,C,
IMM-Pulmo-PHTN-006,Pulmonology,Pulmonary Hypertension,"A patient is undergoing right heart catheterization. The physician is attempting to distinguish between cardiogenic pulmonary edema and primary pulmonary hypertension. In pulmonary hypertension (unrelated to left heart failure), the pulmonary capillary wedge pressure (PCWP) must be at or below what level?",10 mmHg,12 mmHg,15 mmHg,18 mmHg,20 mmHg,C,
IMM-Pulmo-PHTN-007,Pulmonology,Pulmonary Hypertension,A patient with advanced pulmonary hypertension experiences exertional syncope during a short walk. What is the primary hemodynamic mechanism responsible for this syncopal episode?,Rapid supraventricular tachycardia,Hypoxia and reduced cardiac output,Severe systemic vasodilation,Vagal nerve overstimulation,Right ventricular ischemia,B,
IMM-Pulmo-PHTN-008,Pulmonology,Pulmonary Hypertension,"A patient with advanced pulmonary hypertension is started on intravenous prostacyclin (epoprostenol). In addition to causing vasodilation, this medication provides clinical benefit by decreasing which of the following processes?",Red blood cell production,Platelet aggregation and smooth muscle proliferation,White blood cell count,Gastric acid secretion,Hepatic enzyme production,B,
IMM-Pulmo-PHTN-009,Pulmonology,Pulmonary Hypertension,A patient with pulmonary hypertension requires supportive measures to decrease right ventricular stress and relieve right heart failure symptoms such as peripheral edema and ascites. Which class of medication is specifically indicated for this purpose?,Oral anticoagulants,Diuretics,Digoxin,Calcium channel blockers,Systemic corticosteroids,B,
IMM-Pulmo-PHTN-010,Pulmonology,Pulmonary Hypertension,A patient with refractory pulmonary hypertension and Eisenmenger's physiology is deteriorating despite maximal medical therapy. What is the definitive surgical intervention indicated for this specific complex presentation?,Single lung transplant,Double lung transplant,Heart-lung transplant,Coronary artery bypass grafting,Pulmonary endarterectomy,C,
IMM-Pulmo-PHTN-011,Pulmonology,Pulmonary Hypertension,"A physical examination of a patient with suspected pulmonary hypertension reveals a raised jugular venous pressure (JVP). If the patient is in normal sinus rhythm, which specific waveform abnormality will be prominently visible in the JVP?","Prominent ""c"" wave","Prominent ""v"" wave","Prominent ""a"" wave","Steep ""x"" descent","Absent ""y"" descent",C,
IMM-Pulmo-PHTN-012,Pulmonology,Pulmonary Hypertension,A trans-thoracic echocardiogram (TTE) is performed on a patient with dyspnea. The cardiologist notes increased right ventricular systolic pressure. Which specific valvular abnormality is typically measured on the echo to estimate this right-sided pressure?,Aortic regurgitation,Mitral regurgitation,Pulmonary stenosis,Tricuspid regurgitation,Mitral stenosis,D,
IMM-Pulmo-PHTN-013,Pulmonology,Pulmonary Hypertension,An ECG is obtained for a patient with severe pulmonary hypertension. Which combination of findings is most characteristic of the right-sided heart changes associated with this disease?,Left axis deviation and left bundle branch block,Right axis deviation and right bundle branch block,Prolonged PR interval and narrow QRS,ST-segment elevation in leads V1-V4,Peaked T waves and shortened QT interval,B,
IMM-Pulmo-PHTN-014,Pulmonology,Pulmonary Hypertension,"During right heart catheterization, a patient with pulmonary hypertension is given inhaled nitric oxide to test for a ""Positive Vasoreactive Response."" What hemodynamic change defines a positive response, identifying patients who will benefit from Calcium Channel Blockers?",Increase in pulmonary artery pressure > 10 mm with increased cardiac output,Decrease in pulmonary artery pressure ≥ 10 mm to a level < 40 mmHg with stable cardiac output,Decrease in PCWP to < 10 mmHg with systemic hypotension,Decrease in right atrial pressure by 50%,Increase in mixed venous oxygen saturation > 90%,B,
IMM-Pulmo-PHTN-015,Pulmonology,Pulmonary Hypertension,The pathophysiology of Pulmonary Arterial Hypertension involves an imbalance between vasoconstrictors and vasodilators. Which of the following substances acts as a key vasoconstrictor that is increased in this condition?,Prostacyclin,Nitric oxide,Vasoactive peptide,Endothelin-1,Atrial natriuretic peptide,D,
IMM-Pulmo-Complications-001,Pulmonology,Respiratory Complications of Systemic Diseases,"A 30-year-old female with Systemic Lupus Erythematosus (SLE) presents to the emergency department with life-threatening respiratory distress. She is diagnosed with acute alveolitis, the most serious manifestation of lupus in the lungs. What severe pathological process is this condition associated with that requires immediate immunosuppression?",Progressive massive fibrosis,Diffuse alveolar hemorrhage,Diaphragmatic weakness,Extensive pleural thickening,Rupture of pulmonary blebs,B,
IMM-Pulmo-Complications-002,Pulmonology,Respiratory Complications of Systemic Diseases,"A 55-year-old male with seropositive rheumatoid arthritis develops shortness of breath. Imaging reveals a small, unilateral pleural effusion. A diagnostic thoracentesis is performed. Which of the following fluid analysis profiles is classically characteristic of a rheumatoid pleural effusion?",Transudative effusion with normal glucose and low LDH,Exudative effusion with low glucose and raised LDH,Exudative effusion with high glucose and normal LDH,Transudative effusion with elevated protein,Exudative effusion with predominance of eosinophils,B,
IMM-Pulmo-Complications-003,Pulmonology,Respiratory Complications of Systemic Diseases,A patient diagnosed with systemic sclerosis exhibits severely restricted chest wall movement during respiration. Physical examination reveals that the skin of the chest wall is tight and sclerotic. What is the specific clinical term used to describe this manifestation?,Scrofula,Hidebound Chest,Pectus excavatum,Barrel chest,Pectus carinatum,B,
IMM-Pulmo-Complications-004,Pulmonology,Respiratory Complications of Systemic Diseases,"A patient with long-standing SLE complains of progressive dyspnea. A chest X-ray reveals elevated hemidiaphragms and reduced overall lung volumes without significant parenchymal infiltrates. What is the primary underlying mechanism causing this ""Shrinking Lungs"" presentation?",Severe pulmonary fibrosis,Diaphragmatic weakness,Repeated pulmonary thromboembolism,Chronic bilateral pleural effusions,Diffuse alveolar hemorrhage,B,
IMM-Pulmo-RF-001,Pulmonology,Respiratory Failure,"A 55-year-old patient presents to the emergency department in acute distress. Arterial blood gas analysis reveals a PaO2 of 55 mmHg and a PaCO2 of 35 mmHg. Based on the presence or absence of hypercapnia, what is the specific classification of this patient's condition?",Type-I Respiratory Failure,Type-II Respiratory Failure,Mixed Respiratory Failure,Compensated Respiratory Alkalosis,Chronic Hypoxic Failure,A,
IMM-Pulmo-RF-002,Pulmonology,Respiratory Failure,"A patient is brought to the ER with an acute upper airway obstruction caused by severe laryngeal angioedema. The patient has a high ventilatory drive but rapid respiratory rate and accessory muscle recruitment. If initial maneuvers and immediate intubation fail, what is the indicated life-saving intervention?",Administer 100% oxygen by mask,Perform an emergency tracheostomy,Administer intravenous steroids,Perform a tube thoracostomy,Start non-invasive positive pressure ventilation (BIPAP),B,
IMM-Pulmo-RF-003,Pulmonology,Respiratory Failure,"A patient with acute on chronic Type-II respiratory failure is being managed with controlled oxygen therapy (24% Venturi mask), nebulized bronchodilators, and antibiotics. Serial ABGs show that despite a stable PaO2, the patient's PaCO2 continues to rise steadily, and he is becoming acidemic. What is the strict indication for the next step in management?",Increase the Venturi mask oxygen to 40%,"Administer a respiratory stimulant (e.g., Doxapram)",Administer high-dose intravenous bicarbonate,Initiate mechanical ventilation,Perform a therapeutic bronchoscopy,D,
IMM-Pulmo-RF-004,Pulmonology,Respiratory Failure,"A patient with severe, chronic COPD and baseline chronic Type-II respiratory failure presents with an acute exacerbation. He has developed an abnormal tolerance to raised PaCO2 and relies on his hypoxic drive to breathe. What is the most appropriate initial oxygen therapy to avoid precipitating worsening respiratory depression?",100% oxygen via non-rebreather mask,40 - 60% oxygen via simple face mask,24 - 28% oxygen by Venturi mask,Continuous Positive Airway Pressure (CPAP),High-flow nasal cannula at 15 L/min,C,
IMM-Pulmo-RF-005,Pulmonology,Respiratory Failure,A physician is differentiating between causes of Type-I and Type-II respiratory failure. Which of the following conditions classically presents as a Chronic Type-II Respiratory Failure due to alveolar hypoventilation?,Pulmonary embolism,ARDS,Pulmonary edema,Kyphoscoliosis,Pneumothorax,D,
IMM-Pulmo-RF-006,Pulmonology,Respiratory Failure,"The principal aim of treating a patient with acute on chronic Type-II respiratory failure is to reverse severe hypoxia without dangerously increasing PaCO2 and acidosis. What is the specific ""safe"" PaO2 target range the physician should aim to achieve?",> 5.0 kPa (37 mmHg),> 6.0 kPa (45 mmHg),> 7.2 kPa (52 mmHg),> 8.0 kPa (60 mmHg),> 10.0 kPa (75 mmHg),C,
IMM-Pulmo-RLD-001,Pulmonology,Restrictive Lung Diseases,A 65-year-old man presents with progressive dyspnea and a dry cough. Examination reveals central cyanosis and bi-basal fine end-inspiratory crepitations. He is suspected of having Idiopathic Pulmonary Fibrosis (IPF). Which specific histologic and radiologic pattern is classically associated with this condition?,Desquamative Interstitial Pneumonia (DIP),Usual Interstitial Pneumonia (UIP),Non-specific Interstitial Pneumonia (NSIP),Lymphocytic Interstitial Pneumonia (LIP),Cryptogenic Organizing Pneumonia (COP),B,
IMM-Pulmo-RLD-002,Pulmonology,Restrictive Lung Diseases,"A 68-year-old male with advanced Idiopathic Pulmonary Fibrosis is receiving supportive therapy. He complains of a severe, persistent dry cough that limits his quality of life. According to the management guidelines for IPF, which of the following medications is specifically indicated for the treatment of his cough?",Opiates,Oxygen,Nintedanib,Thalidomide,Pirfenidone,D,
IMM-Pulmo-RLD-003,Pulmonology,Restrictive Lung Diseases,A patient with suspected Idiopathic Pulmonary Fibrosis (IPF) undergoes imaging. What is considered the critical first step in the imaging investigation of Diffuse Parenchymal Lung Disease (DPLD) because it is more sensitive than a standard chest X-ray?,Helical CT scan,High-resolution CT scan (HRCT),Magnetic Resonance Imaging (MRI),Positron Emission Tomography (PET),Ventilation-Perfusion (V/Q) scan,B,
IMM-Pulmo-RLD-004,Pulmonology,Restrictive Lung Diseases,Diffuse Parenchymal Lung Disease (DPLD) is classified into several groups. Which of the following conditions is categorized specifically as a Granulomatous DPLD?,Idiopathic Pulmonary Fibrosis,Rheumatoid Arthritis,Sarcoidosis,Coal worker's pneumoconiosis,Hypersensitivity pneumonitis,C,
IMM-Pulmo-RLD-005,Pulmonology,Restrictive Lung Diseases,Which of the following medications is classified as an anti-fibrotic agent used in the specific management of Idiopathic Pulmonary Fibrosis?,Nintedanib,Thalidomide,Pirfenidone,Azathioprine,Prednisolone,C,
IMM-Pulmo-Sarcoidosis-001,Pulmonology,Sarcoidosis,"A 28-year-old woman presents to the clinic with painful purplish nodules over her shins, which she says leave a bruised appearance as they resolve. What is the clinical term for this specific skin manifestation, which is common in extra-pulmonary sarcoidosis?",Lupus pernio,Erythema marginatum,Erythema nodosum,Erythema multiforme,Pyoderma gangrenosum,C,
IMM-Pulmo-Sarcoidosis-002,Pulmonology,Sarcoidosis,A 30-year-old African-American female presents with a 3-month history of dry cough and dyspnea on exertion. A chest radiograph reveals bilateral hilar lymphadenopathy without parenchymal infiltrates. She is diagnosed with a chronic multisystem disease of unknown etiology. What is the classic histopathological hallmark of this disease?,Caseating granulomas,Eosinophilic infiltrates,Non-caseating granulomas,Usual interstitial pneumonia pattern,Necrotizing vasculitis,C,
IMM-Pulmo-Sarcoidosis-003,Pulmonology,Sarcoidosis,"A 35-year-old female presents with fever, right-sided facial weakness, swelling of her parotid glands, and eye pain which is diagnosed as uveitis. This specific combination of findings in the setting of sarcoidosis is known by which eponym?",Kartagener Syndrome,Churg-Strauss Syndrome,Samter's Syndrome,Lofgren Syndrome,Heerfordt Syndrome,E,
IMM-Pulmo-Sarcoidosis-004,Pulmonology,Sarcoidosis,"A 40-year-old man undergoes a chest X-ray for a chronic cough, which reveals parenchymal infiltrates without bilateral hilar lymphadenopathy. If this patient has sarcoidosis, what stage of chest X-ray changes does this represent?",Stage I,Stage II,Stage III,Stage IV,Stage V,C,
IMM-Pulmo-Sarcoidosis-005,Pulmonology,Sarcoidosis,A patient is evaluated for sarcoidosis. The physician notes the presence of a specific nasal cutaneous sarcoid lesion. What is the medical term for this specific presentation?,Erythema nodosum,Lupus pernio,Heerfordt Syndrome,Lofgren Syndrome,Sicca syndrome,B,
IMM-Pulmo-Sarcoidosis-006,Pulmonology,Sarcoidosis,A patient suspected of having sarcoidosis undergoes laboratory testing. Which of the following metabolic abnormalities is commonly found in these patients due to the formation of Vitamin D by alveolar macrophages?,Hypocalcemia,Hypercalcemia,Hypokalemia,Hypernatremia,Hypophosphatemia,B,
IMM-Pulmo-Sarcoidosis-007,Pulmonology,Sarcoidosis,"A patient with known sarcoidosis presents with joint pain, painful purplish nodules on the shins, and is found to have hilar adenopathy on chest X-ray. The physician informs the patient that this specific association carries a good prognosis. What is the name of this syndrome?",Heerfordt Syndrome,Kartagener Syndrome,Lofgren Syndrome,Churg-Strauss Syndrome,Goodpasture Syndrome,C,
IMM-Pulmo-Sarcoidosis-008,Pulmonology,Sarcoidosis,A patient with sarcoidosis is started on a trial of corticosteroids (prednisolone 20-40 mg/day). Which of the following is a recognized indication for initiating corticosteroid therapy in this disease?,Erythema nodosum,Lofgren syndrome,Asymptomatic bilateral hilar lymphadenopathy,Cardiac involvement,Elevated serum ACE levels without symptoms,D,
IMM-Pulmo-Sarcoidosis-009,Pulmonology,Sarcoidosis,A physician is discussing the prognosis of a patient recently diagnosed with sarcoidosis. Which of the following factors is considered an indicator of poor prognosis?,Age < 40 years,Caucasian ethnicity,Symptoms resolving within 3 months,Presence of lupus pernio,Stage I chest x-ray,D,
IMM-Pulmo-Sarcoidosis-010,Pulmonology,Sarcoidosis,A pulmonologist is performing a bronchoalveolar lavage (BAL) on a patient with suspected active sarcoidosis. Which specific cellular finding in the BAL fluid is characteristic of this active disease?,Increased eosinophils,Decreased lymphocytes,Increased neutrophils,Decreased CD4:CD8 ratio,Increased CD4:CD8 ratio,E,
IMM-Pulmo-TB-001,Pulmonology,Tuberculosis,"A 28-year-old healthcare worker with no symptoms undergoes a routine PPD test, which yields a 12 mm induration. What is the next immediate step in the management protocol for this positive result?",Start Isoniazid prophylaxis for 9 months,Repeat the PPD test on the other arm,Order a sputum acid-fast stain,Perform a Chest X-ray,Start full four-drug TB therapy,D,
IMM-Pulmo-TB-002,Pulmonology,Tuberculosis,A 28-year-old patient presents with massive cervical lymph node enlargement accompanied by discharging sinuses. The tuberculin test is strongly positive. What historical clinical term is used specifically to describe this severe presentation of tubercular lymphadenitis?,Melanoptysis,Lupus pernio,Scrofula,Erythema nodosum,Poncet's disease,C,
IMM-Pulmo-TB-003,Pulmonology,Tuberculosis,"A 30-year-old female being treated for tuberculosis returns to the clinic highly distressed, reporting that her urine and tears have turned a bright orange-red color. She is advised that this is a benign finding that requires no treatment. Which medication in her regimen is responsible for this side effect?",Isoniazid,Rifampicin,Ethambutol,Pyrazinamide,Streptomycin,B,
IMM-Pulmo-TB-004,Pulmonology,Tuberculosis,"A 32-year-old HIV-positive patient undergoes a PPD skin test to screen for latent tuberculosis. According to established guidelines, what is the minimum diameter of induration that is considered a positive test in this specific immunocompromised patient?",> 1 mm,> 5 mm,> 10 mm,> 15 mm,> 20 mm,B,
IMM-Pulmo-TB-005,Pulmonology,Tuberculosis,"A 32-year-old woman on standard anti-tuberculous therapy presents to the clinic in distress, noting that her urine and tears have turned a bright orange-red color. The physician reassures her that this is a benign finding requiring no treatment. Which drug is responsible?",Isoniazid,Ethambutol,Rifampicin,Pyrazinamide,Streptomycin,C,
IMM-Pulmo-TB-006,Pulmonology,Tuberculosis,"A 35-year-old patient presents with fever, night sweats, weight loss, and a palpable mass in the right iliac fossa. An infectious etiology is suspected. Because of the anatomical location, what is the main differential diagnosis that must be distinguished from gastrointestinal tuberculosis?",Ulcerative colitis,Celiac disease,Crohn's disease,Appendicitis,Diverticulitis,C,
IMM-Pulmo-TB-007,Pulmonology,Tuberculosis,"A 35-year-old patient with well-controlled HIV undergoes a routine PPD skin test. According to guidelines, what is the minimum diameter of induration that is considered a positive test in this immunocompromised individual?",> 1 mm,> 5 mm,> 10 mm,> 15 mm,> 20 mm,B,
IMM-Pulmo-TB-008,Pulmonology,Tuberculosis,"A 40-year-old healthcare worker with no known close contacts to active TB undergoes a PPD skin test. According to the specific risk-factor guidelines, what is the minimum induration required to consider this test positive?",> 1 mm,> 5 mm,> 10 mm,> 15 mm,> 20 mm,C,
IMM-Pulmo-TB-009,Pulmonology,Tuberculosis,A 45-year-old male with poorly controlled diabetes develops secondary (active) tuberculosis due to weakened immunity. Which specific part of the lungs is characteristically affected first because it is the most oxygenated region?,Right middle lobe,Lingula,Base of the right lung,Apex of the upper lobe,Base of the left lung,D,
IMM-Pulmo-TB-010,Pulmonology,Tuberculosis,"A 45-year-old man on anti-tuberculous therapy presents to the emergency department with acute, excruciating pain and swelling in his big toe. Blood tests reveal hyperuricemia. Which of the following TB medications is known to cause gout as a complication?",Isoniazid,Rifampicin,Ethambutol,Pyrazinamide,Streptomycin,D,
IMM-Pulmo-TB-011,Pulmonology,Tuberculosis,A 45-year-old patient is started on Isoniazid for latent tuberculosis. The physician concurrently prescribes Vitamin B6 (pyridoxine). What is the primary clinical reason for adding this vitamin to the regimen?,To prevent optic neuritis,To prevent peripheral neuropathy,To reduce the risk of hepatitis,To enhance the bactericidal effect,To prevent hyperuricemia,B,
IMM-Pulmo-TB-012,Pulmonology,Tuberculosis,A 50-year-old male on anti-tuberculous therapy presents to the ER with excruciating pain and swelling in his right big toe. Blood tests reveal elevated uric acid levels. Which drug in his regimen is known to cause this specific side effect?,Streptomycin,Isoniazid,Ethambutol,Rifampicin,Pyrazinamide,E,
IMM-Pulmo-TB-013,Pulmonology,Tuberculosis,A 50-year-old male with a history of successfully treated pulmonary tuberculosis presents with new-onset hemoptysis. A chest CT scan reveals a spherical mass within a previously healed tuberculous cavity in the upper lobe. What is the most likely diagnosis?,Primary bronchogenic carcinoma,Bronchopleural fistula,Aspergilloma,Tuberculoma,Lung abscess,C,
IMM-Pulmo-TB-014,Pulmonology,Tuberculosis,"A 55-year-old male presents with chronic back pain. Imaging shows an infection that started as discitis in the lower thoracic region and has progressed to involve the anterior vertebral bodies, resulting in kyphosis. What is the classic eponym for this most common site of bone tuberculosis?",Crohn's disease,Poncet's disease,Pott's disease,Ranke's disease,Caplan's disease,C,
IMM-Pulmo-TB-015,Pulmonology,Tuberculosis,"A healthy 26-year-old healthcare worker with no symptoms has a routine PPD skin test that shows 16 mm of induration. What is the immediate, mandatory first step in the management of this positive result?",Initiate Isoniazid prophylaxis for 9 months,Order a sputum acid-fast bacilli stain,Perform a Chest X-ray,Start full RIPE therapy for active TB,Repeat the PPD test on the other arm,C,
IMM-Pulmo-TB-016,Pulmonology,Tuberculosis,"A newly diagnosed patient with pulmonary tuberculosis is starting the ""Initial Phase"" of their treatment regimen. According to standard protocols, how many different drugs are utilized during this specific 2-month phase?",One drug,Two drugs,Three drugs,Four drugs,Five drugs,D,
IMM-Pulmo-TB-017,Pulmonology,Tuberculosis,A patient diagnosed with active pulmonary tuberculosis is started on the standard four-drug regimen. The physician specifically prescribes Vitamin B6 (pyridoxine) alongside these medications. This vitamin is added to prevent which specific complication associated with Isoniazid?,Optic neuritis,Gout,Peripheral neuropathy,Orange-red secretions,8th nerve damage,C,
IMM-Pulmo-TB-018,Pulmonology,Tuberculosis,"A patient has completed the 2-month ""Initial Phase"" of their pulmonary tuberculosis treatment. They are now transitioning to the ""Continuation Phase."" According to standard guidelines, what is the duration and drug regimen for this phase?",4 months of Isoniazid and Rifampicin,4 months of Pyrazinamide and Ethambutol,6 months of Isoniazid and Rifampicin,6 months of full RIPE therapy,9 months of Isoniazid monotherapy,A,
IMM-Pulmo-TB-019,Pulmonology,Tuberculosis,"A patient is diagnosed with a tuberculous pericardial effusion. They present with breathlessness, abdominal swelling, raised JVP, and hepatomegaly. Which of the following classic tuberculosis symptoms are noted to be UNCOMMON in this specific pericardial presentation?",Breathlessness and cough,Fever and night sweats,Weight loss and anorexia,Chest pain and palpitations,Hemoptysis and fatigue,B,
IMM-Pulmo-TB-020,Pulmonology,Tuberculosis,A patient is suspected of having tuberculosis. A sputum sample is sent to the laboratory. Which of the following best describes the microbiological characteristics of Mycobacterium tuberculosis?,Gram-negative rod,Gram-positive diplococcus,Acid-fast bacilli,Spirochete,Dimorphic fungus,C,
IMM-Pulmo-TB-021,Pulmonology,Tuberculosis,"A patient presents with severe, overwhelming Miliary TB, confirmed by imaging and clinical presentation. However, their PPD skin test comes back completely negative (0 mm induration). What is the most likely explanation for this discordant result?",The patient has latent TB,The patient was recently vaccinated with BCG,False-negative result due to severe TB (anergy),The PPD strength was too high,The patient has atypical mycobacteria,C,
IMM-Pulmo-TB-022,Pulmonology,Tuberculosis,"A patient receives an intradermal injection of 0.1 mL of a 1:1000 strength PPD solution. To ensure accurate interpretation of the cell-mediated immune response, after how many hours must the induration be measured?",24 hours,48 hours,72 hours,96 hours,120 hours,C,
IMM-Pulmo-TB-023,Pulmonology,Tuberculosis,"A patient undergoing standard treatment for pulmonary tuberculosis develops a new-onset, immunologically mediated polyarthritis two months into their therapy. The hip and knee joints are primarily affected. What is the specific name for this reactive arthropathy?",Rheumatoid arthritis,Osteoarthritis,Poncet's arthropathy,Pott's arthropathy,Caplan's arthropathy,C,
IMM-Pulmo-TB-024,Pulmonology,Tuberculosis,"A patient with active pulmonary tuberculosis is considered highly infectious. According to the text, the presence of cavitation or which other specific radiographic pattern is a definitive indication of active disease?",Egg-shell calcification,Miliary pattern,Bilateral hilar lymphadenopathy,Ground-glass appearance,Tram-tracking shadows,B,
IMM-Pulmo-TB-025,Pulmonology,Tuberculosis,"A patient with hematogenous dissemination of tubercle bacilli presents with 3 weeks of fever, night sweats, weight loss, and a headache. A fundoscopic examination is performed by the ophthalmologist. What specific finding on fundoscopy is indicative of miliary TB?",Papilledema,Optic neuritis,Choroidal tubercles,Retinal hemorrhage,Macular degeneration,C,
IMM-Pulmo-TB-026,Pulmonology,Tuberculosis,A patient with multi-drug resistant tuberculosis (MDR-TB) is placed on a second-line regimen that includes an injectable aminoglycoside. He later develops hearing loss and balance issues. Which specific cranial nerve is damaged by Streptomycin toxicity?,Optic (2nd) nerve,Trigeminal (5th) nerve,Facial (7th) nerve,Vestibular (8th) nerve,Vagus (10th) nerve,D,
IMM-Pulmo-TB-027,Pulmonology,Tuberculosis,A patient with suspected TB provides a sputum sample for direct microscopy staining. The laboratory utilizes a method that is described as highly sensitive but complex and expensive. Which specific staining method fits this description?,Ziehl-Neelsen Stain,Gram Stain,Auramine Fluorescence Test,Silver Stain,Periodic acid-Schiff (PAS) stain,C,
IMM-Pulmo-TB-028,Pulmonology,Tuberculosis,"A patient's old chest X-ray shows a calcified primary lung lesion combined with calcified hilar lymph nodes. This combination, after undergoing fibrosis and calcification, is specifically referred to by which eponym?",Ghon Focus,Ghon Complex,Ranke's Complex,Caplan's Syndrome,Heerfordt Syndrome,C,
IMM-Pulmo-TB-029,Pulmonology,Tuberculosis,A physician orders a sputum culture to obtain a definitive diagnosis of tuberculosis. The laboratory streaks the sample onto solid media known as Lowenstein-Jensen Medium. What is the expected time frame for this specific culture method to yield results?,1 to 3 days,1 to 3 weeks,4 to 6 weeks,8 to 10 weeks,12 weeks,C,
IMM-Pulmo-TB-030,Pulmonology,Tuberculosis,A pregnant female is diagnosed with active tuberculosis. Her treatment duration must be extended to 9-12 months because one of the standard first-line drugs is strictly contraindicated in pregnancy. Which medication must be omitted from her regimen?,Isoniazid,Rifampicin,Pyrazinamide,Ethambutol,Streptomycin,C,
IMM-Pulmo-TB-031,Pulmonology,Tuberculosis,"A previously un-infected child is exposed to tuberculosis. The immune response is incomplete, leading to ""progressive primary TB."" Which pulmonary lobe is most commonly affected by collapse and consolidation in this specific clinical scenario?",Apex of the right upper lobe,Apex of the left upper lobe,Right middle lobe,Left lower lobe,Lingula,C,
IMM-Pulmo-TB-032,Pulmonology,Tuberculosis,A radiologist is differentiating between a spinal malignancy and Pott's disease (spinal tuberculosis) on an MRI. Which of the following features strongly points toward a diagnosis of malignancy rather than tuberculosis?,The infection starts as discitis,Involvement of the anterior vertebral bodies,Presence of a psoas abscess,Malignancy affects the vertebral body but leaves the disc intact,Development of severe kyphosis,D,
IMM-Pulmo-TB-033,Pulmonology,Tuberculosis,"A severely malnourished patient presents with clinical and radiographic evidence of widespread miliary tuberculosis. However, their PPD skin test shows 0 mm of induration. What is the most likely clinical explanation for this false-negative result?",The patient was recently vaccinated with BCG,The patient has latent tuberculosis,Severe TB has caused anergy,The PPD solution was too highly concentrated,The patient has an atypical mycobacterial infection,C,
IMM-Pulmo-TB-034,Pulmonology,Tuberculosis,Active pulmonary tuberculosis can lead to non-pulmonary complications even without hematogenous spread. The swallowing of highly infectious sputum by the patient is most likely to directly cause which of the following complications?,Poncet's polyarthritis,Renal tuberculosis,Anorectal disease,Constrictive pericarditis,Tuberculous meningitis,C,
IMM-Pulmo-TB-035,Pulmonology,Tuberculosis,"An asymptomatic patient has a positive PPD test. The subsequent chest X-ray is entirely normal. Assuming the strain is not known to be resistant, what is the standard first-line prophylactic treatment for this latent infection?",Observation without medications,Isoniazid for 9 months,Rifampicin for 4 months,Isoniazid and Rifampicin for 6 months,Four-drug therapy for 2 months,B,
IMM-Pulmo-TB-036,Pulmonology,Tuberculosis,"An asymptomatic patient is found to have a positive PPD test. The subsequent chest X-ray is entirely normal, showing no active disease or calcifications. What is the standard treatment protocol for this latent TB infection if the strain is not known to be resistant?","Observation only, no medications required",Isoniazid for 9 months,Rifampicin for 2 months,"Isoniazid, Rifampicin, Pyrazinamide, and Ethambutol for 2 months",Streptomycin for 6 months,B,
IMM-Pulmo-TB-037,Pulmonology,Tuberculosis,"During a follow-up visit, a patient on four-drug therapy for active tuberculosis complains of a decrease in visual acuity and an inability to distinguish between green and red colors. Which medication must have its dose reduced or be stopped immediately?",Isoniazid,Rifampicin,Pyrazinamide,Ethambutol,Streptomycin,D,
IMM-Pulmo-TB-038,Pulmonology,Tuberculosis,"During routine follow-up for tuberculosis treatment, a patient complains of decreased visual acuity and difficulty distinguishing between green and red colors. The physician suspects optic neuritis. Which first-line anti-tuberculous medication must be stopped immediately or have its dose reduced?",Isoniazid,Rifampicin,Ethambutol,Pyrazinamide,Streptomycin,C,
IMM-Pulmo-TB-039,Pulmonology,Tuberculosis,"Following the inhalation of aerosolized droplet nuclei containing Mycobacterium tuberculosis, the surviving bacilli multiply and disseminate. In the cellular response, macrophages undergo transformation into Epithelioid and Langerhans cells. What is the primary structure formed when these transformed cells aggregate with lymphocytes?",Benign pleural plaques,Caseating necrotic cores,Granulomas,Hyaline membranes,Fibrotic opacities,C,
IMM-Pulmo-TB-040,Pulmonology,Tuberculosis,"In the pathogenesis of tuberculosis, a primary lesion forms in the periphery of the lung characterized by the aggregation of numerous granulomas. What is the specific medical term for this primary lesion before any lymph node involvement occurs?",Ranke's Complex,Ghon Focus,Ghon Complex,Pott's lesion,Choroidal tubercle,B,
IMM-Pulmo-TB-041,Pulmonology,Tuberculosis,The Bacillus Calmette-Guerin (BCG) vaccine is a live attenuated vaccine used to prevent disseminated disease in children. In which of the following clinical scenarios is the administration of this vaccine strictly contraindicated?,Healthcare workers,Prisoners,Close contacts of someone with TB,"Immunosuppression (e.g., HIV)",Diabetics,D,
IMM-Pulmo-TB-042,Pulmonology,Tuberculosis,The Bacillus Calmette-Guerin (BCG) vaccine is a live attenuated vaccine used to prevent disseminated disease in children. In which of the following patient groups is the administration of this specific vaccine strictly contraindicated?,Healthcare workers,Close contacts of TB patients,Prisoners,"Immunosuppressed patients (e.g., HIV)",Patients with diabetes mellitus,D,
IMM-Pulmo-TB-043,Pulmonology,Tuberculosis,The implementation of Directly Observed Therapy (DOTS) involves the supervised administration of anti-tuberculous therapy 3 times per week. What is the primary aim of this intensive public health strategy?,To reduce the financial cost of medications,To monitor for optic neuritis early,To improve adherence and prevent drug resistance,To shorten the total duration of therapy to 2 months,To allow for intravenous drug administration,C,
IMM-Pulmo-TB-044,Pulmonology,Tuberculosis,The public health strategy of Directly Observed Therapy (DOTS) requires the supervised administration of anti-tuberculous medications 3 times per week. What is the primary objective of this specific administration method?,To minimize drug side effects,To reduce the total cost of therapy,To improve medication adherence,To shorten the therapy duration to 2 months,To monitor liver function closely,C,
IMM-Pulmo-TB-045,Pulmonology,Tuberculosis,The Purified Protein Derivative (PPD) skin test relies on the development of induration and inflammation at the injection site. This cell-mediated immune response is primarily due to the infiltration of which specific cells?,Neutrophils,Eosinophils,B-lymphocytes,Mast cells,T-lymphocytes,E,
IMM-Pulmo-TB-046,Pulmonology,Tuberculosis,"The Purified Protein Derivative (PPD) skin test, or Mantoux test, is based on a specific immunologic mechanism that causes induration at the injection site. This delayed hypersensitivity reaction is primarily mediated by the infiltration of which cell type?",Eosinophils,B-lymphocytes,Neutrophils,T-lymphocytes,Mast cells,D,
IMM-Pulmo-TB-047,Pulmonology,Tuberculosis,"The World Health Organization (WHO) defines Extensive-Drug Resistant TB (XDR-TB) as resistance to Isoniazid, Rifampicin, a quinolone, and at least ONE of which of the following second-line injectable drugs?",Streptomycin,Ethambutol,Kanamycin,Cycloserine,Pyrazinamide,C,
IMM-Pulmo-TB-048,Pulmonology,Tuberculosis,The World Health Organization (WHO) defines Multi-Drug Resistant TB (MDR-TB) as a tuberculosis infection that is resistant to which specific combination of first-line medications?,Isoniazid and Pyrazinamide,Rifampicin and Ethambutol,Isoniazid and Rifampicin,Pyrazinamide and Streptomycin,Ethambutol and Isoniazid,C,
IMM-Pulmo-TB-049,Pulmonology,Tuberculosis,"While antibiotics are the cornerstone of TB treatment, corticosteroids are specifically indicated to decrease the risk of severe complications in two particular forms of extra-pulmonary tuberculosis. One is tuberculous meningitis. What is the other?",Tuberculous osteomyelitis (Pott's disease),Pericardial disease,Miliary tuberculosis,Tuberculous peritonitis,Scrofula,B,
IMM-Pulmo-TB-050,Pulmonology,Tuberculosis,"While antibiotics are the mainstay of tuberculosis treatment, systemic corticosteroids are specifically indicated to reduce the risk of severe neurologic complications in tuberculous meningitis. What is the other specific indication for corticosteroids in TB?",Miliary tuberculosis,Tuberculous osteomyelitis (Pott's disease),Pericardial disease,Gastrointestinal tuberculosis,Tubercular lymphadenitis (Scrofula),C,
IMM-Nephro-AKI-001,Nephrology,Acute Kidney Injury,A 55-year-old hospitalized patient is being monitored for renal function. Which of the following criteria definitively establishes a diagnosis of Acute Kidney Injury (AKI) according to standard definitions?,Urine output of <0.5 mL/kg/hour for 4 hours,Abrupt increase in serum creatinine of 0.2 mg/dL within 48 hours,Abrupt increase in serum creatinine of ≥ 50% within 48 hours,Urine output of <1.0 mL/kg/hour for 6 hours,Gradual increase in serum creatinine by 30% over 1 week,C,
IMM-Nephro-AKI-002,Nephrology,Acute Kidney Injury,A 65-year-old male with a history of congestive heart failure presents with decreased urine output. He recently started taking high-dose NSAIDs for joint pain. Which of the following mechanisms is the most likely cause of his acute kidney injury?,Direct toxic damage to the tubular epithelial cells,Renal vasoconstriction leading to decreased effective arterial volume,Allergic interstitial inflammation,Obstruction of the bilateral ureters,Sloughing of tubular cells into the urine,B,
IMM-Nephro-AKI-003,Nephrology,Acute Kidney Injury,A 40-year-old female presents to the emergency department with severe vomiting and diarrhea for 3 days. She is hypotensive and tachycardic. Laboratory evaluation of her urine is ordered to evaluate her acute kidney injury. Which of the following findings is most consistent with her diagnosis?,Fractional Excretion of Sodium (FENa) > 2%,Urine sodium > 20 mmol/L,BUN to Creatinine ratio < 20:1,Urine osmolality > 500 mOsm/kg,"Granular ""muddy brown"" casts on microscopy",D,
IMM-Nephro-AKI-004,Nephrology,Acute Kidney Injury,"A 70-year-old male undergoes a prolonged surgical procedure complicated by severe hypotension. Three days later, his serum creatinine is significantly elevated. Urinalysis reveals muddy brown casts. Which of the following best explains the urine osmolality findings expected in this patient?",Increased reabsorption of water due to intact tubular function,Loss of sodium and water reabsorptive mechanisms due to sloughing of tubular cells,Massive diuresis following relief of a transient obstruction,Decreased effective arterial volume leading to concentrated urine,Excessive antidiuretic hormone secretion,B,
IMM-Nephro-AKI-005,Nephrology,Acute Kidney Injury,Which of the following agents is known to cause acute tubular necrosis (ATN) via direct pigment toxicity rather than acting as a drug or crystal?,Aminoglycosides,Cisplatin,Myoglobin,Uric acid,Acyclovir,C,
IMM-Nephro-AKI-006,Nephrology,Acute Kidney Injury,"A patient recovering from ischemic acute tubular necrosis (ATN) begins to produce increasing volumes of urine after a period of oliguria. During this recovery phase, which of the following complications is the patient most vulnerable to developing?",Hyperkalemia and metabolic acidosis,Hypokalemia and increased vulnerability to infection,Severe fluid overload and pulmonary edema,Eosinophilia and eosinophiluria,Uremic pericarditis,B,
IMM-Nephro-AKI-007,Nephrology,Acute Kidney Injury,"A 32-year-old female treated with cephalosporins for a respiratory infection presents 10 days later with fever, a maculopapular rash, and joint pains. Blood tests show rising BUN and creatinine. Which of the following is most likely to be found on microscopic urine examination?",Hyaline casts,Dysmorphic red blood cells,Eosinophils and white blood cell casts,"Granular ""muddy-brown"" casts",Bence Jones proteins,C,
IMM-Nephro-AKI-008,Nephrology,Acute Kidney Injury,Acute interstitial nephritis (AIN) is a form of intrinsic renal failure characterized by antibodies and eosinophils attacking the cells lining the tubules. Which of the following is an autoimmune cause of AIN?,Sarcoidosis,Lymphoma,Sjogren's syndrome,Pyelonephritis,Rifampin,C,
IMM-Nephro-AKI-009,Nephrology,Acute Kidney Injury,A 60-year-old patient with acute kidney injury develops peaked T waves on ECG with a serum potassium level of 7.2 mmol/L. What is the most appropriate first step in the management of this complication?,Administration of intravenous insulin and glucose,Administration of calcium gluconate,Nebulized salbutamol,Administration of sodium polystyrene sulfonate (Kayexalate),Urgent hemodialysis,B,
IMM-Nephro-AKI-010,Nephrology,Acute Kidney Injury,Which of the following clinical scenarios is an absolute indication for urgent dialysis in a patient with acute kidney injury?,Serum potassium of 6.0 mmol/L responsive to medical therapy,Uremic encephalopathy,Mild metabolic acidosis correctable with sodium bicarbonate,Volume depletion requiring intravenous fluids,Anemia with hemoglobin of 9 g/dL,B,
IMM-Nephro-AKI-011,Nephrology,Acute Kidney Injury,A patient with severe renal failure develops active bleeding from an intravenous access site. The bleeding time is found to be prolonged. Which of the following treatments specifically normalizes bleeding time by increasing factor VIII activity?,Fresh frozen plasma,Platelet transfusion,Packed red blood cells,Desmopressin,Calcium gluconate,D,
IMM-Nephro-AKI-012,Nephrology,Acute Kidney Injury,An 80-year-old male with benign prostatic hyperplasia presents with lower abdominal discomfort and anuria for the past 12 hours. Renal ultrasound shows bilateral hydronephrosis. Laboratory tests of his blood and urine are likely to reveal which of the following profiles?,BUN to creatinine ratio < 20:1,BUN to creatinine ratio > 20:1,Fractional excretion of sodium < 1%,Urine osmolality < 300 mOsm/kg,Urine sodium < 20 mEq/L,B,
IMM-Nephro-AKI-013,Nephrology,Acute Kidney Injury,"A patient's urine sediment reveals red cell casts and dysmorphic cells. Based on these findings, which of the following is the most likely etiology of the acute kidney injury?",Dehydration,Acute tubular necrosis,Glomerulonephritis,Acute interstitial nephritis,Pyelonephritis,C,
IMM-Nephro-AKI-014,Nephrology,Acute Kidney Injury,Fractional Excretion of Sodium (FENa) is a useful tool to differentiate between pre-renal and intrinsic acute kidney injury. Which of the following represents the correct mathematical formula for calculating FENa?,(Urine sodium / Urine creatinine) × (Plasma sodium / Plasma creatinine),(Urine sodium / Plasma sodium) ÷ (Urine creatinine / Plasma creatinine),(Plasma sodium / Urine sodium) ÷ (Plasma creatinine / Urine creatinine),(Urine sodium × Plasma sodium) ÷ (Urine creatinine × Plasma creatinine),(Urine creatinine / Plasma sodium) ÷ (Urine sodium / Plasma creatinine),B,
IMM-Nephro-AKI-015,Nephrology,Acute Kidney Injury,"A patient presents with pre-renal acute kidney injury secondary to severe hypovolemia. According to general management principles, monitoring of which of the following parameters may specifically aid in determining the rate of administration of intravenous fluids?",Central venous pressure or pulmonary wedge pressure,Arterial blood gas pH levels,Fractional excretion of sodium every 4 hours,Urine osmolality trends,Serum calcium and phosphate levels,A,
IMM-Nephro-AKI-016,Nephrology,Acute Kidney Injury,"An oliguric patient with acute kidney injury develops severe pulmonary edema. She is given high-flow oxygen by face mask, a venous vasodilator (morphine), and furosemide, but shows no clinical response. What is the necessary next step in her management?",Intravenous calcium gluconate,Corticosteroids,Urgent hemodialysis,Sodium polystyrene sulfonate,Desmopressin,C,
IMM-Nephro-APKD-001,Nephrology,Adult Polycystic Kidney Disease,"A 40-year-old male presents with bilateral palpable kidneys and abdominal pain. Ultrasound confirms multiple cysts. His father had a similar condition and required dialysis at age 50. If this patient has the most common genetic mutation for this disease, which gene is affected and what is the expected clinical course?",PKD2 mutation with early onset ESRD,PKD1 mutation with late onset ESRD,PKD1 mutation with early onset ESRD (~52 years),PKD2 mutation with early onset ESRD (~52 years),Autosomal recessive mutation with childhood ESRD,C,
IMM-Nephro-APKD-002,Nephrology,Adult Polycystic Kidney Disease,"A 35-year-old female is diagnosed with Adult Polycystic Kidney Disease. During a routine check-up, she expresses concern about her family history of sudden severe headaches leading to death. Which associated condition should she specifically be screened for using MRI angiography?",Hepatic cysts,Colonic diverticula,Berry aneurysm,Aortic regurgitation,Renal cell carcinoma,C,
IMM-Nephro-APKD-003,Nephrology,Adult Polycystic Kidney Disease,A patient with Adult Polycystic Kidney Disease is started on Tolvaptan to help slow cyst formation in the kidneys. What is the specific pharmacological action of this medication?,Tyrosine-kinase inhibitor,Vasopressin V2 receptor antagonist,Mammalian target of rapamycin (mTOR) inhibitor,Angiotensin-converting enzyme inhibitor,Thiazide diuretic,B,
IMM-Nephro-APKD-004,Nephrology,Adult Polycystic Kidney Disease,"A medical student is reviewing genetic renal diseases. Regarding Adult Polycystic Kidney Disease (APKD), which of the following statements accurately describes its prevalence and histological origin?","Autosomal recessive, 1:10000, derived from glomerular tufts","Autosomal dominant, 1:1000, cysts lined by tubular epithelium","X-linked, 1:5000, derived from mesangial cells","Autosomal dominant, 1:100000, derived from transitional epithelium","Autosomal recessive, 1:1000, derived from endothelial cells",B,
IMM-Nephro-APKD-005,Nephrology,Adult Polycystic Kidney Disease,"A 30-year-old male with a family history of APKD undergoes a urinalysis during a routine check-up. Assuming he has developed early manifestations of the disease, what is the most classic finding expected on his urine examination?",Massive proteinuria (>3.5g/day),White blood cell casts,Hematuria with little or no proteinuria,Eosinophiluria,Muddy-brown granular casts,C,
IMM-Nephro-APKD-006,Nephrology,Adult Polycystic Kidney Disease,"A 25-year-old female is diagnosed with Adult Polycystic Kidney Disease. Her blood pressure is currently normal. According to the expected clinical course of this disease, after what age does hypertension typically start to manifest?",10 years,20 years,40 years,50 years,60 years,B,
IMM-Nephro-APKD-007,Nephrology,Adult Polycystic Kidney Disease,A 22-year-old asymptomatic male requests screening for APKD because his mother has the disease. He undergoes an abdominal ultrasound. What is the approximate sensitivity (percentage of patients demonstrating cysts) of this investigation for individuals over the age of 20?,50%,75%,85%,95%,100%,D,
IMM-Nephro-CKD-001,Nephrology,Chronic Kidney Disease,"A 50-year-old diabetic patient undergoes routine screening for renal function. His estimated Glomerular Filtration Rate (GFR) is calculated to be 38 mL/min. According to the stages of Chronic Kidney Disease (CKD), how is this patient's renal disease classified?",Stage 2 (Mild CKD),Stage 3A (Moderate CKD),Stage 3B (Moderate CKD),Stage 4 (Severe CKD),Stage 5 (Kidney failure),C,
IMM-Nephro-CKD-002,Nephrology,Chronic Kidney Disease,A patient with end-stage renal disease (ESRD) is found to be severely anemic. The anemia in this condition is classically described as which of the following?,Microcytic hypochromic,Macrocytic normochromic,Normochromic normocytic,Hemolytic,Megaloblastic,C,
IMM-Nephro-CKD-003,Nephrology,Chronic Kidney Disease,A 65-year-old female with long-standing chronic kidney disease complains of deep bone pain. Investigations reveal hypocalcemia. What is the primary mechanism leading to hypocalcemia and subsequent renal osteodystrophy in this patient?,Excess conversion of cholecalciferol into its active metabolite,Absence of the enzyme 1-alpha-hydroxylase,Enhanced gut absorption of calcium,Direct suppression of parathyroid hormone (PTH) release,Inability of the kidneys to excrete phosphate directly blocking calcium,B,
IMM-Nephro-CKD-004,Nephrology,Chronic Kidney Disease,A patient with type 2 diabetes mellitus and advancing chronic kidney disease notices that he requires significantly lower doses of exogenous insulin to maintain euglycemia compared to a year ago. What is the pathophysiological explanation for this change?,Increased endogenous insulin production,Worsening relative insulin resistance,Half-life of insulin is prolonged,Complete loss of appetite,Spontaneous resolution of beta-cell dysfunction,C,
IMM-Nephro-CKD-005,Nephrology,Chronic Kidney Disease,Which of the following conditions represents the most common cause of death in patients with chronic kidney disease?,Uncontrolled infections,Uremic encephalopathy,Severe bleeding due to platelet dysfunction,Cardiovascular disease,End-stage renal osteodystrophy,D,
IMM-Nephro-CKD-006,Nephrology,Chronic Kidney Disease,A 45-year-old male with newly diagnosed chronic kidney disease undergoes a renal ultrasound. The ultrasound report describes asymmetrical kidneys. This finding is most strongly suggestive of which of the following underlying etiologies?,Diabetic nephropathy,Systemic lupus erythematosus,Renovascular or developmental disease,Polycystic kidney disease,Long-standing essential hypertension,C,
IMM-Nephro-CKD-007,Nephrology,Chronic Kidney Disease,A patient with stage 4 chronic kidney disease presents for dietary counseling. He is currently oliguric. Which of the following dietary modifications is most appropriate for this patient?,High-protein diet to compensate for proteinuria,High-sodium diet to increase effective arterial volume,"Restriction of potassium, phosphate, and magnesium",Restriction of calcium and vitamin D,Complete elimination of all dietary protein,C,
IMM-Nephro-CKD-008,Nephrology,Chronic Kidney Disease,Uremia is a collection of symptoms and laboratory abnormalities seen in severe end-stage renal disease. Which of the following is NOT classically defined as a condition of uremia requiring dialysis?,Metabolic acidosis,Fluid overload (pulmonary edema),Hypokalemia,Uremic encephalopathy,Uremic pericarditis,C,
IMM-Nephro-CKD-009,Nephrology,Chronic Kidney Disease,A patient with chronic kidney disease presents with excessive bleeding after a minor dental extraction. A complete blood count is performed. Which of the following best describes the expected platelet profile in this patient?,Decreased platelet number with normal degranulation,"Normal platelet number, but they do not degranulate",Normal platelet number with enhanced granule release,Increased platelet number to compensate for chronic blood loss,Total absence of circulating platelets,B,
IMM-Nephro-CKD-010,Nephrology,Chronic Kidney Disease,Renal osteodystrophy is a metabolic bone disease common in chronic kidney disease. It encompasses several specific bone pathologies. Which of the following conditions is specifically referred to as hyperparathyroid bone disease?,Osteomalacia,Osteoporosis,Osteosclerosis,Osteitis fibrosa,Osteonecrosis,D,
IMM-Nephro-CKD-011,Nephrology,Chronic Kidney Disease,"Patients with chronic kidney disease (CKD) have a significantly increased susceptibility to infections, making it the second most common cause of death in this population. What is the primary immune defect responsible for this?",Absent complement proteins,Decreased production of immunoglobulins,Neutrophils cannot degranulate,Impaired activation of T-lymphocytes,Loss of splenic macrophages,C,
IMM-Nephro-CKD-012,Nephrology,Chronic Kidney Disease,"A patient with advanced chronic kidney disease is found to have a persistent metabolic acidosis on blood gas analysis. According to the provided text, this acidosis is associated with which of the following metabolic alterations?",Increased protein synthesis and decreased tissue catabolism,Increased tissue catabolism and decreased protein synthesis,Decreased conversion of cholecalciferol,Accelerated atherosclerosis,Release of phosphate from bones,B,
IMM-Nephro-CKD-013,Nephrology,Chronic Kidney Disease,"A 62-year-old male with a history of type 2 diabetes mellitus and chronic kidney disease presents for a routine follow-up. His blood pressure is consistently measured at 138/86 mmHg. According to management guidelines, what is the optimal blood pressure target for this specific patient?",< 130/80 mmHg,< 140/90 mmHg,< 125/75 mmHg,< 120/80 mmHg,< 135/85 mmHg,C,
IMM-Nephro-CKD-014,Nephrology,Chronic Kidney Disease,A patient with advanced chronic kidney disease (stage 4) requires antihypertensive therapy. He is a non-diabetic. Which of the following statements regarding the use of Angiotensin-Converting Enzyme Inhibitors (ACEI) in this patient is most accurate based on the provided text?,They are absolutely contraindicated in stage 4 CKD,They may be effective and safe to start,They should only be used if the patient develops diabetes,They require concurrent administration of potassium,They must be given intravenously in non-diabetics,B,
IMM-Nephro-CKD-015,Nephrology,Chronic Kidney Disease,A 55-year-old female with end-stage renal disease undergoes routine laboratory testing. Results show elevated serum phosphate levels and low serum calcium levels. Which of the following oral phosphate binders is most appropriate for this patient?,Sevelamer,Lanthanum,Calcium acetate,Aluminum hydroxide,Magnesium carbonate,C,
IMM-Nephro-CKD-016,Nephrology,Chronic Kidney Disease,A patient with end-stage renal disease (ESRD) has hyperphosphatemia. Laboratory results reveal that both his serum phosphate and serum calcium levels are significantly elevated. Which of the following medications should be prescribed to prevent phosphate absorption from the bowel?,Calcium carbonate,Calcium acetate,Vitamin D,Sevelamer,Erythropoietin,D,
IMM-Nephro-CKD-017,Nephrology,Chronic Kidney Disease,"A 65-year-old male with chronic kidney disease complains of severe, intractable pruritus that is significantly impacting his quality of life. According to the text, which of the following is a recommended treatment modality for this condition?",Desmopressin (DDAVP) administration,Estrogen and testosterone replacement,Sodium bicarbonate therapy,Dialysis and ultraviolet light,Oral phosphate binders,D,
IMM-Nephro-CKD-018,Nephrology,Chronic Kidney Disease,"A patient with chronic kidney disease presents with a significant bleeding episode following a minor trauma. His platelet count is normal, but platelet function is impaired. Which of the following therapies is specifically indicated to increase platelet function in this scenario?",Erythropoietin replacement,Estrogen replacement,Desmopressin (DDAVP),Fresh frozen plasma,Calcium carbonate,C,
IMM-Nephro-Prostate-001,Nephrology,Diseases of Prostate Gland,"A 65-year-old male presents with hesitancy, a poor urinary stream, and a sensation of incomplete emptying. He is diagnosed with Benign Prostatic Hyperplasia (BPH). What is the most common anatomical site within the prostate for this hyperplastic process to occur?",Peripheral zone,Central zone,Periurethral (transitional) zone,Anterior fibromuscular stroma,Seminal vesicles,C,
IMM-Nephro-Prostate-002,Nephrology,Diseases of Prostate Gland,A 70-year-old male with BPH is prescribed a 5-alpha-reductase inhibitor (finasteride). What is the specific role of the enzyme 5-alpha-reductase in the pathogenesis of BPH?,It directly stimulates estrogen receptors,It converts testosterone to dihydrotestosterone (DHT),It inhibits the synthesis of androgen receptors,It causes apoptosis of prostatic stromal cells,It converts DHT back to testosterone,B,
IMM-Nephro-Prostate-003,Nephrology,Diseases of Prostate Gland,"A patient with symptomatic BPH asks his physician about the hormonal causes of his condition. While DHT is the primary mediator, another hormone acts as a co-mediator by increasing the synthesis of androgen receptors, making the cells more susceptible to DHT. What is this co-mediator?",Testosterone,Progesterone,Luteinizing Hormone (LH),Estrogen,Follicle-Stimulating Hormone (FSH),D,
IMM-Nephro-Prostate-004,Nephrology,Diseases of Prostate Gland,"A 68-year-old male presents to the clinic with urinary frequency, urgency, and urge incontinence. His physician explains that these are secondary symptoms of BPH. How are these specific types of symptoms classified?",Obstructive symptoms,Irritative symptoms,Acute retention symptoms,Chronic retention symptoms,Post-renal symptoms,B,
IMM-Nephro-Prostate-005,Nephrology,Diseases of Prostate Gland,"A 75-year-old male with a long history of untreated BPH presents with a gradually progressive inability to micturate over several months. On examination, he has a painlessly distended bladder. This clinical picture is most consistent with which complication?",Acute retention,Chronic retention,Bladder trabeculation,Prostatic infarcts,Urinary tract infection,B,
IMM-Nephro-Prostate-006,Nephrology,Diseases of Prostate Gland,"A 55-year-old male with a markedly enlarged prostate (estimated at 50 grams) and bothersome lower urinary tract symptoms is started on medical therapy. According to the text, what is the appropriate medical treatment regimen for a prostate > 30 g?",Alpha blockers alone,5-alpha-reductase inhibitors alone,Transurethral resection of the prostate (TURP),5-alpha-reductase inhibitors ± alpha-blocker,Open prostatectomy,D,
IMM-Nephro-Prostate-007,Nephrology,Diseases of Prostate Gland,"A 72-year-old male is diagnosed with Prostatic Adenocarcinoma. The oncologist is discussing the risk factors and epidemiology with the patient. According to the text, what is considered the most important risk factor for developing this disease?",Family history,Race,Increased fat consumption,Decreased vitamins A and E,Aging,E,
IMM-Nephro-Prostate-008,Nephrology,Diseases of Prostate Gland,"A 65-year-old male undergoes a routine digital rectal examination (DRE), and a hard nodule is palpated. A subsequent biopsy confirms prostatic adenocarcinoma. In which zone of the prostate do 70% of these cancers originate, making them palpable on DRE?",Periurethral (transitional) zone,Central zone,Peripheral zone,Anterior fibromuscular stroma,Ejaculatory ducts,C,
IMM-Nephro-Prostate-009,Nephrology,Diseases of Prostate Gland,A patient with advanced prostatic adenocarcinoma complains of severe lower back pain. Imaging reveals a specific type of bone metastasis that is considered diagnostic for this cancer in men. What type of metastasis is this?,Osteolytic metastasis,Osteoblastic metastasis,Mixed lytic and blastic metastasis,Subperiosteal bone resorption,Osteomalacia,B,
IMM-Nephro-Prostate-010,Nephrology,Diseases of Prostate Gland,"A 60-year-old male undergoes a transurethral resection of the prostate (TURP) for presumed BPH. Pathology incidentally discovers a small focus of adenocarcinoma confined within the resected tissue. Based on the staging system provided, how is this incidentally found cancer classified?",T1,T2,T3a,T3b,T4,A,
IMM-Nephro-Prostate-011,Nephrology,Diseases of Prostate Gland,"A patient's prostate biopsy report indicates extra-prostatic extension of the tumor, specifically with invasion into the seminal vesicles. What is the correct T-stage for this finding?",T2,T3a,T3b,T4,N1,A,
IMM-Nephro-Prostate-012,Nephrology,Diseases of Prostate Gland,"A 58-year-old male has a routine PSA test, and the result is mildly elevated. The physician explains that PSA is organ-specific but not cancer-specific. Which of the following conditions is NOT listed in the text as a cause for an increased PSA level?",BPH,Prostatitis,Prostatic infarcts,Ejaculation,"Exercise (e.g., cycling)",E,
IMM-Nephro-Prostate-013,Nephrology,Diseases of Prostate Gland,A 65-year-old male has his PSA level checked. The result is 4.0 ng/mL. The physician calculates his PSA Density. Why is it important to use age-specific reference values for PSA when evaluating a patient?,Because the rate of cancer growth decreases with age,Because PSA velocity naturally decreases as men age,"Because the size of the prostate gland increases with aging, which increases PSA",Because older men have a lower threshold for initiating radical prostatectomy,Because older men clear PSA from their blood more rapidly,C,
IMM-Nephro-Prostate-014,Nephrology,Diseases of Prostate Gland,A patient has been monitoring his PSA levels annually. The physician calculates the PSA velocity to help distinguish between BPH and prostate cancer. A PSA velocity exceeding what threshold value is indicative of distinguishing men with and without cancer?,0.25 ng/mL/year,0.50 ng/mL/year,0.75 ng/mL/year,1.0 ng/mL/year,1.5 ng/mL/year,C,
IMM-Nephro-Prostate-015,Nephrology,Diseases of Prostate Gland,"A 75-year-old male is diagnosed with widely metastatic prostate cancer involving the lumbar spine and pelvis. According to the treatment summary, what is the primary modality of treatment for metastatic prostate cancer?",Radical prostatectomy,External beam radiotherapy,Endocrine therapy,Transurethral resection of the prostate (TURP),Watchful waiting,C,
IMM-Nephro-Prostate-016,Nephrology,Diseases of Prostate Gland,A patient with metastatic prostate cancer is started on endocrine therapy to decrease testosterone production and block its effects. Which of the following medications acts specifically as an androgen receptor antagonist?,Goserelin,Finasteride,Tamsulosin,Cyproterone Acetate,Tolvaptan,D,
IMM-Nephro-Nephritic-001,Nephrology,Nephritic Syndrome,"A 25-year-old female presents with sudden onset of edema, hypertension, and oliguria. Urinalysis reveals less than 3.5 g/day of proteinuria. Which of the following microscopic findings in her urine is the key diagnostic feature confirming clinically defined Nephritic Syndrome?",Hyaline casts,Eosinophils,Red blood cells and RBC casts,White blood cell casts,Muddy-brown granular casts,C,
IMM-Nephro-Nephritic-002,Nephrology,Nephritic Syndrome,"A 9-year-old boy is brought to the clinic by his mother because his urine looks like ""cocoa"". He had a severe sore throat 3 weeks ago that resolved without treatment. Laboratory tests show elevated ASO titers and decreased serum C3 levels. If a renal biopsy were performed, what would light microscopy most likely show?",Normal glomeruli with mesangial widening,"Hypercellular, enlarged glomeruli with a lumpy-bumpy appearance",Crescentic formations within Bowman's space,Focal necrotizing lesions,Thinning of the glomerular basement membrane,B,
IMM-Nephro-Nephritic-003,Nephrology,Nephritic Syndrome,A 22-year-old male presents with episodes of gross hematuria that consistently occur 1 to 2 days after he develops a mild upper respiratory tract infection. Blood tests reveal normal serum complement (C3) levels. Which of the following findings would be expected on electron microscopy of his renal biopsy?,Subepithelial humps,Mesangial electron-dense deposits,Basket & Weave appearance of the GBM,Widespread effacement of podocyte foot processes,Linear deposition of IgG along the basement membrane,B,
IMM-Nephro-Nephritic-004,Nephrology,Nephritic Syndrome,"A 20-year-old male is diagnosed with IgA nephropathy (Berger Disease) after a renal biopsy. He asks his physician about the long-term prognosis of his condition. Based on the text, what is the most accurate information to provide regarding his clinical course?",The disease is universally fatal within 5 years without a transplant,95% of cases resolve spontaneously without any treatment,Chronic renal failure occurs in 15 - 40% of cases over a period of 20 years,It inevitably rapidly progresses to end-stage renal disease within months,Treatment with ACE inhibitors guarantees a reversal of the disease process,C,
IMM-Nephro-Nephritic-005,Nephrology,Nephritic Syndrome,"A 35-year-old male presents with hemoptysis and dyspnea, rapidly followed by acute renal failure. He has no history of sinusitis, nasal mucosal ulceration, or skin involvement. Blood tests are positive for anti-basement membrane antibodies. This patient's disease is classified as which type of hypersensitivity?",Type I hypersensitivity,Type II hypersensitivity,Type III hypersensitivity,Type IV hypersensitivity,Type V hypersensitivity,B,
IMM-Nephro-Nephritic-006,Nephrology,Nephritic Syndrome,"A 45-year-old male is admitted with severe hemoptysis and declining renal function. Workup confirms Goodpasture's syndrome. According to the text, which of the following is considered a component of the treatment for this specific condition?",Wait for spontaneous resolution in 95% of cases,Long-term oral antibiotics,Plasma exchange,Strict avoidance of immunosuppressive therapy,Ultraviolet light therapy,C,
IMM-Nephro-Nephritic-007,Nephrology,Nephritic Syndrome,"A 50-year-old male presents with chronic sinusitis, otitis media, and a newly developed saddle-nose deformity. He also reports coughing up blood and his urinalysis shows hematuria with red cell casts. A specific serum marker is elevated in 95% of patients with this disease. What is this marker?",Anti-GBM antibodies,Antinuclear antibodies (ANA),c-ANCA,Elevated ASO titers,Decreased serum C3,C,
IMM-Nephro-Nephritic-008,Nephrology,Nephritic Syndrome,"A 28-year-old patient presents with rapidly deteriorating kidney function and hemoptysis. His anti-GBM antibody test is negative, but c-ANCA is significantly elevated. A severe form of his condition is expected on renal biopsy. What is the expected biopsy finding for the severe form of this disease?",Focal proliferative glomerulonephritis,Membranoproliferative glomerulonephritis,Crescentic glomerulonephritis,Diffuse proliferative glomerulonephritis,Lumpy-bumpy leukocytic infiltration,C,
IMM-Nephro-Nephritic-009,Nephrology,Nephritic Syndrome,A 14-year-old boy presents with gross hematuria and progressive hearing loss (nerve deafness). His family history is significant for an uncle who died of chronic renal failure. An eye examination reveals posterior cataracts. The pathogenesis of his likely condition involves defective synthesis of which of the following?,Collagen type I,Collagen type II,Collagen type III,Collagen type IV,Elastin,D,
IMM-Nephro-Nephritic-010,Nephrology,Nephritic Syndrome,A renal biopsy is performed on a young patient with suspected Alport Syndrome. Which of the following microscopic descriptions represents the classic diagnostic appearance of the glomerular basement membrane (GBM) on electron microscopy for this condition?,Subepithelial humps,Mesangial electron-dense deposits,Basket & Weave appearance with alternating thinning and thickening,"Linear, continuous immunofluorescence",Focal necrotizing destruction of the capillary tuft,C,
IMM-Nephro-Nephritic-011,Nephrology,Nephritic Syndrome,A clinical pearl lists several forms of glomerulonephritis associated with low serum complement levels. Which of the following conditions is included in that specific list?,IgA nephropathy,Subacute bacterial endocarditis,Wegener's granulomatosis,Goodpasture's syndrome,Alport Syndrome,B,
IMM-Nephro-Nephritic-012,Nephrology,Nephritic Syndrome,"A patient is suspected of having a form of immune-complex mediated systemic disease leading to glomerulonephritis. According to the classification provided in the text, which of the following is considered a systemic disease causing immune-complex glomerulonephritis?",Post-streptococcal glomerulonephritis,Rapidly progressive glomerulonephritis,Goodpasture's syndrome,Cryoglobulinemia,IgA nephropathy,D,
IMM-Nephro-Nephritic-013,Nephrology,Nephritic Syndrome,"A 40-year-old female with systemic lupus erythematosus (SLE) develops nephrotic syndrome. Renal biopsy reveals a ""tram track"" appearance on light microscopy due to a double-layered basement membrane. Electron microscopy shows sub-endothelial deposits. What is the diagnosis?",Type-I Membranoproliferative Glomerulonephritis,Type-II Membranoproliferative Glomerulonephritis,Membranous Glomerulopathy,Focal Segmental Glomerulosclerosis,Renal Amyloidosis,A,
IMM-Nephro-Nephritic-014,Nephrology,Nephritic Syndrome,"A patient with nephrotic syndrome has laboratory tests showing persistently very low C3 complement levels. Further testing identifies the presence of ""C3 nephritic factor"". What is the specific pathological mechanism of this auto-antibody?",It directly attacks the glomerular basement membrane collagen,It prevents degradation of C3-convertase causing sustained activation of C3,It binds to sub-epithelial antigens forming in-situ immune complexes,It triggers cytokine release leading to foot process effacement,It acts as an insoluble fibrillar protein disrupting the mesangium,B,
IMM-Nephro-Nephritic-015,Nephrology,Nephritic Syndrome,A patient diagnosed with Type-II Membranoproliferative Glomerulonephritis (dense-deposit disease) undergoes electron microscopy of a renal biopsy. Where are the deposits characteristically found in this specific subtype?,Sub-epithelial space,Sub-endothelial space,Intra-membranous space,Mesangial matrix,Bowman's space,C,
IMM-Nephro-Nephritic-016,Nephrology,Nephritic Syndrome,"A 30-year-old patient presents with edema. The physician is trying to distinguish clinically between a nephritic and a nephrotic syndrome. According to standard definitions, which of the following findings is specifically characteristic of a nephritic syndrome rather than nephrotic?",Massive proteinuria (≥ 3.5 g/day),Hypoalbuminemia (< 3 g/dL),Oliguria,Hyperlipidemia,Lipiduria,C,
IMM-Nephro-Nephritic-017,Nephrology,Nephritic Syndrome,"A 15-year-old boy presents with macroscopic hematuria. A detailed history reveals he had a mild upper respiratory tract infection recently. According to clinical pearls, which of the following timelines and complement profiles strongly points towards IgA nephropathy rather than post-streptococcal glomerulonephritis?",Hematuria occurring 1 to 2 weeks after infection with low C3 levels,Hematuria occurring 1 to 2 days after infection with normal C3 levels,Hematuria occurring 1 to 2 weeks after infection with normal C3 levels,Hematuria occurring 1 to 2 days after infection with low C3 levels,Hematuria occurring 4 weeks after infection with elevated ASO titers,B,
IMM-Nephro-Nephritic-018,Nephrology,Nephritic Syndrome,"A 42-year-old male presents with hemoptysis and rapidly progressive renal failure. He is being evaluated for Goodpasture's syndrome versus Wegener's granulomatosis. Which of the following clinical findings, if present, would effectively rule OUT Goodpasture's syndrome and favor Wegener's?",Dyspnea,Upper respiratory tract involvement (e.g. sinusitis),Red cell casts on microscopic examination of urine,Possible respiratory failure,Hematuria,B,
IMM-Nephro-Nephritic-019,Nephrology,Nephritic Syndrome,An 8-year-old girl is diagnosed with post-streptococcal glomerulonephritis (PSGN). She has mild edema and dark urine. What is the most appropriate primary treatment and expected prognosis for this condition?,Immediate plasma exchange; lifelong risk of end-stage renal disease,High-dose oral corticosteroids; 50% progress to chronic renal failure,Supportive care; 95% of cases resolve spontaneously,Cyclophosphamide; universally fatal without renal transplant,Chronic ACE inhibitor therapy; permanent reversal of the disease,C,
IMM-Nephro-Nephritic-020,Nephrology,Nephritic Syndrome,"A 28-year-old patient with a known history of Celiac disease presents with recurrent episodes of gross hematuria. Based on known associations, which form of glomerulonephritis is this patient at an increased risk of developing?",Post-streptococcal glomerulonephritis,IgA nephropathy,Goodpasture's syndrome,Wegener's granulomatosis,Alport Syndrome,B,
IMM-Nephro-Nephritic-021,Nephrology,Nephritic Syndrome,A family is referred for genetic counseling due to a strong history of Alport Syndrome resulting in chronic renal failure. The geneticist explains the pathogenesis and inheritance of the defective GBM synthesis. What is the most common genetic trait for this disease?,Autosomal dominant,Autosomal recessive,X-linked recessive,Mitochondrial inheritance,Y-linked dominant,C,
IMM-Nephro-Nephritic-022,Nephrology,Nephritic Syndrome,A 16-year-old boy with a family history of Alport Syndrome is referred to an ophthalmologist for screening of associated eye disorders. Which of the following ocular pathologies is classically associated with this syndrome?,Optic neuritis,Macular degeneration,Retinal detachment,Glaucoma,Lens dislocation,E,
IMM-Nephro-Nephritic-023,Nephrology,Nephritic Syndrome,A 52-year-old male presents with hematuria and red cell casts. He also reports chronic rhinitis and a saddle-nose deformity. A chest X-ray is ordered to evaluate for lower respiratory involvement of his suspected condition. What is a classic finding on the chest X-ray in this disease?,Bilateral hilar lymphadenopathy,Lobar consolidation,Nodular lesions,Severe hyperinflation,Widespread interstitial fibrosis,C,
IMM-Nephro-Nephritic-024,Nephrology,Nephritic Syndrome,"A 24-year-old male presents with recurrent episodes of microscopic hematuria after gastrointestinal infections. The physician suspects Berger Disease (IgA nephropathy) and orders serum IgA levels. According to the text, in what percentage of cases are IgA levels actually increased?",10%,25%,50%,75%,100%,C,
IMM-Nephro-Nephrotic-001,Nephrology,Nephrotic Syndrome,A 45-year-old male presents with marked generalized edema and frothy urine. A 24-hour urine collection reveals 4.0 grams of protein. Which of the following serum albumin levels is required to formally meet the diagnostic criteria for nephrotic syndrome?,< 4.5 g/dL,< 4.0 g/dL,< 3.5 g/dL,< 3.0 g/dL,< 2.0 g/dL,D,
IMM-Nephro-Nephrotic-002,Nephrology,Nephrotic Syndrome,A patient is diagnosed with nephrotic syndrome. The physician is reviewing the patient's medical history to determine if the cause is a primary glomerular disease or a systemic disease. Which of the following conditions is classified as a systemic cause of nephrotic syndrome?,Minimal change disease,Membranous glomerulopathy,Focal segmental glomerulosclerosis,Membranoproliferative glomerulonephritis,Cryoglobulinemia,E,
IMM-Nephro-Nephrotic-003,Nephrology,Nephrotic Syndrome,"A patient with suspected nephrotic syndrome submits a urine sample. The dipstick is heavily positive for protein. To accurately estimate the urinary protein loss without performing a cumbersome 24-hour collection, an albumin-to-creatinine ratio is calculated. If the resulting ratio is 3, what is the estimated protein excreted over 24 hours?",1.5 grams,2.0 grams,3.0 grams,4.5 grams,6.0 grams,C,
IMM-Nephro-Nephrotic-004,Nephrology,Nephrotic Syndrome,"A 55-year-old female with long-standing nephrotic syndrome complains of sudden onset, unilateral leg swelling and pain. Doppler ultrasound confirms a deep vein thrombosis. What specific class of medication is indicated for the treatment of this known complication of nephrotic syndrome?",Broad-spectrum antibiotics,High-dose corticosteroids,Oral phosphate binders,Anticoagulation therapy,ACE inhibitors,D,
IMM-Nephro-Nephrotic-005,Nephrology,Nephrotic Syndrome,A 7-year-old boy presents with severe periorbital and pedal edema. His mother notes he recently recovered from a mild upper respiratory infection. Urinalysis shows massive proteinuria. What is the fundamental pathophysiological mechanism causing the proteinuria in the most likely diagnosis?,Accumulation of insoluble fibrillar proteins in the mesangium,Cytokine mediated loss of the negative charge of the glomerular basement membrane,Sub-epithelial immune complex deposition causing membrane thickening,Activation of the alternative complement pathway by autoantibodies,Ischemic necrosis of the tubular epithelial cells,B,
IMM-Nephro-Nephrotic-006,Nephrology,Nephrotic Syndrome,A 28-year-old female with a known history of a hematological malignancy develops sudden generalized edema and frothy urine. Renal biopsy confirms Minimal Change Disease. Which of the following malignancies is classically associated with this specific renal pathology?,Lung cancer,Colon cancer,Melanoma,Hodgkin disease,Multiple myeloma,D,
IMM-Nephro-Nephrotic-007,Nephrology,Nephrotic Syndrome,A 6-year-old child is newly diagnosed with Minimal Change Disease. The parents are anxious about the prognosis and treatment. Which of the following statements represents an accurate clinical characteristic of this specific disease?,"It frequently presents with severe, uncontrolled hypertension",It rapidly progresses to end-stage renal failure in most cases,"The proteinuria is highly selective, consisting mainly of globulins",It demonstrates an excellent response to corticosteroids,It requires immediate initiation of hemodialysis,D,
IMM-Nephro-Nephrotic-008,Nephrology,Nephrotic Syndrome,A renal biopsy is performed on a patient with highly selective proteinuria and normal blood pressure. Light microscopy and fluorescence microscopy reveal no changes. Which of the following findings on electron microscopy confirms the diagnosis of Minimal Change Disease?,Sub-endothelial electron-dense deposits,Diffuse effacement of foot processes of visceral epithelial cells,Spike and dome appearance of the basement membrane,Intra-membranous dense deposits,Apple-green birefringence under polarized light,B,
IMM-Nephro-Nephrotic-009,Nephrology,Nephrotic Syndrome,A 50-year-old male with no significant past medical history presents with generalized edema. Urinalysis confirms nephrotic-range proteinuria. He is ultimately diagnosed with the most common cause of nephrotic syndrome in adults. What is the diagnosis?,Minimal change disease,Membranous glomerulopathy,Focal segmental glomerulosclerosis,Membranoproliferative glomerulonephritis,Renal amyloidosis,B,
IMM-Nephro-Nephrotic-010,Nephrology,Nephrotic Syndrome,A 45-year-old male with a history of chronic hepatitis B infection develops nephrotic syndrome. A renal biopsy is performed to determine the specific glomerular pathology. Which of the following diseases is most strongly associated with his underlying viral infection?,Focal segmental glomerulosclerosis,Minimal change disease,Membranous glomerulopathy,Type-II membranoproliferative glomerulonephritis,Renal amyloidosis,C,
IMM-Nephro-Nephrotic-011,Nephrology,Nephrotic Syndrome,"A biopsy of a patient with nephrotic syndrome is stained with silver stain and demonstrates a characteristic ""spike and dome"" appearance of the basement membrane. On electron microscopy, where are the immune deposits located in this condition?",Sub-endothelial space,Within the mesangium,Sub-epithelial space (between GBM and overlying epithelial cells),Intra-membranous space (within the lamina densa),Within the Bowman's capsule space,C,
IMM-Nephro-Nephrotic-012,Nephrology,Nephrotic Syndrome,A 32-year-old male with a history of intravenous heroin addiction and HIV infection presents with marked edema and uncontrolled hypertension. Urinalysis shows non-selective proteinuria. Which of the following is the most likely finding on renal biopsy?,Normal glomeruli on light microscopy,Sclerosis involving only a portion of the capillary tuft in some glomeruli,Double layered basement membrane with a tram track appearance,Nodular glomerulosclerosis with amyloid fibrils,Sub-epithelial immune complex deposits,B,
IMM-Nephro-Nephrotic-013,Nephrology,Nephrotic Syndrome,Which of the following clinical or laboratory features helps differentiate Focal Segmental Glomerulosclerosis (FSGS) from Minimal Change Disease?,Highly selective proteinuria in FSGS,Excellent response to corticosteroids in FSGS,Absence of hypertension in FSGS,Progression to renal failure in 50% within 10 years in FSGS,Diffuse effacement of foot processes exclusive to FSGS,D,
IMM-Nephro-Nephrotic-014,Nephrology,Nephrotic Syndrome,"A 65-year-old male with long-standing rheumatoid arthritis develops massive proteinuria and generalized edema. A renal biopsy is performed and reveals nodular glomerulosclerosis. When the tissue is stained with Congo red and viewed under polarized light microscopy, what classic finding is expected?",Spike and dome appearance,Tram track appearance,Apple-green birefringence,Lumpy-bumpy appearance,Basket and weave appearance,C,
IMM-Nephro-Nephrotic-015,Nephrology,Nephrotic Syndrome,A patient with multiple myeloma develops secondary renal amyloidosis. What is the pharmacological combination of choice for the medical treatment of this condition?,Corticosteroids and cyclophosphamide,ACE inhibitors and statins,Prednisone and melphalan,Ceftriaxone and azithromycin,Ciprofloxacin and TMP-SMX,C,
IMM-Nephro-Nephrotic-016,Nephrology,Nephrotic Syndrome,"A patient is undergoing a workup for suspected nephrotic syndrome. A 24-hour urine collection is ordered. According to the strict definition, what is the minimum daily loss of protein required to confirm ""massive proteinuria""?",≥ 1.5 grams,≥ 2.0 grams,≥ 3.0 grams,≥ 3.5 grams,≥ 4.5 grams,D,
IMM-Nephro-Nephrotic-017,Nephrology,Nephrotic Syndrome,A 50-year-old patient presents with generalized edema and a serum albumin of 2.8 g/dL. Which of the following tests is considered the best initial test in the workup of a suspected nephrotic syndrome?,Renal biopsy,Urinalysis,24-hour urinary protein,Urine albumin:creatinine ratio,Renal ultrasound,B,
IMM-Nephro-Nephrotic-018,Nephrology,Nephrotic Syndrome,"A patient diagnosed with a primary glomerular disease causing nephrotic syndrome is prescribed an Angiotensin Receptor Blocker (ARB). According to specific treatment measures, what is the primary renal benefit of using ACE inhibitors or ARBs in this setting?",To treat the underlying systemic cause,To prevent thromboembolism,To decrease proteinuria and slow progression of disease,To directly increase serum albumin synthesis,To eliminate hyperlipidemia,C,
IMM-Nephro-Nephrotic-019,Nephrology,Nephrotic Syndrome,A 4-year-old boy develops severe periorbital edema and massive proteinuria. The pediatrician suspects Minimal Change Disease. Which of the following recent events in the patient's history is a known classic association or trigger for this condition?,Recent immunization,Episode of acute gastroenteritis,Minor head trauma,Exposure to a patient with Hepatitis B,Bite from a tick,A,
IMM-Nephro-Nephrotic-020,Nephrology,Nephrotic Syndrome,A 65-year-old female with severe rheumatoid arthritis has been treated with Penicillamine for several months. She subsequently develops generalized edema and nephrotic-range proteinuria. Which specific glomerular disease is classically associated with the use of this drug?,Minimal change disease,Focal segmental glomerulosclerosis,Membranous glomerulopathy,Type-I membranoproliferative glomerulonephritis,Post-streptococcal glomerulonephritis,C,
IMM-Nephro-Nephrotic-021,Nephrology,Nephrotic Syndrome,Which of the following patient profiles best fits the typical clinical presentation of a patient developing Focal Segmental Glomerulosclerosis (FSGS)?,An elderly female with an autoimmune thyroiditis,A young male with uncontrolled hypertension,A child with a recent respiratory infection,A middle-aged male with a history of lung cancer,A patient with long-standing Hepatitis C infection,B,
IMM-Nephro-Nephrotic-022,Nephrology,Nephrotic Syndrome,A 32-year-old male with a history of massive obesity and sickle cell disease is evaluated for nephrotic syndrome. A renal biopsy confirms sclerosis of some glomeruli involving only a portion of the capillary tuft. Which of the following is another well-known cause of this specific glomerular pathology?,Heroin addiction,Gold therapy,Captopril use,Non-steroidal anti-inflammatory drugs (NSAIDs),Celiac disease,A,
IMM-Nephro-Nephrotic-023,Nephrology,Nephrotic Syndrome,"A patient is diagnosed with Type-I Membranoproliferative Glomerulonephritis (MPGN). According to the pathogenesis described in the text, this condition results from the activation of which complement pathway(s)?",Only the alternative complement pathway,Only the classic complement pathway,Both classic and alternative complement pathways,The lectin complement pathway exclusively,No complement pathways are involved,C,
IMM-Nephro-Nephrotic-024,Nephrology,Nephrotic Syndrome,A 45-year-old patient with a history of long-standing Inflammatory Bowel Disease (IBD) develops renal failure. A renal biopsy shows accumulation of insoluble fibrillar proteins forming beta-pleated sheaths. Which of the following is another chronic condition that can lead to this specific type of renal pathology?,Sickle cell disease,Heroin addiction,Rheumatoid arthritis,Hepatitis B,Syphilis,C,
IMM-Nephro-Nephrotic-025,Nephrology,Nephrotic Syndrome,"A 55-year-old patient with idiopathic Membranous Glomerulopathy is discussing treatment options with his nephrologist. When considering corticosteroid therapy, what is the expected clinical response based on the features of this disease?","Excellent response, similar to Minimal Change Disease",Complete remission within 2 weeks of initiation,Not good response to corticosteroids,Causes rapid acceleration to end-stage renal disease,Steroids are the only curative treatment,C,
IMM-Nephro-RCC-001,Nephrology,Renal Cell Carcinoma,"A 60-year-old male undergoes a radical nephrectomy for a large renal mass. The pathologist notes that the tumor arose from renal tubular cells. According to the text, which histological type accounts for 85% of these tumors and is associated with early spread to the renal pelvis?",Papillary carcinoma,Chromophobe carcinoma,Collecting duct carcinoma,Clear cell carcinoma,Transitional cell carcinoma,D,
IMM-Nephro-RCC-002,Nephrology,Renal Cell Carcinoma,A 68-year-old male presents with painless hematuria and left-sided loin pain. A renal mass is discovered. Laboratory investigations reveal a significantly elevated hemoglobin and hematocrit (polycythemia). This paraneoplastic finding is due to the tumor's secretion of which substance?,Parathyroid hormone-related peptide (PTHrP),Erythropoietin,Renin,Aldosterone,Anti-diuretic hormone (ADH),B,
IMM-Nephro-RCC-003,Nephrology,Renal Cell Carcinoma,"An abdominal ultrasound on a 55-year-old asymptomatic female incidentally discovers a complex, solid renal mass. To accurately differentiate the tumor, stage the disease, and plan surgical management, what is the best next step in imaging?",Non-contrast spiral CT scan,Intravenous urography (IVU),Contrast-enhanced CT of Abdomen and Chest,MRI angiography,Plain abdominal X-ray,C,
IMM-Nephro-RCC-004,Nephrology,Renal Cell Carcinoma,"A 50-year-old patient is diagnosed with a 3.5 cm clear cell carcinoma confined to the lower pole of the right kidney. There is no evidence of metastasis. Based on the size of the tumor, which of the following is the explicitly recommended surgical management?",Radical nephrectomy,Open surgical nephrolithotomy,Partial nephrectomy,Percutaneous nephrostomy,Renal transplantation,C,
IMM-Nephro-RCC-005,Nephrology,Renal Cell Carcinoma,A 70-year-old male is diagnosed with widely metastatic renal cell carcinoma. The oncologist explains that the tumor is resistant to most standard chemotherapeutic agents. Which of the following targeted therapies represents a mainstay of treatment for his condition?,"Tyrosine-kinase inhibitors (e.g., Sunitinib)","Vasopressin V2 receptor antagonists (e.g., Tolvaptan)",Recombinant erythropoietin,High-dose corticosteroids,Oral phosphate binders,A,
IMM-Nephro-RCC-006,Nephrology,Renal Cell Carcinoma,A 65-year-old male presents to the urology clinic. He is diagnosed with a symptomatic renal cell carcinoma. Which of the following represents the most frequent individual presenting symptom in symptomatic cases of this malignancy?,Flank mass,Loin pain,Hematuria,Fever,Weight loss,C,
IMM-Nephro-RCC-007,Nephrology,Renal Cell Carcinoma,A patient with a newly discovered renal mass is undergoing preoperative evaluation. A complete blood count and inflammatory markers are ordered. Which of the following is a classic associated laboratory feature of renal cell carcinoma?,Severe thrombocytopenia,Raised Erythrocyte Sedimentation Rate (ESR),Markedly decreased serum calcium,Hypoglycemia,Decreased hemoglobin levels,B,
IMM-Nephro-RCC-008,Nephrology,Renal Cell Carcinoma,"A urologic surgeon is performing a radical nephrectomy for a large, resectable renal cell carcinoma. According to standard surgical management outlined in the text, this procedure involves the removal of the kidney and which of the following adjacent structures?",Contralateral kidney,Ipsilateral adrenal gland only,Spleen and tail of pancreas,Peri-renal fascia and ipsilateral para-aortic nodes,Entire bladder and distal ureter,D,
IMM-Nephro-RRT-001,Nephrology,Renal Replacement Therapy,A patient with acute kidney injury is being evaluated for renal replacement therapy. Which of the following is a recognized indication for initiating urgent dialysis in this setting?,Uremic pericarditis,Hypokalemia,Asymptomatic hyperphosphatemia,Mild metabolic alkalosis,Compensated anemia,A,
IMM-Nephro-RRT-002,Nephrology,Renal Replacement Therapy,A patient with end-stage renal disease is undergoing hemodialysis. The process involves removing fluid (sodium and water) from the patient's blood. Which of the following physical principles is responsible for this fluid removal?,Bidirectional diffusion down a concentration gradient,Active transport via ATPases,Negative trans-membrane pressure gradient,Osmosis via administration of hypertonic dialysate,Convective clearance through a positive gradient,C,
IMM-Nephro-RRT-003,Nephrology,Renal Replacement Therapy,"A patient with chronic kidney disease is scheduled to begin hemodialysis. The nephrologist discusses the physiological mechanisms of the dialyzer. Solute removal (such as potassium, urea, and creatinine) across the semi-permeable membrane is inversely proportional to which of the following factors?",The trans-membrane pressure gradient,The concentration of sodium in the dialysate,The size of the solute,The flow rate of the blood pump,The duration of the dialysis session,C,
IMM-Nephro-RRT-004,Nephrology,Renal Replacement Therapy,A 50-year-old male is preparing to start chronic hemodialysis for ESRD. An arteriovenous fistula (AVF) is surgically created in his forearm. The physician advises him that he must wait 4 to 6 weeks before it can be used. What physiological process occurs during this maturation period?,Angiogenesis of new capillary beds,Complete fibrosis of the surrounding tissue,Distention and thickening of the vein due to arterial pressure,Endothelialization of a synthetic graft,Spontaneous recanalization of stenotic segments,C,
IMM-Nephro-RRT-005,Nephrology,Renal Replacement Therapy,"An intensive care patient with acute kidney injury requires short-term hemodialysis. The critical care physician is inserting a large-bore, double-lumen catheter. Why must the physician specifically avoid using the subclavian vein for this access?",It carries the highest risk of disequilibrium syndrome,It jeopardizes the formation of a future arteriovenous fistula in the arm,It prevents the adequate removal of potassium,It routinely causes irreversible damage to the phrenic nerve,It significantly increases the required dose of heparin,B,
IMM-Nephro-RRT-006,Nephrology,Renal Replacement Therapy,A patient with newly diagnosed severe acute kidney injury is started on hemodialysis. The nephrologist orders the initial session to last only 1 to 2 hours. What severe complication is the physician primarily trying to prevent with this gradual initiation?,Fatal arrhythmias,Acute myocardial infarction,Disequilibrium syndrome presenting with confusion and convulsions,Immediate synthetic catheter malfunction,Acute hypocalcemia,C,
IMM-Nephro-RRT-007,Nephrology,Renal Replacement Therapy,"A patient requiring hemodialysis has a significant underlying coagulopathy with active gastrointestinal bleeding. Standard anticoagulation with heparin is deemed too high risk. If anticoagulation cannot be completely avoided, which alternative agent can be used, keeping in mind its associated risk of hypotension?",Epoprostenol,Warfarin,Clopidogrel,Aspirin,Low molecular weight heparin,A,
IMM-Nephro-RRT-008,Nephrology,Renal Replacement Therapy,"A critically ill patient with acute kidney injury is hemodynamically unstable. The medical team opts for hemofiltration rather than standard hemodialysis. During hemofiltration, a replacement fluid is infused. Which of the following solutes is explicitly EXCLUDED from this replacement fluid?",Sodium,Potassium,Bicarbonate,Chloride,Glucose,B,
IMM-Nephro-RRT-009,Nephrology,Renal Replacement Therapy,"A 75-year-old patient with ESRD has a history of severe cardiovascular instability and heart failure. He is seeking a renal replacement therapy that is simple, less costly, and can be performed at home. Which modality is particularly useful for this patient?",Hemodialysis via central venous catheter,Hemodialysis via arteriovenous fistula,Hemofiltration,Continuous Ambulatory Peritoneal Dialysis (CAPD),Renal transplantation,D,
IMM-Nephro-RRT-010,Nephrology,Renal Replacement Therapy,"A patient utilizing Continuous Ambulatory Peritoneal Dialysis (CAPD) presents to the emergency department with abdominal pain, fever, and cloudy peritoneal effluent. A diagnosis of peritonitis is made. Which organism is the most common cause of this complication?",Escherichia coli,Pseudomonas aeruginosa,Staphylococcus aureus,Streptococcus pneumoniae,Candida albicans,C,
IMM-Nephro-RRT-011,Nephrology,Renal Replacement Therapy,"A 45-year-old male with end-stage renal disease is being evaluated for a renal transplant. Upon reviewing his medical history, the transplant committee determines he has an absolute contraindication to the procedure. Which of the following conditions represents an absolute contraindication?",Patient age of 70 years,High risk of disease recurrence in the transplant kidney,Disease of the lower urinary tract,Active vasculitis,Significant but controlled essential hypertension,D,
IMM-Nephro-RTA-001,Nephrology,Renal Tubular Acidosis,"A 45-year-old patient with multiple myeloma develops a non-anion gap metabolic acidosis. An intravenous sodium bicarbonate load is administered, resulting in a high fractional excretion of bicarbonate (> 15%). The urine pH drops to < 5.5 once the serum is acidic. What is the primary anatomical site and nature of the defect in this patient?",Distal tubule inability to excrete H+,Proximal tubule decreased reabsorption of HCO3,Juxtaglomerular apparatus destruction,Collecting duct resistance to aldosterone,Loop of Henle sodium transport defect,B,
IMM-Nephro-RTA-002,Nephrology,Renal Tubular Acidosis,A 30-year-old female with Sjogren's syndrome is evaluated for chronic metabolic acidosis. Her urine pH remains > 5.5 even after an oral ammonium chloride acid load. Which of the following complications is classically associated with this specific type of renal tubular acidosis?,Severe hyperkalemia,Nephrocalcinosis with renal calculi,Spontaneous berry aneurysms,Hepatic cysts,Clear cell carcinoma,B,
IMM-Nephro-RTA-003,Nephrology,Renal Tubular Acidosis,A 65-year-old male with long-standing diabetic nephropathy is found to have high serum potassium and metabolic acidosis. His urine pH is < 5.5. His condition is determined to be Type-IV RTA. Which of the following pathophysiological mechanisms is responsible for this condition?,Hyporeninemic hypoaldosteronism,Decreased proximal tubular reabsorption of HCO3,Inability to generate acidic urine in the distal tubule,Massive proteinuria causing cytokine release,Genetic defect in amino acid transport,A,
IMM-Nephro-RTA-004,Nephrology,Renal Tubular Acidosis,A 50-year-old patient with glaucoma is being treated with a carbonic anhydrase inhibitor. Routine blood work reveals a non-anion gap metabolic acidosis and hypokalemia. The physician suspects Type-II proximal renal tubular acidosis. Which of the following drugs is the most likely cause?,Furosemide,Acetazolamide,Lithium,Amphotericin,Heparin,B,
IMM-Nephro-RTA-005,Nephrology,Renal Tubular Acidosis,"A 35-year-old female with bipolar disorder managed medically for 10 years presents with weakness and polyuria. Laboratory tests show a normal anion gap metabolic acidosis, severe hypokalemia, and a persistently alkaline urine (pH > 5.5). Which of her medications is a known cause of this specific type of distal renal tubular acidosis?",Valproic acid,Lamotrigine,Lithium,Haloperidol,Fluoxetine,C,
IMM-Nephro-RTA-006,Nephrology,Renal Tubular Acidosis,A 60-year-old patient develops hyperkalemia and a mild metabolic acidosis while hospitalized for a deep vein thrombosis. He has no history of diabetes or kidney disease. Which of the following anticoagulant medications is a recognized cause of Type-IV Renal Tubular Acidosis by decreasing aldosterone synthesis?,Warfarin,Heparin,Rivaroxaban,Apixaban,Dabigatran,B,
IMM-Nephro-RTA-007,Nephrology,Renal Tubular Acidosis,"A child is diagnosed with Type-I distal renal tubular acidosis. Due to the chronic metabolic acidosis and buffering effects, this patient is at significant risk of developing which of the following metabolic bone diseases?",Osteitis fibrosa cystica,Osteoporosis,Rickets,Paget's disease,Osteosclerosis,C,
IMM-Nephro-UTC-001,Nephrology,Urinary Tract Calculi,"A 28-year-old male presents with severe, acute loin pain radiating to his groin. He eventually passes a small, radio-opaque stone. Microscopic analysis describes the stone as irregular with sharp projections. What is the most likely composition of this stone?",Magnesium ammonium phosphate,Uric acid,Calcium oxalate,Cystine,Calcium phosphate,C,
IMM-Nephro-UTC-002,Nephrology,Urinary Tract Calculi,A 45-year-old female with a long-standing history of Crohn's disease and an intact colon presents with recurrent renal colic. She is found to have multiple radio-opaque renal stones. Which of the following mechanisms best explains her predisposition to stone formation?,Primary hyperparathyroidism,Secondary hyperoxaluria,Decreased urinary citrate,Type 1 renal tubular acidosis,Urea-splitting bacterial infection,B,
IMM-Nephro-UTC-003,Nephrology,Urinary Tract Calculi,"A 35-year-old female with a history of recurrent urinary tract infections develops a massive ""staghorn"" calculus filling the renal pelvis. Urinalysis reveals highly alkaline urine with a pH of 8.0. The formation of this specific type of stone is driven by which of the following processes?",Genetic defect in amino acid reabsorption,Tumor secretion of parathyroid hormone-related peptide,Conversion of urea to ammonia by Proteus bacteria,Chronic diarrhea leading to concentrated acidic urine,Defective proximal tubular reabsorption of bicarbonate,C,
IMM-Nephro-UTC-004,Nephrology,Urinary Tract Calculi,"A 55-year-old male with chronic diarrhea presents with acute loin pain. An abdominal X-ray is entirely normal, but a non-contrast spiral CT scan reveals a 6 mm stone in the right ureter. His urine pH is consistently acidic. What is the most likely composition of this radio-lucent stone?",Calcium oxalate,Magnesium ammonium phosphate,Calcium phosphate,Uric acid,Cystine,D,
IMM-Nephro-UTC-005,Nephrology,Urinary Tract Calculi,"A 40-year-old male arrives at the emergency department with severe, sudden-onset loin pain that radiates anteriorly to his groin. He is unable to stay still due to the severity of the pain. He is afebrile. Which of the following is the most accurate investigation to confirm the suspected diagnosis?",Intravenous urography (IVU),Abdominal X-ray,Non-contrast spiral CT scan,Contrast-enhanced CT of the abdomen,Renal ultrasound,C,
IMM-Nephro-UTC-006,Nephrology,Urinary Tract Calculi,"A patient is admitted with a 7 mm ureteric stone and intractable vomiting. He subsequently develops a high fever, hypotension, and obstructive anuria. Urosepsis is suspected. According to treatment guidelines, which of the following urologic interventions is specifically indicated in this scenario?",Extracorporeal shockwave lithotripsy (ESWL),Percutaneous nephrostomy,Open surgical nephrolithotomy,Medical expulsive therapy with alpha-blockers,Extracorporeal urinary alkalinization,B,
IMM-Nephro-UTC-007,Nephrology,Urinary Tract Calculi,"A 50-year-old male has an incidentally discovered 1.5 cm calcium oxalate stone located in the renal pelvis. It is beginning to cause mild, intermittent pain. Based on size criteria, what is the most appropriate and common urologic method for treating this stone?",Percutaneous nephrolithotomy,Percutaneous nephrostomy,Extracorporeal shockwave lithotripsy (ESWL),Open surgery,Wait for spontaneous passage,C,
IMM-Nephro-UTC-008,Nephrology,Urinary Tract Calculi,A 32-year-old male who has formed multiple calcium oxalate stones in the past asks his physician for dietary advice to prevent recurrence. Which of the following dietary modifications should be recommended?,Avoid all dietary calcium,Increase sodium intake,Increase fluid intake to at least 2 L/day,Increase intake of spinach and rhubarb,Supplement with high doses of Vitamin C,C,
IMM-Nephro-UTC-009,Nephrology,Urinary Tract Calculi,A 38-year-old woman with a history of calcium stones is advised by her physician to increase her dietary calcium intake rather than restrict it. What is the physiological rationale behind this specific recommendation?,Calcium directly alkalinizes the urine,"Calcium forms an insoluble salt with dietary oxalate in the gut, lowering oxalate absorption",High calcium completely downregulates parathyroid hormone secretion,Increased calcium induces a profound osmotic diuresis,Calcium competes with uric acid for tubular secretion,B,
IMM-Nephro-UTC-010,Nephrology,Urinary Tract Calculi,"A 42-year-old male is evaluated for recurrent calcium stones and hypercalciuria. To reduce urinary calcium excretion, the physician prescribes a medication that produces volume depletion, thereby increasing the renal threshold for reclaiming calcium. Which drug was likely prescribed?",Furosemide,Acetazolamide,Potassium citrate,Thiazide diuretic,Penicillamine,D,
IMM-Nephro-UTC-011,Nephrology,Urinary Tract Calculi,"A 20-year-old patient with an inherited defect in renal amino acid reabsorption presents with recurrent hexagonal, translucent white crystals in his urine. Alongside urinary alkalinization, which of the following medications is specifically used for the chronic treatment of this condition?",Allopurinol,Penicillamine,Potassium citrate,Thiazide diuretics,Ciprofloxacin,B,
IMM-Nephro-UTC-012,Nephrology,Urinary Tract Calculi,"A healthy male presents to the clinic concerned about his risk for developing kidney stones, as his father suffered from them. According to demographic data, what is the peak age of onset for urinary tract calculi?",10 to 20 years,20 to 30 years,30 to 40 years,40 to 50 years,Over 50 years,B,
IMM-Nephro-UTC-013,Nephrology,Urinary Tract Calculi,A 45-year-old male is evaluated for recurrent calcium kidney stones. He drinks 3 liters of water daily. A detailed dietary history is taken to identify potential risk factors. Which of the following dietary patterns most strongly predisposes this patient to stone formation?,"Low protein, low sodium, high calcium","High protein, high sodium, low calcium","High calcium, low sodium, low oxalate","Low sodium, high potassium, moderate protein","High carbohydrate, low fat, high calcium",B,
IMM-Nephro-UTC-014,Nephrology,Urinary Tract Calculi,A 38-year-old obese female who recently underwent a bariatric surgical procedure presents with acute flank pain. Imaging reveals multiple radio-opaque renal calculi. She is diagnosed with secondary hyperoxaluria. Which specific surgical procedure is explicitly listed as a cause of this condition?,Appendectomy,Cholecystectomy,Gastric bypass,Splenectomy,Hysterectomy,C,
IMM-Nephro-UTC-015,Nephrology,Urinary Tract Calculi,"A patient presents with acute renal colic. An unenhanced CT scan reveals a 3 mm calculus in the distal ureter. The patient asks about the likelihood of passing the stone without surgery. Based on clinical guidelines, what percentage of stones smaller than 4 mm in diameter will pass spontaneously?",10%,25%,50%,75%,90%,E,
IMM-Nephro-UTC-016,Nephrology,Urinary Tract Calculi,A patient with a history of recurrent calcium oxalate stones is receiving chronic dietary and medical counseling. The physician provides a list of supplements and foods to avoid. Which of the following vitamin supplements must this patient explicitly avoid to prevent future stone formation?,Vitamin A,Vitamin B12,Vitamin C,Vitamin E,Vitamin K,C,
IMM-Nephro-UTC-017,Nephrology,Urinary Tract Calculi,"A 22-year-old male with confirmed cystinuria and recurrent hexagonal crystal stone formation is started on a chronic medical regimen. In addition to urinary alkalinization and penicillamine, which of the following antihypertensive medications is specifically recognized as an effective treatment option for cystine stones?",Amlodipine,Propranolol,Losartan,Captopril,Hydrochlorothiazide,D,
IMM-Nephro-UTI-001,Nephrology,Urinary Tract Infections,"A 30-year-old immunocompetent, non-pregnant female presents with dysuria and urinary frequency. She has no underlying structural or neurologic disease. How is her urinary tract infection formally classified based on clinical definitions?",Complicated lower UTI,Uncomplicated upper UTI,Complicated upper UTI,Uncomplicated lower UTI,Asymptomatic bacteriuria,D,
IMM-Nephro-UTI-002,Nephrology,Urinary Tract Infections,"A 45-year-old male presents with burning during urination and increased urinary frequency. According to strict clinical definitions, how should any urinary tract infection (upper or lower) occurring in a man be classified?",Uncomplicated UTI,Complicated UTI,Asymptomatic bacteriuria,Sterile pyuria,Urethritis,B,
IMM-Nephro-UTI-003,Nephrology,Urinary Tract Infections,A fresh mid-stream urine sample is collected from a patient with suspected cystitis. The laboratory reports the presence of a pure growth of bacteria. What is the minimum threshold of organisms per mL required to formally define a urinary tract infection in this sample?,> 10^2 organisms/mL,> 10^3 organisms/mL,> 10^4 organisms/mL,> 10^5 organisms/mL,> 10^6 organisms/mL,D,
IMM-Nephro-UTI-004,Nephrology,Urinary Tract Infections,"A hospitalized patient requires an indwelling Foley catheter for urinary retention. Three days later, the patient develops a fever, and a urinary tract infection is suspected. Which of the following organisms is heavily associated with catheter-associated UTIs but rarely causes uncomplicated UTIs?",Escherichia coli,Proteus mirabilis,Klebsiella pneumoniae,Staphylococcus epidermidis,Neisseria gonorrhoeae,D,
IMM-Nephro-UTI-005,Nephrology,Urinary Tract Infections,"A 22-year-old male presents with dysuria, urgency, and a purulent urethral discharge. He does not have a fever. Which of the following organisms is a recognized cause of this specific clinical presentation?",Proteus species,Enterococcus species,Chlamydia trachomatis,Pseudomonas aeruginosa,Staphylococcus epidermidis,C,
IMM-Nephro-UTI-006,Nephrology,Urinary Tract Infections,"A 28-year-old non-pregnant female presents with dysuria, urinary urgency, and supra-pubic pain. She reports a noticeable change in her urine color. She explicitly denies having a fever or any urethral discharge. What is the most likely specific anatomical diagnosis?",Pyelonephritis,Renal abscess,Acute prostatitis,Cystitis,Urethritis,D,
IMM-Nephro-UTI-007,Nephrology,Urinary Tract Infections,"A 35-year-old female presents to the emergency department with a classic triad of high-grade fever with chills, loin pain, and marked tenderness over her kidneys. She also reports severe nausea and vomiting. What is the most likely diagnosis?",Uncomplicated cystitis,Acute pyelonephritis,Renal tuberculosis,Chronic prostatitis,Bladder tumor,B,
IMM-Nephro-UTI-008,Nephrology,Urinary Tract Infections,"A 40-year-old female is diagnosed with acute pyelonephritis and started on appropriate oral antibiotics. After 5 days of compliant therapy, she returns complaining of persistent, spiking fevers and continued loin pain. Which of the following conditions presents in an identical manner to pyelonephritis but features persistent fever despite appropriate antibiotics?",Sterile pyuria,Renal abscess,Asymptomatic bacteriuria,Cystitis,Renal tuberculosis,B,
IMM-Nephro-UTI-009,Nephrology,Urinary Tract Infections,"A 55-year-old male presents to the clinic complaining of urinary hesitancy, dribbling, and a poor urinary stream. He also notes some dysuria and frequency. His temperature is normal (no fever). Based on these symptoms, what is the most likely diagnosis?",Acute prostatitis,Renal abscess,Chronic prostatitis,Uncomplicated cystitis,Acute pyelonephritis,C,
IMM-Nephro-UTI-010,Nephrology,Urinary Tract Infections,A 45-year-old male presents to the emergency room with an acute onset of high fever and severe perineal pain. A digital rectal examination is performed. Which of the following findings would most strongly support a diagnosis of acute prostatitis?,"A grossly enlarged, non-tender, rubbery prostate","A hard, nodular prostate fixed to surrounding tissues",Exquisite tenderness of the prostate upon palpation,A completely normal feeling prostate gland,Absence of the prostate gland,C,
IMM-Nephro-UTI-011,Nephrology,Urinary Tract Infections,A urine dipstick is performed on a symptomatic patient. The result is strongly positive for leukocyte esterase. What specific cellular component in the urine does this test result indicate the presence of?,Red blood cells,Epithelial cells,Bacteria,White blood cells,Hyaline casts,D,
IMM-Nephro-UTI-012,Nephrology,Urinary Tract Infections,"A healthy, asymptomatic 26-year-old woman is found to have > 10^5 organisms per mL of E. coli on a routine urine culture. In which of the following scenarios would this finding (asymptomatic bacteriuria) explicitly warrant antibiotic treatment?",If she has a history of childhood asthma,If she is currently pregnant,If she is recovering from a viral upper respiratory infection,If she has mild essential hypertension,If she is currently menstruating,B,
IMM-Nephro-UTI-013,Nephrology,Urinary Tract Infections,"A patient's urinalysis reveals the presence of numerous white blood cells (pyuria), but a standard urine culture returns negative (growth of < 10^5 organisms). This is termed ""sterile pyuria"". Which of the following conditions is the most common cause of this specific presentation?",Polycystic kidney disease,Bladder tumor,Inadequately treated UTI,Renal tuberculosis,Calculi,D,
IMM-Nephro-UTI-014,Nephrology,Urinary Tract Infections,"A 50-year-old male experiences his third episode of a lower urinary tract infection within a single year. According to general investigative guidelines, what is the required next step in the management of recurrent UTIs in men?",Increase oral fluid intake to 4 L per day,Prescribe lifelong prophylactic trimethoprim-sulfamethoxazole,"Perform a full urologic workup (e.g., ultrasound, CT scan)",Reassure the patient as this is a normal occurrence with age,Transition to long-term intravenous ceftriaxone therapy,C,
IMM-Nephro-UTI-015,Nephrology,Urinary Tract Infections,A 24-year-old non-pregnant woman is diagnosed with uncomplicated cystitis. She has no known drug allergies. What is considered the best initial treatment and its appropriate duration for this patient?,Amoxicillin for 7 days,Trimethoprim-sulfamethoxazole (TMP-SMX) for 3 days,Ciprofloxacin for 10 days,Nitrofurantoin for 14 days,Ceftriaxone as a single intramuscular dose,B,
IMM-Nephro-UTI-016,Nephrology,Urinary Tract Infections,"A sexually active patient is diagnosed with urethritis. Due to high-risk behavior, the physician decides to treat empirically for both Neisseria gonorrhoeae and Chlamydia trachomatis. Which antibiotic is the specific drug of choice for treating the Neisseria component?",Doxycycline,Azithromycin,Ceftriaxone,Ciprofloxacin,Trimethoprim-sulfamethoxazole,C,
IMM-Nephro-UTI-017,Nephrology,Urinary Tract Infections,A 30-year-old pregnant woman develops a symptomatic lower urinary tract infection. She requires antibiotic therapy. Which of the following medications is strictly contraindicated for use in this patient due to her pregnancy?,Cephalexin,Amoxicillin,Nitrofurantoin,"Fluoroquinolones (e.g., ciprofloxacin)",Folic acid,D,
IMM-Nephro-UTI-018,Nephrology,Urinary Tract Infections,A 35-year-old female is diagnosed with a mild case of acute pyelonephritis that can be managed on an outpatient basis. What is the recommended first-line therapy and duration for this condition?,Trimethoprim-sulfamethoxazole for 3 days,Amoxicillin for 7 days,Fluoroquinolones (ciprofloxacin) for 10 days,Nitrofurantoin for 14 days,Intravenous cefuroxime for 7 days,C,
IMM-Nephro-UTI-019,Nephrology,Urinary Tract Infections,"A patient is admitted to the hospital with a severe case of acute pyelonephritis, presenting with systemic toxicity and severe nausea and vomiting. Intravenous antibiotics are initiated. What is the clinical criterion for safely changing the intravenous drugs to an oral form?",When the patient has completed exactly 7 days of IV therapy,When blood cultures return completely negative,When the patient is improved clinically and afebrile after 24 - 48 hours,When the urine dipstick is negative for leukocyte esterase,When the patient's peripheral white blood cell count returns to absolute normal,C,
IMM-Nephro-UTI-020,Nephrology,Urinary Tract Infections,"A 50-year-old male is definitively diagnosed with acute prostatitis. He is prescribed an oral course of ciprofloxacin. According to treatment guidelines, what is the precise duration of antibiotic therapy required for this condition?",3 days,10 days,14 days,28 days,6 to 12 weeks,D,
IMM-Nephro-UTI-021,Nephrology,Urinary Tract Infections,A 60-year-old male is diagnosed with chronic prostatitis after presenting with months of hesitancy and dysuria. He is started on trimethoprim-sulfamethoxazole (TMP-SMX). What is the recommended treatment duration for chronic prostatitis?,10 to 14 days,21 days,28 days,6 to 12 weeks,6 months,D,
IMM-Cardio-ACS-001,Cardiology,Acute Coronoary Syndrome,A 65-year-old male presents with acute coronary syndrome and severe chest pain. The physician orders intravenous morphine sulfate. Why is the intramuscular route explicitly avoided for analgesia in this clinical setting?,It causes rapid respiratory depression,It induces severe orthostatic hypotension,Its clinical effect is delayed due to poor skeletal muscle perfusion,It significantly increases infarct size,It provokes lethal ventricular arrhythmias,C,
IMM-Cardio-ACS-002,Cardiology,Acute Coronoary Syndrome,An 80-year-old female is undergoing percutaneous coronary intervention (PCI) for an acute coronary syndrome. Which of the following P2Y12 receptor blockers is strictly contraindicated in this patient due to an increased risk of hemorrhagic stroke?,Clopidogrel,Ticagrelor,Abciximab,Prasugrel,Eptifibatide,D,
IMM-Cardio-ACS-003,Cardiology,Acute Coronoary Syndrome,"A patient with ACS is prescribed ticagrelor instead of clopidogrel due to its more rapid onset and greater potency. During follow-up, the patient complains of a new, bothersome symptom that is identified as the most common side effect of this specific drug. What is this symptom?",Major gastrointestinal bleeding,Severe skin rash,Intractable itching,Dyspnea,Throbbing headache,D,
IMM-Cardio-ACS-004,Cardiology,Acute Coronoary Syndrome,"A patient is scheduled for a Percutaneous Coronary Intervention (PCI). The cardiologist plans to use a Glycoprotein IIb/IIIa Inhibitor (e.g., abciximab) to inhibit platelet aggregation. According to standard management protocols, when should this specific class of agents be administered to achieve clear clinical benefit?",As an oral loading dose 12 hours before PCI,As an intravenous infusion starting 2 to 24 hours post-PCI,As a rapid bolus immediately upon presentation to the ER,As a daily subcutaneous injection starting 3 days prior,As a lifelong oral maintenance therapy after PCI,B,
IMM-Cardio-ACS-005,Cardiology,Acute Coronoary Syndrome,"A patient with an acute coronary syndrome is started on fondaparinux as part of their anti-coagulation therapy. What is the specific mechanism of action of this drug, noted for having the best safety and efficacy profile in this setting?",Direct thrombin inhibitor,Low-molecular-weight heparin,Factor Xa inhibitor,Glycoprotein IIb/IIIa inhibitor,ADP receptor blocker,C,
IMM-Cardio-ACS-006,Cardiology,Acute Coronoary Syndrome,A 55-year-old male presents with an acute myocardial infarction. The physician considers starting an intravenous glyceryl trinitrate (GTN) infusion to decrease preload and afterload. In which of the following specific clinical scenarios is this therapy strictly contraindicated?,Anterior wall myocardial infarction,Accompanying acute pulmonary edema,Symptomatic right ventricular infarction,Presence of peaked T-waves on ECG,Hypertension with systolic BP > 180 mmHg,C,
IMM-Cardio-ACS-007,Cardiology,Acute Coronoary Syndrome,A patient with a confirmed myocardial infarction is evaluated for the initiation of beta-blocker therapy to decrease myocardial oxygen demand. Which of the following vital sign parameters represents an absolute contraindication to starting this therapy according to the provided text?,Heart rate of 75 bpm,Systolic blood pressure of 115 mmHg,Heart rate of 60 bpm,Systolic blood pressure of 130 mmHg,Respiratory rate of 18 breaths/min,C,
IMM-Cardio-ACS-008,Cardiology,Acute Coronoary Syndrome,A 60-year-old male is diagnosed with a Non-ST elevation MI (NSTEMI). The medical team decides against administering thrombolytic therapy. What is the primary pathophysiological reason that thrombolysis is considered ineffective and potentially harmful in UA/NSTEMI?,The infarct-related artery is 100% occluded,"The non-occluding thrombi are predominantly ""platelet-rich""","The non-occluding thrombi are predominantly ""fibrin-rich""",Thrombolysis immediately induces ventricular free wall rupture,The myocardium is already irreversibly infarcted,B,
IMM-Cardio-ACS-009,Cardiology,Acute Coronoary Syndrome,A patient presents to a rural hospital with a STEMI. Transfer for primary PCI will take at least 3 hours (180 minutes). The physician decides to administer a thrombolytic agent. Why is thrombolysis highly effective specifically in the setting of STEMI compared to NSTEMI?,STEMI is caused by vasospasm rather than thrombosis,"The occluding thrombi in STEMI are ""fibrin-rich""","The occluding thrombi in STEMI are ""platelet-rich""",STEMI patients generally have better collateral circulation,Thrombolytics independently lower myocardial oxygen demand,B,
IMM-Cardio-ACS-010,Cardiology,Acute Coronoary Syndrome,"A patient with a STEMI is deemed a candidate for fibrinolysis. The physician selects Tenecteplase (TNK-tPA) over standard Alteplase (tPA). According to the text, what is a specific pharmacological advantage of Tenecteplase?",It is highly antigenic and cheap to produce,It causes massive systemic vasodilation,It is a mutant tPA with a longer half-life given as a single bolus,It requires continuous infusion over 48 hours,It selectively inhibits Factor Xa,C,
IMM-Cardio-ACS-011,Cardiology,Acute Coronoary Syndrome,A 50-year-old male presents with a STEMI within 2 hours of symptom onset. The physician screens him for contraindications to thrombolytic therapy. Which of the following represents an absolute contraindication to administering a fibrinolytic agent?,History of an ischemic stroke 4 months ago,Peptic ulcer disease without active bleeding,Uncontrolled hypertension of 160/90 mmHg,Prolonged CPR lasting 5 minutes,Diabetic retinopathy,A,
IMM-Cardio-ACS-012,Cardiology,Acute Coronoary Syndrome,"A 65-year-old male successfully recovers from the acute phase of an anterior myocardial infarction. However, he suddenly collapses and dies within the first hour of his initial presentation. What is the most common cause of death within the first hour of a myocardial infarction?",Ventricular free wall rupture,Papillary muscle rupture,Acute pulmonary edema,Arrhythmia (VF or VT),Massive pulmonary embolism,D,
IMM-Cardio-ACS-013,Cardiology,Acute Coronoary Syndrome,"Ten days after suffering an extensive myocardial infarction, a patient suddenly develops pulseless electrical activity (PEA) and dies. Autopsy reveals cardiac tamponade. Which specific mechanical complication of MI is responsible for this presentation, typically occurring 1 to 2 weeks post-infarction?",Ventricular septal defect,Papillary muscle rupture,Ventricular free wall rupture,Ventricular aneurysm,Dressler's syndrome,C,
IMM-Cardio-ACS-014,Cardiology,Acute Coronoary Syndrome,"A 70-year-old patient is 4 days post-myocardial infarction. He suddenly develops severe heart failure and cardiogenic shock. Physical examination reveals a new, harsh pan-systolic murmur best heard at the left lower sternal border, accompanied by a palpable thrill. What is the most likely diagnosis?",Ventricular aneurysm,Dressler's syndrome,Ventricular septal defect,Papillary muscle rupture,Aortic dissection,C,
IMM-Cardio-ACS-015,Cardiology,Acute Coronoary Syndrome,A patient presents for a follow-up 2 months after a severe anterior myocardial infarction. An ECG is performed and shows persistent ST-segment elevations. Echocardiography confirms a localized outward bulging of the ventricular wall during systole (Ventricular aneurysm). This specific complication places the patient at highest risk for developing which of the following?,Acute cardiac tamponade,Autoimmune pericarditis,Mural thrombus and systemic embolization,Immediate ventricular free wall rupture,Malignant hyperthermia,C,
IMM-Cardio-ACS-016,Cardiology,Acute Coronoary Syndrome,"Six weeks after a myocardial infarction, a patient returns to the clinic complaining of a new-onset fever and pleuritic chest pain. He is diagnosed with Dressler's syndrome, an autoimmune pericarditis. What is the standard treatment for this condition?",High-dose intravenous corticosteroids,Aspirin or NSAIDs,Urgent pericardiocentesis,Broad-spectrum antibiotics,Thrombolytic therapy,B,
IMM-Cardio-ACS-017,Cardiology,Acute Coronoary Syndrome,"A 60-year-old male presents with severe chest pain and ST-segment elevation in leads V2-V4. Symptom onset was 3 hours ago. The primary PCI facility is 3 hours away, so thrombolysis is planned. Which of the following from his medical history represents an absolute contraindication to this therapy?",Transient ischemic attack 4 months ago,Major surgery 2 weeks ago,Active peptic ulcer disease,Ischemic stroke 2 months ago,Uncontrolled blood pressure of 170/100 mmHg,D,
IMM-Cardio-ACS-018,Cardiology,Acute Coronoary Syndrome,"A 50-year-old male presents with severe retrosternal chest pain. His ECG reveals ST-segment depression in leads V4-V6. He is diagnosed with NSTEMI. The physician decides to administer Heparin rather than a thrombolytic agent. According to the text, what is the consequence of giving thrombolysis to a patient with a normal ECG or ST-depression?",It is highly beneficial but less effective than PCI,It provides no clinical benefit but is generally safe,It is considered definitively harmful,It causes immediate ventricular free wall rupture,It triggers acquired long QT syndrome,C,
IMM-Cardio-ACS-019,Cardiology,Acute Coronoary Syndrome,"A patient arrives at the emergency department with a clear STEMI. The facility has a catheterization lab. According to clinical pearls for revascularization therapy, what is the target ""Door to Balloon Time"" for primary percutaneous coronary intervention (PCI) in this patient?",Under 30 minutes,Under 60 minutes,Under 90 minutes,Under 120 minutes,Under 180 minutes,C,
IMM-Cardio-ACS-020,Cardiology,Acute Coronoary Syndrome,"A 60-year-old male successfully undergoes PCI with the placement of a drug-eluting stent following an acute myocardial infarction. According to long-term management guidelines, what is the minimum duration he must remain on dual anti-platelet therapy (aspirin + clopidogrel)?",14 days,30 days,3 months,6 months,12 months,E,
IMM-Cardio-ACS-021,Cardiology,Acute Coronoary Syndrome,A patient is admitted with an acute coronary syndrome. The physician orders a lipid panel immediately upon admission. Why is it specifically recommended to measure serum cholesterol within 24 hours of presentation in these patients?,To determine the immediate need for a CABG procedure,Because serum cholesterol falls transiently in the first 3 months post-MI,To calculate the accurate dose of required thrombolytic therapy,Because statin therapy is contraindicated if LDL is < 100 mg/dL,To assess the risk of immediate papillary muscle rupture,B,
IMM-Cardio-ACS-022,Cardiology,Acute Coronoary Syndrome,A 55-year-old male is recovering from an acute myocardial infarction. An echocardiogram reveals a left ventricular ejection fraction of 30%. The physician initiates an ACE-inhibitor within the first few hours of hospitalization. In which specific patient population is the best mortality benefit of ACE-inhibitors seen post-MI?,Patients with normal ejection fraction and no history of hypertension,Patients with acute MI and LV diastolic dysfunction,Patients with acute MI and LV systolic dysfunction (EF < 35%),Patients who present strictly > 12 hours after symptom onset,Patients who received a bare-metal stent rather than a drug-eluting stent,C,
IMM-Cardio-ACS-023,Cardiology,Acute Coronoary Syndrome,"A 62-year-old male suffers an anterior wall myocardial infarction. On day 2, his ECG shows a Mobitz Type-II second-degree AV block. He is currently asymptomatic. What is the indicated management for this specific conduction abnormality in the setting of an anterior MI?",Observation only,Intravenous atropine,Prophylactic temporary pacemaker,High-dose oral beta-blockers,Immediate thrombolysis,C,
IMM-Cardio-ACS-024,Cardiology,Acute Coronoary Syndrome,"A 58-year-old male presents with an inferior wall myocardial infarction. His blood pressure drops significantly to 80/50 mmHg, but his lung fields are completely clear on auscultation. What is the most appropriate initial treatment for his specific complication, and what common medication should be explicitly avoided?",Diuretics; avoid high-volume fluid replacement,High-volume fluid replacement; avoid nitroglycerin,Nitroglycerin infusion; avoid beta-blockers,Atropine; avoid temporary pacemakers,Thrombolytics; avoid aspirin,B,
IMM-Cardio-ACS-025,Cardiology,Acute Coronoary Syndrome,"A patient is 5 days post-myocardial infarction and suddenly develops signs of right-heart failure. A harsh pansystolic murmur radiating to the right sternal border is noted. A pulmonary artery catheterization reveals an ""oxygen step-up"" from the right atrium to the right ventricle. What is the definitive treatment for this mechanical complication?",Emergency mitral valve replacement,High-dose aspirin and opioids,Pericardiocentesis,Surgical repair of the ventricular septum,High-volume intravenous fluids,D,
IMM-Cardio-ACS-026,Cardiology,Acute Coronoary Syndrome,A patient develops pleuritic chest pain that is worse on deep inspiration and lying down 3 days after an acute myocardial infarction. The pain is relieved by sitting up and leaning forward. A pericardial rub is heard. The physician prescribes high-dose aspirin. Which class of medications is strictly contraindicated in this specific early post-MI scenario due to the risk of ventricular aneurysm and myocardial rupture?,Beta-blockers,ACE-inhibitors,Nitrates,NSAIDs and steroids,Statins,D,
IMM-Cardio-ACS-027,Cardiology,Acute Coronoary Syndrome,"An 80-year-old male presents to the clinic 6 weeks after surviving a massive anterior myocardial infarction. He reports a fever, malaise, and pleuritic chest pain. Blood tests show a marked leukocytosis. He is diagnosed with Dressler's syndrome. What is the fundamental pathophysiology of this specific post-MI complication?",Mechanical rupture of the ventricular free wall,Autoimmune inflammation of the pericardium,"Re-occlusion of the infarct-related artery by a ""platelet-rich"" thrombus",Ischemic necrosis of the papillary muscles,Rapid expansion of a ventricular aneurysm,B,
IMM-Cardio-RF-001,Cardiology,Acute Rheumatic Fever,An 8-year-old boy develops a systemic inflammatory disease 3 weeks after recovering from streptococcal pharyngitis. The pathogenesis involves antibodies developing against M-proteins that subsequently cross-react with cardiac antigens. How is this specific immunological mechanism formally classified?,Type-I hypersensitivity reaction,Type-II hypersensitivity reaction,Type-III hypersensitivity reaction,Type-IV hypersensitivity reaction,Type-V hypersensitivity reaction,B,
IMM-Cardio-RF-002,Cardiology,Acute Rheumatic Fever,A patient who died from complications of severe acute rheumatic fever undergoes a cardiac autopsy. Histological examination of the myocardium reveals pathognomonic lesions composed of multinucleated giant cells surrounded by macrophages and T-lymphocytes. What is the specific name of these characteristic lesions?,Roth spots,Osler nodes,Aschoff Bodies,Lewy bodies,Ghon complexes,C,
IMM-Cardio-RF-003,Cardiology,Acute Rheumatic Fever,"A 10-year-old girl is evaluated for suspected Acute Rheumatic Fever. She has a documented recent streptococcal infection, an unexplained fever, and a prolonged PR interval (first-degree AV block) on ECG. According to the revised Jones Criteria, the presence of which of the following additional findings would firmly establish the diagnosis by providing a second major criterion?",Leukocytosis,Elevated ESR and CRP,Severe arthralgias,Erythema marginatum,Positive throat culture for Group A Strep,D,
IMM-Cardio-RF-004,Cardiology,Acute Rheumatic Fever,"A 12-year-old boy presents with acute, painful, asymmetrical arthritis migrating from his right knee to his left ankle. The physician heavily suspects acute rheumatic fever. Which of the following pharmacological responses is considered so characteristic that its absence would place the clinical diagnosis in significant doubt?",Resolution of pain with high-dose steroids,Resolution of pain with intravenous antibiotics,Rapid resolution of joint pain with aspirin therapy,Worsening of pain with passive movement,Complete unresponsiveness to opioid analgesics,C,
IMM-Cardio-RF-005,Cardiology,Acute Rheumatic Fever,"A child in the acute phase of rheumatic fever develops severe ""pancarditis"". Auscultation reveals a soft, mid-diastolic murmur identified as a Carey Coomb's murmur. What specific pathological finding on the mitral valve is directly responsible for generating this transient murmur?",Rupture of the chordae tendineae,Calcific fusion of the valve commissures,Myxomatous degeneration of the leaflets,Valvulitis with nodules on the mitral valve leaflets,Vegetations composed of fibrin and platelets on the atrial surface,D,
IMM-Cardio-RF-006,Cardiology,Acute Rheumatic Fever,"A 9-year-old boy with suspected rheumatic fever is examined for dermatological manifestations. The physician observes a distinctive red rash with raised edges and clear, pale centers located mainly on his trunk and thighs, explicitly sparing his face. What is the clinical name for this specific major criterion lesion?",Erythema nodosum,Erythema multiforme,Subcutaneous nodules,Sydenham chorea,Erythema marginatum,E,
IMM-Cardio-RF-007,Cardiology,Acute Rheumatic Fever,"A 12-year-old girl is evaluated for involuntary, rapid, and purposeless movements of her limbs. She also exhibits emotional lability and explosive speech. Her parents report she had a severe sore throat roughly 4 months ago. She is diagnosed with Sydenham's chorea. What is the expected prognosis regarding her cardiovascular system?",It indicates an immediate need for surgical valve replacement,It inevitably leads to rapid-onset left ventricular failure,25% of affected patients will go on to develop chronic rheumatic heart disease,It is a benign condition with 0% risk of subsequent cardiac involvement,It is strictly associated with isolated right-sided heart failure,C,
IMM-Cardio-RF-008,Cardiology,Acute Rheumatic Fever,A 10-year-old boy is diagnosed with acute rheumatic fever. He presents with severe pancarditis and migratory polyarthritis. Laboratory tests show a significantly elevated ESR. What is the most appropriate first-line medical therapy for his severe inflammatory symptoms?,High-dose aspirin indefinitely,Intravenous haloperidol,Oral diazepam,Corticosteroids,Emergency balloon valvuloplasty,D,
IMM-Cardio-RF-009,Cardiology,Acute Rheumatic Fever,"A 16-year-old male is being counseled on secondary prevention of rheumatic fever. He had an episode of acute rheumatic fever 2 years ago complicated by carditis, but recent echocardiography shows absolutely no persistent valvular disease. According to the American Heart Association (AHA) guidelines, what is the required duration for his antibiotic prophylaxis?",5 years or until age 21 (whichever is longer),10 years or until age 21 (whichever is longer),10 years or until age 40 (whichever is longer),Lifelong antibiotic prophylaxis is mandatory,Antibiotics are only needed during active dental procedures,B,
IMM-Cardio-Arrhythmias-001,Cardiology,Arrhythmias,"A 65-year-old male presents with dizziness. His heart rate is 45 beats per minute, and each P-wave is followed by a QRS complex. He is diagnosed with symptomatic sinus bradycardia. What is the most appropriate best initial therapy for this patient?",Permanent pacemaker placement,Intravenous epinephrine,Atropine,Oral beta-blockers,Carotid sinus massage,C,
IMM-Cardio-Arrhythmias-002,Cardiology,Arrhythmias,"A routine ECG on a 30-year-old athlete shows a PR interval of 0.26 seconds (> 200ms). Every P-wave is followed by a QRS complex, with no missed beats. He is completely asymptomatic. What is the indicated treatment for this First-degree AV block?",Atropine,Isoproterenol,Temporary transvenous pacing,Permanent pacemaker,No treatment,E,
IMM-Cardio-Arrhythmias-003,Cardiology,Arrhythmias,"A 55-year-old male recovering from an inferior wall myocardial infarction develops an arrhythmia. The ECG shows progressive lengthening of the PR-interval until a QRS complex is completely dropped, and then the cycle repeats (Mobitz Type-I). What is the specific underlying pathology of this block?",Degeneration of the conduction system,Abnormal AV node,Fibrosis of the SA node,Infiltrative diseases like amyloidosis,Abnormal Purkinje-His system,B,
IMM-Cardio-Arrhythmias-004,Cardiology,Arrhythmias,A patient is diagnosed with Mobitz Type-II second-degree AV block. This condition is far more pathologic than Mobitz Type-I. Which of the following interventions or factors specifically worsens this type of block?,Atropine,Carotid sinus massage,Resting in a supine position,High vagal tone,Beta-agonist administration,A,
IMM-Cardio-Arrhythmias-005,Cardiology,Arrhythmias,"A 70-year-old male is incidentally found to have a Mobitz Type-II second-degree AV block on a preoperative ECG. He denies any symptoms like dizziness or syncope. According to strict treatment guidelines, what is the appropriate management for this asymptomatic patient?",No treatment required,Oral atropine,Carotid sinus massage,Permanent pacemaker,Daily low-dose aspirin,D,
IMM-Cardio-Arrhythmias-006,Cardiology,Arrhythmias,"A 68-year-old female presents with sudden, transient losses of consciousness without warning (Stokes-Adams attacks). Her ECG reveals complete dissociation between P-waves and QRS complexes (Third-degree Heart Block). Physical examination of her neck veins is likely to show which of the following due to compensatory increases in stroke volume?",Elevated JVP with absent a-waves,Cannon A-waves,Prominent v-waves,Rapid y-descent,Kussmaul's sign,B,
IMM-Cardio-Arrhythmias-007,Cardiology,Arrhythmias,"An 80-year-old male presents with alternating episodes of palpitations and syncope. Holter monitoring reveals periods of sinus bradycardia, sinus arrest, and paroxysmal atrial fibrillation. He is diagnosed with ""Sinoatrial Disease"" (Sick Sinus Syndrome). What is the primary pathophysiological cause of this syndrome?",Acute ischemia of the AV node,Congenital defect from maternal SLE,"Fibrosis, degenerative changes, or ischemia of the SA node",Autoimmune destruction of the Purkinje fibers,Toxicity from calcium channel blockers,C,
IMM-Cardio-Arrhythmias-008,Cardiology,Arrhythmias,"A patient with symptomatic Sick Sinus Syndrome undergoes placement of a permanent pacemaker with atrial pacing capabilities. What is the primary, specific benefit of the atrial pacing component in this condition?",It reverses the underlying SA node fibrosis,It improves the long-term survival prognosis,It prevents episodes of atrial fibrillation,It suppresses premature ventricular contractions,It cures coexisting heart failure,C,
IMM-Cardio-Arrhythmias-009,Cardiology,Arrhythmias,"A 25-year-old female presents with palpitations. Her ECG shows a heart rate of 120 beats per minute, with each P-wave followed by a QRS complex (Sinus Tachycardia). Which of the following conditions is a recognized pathological cause of this rhythm?",Hypothyroidism,Increased vagal tone,Raised intracranial pressure,Thyrotoxicosis,Hypothermia,D,
IMM-Cardio-Arrhythmias-010,Cardiology,Arrhythmias,"A 60-year-old male presents with palpitations. ECG reveals a narrow-complex tachycardia at 150 bpm. Carotid sinus pressure temporarily increases the degree of AV block, unmasking regular, saw-toothed flutter waves in the inferior leads. What is the fundamental electrophysiological mechanism responsible for this specific arrhythmia?",Abnormal automaticity of a single ectopic focus,Multiple competing micro-reentry circuits in the atria,A single large (macro) re-entry circuit within the right atrium,Premature excitation via an accessory pathway,Delayed afterdepolarizations in the ventricular myocardium,C,
IMM-Cardio-Arrhythmias-011,Cardiology,Arrhythmias,A 72-year-old female presents with shortness of breath and an irregularly irregular pulse. ECG shows absent P-waves and a chaotic baseline with irregular R-R intervals. Which of the following clinical findings would most strongly support the diagnosis of atrial fibrillation upon examination of her jugular venous pulse (JVP)?,Prominent a-waves,Cannon a-waves,"Raised JVP without an ""a"" wave",Rapid y-descent,Kussmaul's sign,C,
IMM-Cardio-Arrhythmias-012,Cardiology,Arrhythmias,"A 45-year-old hyperthyroid patient develops an irregularly irregular rhythm. The physician recalls the mnemonic ""PIRATES"" for causes of atrial fibrillation. Which of the following represents the ""R"" in this specific mnemonic?",Restrictive cardiomyopathy,Right ventricular infarction,Renal failure,Rheumatic heart disease,Respiratory acidosis,D,
IMM-Cardio-Arrhythmias-013,Cardiology,Arrhythmias,"A patient's atrial fibrillation has been sustained for 10 days and is ultimately terminated by electrical cardioversion. According to the classification system provided, how is this specific type of atrial fibrillation categorized?",Paroxysmal AF,Persistent AF,Permanent AF,Lone AF,Chronic AF,B,
IMM-Cardio-Arrhythmias-014,Cardiology,Arrhythmias,"A 68-year-old male presents to the emergency department with acute onset atrial fibrillation lasting 24 hours. He is hemodynamically stable. According to the standard management protocol, what is the preferred initial step (STEP 1) to manage this patient?",Immediate electrical cardioversion,Intravenous heparin followed by cardioversion,Rate control with beta-blockers or calcium channel blockers,Pharmacologic cardioversion with amiodarone,Radiofrequency ablation,C,
IMM-Cardio-Arrhythmias-015,Cardiology,Arrhythmias,"A patient presents with atrial fibrillation of unknown duration, definitively greater than 48 hours. He is hemodynamically stable. To avoid waiting 3 weeks for standard anticoagulation prior to cardioversion, what specific investigation should be ordered to look for a left atrial thrombus?",Transthoracic echocardiogram (TTE),Transesophageal echocardiogram (TEE),Contrast-enhanced chest CT,Cardiac MRI,Ventilation/Perfusion (V/Q) scan,B,
IMM-Cardio-Arrhythmias-016,Cardiology,Arrhythmias,"A patient presents with a rapid cardiac arrhythmia. The attending physician decides to proceed with immediate electrical cardioversion, citing signs of hemodynamic instability. According to the text's clinical pearl, which of the following specific clinical findings is considered a defining sign of hemodynamic instability?",High-grade fever,Palpitations,Confusion,Nausea and vomiting,Polyuria,C,
IMM-Cardio-Arrhythmias-017,Cardiology,Arrhythmias,"A 45-year-old male with no underlying heart disease, hypertension, or cardiovascular risk factors develops atrial fibrillation. He is diagnosed with ""Lone AF"". According to the text, what is the recommended long-term prophylactic therapy for this specific patient to prevent embolization?",Warfarin targeting INR 2-3,Intravenous heparin,Aspirin,Clopidogrel,Lifelong amiodarone therapy,C,
IMM-Cardio-Arrhythmias-018,Cardiology,Arrhythmias,"A 76-year-old female with a history of hypertension and congestive heart failure is evaluated for chronic atrial fibrillation. Based on the CHA2DS2-VASc scoring system provided, what is her total score?",3 points,4 points,5 points,6 points,7 points,C,
IMM-Cardio-Arrhythmias-019,Cardiology,Arrhythmias,"A patient develops pulseless ventricular tachycardia. The medical team prepares to deliver an electrical shock. According to clinical pearls, which of the following best describes the appropriate electrical intervention and its synchronization for this specific scenario?",Cardioversion; shock delivered in synchrony with QRS complexes,Cardioversion; shock delivered asynchronously,Defibrillation; shock delivered in synchrony with QRS complexes,Defibrillation; shock delivered that is NOT in synchrony with QRS complexes,Transvenous pacing; continuous low-voltage shocks,D,
IMM-Cardio-Arrhythmias-020,Cardiology,Arrhythmias,"A 65-year-old male with severe chronic obstructive pulmonary disease (COPD) presents with an irregular heart rate of 115 bpm. ECG reveals irregular P-P intervals, an isoelectric baseline between P-waves, and 4 morphologically distinct P-waves. What is the most common cause of this specific arrhythmia?",Ischemic heart disease,Chronic pulmonary disease,Hypokalemia,Valvular heart disease,Digoxin toxicity,B,
IMM-Cardio-Arrhythmias-021,Cardiology,Arrhythmias,"A 70-year-old male with advanced lung disease presents with multifocal atrial tachycardia (MAT). His heart rate is 120 bpm. According to the management guidelines for this specific arrhythmia, which of the following treatments is explicitly stated to be ineffective and contraindicated?",Improving oxygenation and ventilation,Calcium channel blockers,Beta-blockers,Cardioversion,Magnesium,D,
IMM-Cardio-Arrhythmias-022,Cardiology,Arrhythmias,A 30-year-old female presents with sudden onset palpitations. ECG shows a narrow complex tachycardia at 160 bpm with no discernible P-waves. The physician diagnoses AV Nodal Re-entrant Tachycardia (AVNRT). Why are the P-waves typically NOT visible in this specific condition?,"The atria are fibrillating, destroying the P-wave",The re-entry circuit is entirely within the ventricles,The P-waves are buried within the QRS complexes because conduction is rapid,The SA node is completely fibrosed and non-functional,The tachycardia originates distally from the bundle of Kent,C,
IMM-Cardio-Arrhythmias-023,Cardiology,Arrhythmias,"A 25-year-old male presents with an acute episode of AVNRT. He is currently hemodynamically stable. Vagal maneuvers (Valsalva, carotid massage) have failed to terminate the current episode. What is the specific drug of choice for the next step in management?",Intravenous metoprolol,Intravenous verapamil,Intravenous adenosine (3 - 12 mg),Oral flecainide,Intravenous amiodarone,C,
IMM-Cardio-Arrhythmias-024,Cardiology,Arrhythmias,"A 28-year-old woman with highly symptomatic, recurrent AV Nodal Re-entrant Tachycardia (AVNRT) seeks a long-term solution. She does not want to take daily prophylactic medications. What is considered the most effective therapy for recurrent SVT?",Catheter ablation,Permanent pacemaker placement,Radiofrequency ablation of the SA node,Bilateral sympathectomy,Implantable cardioverter-defibrillator (ICD),A,
IMM-Cardio-Arrhythmias-025,Cardiology,Arrhythmias,"A 22-year-old male is evaluated for palpitations. His resting ECG reveals a shortened PR interval, a widened QRS complex, and a characteristic slurring of the initial upstroke of the QRS complex. This abnormal depolarization is caused by an accessory pathway known as what?",Bundle of His,Bundle of Kent,Purkinje fibers,AV node slow pathway,Sinoatrial node,B,
IMM-Cardio-Arrhythmias-026,Cardiology,Arrhythmias,A patient with Wolff-Parkinson-White (WPW) syndrome develops orthodromic tachycardia. Which of the following statements correctly describes the electrophysiology and resulting ECG findings of this specific rhythm?,"Re-entry passes antegradely through the accessory pathway, producing a broad QRS complex","Re-entry passes antegradely through the AV node, producing a narrow QRS complex","Re-entry passes retrogradely through the AV node, producing a wide QRS complex with a delta wave","The SA node fires at >300 bpm, producing saw-toothed flutter waves","Multiple atrial foci fire continuously, producing an irregularly irregular rhythm",B,
IMM-Cardio-Arrhythmias-027,Cardiology,Arrhythmias,A 35-year-old male with known WPW syndrome presents to the ER with pre-excitatory atrial fibrillation. He is hemodynamically stable. Which of the following anti-arrhythmic agents is considered the drug of choice for acute management of this condition?,Digoxin,Verapamil,Adenosine,Procainamide,Metoprolol,D,
IMM-Cardio-Arrhythmias-028,Cardiology,Arrhythmias,"In a patient presenting with pre-excitatory atrial fibrillation associated with WPW syndrome, certain drugs are explicitly avoided because they block the normal AV node and force conduction down the abnormal accessory pathway. Which of the following pairs of drugs must be strictly avoided?",Procainamide and Quinidine,Digoxin and Calcium channel blockers,Amiodarone and Beta-blockers,Adenosine and Flecainide,Aspirin and Warfarin,B,
IMM-Cardio-Arrhythmias-029,Cardiology,Arrhythmias,"A 60-year-old male collapses in the hospital. The monitor shows a sudden loss of pulse. The code team assesses the rhythm to determine if a shock should be delivered. Which of the following represents a ""non-shockable"" rhythm in the context of sudden cardiac arrest?",Ventricular fibrillation,Pulseless ventricular tachycardia,Pulseless electrical activity (PEA),Pre-excitatory atrial fibrillation,Orthodromic tachycardia,C,
IMM-Cardio-Arrhythmias-030,Cardiology,Arrhythmias,"A patient with acute ischemic heart disease suddenly loses consciousness. Blood pressure is unrecordable. The ECG monitor displays a totally erratic, wide-complex tracing with no identifiable P-waves or QRS complexes. What is the most likely diagnosis?",Asystole,Ventricular fibrillation,Atrial flutter,Multifocal atrial tachycardia,AV Nodal Re-entrant Tachycardia,B,
IMM-Cardio-Arrhythmias-031,Cardiology,Arrhythmias,"A clinical pearl distinguishes between narrow and broad complex tachycardias. According to this specific rule, a broad complex tachycardia is defined by a QRS complex duration strictly greater than what threshold?",80 ms (2 small squares),100 ms (2.5 small squares),120 ms (3 small squares),160 ms (4 small squares),200 ms (5 small squares),C,
IMM-Cardio-Arrhythmias-032,Cardiology,Arrhythmias,"A 65-year-old male collapses. The monitor shows ventricular fibrillation. He receives an initial shock and high-quality CPR is commenced. After 2 minutes, the rhythm is reassessed and remains ventricular fibrillation. According to the standard ACLS algorithm, what is the required next step?",Administer IV Epinephrine,Deliver a 2nd shock,Administer IV Amiodarone,Check for a pulse,Perform synchronized cardioversion,B,
IMM-Cardio-Arrhythmias-033,Cardiology,Arrhythmias,"During a resuscitation attempt for a patient in pulseless ventricular tachycardia, the patient remains in a shockable rhythm after the 3rd shock. According to the treatment protocol, which medication and dosage is specifically indicated at this stage?",Epinephrine 1 mg bolus,Amiodarone 150 mg,Amiodarone 300 mg,Lidocaine 100 mg,Magnesium sulfate 2 g,C,
IMM-Cardio-Arrhythmias-034,Cardiology,Arrhythmias,"A 60-year-old male with a history of a prior myocardial infarction presents with palpitations. His ECG shows a wide-complex tachycardia at 160 bpm. He is conscious, alert, and his blood pressure is 115/75 mmHg. According to management guidelines for hemodynamically stable VT, which of the following is an appropriate initial pharmacological treatment?",IV Amiodarone,IV Epinephrine,IV Adenosine,IV Verapamil,IV Magnesium,A,
IMM-Cardio-Arrhythmias-035,Cardiology,Arrhythmias,A physician is reviewing an ECG showing a wide-complex tachycardia and must differentiate between monomorphic ventricular tachycardia (VT) and supraventricular tachycardia (SVT) with aberrancy. Which of the following findings is considered pathognomonic for VT?,History of myocardial infarction,QRS complex duration of 130 msec,AV dissociation,No response to adenosine,Extreme right axis deviation,C,
IMM-Cardio-Arrhythmias-036,Cardiology,Arrhythmias,A patient with a known history of major depressive disorder presents with recurrent episodes of syncope. An ECG reveals a prolonged QT interval. Which of the following classes of psychiatric medications is explicitly noted to cause this abnormality and predispose to Torsades de Pointes?,Selective serotonin reuptake inhibitors,Tricyclic antidepressants,Benzodiazepines,Monoamine oxidase inhibitors,Atypical antipsychotics,B,
IMM-Cardio-Arrhythmias-037,Cardiology,Arrhythmias,A 45-year-old female develops Torsades de Pointes while hospitalized. She is hemodynamically stable. What is the acute treatment of choice for this specific arrhythmia regardless of the underlying cause?,IV Amiodarone,IV Magnesium,Synchronized cardioversion,Oral beta-blockers,IV Isoproterenol,B,
IMM-Cardio-Arrhythmias-038,Cardiology,Arrhythmias,"A patient with an ""acquired"" long QT syndrome is being evaluated for chronic treatment to prevent recurrent Torsades de Pointes. Which of the following treatments is strictly contraindicated in this specific patient because the resulting bradycardia can precipitate the arrhythmia?",Implantable cardiac defibrillator,Left stellate ganglion block,Beta-blockers,IV Magnesium,Atrial pacing,C,
IMM-Cardio-Arrhythmias-039,Cardiology,Arrhythmias,A patient is found unresponsive with no pulse. The cardiac monitor displays asystole. Which of the following interventions is explicitly described as fruitless and detrimental in this scenario because it eliminates any possibility of recovering a rhythm?,Cardiopulmonary resuscitation (CPR),Epinephrine administration,Securing an IV access,Intubation,Cardioversion,E,
IMM-Cardio-Arrhythmias-040,Cardiology,Arrhythmias,"A trauma patient loses their pulse, but the ECG monitor continues to show a normal sinus rhythm. This condition is termed Pulseless Electrical Activity (PEA). Which of the following is a recognized cause of PEA, grouped under the ""Hs and Ts"" mnemonic?",Hyperglycemia,Hyperthyroidism,Tension pneumothorax,Tricuspid regurgitation,Hypocalcemia,C,
IMM-Cardio-Cardiomyopathies-001,Cardiology,Cardiomyopathies,A 32-year-old female develops severe heart failure three months after giving birth to her first child. Echocardiography shows an ejection fraction of 35% with global hypokinesis. No other underlying cause for heart failure can be found. Which of the following is a strictly required criterion to formally diagnose peri-partum cardiomyopathy?,Presence of an autosomal dominant genetic mutation,History of severe thiamine deficiency during pregnancy,CHF develops in the last month of pregnancy or within 5 months post-partum,Evidence of severe acute viral myocarditis on endomyocardial biopsy,Normal or increased left ventricular wall thickness,C,
IMM-Cardio-Cardiomyopathies-002,Cardiology,Cardiomyopathies,"A 50-year-old male is diagnosed with Dilated Cardiomyopathy (DCM). His medical regimen includes ACE-inhibitors, Beta-blockers, Spironolactone, and Digoxin. Which of these specifically prescribed medications are noted to reduce the risk of sudden arrhythmic death in this condition?",Digoxin and Diuretics,Spironolactone and Digoxin,"ACE-inhibitors, ARBs, and Beta-blockers",Only loop diuretics,Intravenous inotropic agents,C,
IMM-Cardio-Cardiomyopathies-003,Cardiology,Cardiomyopathies,A 22-year-old athlete collapses and dies suddenly during a basketball game. Autopsy reveals Hypertrophic Cardiomyopathy (HCM) with asymmetric septal hypertrophy. The pathophysiology of his disease included left ventricular outflow obstruction and mitral regurgitation. What specific anatomical event directly causes the mitral regurgitation in HCM?,Myxomatous degeneration of the posterior leaflet,Rupture of the chordae tendineae,Systolic anterior motion (SAM) of the anterior mitral valve leaflet,Dilation of the mitral valve annulus,Vegetation formation on the valve cusps,C,
IMM-Cardio-Cardiomyopathies-004,Cardiology,Cardiomyopathies,A family undergoes genetic testing after a sibling is diagnosed with Hypertrophic Cardiomyopathy. The geneticist explains that the disease is typically caused by autosomal dominant mutations in cardiac sarcomere genes. Which of the following specific gene mutations is the most common type of mutation causing HCM?,Myosin-binding Protein C,Troponin T,beta-myosin Heavy Chain,Dystrophin,Fibrillin-1,C,
IMM-Cardio-Cardiomyopathies-005,Cardiology,Cardiomyopathies,"A young patient with Hypertrophic Cardiomyopathy is being examined. A harsh ejection systolic murmur is heard best at the left lower sternal border. The physician instructs the patient to abruptly stand up from a seated position. Based on the hemodynamics of LV outflow obstruction, what effect will this maneuver have on the intensity of the murmur, and why?",It decreases the murmur by increasing afterload,It decreases the murmur by increasing preload and LV chamber size,It increases the murmur by decreasing preload and decreasing LV chamber size,It increases the murmur by causing severe bradycardia,It has absolutely no effect on the murmur intensity,C,
IMM-Cardio-Cardiomyopathies-006,Cardiology,Cardiomyopathies,"A patient with Hypertrophic Cardiomyopathy demonstrates a ""jerky carotid pulse"" on physical examination. What specific underlying physiological mechanism is responsible for generating this unique physical sign?","Slow, delayed ejection through a calcified aortic valve",Rapid ejection followed by sudden obstruction of LV outflow during systole,Reflex sympathetic activation causing peripheral vasodilation,Retrograde blood flow into the left atrium during systole,"A highly compliant, dilated left ventricle with poor contractility",B,
IMM-Cardio-Cardiomyopathies-007,Cardiology,Cardiomyopathies,"A 35-year-old male with confirmed Hypertrophic Cardiomyopathy (HCM) continues to experience severe chest pain and dyspnea despite maximal medical therapy with beta-blockers. According to the management guidelines provided, which of the following is an appropriate next-step alternative medical therapy?",Digoxin,Verapamil,Disopyramide,Nitroglycerin,Spironolactone,C,
IMM-Cardio-Cardiomyopathies-008,Cardiology,Cardiomyopathies,"A 28-year-old athlete with a family history of sudden cardiac death is diagnosed with Hypertrophic Cardiomyopathy. The physician evaluates the patient's risk profile to determine if an Implantable Cardiac Defibrillator (ICD) is indicated for primary prevention. According to the clinical pearl, which of the following specific echocardiographic findings is an indication for an ICD in HCM?",Ejection fraction strictly < 35%,Left ventricular wall thickness ≥ 30 mm,Left ventricular end-systolic diameter ≥ 55 mm,Presence of systolic anterior motion (SAM) of the mitral valve,Asymmetrical septal hypertrophy without outflow obstruction,B,
IMM-Cardio-Cardiomyopathies-009,Cardiology,Cardiomyopathies,"A 55-year-old female presents with signs of severe right-sided heart failure (ascites, prominent peripheral edema, elevated JVP). Echocardiography reveals normal ventricular chamber size but significantly enlarged atria and symmetric wall thickening. Her ECG shows low voltages. What is the defining pathophysiological mechanism of her suspected restrictive cardiomyopathy?",Progressive cardiac dilation and severe contractile (systolic) dysfunction,Asymmetric septal hypertrophy causing left ventricular outflow obstruction,Impaired ventricular filling due to decreased compliance in the absence of pericardial disease,Rapid accumulation of fluid in the pericardial sac compressing the heart,Autoimmune inflammation of the pericardium following a viral infection,C,
IMM-Cardio-Cardiomyopathies-010,Cardiology,Cardiomyopathies,A patient is diagnosed with restrictive cardiomyopathy. The physician reviews the patient's medical history to identify the underlying etiology. Which of the following conditions is an established infiltrative cause of restrictive cardiomyopathy?,Scleroderma,Glycogen storage disease,Amyloidosis,Endomyocardial fibrosis,Radiation therapy,C,
IMM-Cardio-Cardiomyopathies-011,Cardiology,Cardiomyopathies,A patient with restrictive cardiomyopathy undergoes a physical examination. The physician notes that the patient's Jugular Venous Pressure (JVP) paradoxically rises during inspiration. What is the specific eponymous name for this clinical sign?,Friedrich's sign,Kussmaul's sign,Ewart's sign,Beck's triad,Corrigan's pulse,B,
IMM-Cardio-Congenital-001,Cardiology,Congenital Heart Diseases,"A medical student is studying the epidemiology and genetics of congenital heart diseases. While most cases are caused by faulty embryogenesis during weeks 3-8, a specific chromosomal abnormality represents the most common overall genetic cause of CHD. What is this genetic abnormality?",Turner's syndrome,Trisomy 18 (Edwards syndrome),Trisomy 21 (Down syndrome),Marfan syndrome,Ehlers-Danlos syndrome,C,
IMM-Cardio-Congenital-002,Cardiology,Congenital Heart Diseases,"A neonate is evaluated for severe cyanosis shortly after birth. The cardiologist suspects a malformation featuring a right-to-left shunt, allowing de-oxygenated blood to bypass the lungs. Which of the following conditions is explicitly classified as a right-to-left shunt (""4Ts"")?",Atrial septal defect,Ventricular septal defect,Patent ductus arteriosus,Tricuspid atresia,Atrioventricular septal defect,D,
IMM-Cardio-Congenital-003,Cardiology,Congenital Heart Diseases,"A newborn is diagnosed with Tetralogy of Fallot (TOF), the most common cyanotic heart lesion. The anomaly consists of four classic structural components. Which of the following is NOT one of the defined components of Tetralogy of Fallot?",Pulmonary outflow obstruction,Right ventricular hypertrophy,Overriding aorta,Left ventricular hypertrophy,Ventricular septal defect (VSD),D,
IMM-Cardio-Congenital-004,Cardiology,Congenital Heart Diseases,"An infant with known Tetralogy of Fallot was completely acyanotic at birth but developed progressive cyanosis over the first few months of life. According to the text, what physiological pressure change must occur for cyanosis to become apparent in this condition?",Left ventricular pressure must exceed right ventricular pressure,Right atrial pressure must fall below left atrial pressure,Right ventricular pressure must become greater than or equal to left ventricular pressure,Pulmonary vascular resistance must fall below systemic vascular resistance,Systemic blood pressure must exceed pulmonary artery pressure,C,
IMM-Cardio-Congenital-005,Cardiology,Congenital Heart Diseases,"A 3-year-old child with uncorrected Tetralogy of Fallot experiences sudden, severe cyanosis and respiratory distress after a period of intense crying (""Tet Spell""). The child instinctively assumes a squatting position, which relieves the symptoms. What is the specific hemodynamic mechanism by which squatting provides relief?","It decreases venous return to the right heart, reducing pulmonary congestion","It increases systemic vascular resistance (SVR), which helps shunt blood from the right ventricle to the lungs","It drastically decreases pulmonary vascular resistance (PVR), allowing more blood into the lungs","It causes a reflex bradycardia, increasing the diastolic filling time of the left ventricle","It mechanically compresses the ventricular septal defect, forcing it closed",B,
IMM-Cardio-Congenital-006,Cardiology,Congenital Heart Diseases,A physician is examining an older child with uncorrected Tetralogy of Fallot. Auscultation reveals a specific murmur due to the pulmonary outflow obstruction. Where is this murmur best heard and what is its character?,Pansystolic murmur at the apex,Continuous machinery murmur at the 2nd left intercostal space,Ejection systolic murmur in the pulmonary area (left upper sternal border),High-pitched early diastolic murmur at the left sternal border,Mid-diastolic rumble at the apex,C,
IMM-Cardio-Congenital-007,Cardiology,Congenital Heart Diseases,A chest X-ray is obtained for a child with Tetralogy of Fallot. Which of the following radiographic descriptions represents the hallmark feature of the heart's silhouette in this specific congenital anomaly?,"Large, globular heart with sharp outlines (water bottle sign)",Cardiomegaly with prominent left atrial appendage,Boot-shaped heart due to a hypertrophied right ventricle,Egg-on-a-string appearance,Figure-of-3 sign indicating aortic indentation,C,
IMM-Cardio-Congenital-008,Cardiology,Congenital Heart Diseases,"An infant with Tetralogy of Fallot has severely hypoplastic pulmonary arteries, making definitive total correction currently impossible. The surgical team decides to perform a palliative Blalock-Taussig shunt to improve pulmonary blood flow. Which two vessels are explicitly anastomosed in this palliative procedure?",Ascending aorta and main pulmonary artery,Superior vena cava and right pulmonary artery,Subclavian artery and pulmonary artery,Descending aorta and left pulmonary artery,Inferior vena cava and right pulmonary artery,C,
IMM-Cardio-Congenital-009,Cardiology,Congenital Heart Diseases,"A neonate presents with profound cyanosis immediately upon delivery. Echocardiography reveals that the aorta arises from the right ventricle and the pulmonary artery arises from the left ventricle. Because this separates the systemic and pulmonary circulations, post-natal survival requires the mixing of blood. Which of the following structures must be present to allow this mixing?",Coarctation of the aorta,Intact inter-atrial septum,Patent ductus arteriosus (PDA),Normal tricuspid valve,Hypertrophied left ventricle,C,
IMM-Cardio-Congenital-010,Cardiology,Congenital Heart Diseases,"Transposition of the Great Arteries is the most common cyanotic lesion presenting in the immediate newborn period. According to the provided text, infants born to mothers with which specific medical condition are at an increased risk of developing this anomaly?",Systemic lupus erythematosus,Rheumatoid arthritis,Congenital rubella infection,Diabetes mellitus,Severe hypertension,D,
IMM-Cardio-Congenital-011,Cardiology,Congenital Heart Diseases,"A 2-month-old infant is diagnosed with a ventricular septal defect, the most common congenital heart disease. The cardiologist notes that the defect is located at the junction of the membranous and muscular portions of the interventricular septum. What is the specific anatomical term for this most common site of a VSD?",Primum defect,Secundum defect,Sinus venosus defect,Peri-membranous defect,Endocardial cushion defect,D,
IMM-Cardio-Congenital-012,Cardiology,Congenital Heart Diseases,"A 4-year-old child with a large, uncorrected ventricular septal defect presents with progressive shortness of breath and cyanosis on exertion. The cardiologist explains that the initially left-to-right shunt has reversed due to the development of Eisenmenger's syndrome. What hemodynamic threshold must be crossed for this reversal to occur?",Systemic vascular resistance > Pulmonary vascular resistance,Pulmonary vascular resistance > Systemic vascular resistance,Left atrial pressure > Right atrial pressure,Left ventricular end-diastolic pressure > Aortic pressure,Pulmonary artery pressure falls strictly below 15 mmHg,B,
IMM-Cardio-Congenital-013,Cardiology,Congenital Heart Diseases,"A pediatrician auscultates a neonate and hears a harsh, blowing, holosystolic murmur with a thrill at the fourth left intercostal space. The physician suspects a ventricular septal defect (VSD). According to the clinical features of VSD, what is the relationship between the size of the defect and the loudness of the murmur?",A larger defect produces a significantly louder murmur,The murmur intensity is completely unrelated to the defect size,A smaller defect produces a louder murmur,"Only muscular defects produce murmurs, regardless of size",The murmur disappears completely when the defect is small,C,
IMM-Cardio-Congenital-014,Cardiology,Congenital Heart Diseases,"A patient with a known large VSD is being evaluated for surgical repair. Cardiac catheterization reveals that the patient has developed fully established Eisenmenger's syndrome. According to treatment guidelines, what is the management implication of this finding?",Immediate surgical closure of the VSD is mandatory to save life,Surgical repair of the VSD is strictly contraindicated,The patient requires a palliative Blalock-Taussig shunt,High-dose systemic vasodilators will reverse the syndrome,Prophylactic antibiotics alone will cure the condition,B,
IMM-Cardio-Congenital-015,Cardiology,Congenital Heart Diseases,"A 35-year-old male is diagnosed with an Atrial Septal Defect (ASD) after an incidental murmur is detected. He is told he has the most common type, which accounts for 90% of all ASDs and is due to a deficient or fenestrated oval fossa. What is the specific classification of this ASD?",Primum ASD,Secundum ASD,Sinus venosus ASD,Coronary sinus ASD,Peri-membranous ASD,B,
IMM-Cardio-Congenital-016,Cardiology,Congenital Heart Diseases,"An adult patient presents with dyspnea, chest infections, and signs of right-sided heart failure. Examination reveals a wide fixed splitting of the S2 heart sound and a systolic ejection murmur along the left sternal border. An ECG shows an incomplete Right Bundle Branch Block (RBBB). These findings are classic for which congenital anomaly?",Ventricular Septal Defect,Tetralogy of Fallot,Patent Ductus Arteriosus,Atrial Septal Defect,Coarctation of the aorta,D,
IMM-Cardio-Congenital-017,Cardiology,Congenital Heart Diseases,"The ductus arteriosus is a vital prenatal structure connecting the pulmonary artery with the aorta, allowing blood to bypass the non-functional lungs. Following a normal birth, what specific physiological change directly triggers the closure of the ductus arteriosus in the first days of life?",A sudden drop in systemic vascular resistance,The physical severing of the umbilical cord,Postnatal increase in pO2 due to the breathing of the newborn,A massive surge in circulating maternal estrogen,The mechanical expansion of the rib cage,C,
IMM-Cardio-Congenital-018,Cardiology,Congenital Heart Diseases,"A premature infant born at 28 weeks gestation is found to have a continuous machinery murmur best heard in the 2nd left intercostal space below the clavicle. Echocardiography confirms a patent ductus arteriosus (PDA). According to pharmacological management protocols, which specific class of medication is used to close a PDA in the first week of life?","Beta-blockers (e.g., propranolol)",Prostaglandin E1,"Prostaglandin synthase inhibitors (e.g., indomethacin)","Loop diuretics (e.g., furosemide)","Calcium channel blockers (e.g., verapamil)",C,
IMM-Cardio-Congenital-019,Cardiology,Congenital Heart Diseases,"A 15-year-old female with short stature and webbed neck (Turner's syndrome) is evaluated for hypertension. Her blood pressure is significantly higher in her arms than in her legs. She is diagnosed with coarctation of the aorta. According to the text, what is the most common specific site for this segmental narrowing to occur?",At the origin of the brachiocephalic trunk,Midway down the descending thoracic aorta,Just below the origin of the left subclavian artery (at the ligamentum arteriosum),At the level of the renal arteries in the abdominal aorta,Immediately above the aortic valve (supravalvular),C,
IMM-Cardio-Congenital-020,Cardiology,Congenital Heart Diseases,"A 20-year-old male is being investigated for secondary hypertension. Physical examination reveals a ""Radio-Femoral Delay,"" where the femoral pulse is weak and delayed compared to the radial pulse. A chest X-ray is obtained. Which of the following radiographic findings is a classic sign of this condition due to the development of arterial collaterals?",Boot-shaped heart,Notching of the inferior border of the ribs,Water-bottle silhouette,Bilateral hilar lymphadenopathy,Egg-on-a-string appearance,B,
IMM-Cardio-CHF-001,Cardiology,Congestive Heart Failure,"A 75-year-old male with a long history of uncontrolled hypertension develops heart failure. Echocardiography reveals a normal ejection fraction (>50%), but the left ventricular wall is markedly thickened and stiff, leading to impaired filling. How is this specific type of heart failure classified?",Systolic heart failure,Diastolic heart failure,Cor pulmonale,High-output heart failure,Right-sided heart failure,B,
IMM-Cardio-CHF-002,Cardiology,Congestive Heart Failure,"A 60-year-old female presents with severe dyspnea, orthopnea, and paroxysmal nocturnal dyspnea. Physical exam reveals crackles in the lung fields. What is the most common underlying cause that would subsequently lead to the development of right-sided heart failure in this patient?",Chronic obstructive pulmonary disease (COPD),Primary pulmonary hypertension,Left-sided heart failure,Pulmonary embolism,Tricuspid valve regurgitation,C,
IMM-Cardio-CHF-003,Cardiology,Congestive Heart Failure,"A patient with chronic heart failure reports that he frequently wakes up in the middle of the night, about 2 hours after going to sleep, gasping for air. This symptom is formally known as Paroxysmal Nocturnal Dyspnea (PND). According to the text, what is the specific physiological mechanism causing orthopnea and contributing to this nighttime distress when lying flat?",Severe bronchospasm triggered by vagal tone,Autoimmune inflammation of the pleura,Redistribution of fluid from splanchnic beds and lower extremities to central circulation,Rapid accumulation of fluid in the pericardial sac,Acute ischemia of the respiratory center in the brainstem,C,
IMM-Cardio-CHF-004,Cardiology,Congestive Heart Failure,"A 65-year-old male with long-standing hypertension develops congestive heart failure. An echocardiogram is ordered to distinguish between systolic and diastolic dysfunction. If the patient has isolated diastolic dysfunction, which of the following echocardiographic and clinical profiles is expected?",Low ejection fraction with impaired contractility,Normal ejection fraction with impaired ventricular filling,Increased cardiac output with severe anemia,Dilated cardiomyopathy with an ejection fraction of 25%,A left-to-right shunt with oxygen step-up,B,
IMM-Cardio-CHF-005,Cardiology,Congestive Heart Failure,"A patient with left-sided heart failure reports waking up at 2 AM with severe shortness of breath and a feeling of suffocation. The physician explains that lying flat increases venous return, causing pulmonary congestion. What specific clinical sign on auscultation is described as the first cardiac sign of this condition?",S4 heart sound,S3 heart sound,Mid-diastolic rumble,Early peaking systolic murmur,Pericardial friction rub,B,
IMM-Cardio-CHF-006,Cardiology,Congestive Heart Failure,"A 55-year-old male with severe, chronic COPD presents with jugular venous distention, painful hepatomegaly, and severe pitting pedal edema. Echocardiography shows right ventricular failure but completely normal left ventricular function. This presentation is formally termed ""cor pulmonale."" What is the most common overall cause of right-sided heart failure?",Chronic lung disease,Pulmonary valvular stenosis,Left-sided heart failure,Pulmonary embolism,Tricuspid valve regurgitation,C,
IMM-Cardio-CHF-007,Cardiology,Congestive Heart Failure,"A patient is evaluated for congestive heart failure. To meet the Framingham Diagnostic Criteria, a patient must have the concurrent presence of either 2 Major criteria, or 1 Major and 2 Minor criteria. Which of the following clinical findings is formally classified as a ""Major Criterion""?",Nocturnal cough,Dyspnea on exertion,Pleural effusion,Hepatojugular reflux,Hepatomegaly,D,
IMM-Cardio-CHF-008,Cardiology,Congestive Heart Failure,"A 30-year-old pregnant female with severe anemia develops signs of heart failure, including dyspnea and edema. Echocardiography demonstrates a surprisingly high cardiac output. Which of the following conditions is also a recognized cause of high-output heart failure?",Myocarditis,Constrictive pericarditis,Paget's disease of bone,Hypertrophic cardiomyopathy,Cardiac tamponade,C,
IMM-Cardio-CHF-009,Cardiology,Congestive Heart Failure,"A patient with known dilated cardiomyopathy has marked limitation of normal activities. He experiences dyspnea when walking short distances around his house, but is comfortable at rest. According to the New York Heart Association (NYHA) classification, what class is this patient?",Class I,Class II,Class III,Class IV,Stage C,C,
IMM-Cardio-CHF-010,Cardiology,Congestive Heart Failure,"A patient is undergoing an evaluation for congestive heart failure. Transthoracic echocardiography is performed as the best initial test. If the physician requires the absolute most accurate test for determining the precise ejection fraction, which investigation should be ordered?",Trans-Esophageal Echocardiography (TEE),Brain Natriuretic Peptide (BNP) levels,Nuclear ventriculography (MUGA scan),Coronary Angiography,Electrocardiogram (ECG),C,
IMM-Cardio-CHF-011,Cardiology,Congestive Heart Failure,A 68-year-old male presents to the emergency department with acute dyspnea. He has a history of both asthma and congestive heart failure. The physician orders a Brain Natriuretic Peptide (BNP) level to help distinguish the etiology. What is the clinical significance of a completely normal BNP level in this scenario?,It confirms an acute asthma exacerbation,It explicitly excludes congestive heart failure,It indicates a high risk of all-cause mortality,It suggests isolated right-sided heart failure,It confirms a massive pulmonary embolism,B,
IMM-Cardio-CHF-012,Cardiology,Congestive Heart Failure,"A 70-year-old male with severe systolic heart failure presents to the clinic with an acute exacerbation. His systolic blood pressure is currently 90 mmHg. According to management pearls for ACE-inhibitors and diuretics, what is the best initial approach for this hemodynamically unstable patient?",Administer a high-dose loop diuretic immediately to reduce preload,"Withhold diuretics for 24 hours and start a low-dose, long-acting ACE-inhibitor at night",Start a high-dose short-acting ACE-inhibitor in the morning alongside a thiazide diuretic,Administer intravenous dobutamine and start spironolactone,Start an Angiotensin Receptor Blocker (ARB) combined with digoxin,B,
IMM-Cardio-CHF-013,Cardiology,Congestive Heart Failure,A 60-year-old male with systolic dysfunction is being initiated on a beta-blocker to lower his mortality risk. The physician chooses metoprolol and explains the dosing regimen. Why must the physician specifically start with small incremental doses rather than a standard therapeutic dose?,Standard doses cause irreversible renal failure,Starting at a standard dose may precipitate acute-on-chronic heart failure,High initial doses lead to life-threatening hyperkalemia,Standard doses directly cause toxic multinucleated giant cell formation,Beta-blockers require hepatic auto-induction to be metabolized safely,B,
IMM-Cardio-CHF-014,Cardiology,Congestive Heart Failure,"A 68-year-old male with NYHA class III heart failure is started on an aldosterone receptor antagonist to lower his mortality. Months later, he complains of painful bilateral breast enlargement. If the physician switches him to an alternative drug in the exact same class to avoid this specific side effect, which drug should be prescribed?",Lisinopril,Metoprolol,Furosemide,Eplerenone,Nicorandil,D,
IMM-Cardio-CHF-015,Cardiology,Congestive Heart Failure,"A 75-year-old male with advanced systolic heart failure develops severe, progressive renal failure, making ACE-inhibitors and ARBs strictly contraindicated. Which of the following pharmacological combinations is explicitly indicated to reduce mortality in this specific scenario?",Loop diuretics and Digoxin,Ivabradine and Spironolactone,Hydralazine and Nitrates,Beta-blockers and Thiazide diuretics,Calcium channel blockers and Aspirin,C,
IMM-Cardio-CHF-016,Cardiology,Congestive Heart Failure,"A patient with moderate-to-severe systolic dysfunction and a resting heart rate of 85 bpm is prescribed Ivabradine. This agent lowers mortality by acting on the ""If"" inward current in the SA node. In which of the following co-existing cardiac conditions is Ivabradine explicitly noted to be ineffective?",First-degree AV block,Atrial fibrillation,Left bundle branch block,Ventricular tachycardia,Atrial septal defect,B,
IMM-Cardio-CHF-017,Cardiology,Congestive Heart Failure,A 65-year-old female with congestive heart failure and concurrent atrial fibrillation is prescribed digoxin for rate control. What specific impact will this positive inotropic agent have on her long-term clinical outcomes?,It significantly increases her long-term survival,It reverses the underlying ventricular remodeling,It decreases the likelihood of hospitalization but does not lower overall mortality,It cures the atrial fibrillation completely within 6 months,It effectively replaces the need for an implantable defibrillator,C,
IMM-Cardio-CHF-018,Cardiology,Congestive Heart Failure,A 70-year-old patient with congestive heart failure remains highly symptomatic despite optimal medical therapy. His echocardiogram shows an ejection fraction of 30%. His resting ECG reveals a left bundle branch block with a QRS duration of 140ms. Which of the following non-pharmacologic treatments is specifically indicated to reduce mortality by utilizing a biventricular pacemaker in this patient?,Radiofrequency ablation,Implantable Cardiac Defibrillator (ICD),Ventricular Assist Device (VAD),Cardiac Resynchronization Therapy (CRT),Orthotopic Cardiac Transplantation,D,
IMM-Cardio-CHF-019,Cardiology,Congestive Heart Failure,"A 50-year-old male undergoes orthotopic cardiac transplantation for end-stage dilated cardiomyopathy. Six months later, he presents with signs of profound graft dysfunction. A cardiac biopsy confirms acute cellular rejection. According to standard management, what is the indicated treatment for this complication?",Immediate re-transplantation,High-dose steroids,Intravenous antibiotics,Left ventricular assist device insertion,Emergency coronary artery bypass grafting,B,
IMM-Cardio-CHF-020,Cardiology,Congestive Heart Failure,A 65-year-old female is diagnosed with congestive heart failure. Echocardiography reveals a normal ejection fraction but impaired ventricular filling during diastole. Which of the following medications is explicitly listed as NOT beneficial and should NOT be used in the management of her specific type of heart failure?,Beta-blockers,Loop diuretics,Thiazide diuretics,Digoxin,ACE-inhibitors,D,
IMM-Cardio-CHF-021,Cardiology,Congestive Heart Failure,"A patient with chronic, severe congestive heart failure has a comprehensive metabolic panel drawn during a routine clinic visit. Which of the following specific electrolyte abnormalities is identified as a poor prognostic sign in this condition?",Hypernatremia,Hypercalcemia,Hyponatremia,Hypomagnesemia,Hyperphosphatemia,C,
IMM-Cardio-CHD-001,Cardiology,Coronary Heart Disease,"A 55-year-old male is undergoing risk stratification for ischemic heart disease. He has multiple risk factors. According to the text, which of the following is considered the most dangerous (worst) risk factor for developing CHD?",Hypertension,Cigarette smoking,Hyperlipidemia,Diabetes mellitus,Family history of CHD,D,
IMM-Cardio-CHD-002,Cardiology,Coronary Heart Disease,"A 50-year-old male presents with central, diffuse chest pain. To distinguish between stable angina and a myocardial infarction (MI) based purely on clinical features, which of the following characteristics strongly points toward stable angina rather than MI?",Pain lasts greater than 30 minutes,Pain is relieved by rest and nitrates,Pain is associated with severe sweating and nausea,Pain occurs independently of physical exertion,Pain changes with respiration,B,
IMM-Cardio-CHD-003,Cardiology,Coronary Heart Disease,"A 40-year-old male presents with sharp, retrosternal chest pain. He notes that the pain significantly aggravates when he lies flat on his back and improves when he sits up. Based on this specific clinical feature, what is the most likely diagnosis?",Stable angina,Aortic dissection,Pneumothorax,Pericarditis,Gastroesophageal reflux,D,
IMM-Cardio-CHD-004,Cardiology,Coronary Heart Disease,A 62-year-old patient is being evaluated for suspected stable angina after complaining of substernal chest pain upon exertion. What is the recommended best initial investigation to order for this patient?,Exercise tolerance test,Coronary angiography,Resting ECG,Stress echocardiography,Myocardial perfusion scanning,C,
IMM-Cardio-CHD-005,Cardiology,Coronary Heart Disease,"A 60-year-old patient is undergoing an exercise tolerance test (ETT). To determine if the test is sufficiently sensitive, the patient's heart rate must reach at least 85% of their maximum predicted heart rate. What is the target heart rate for this specific patient to achieve this threshold?",120 bpm,136 bpm,150 bpm,160 bpm,180 bpm,B,
IMM-Cardio-CHD-006,Cardiology,Coronary Heart Disease,"During an exercise tolerance test, the physician observes changes in the ST segment on the ECG monitor. Which of the following specific ST segment changes is considered a normal, non-specific finding rather than a sign of myocardial ischemia?",Planar ST depression,Down-sloping ST depression,Up-sloping ST depression,Horizontal ST depression,ST segment elevation,C,
IMM-Cardio-CHD-007,Cardiology,Coronary Heart Disease,"A patient with a baseline left bundle branch block requires stress testing for suspected coronary artery disease. Because his baseline ECG is abnormal, an exercise tolerance test is inadequate. Which of the following is an appropriate alternative method to detect ischemia in this scenario?",Resting ECG,Exercise thallium scan,24-hour Holter monitor,Chest X-ray,Coronary angiography,B,
IMM-Cardio-CHD-008,Cardiology,Coronary Heart Disease,A 70-year-old female with severe osteoarthritis is completely unable to walk on a treadmill. Her physician orders a stress echocardiography using a pharmacologic agent to simulate stress. Which drug is specifically used for this purpose in a stress echocardiogram?,Dipyridamole,Dobutamine,Adenosine,Metoprolol,Amiodarone,B,
IMM-Cardio-CHD-009,Cardiology,Coronary Heart Disease,A patient undergoes a thallium scan. The report describes a perfusion defect in the anterior wall that is present during the stress phase but completely disappears during the rest phase. What does this specific pattern indicate?,Irreversible ischemia (infarction),Reversible ischemia,Normal myocardial perfusion,Coronary artery vasospasm,Acute pericarditis,B,
IMM-Cardio-CHD-010,Cardiology,Coronary Heart Disease,"A patient is diagnosed with severe coronary artery disease. To determine the precise anatomic location of the disease and decide whether Coronary Artery Bypass Graft (CABG) surgery or Percutaneous Coronary Intervention (PCI) is preferable, which of the following tests must be performed?",Exercise tolerance test,Exercise echocardiography,Coronary Angiography,Myocardial perfusion scan,Resting ECG,C,
IMM-Cardio-CHD-011,Cardiology,Coronary Heart Disease,"A medical student is reviewing the mechanisms by which different stress tests detect myocardial ischemia. According to the clinical pearl provided, how does an exercise echocardiography specifically detect ischemia?",By observing ST segment depression,By detecting perfusion defects,By observing wall motion abnormalities,By measuring a drop in blood pressure,By recording ectopic ventricular beats,C,
IMM-Cardio-CHD-012,Cardiology,Coronary Heart Disease,A 35-year-old male with a strong family history of sudden cardiac death is diagnosed with Brugada Syndrome. Which of the following underlying physiological defects is responsible for this genetic disorder?,Calcium channel dysfunction,Potassium channel dysfunction,Defect in sodium channel function,Beta-adrenergic receptor hypersensitivity,Structural septal hypertrophy,C,
IMM-Cardio-CHD-013,Cardiology,Coronary Heart Disease,"A patient is diagnosed with Brugada Syndrome after an ECG reveals a Right Bundle Branch Block (RBBB) pattern and ST-elevation in leads V1 and V2. Because this condition presents with sudden cardiac death, what is the definitive indicated treatment?",Chronic oral beta-blockers,Implantable defibrillator,Radiofrequency ablation of the SA node,Left stellate ganglion block,Daily low-dose aspirin,B,
IMM-Cardio-CHD-014,Cardiology,Coronary Heart Disease,"A patient is diagnosed with Ventricular Tachycardia (VT). According to the strict definition provided in the text, VT is defined as consecutive premature ventricular contractions (PVCs) at a rate between 100 and 250 bpm. What is the minimum number of consecutive PVCs required to define this rhythm?",≥ 2,≥ 3,≥ 5,≥ 10,≥ 15,B,
IMM-Cardio-CHD-015,Cardiology,Coronary Heart Disease,"A 55-year-old female experiences chest pain while walking outside in a cold wind. The pain resolves after a few minutes of rest. Her physician explains that her stable angina is due to ischemia from a fixed atheromatous stenosis. According to the text, this stenosis typically involves at least how many coronary arteries?",≥ 1,≥ 2,≥ 3,Only the Left Anterior Descending (LAD),Only the Right Coronary Artery (RCA),A,
IMM-Cardio-Aorta-001,Cardiology,Diseases of Aorta,"A 68-year-old male with a history of smoking and hypertension is undergoing a routine physical exam. The physician decides to screen him for an abdominal aortic aneurysm (AAA) using an abdominal ultrasound. According to screening guidelines, which of the following patient profiles explicitly warrants ultrasound screening for AAA?",All women > 65 years with a history of hypertension,All men > 50 years regardless of medical history,All men 65-75 years with prior tobacco use,All patients with a known family history of Marfan syndrome,Any patient presenting with an unprovoked deep vein thrombosis,C,
IMM-Cardio-Aorta-002,Cardiology,Diseases of Aorta,"An asymptomatic 70-year-old male is found to have an abdominal aortic aneurysm measuring 4.8 cm on a screening ultrasound. During follow-up, when does the aneurysm size specifically reach the standard threshold indicating a need for surgical repair in an asymptomatic patient?",> 3.0 cm,> 4.0 cm,> 4.5 cm,> 5.0 cm,> 5.5 cm,E,
IMM-Cardio-Aorta-003,Cardiology,Diseases of Aorta,"A 55-year-old male presents with sudden, severe, tearing chest pain radiating to his back. His blood pressure is 180/110 mmHg in his right arm and 120/80 mmHg in his left arm. According to the text, what is the single most common risk factor associated with aortic dissection (present in 80% of cases)?",Marfan's syndrome,Aortic coarctation,Bicuspid aortic valve,Hypertension,Pregnancy,D,
IMM-Cardio-Aorta-004,Cardiology,Diseases of Aorta,"A patient is diagnosed with an aortic dissection. The dissection involves the ascending aorta only. According to the DeBakey classification system provided, how is this specific type of dissection classified?",Stanford A,Stanford B,DeBakey-I,DeBakey-II,DeBakey-III,D,
IMM-Cardio-Aorta-005,Cardiology,Diseases of Aorta,A 60-year-old male is diagnosed with a Type-B aortic dissection without any signs of impending rupture. Medical management is initiated to carefully control his blood pressure. What is the specific target mean arterial pressure (MAP) for managing this patient?,50 - 60 mmHg,60 - 75 mmHg,80 - 90 mmHg,90 - 100 mmHg,100 - 120 mmHg,B,
IMM-Cardio-Aorta-006,Cardiology,Diseases of Aorta,"In the acute medical management of an aortic dissection, the physician orders intravenous beta-blockers before administering any vasodilators (like nitroprusside). What is the specific physiological rationale for administering beta-blockers first in this scenario?",To prevent acute renal failure,To blunt the reflex tachycardia caused by vasodilation,To directly heal the intimal tear,To rapidly lower the patient's core body temperature,To reverse associated neurological deficits,B,
IMM-Cardio-Pericardium-001,Cardiology,Diseases of Pericardium,"A 45-year-old male presents with severe, sharp chest pain that aggravates when he lies supine or takes a deep breath. The pain is relieved by sitting up and leaning forward. He was recently treated for a severe viral infection. What is the most common specific viral etiology for this condition?",Influenza A virus,Respiratory syncytial virus,Coxsackievirus,Cytomegalovirus,Epstein-Barr virus,C,
IMM-Cardio-Pericardium-002,Cardiology,Diseases of Pericardium,"A 50-year-old female with Systemic Lupus Erythematosus (SLE) develops acute pericarditis. According to the classification of causes, into which category does her specific etiology fall?",Infectious pericarditis,Malignant pericarditis,Drug-induced pericarditis,Autoimmune (Collagen-Vascular) pericarditis,Uremic pericarditis,D,
IMM-Cardio-Pericardium-003,Cardiology,Diseases of Pericardium,"A physician suspects acute pericarditis in a patient complaining of pleuritic chest pain. Auscultation reveals a high-pitched, scratchy sound in systole. To best hear this diagnostic ""pericardial friction rub"", how should the patient be positioned and what respiratory maneuver should they perform?","Lying flat on the back, inhaling deeply","Lying in the left-lateral decubitus position, holding breath","Sitting up and leaning forward, exhaling","Squatting deeply, performing a Valsalva maneuver","Standing abruptly, breathing normally",C,
IMM-Cardio-Pericardium-004,Cardiology,Diseases of Pericardium,A 35-year-old male is admitted with severe retrosternal chest pain. An ECG is performed to differentiate between acute pericarditis and an acute myocardial infarction. Which of the following specific ECG findings is considered a very specific indicator for acute pericarditis?,Widespread ST-segment depression,Pathological Q-waves in inferior leads,PR-interval depression,New-onset Left Bundle Branch Block,"Peaked, hyperacute T-waves",C,
IMM-Cardio-Pericardium-005,Cardiology,Diseases of Pericardium,"A patient with advanced lung cancer develops a large malignant pericardial effusion. On physical examination, the physician percusses an area of dullness below the angle of the left scapula. What is the specific clinical name for this sign, and what causes it?",Kussmaul's sign; right heart failure,Ewart's sign; compression of the base of the left lung by the effusion,Friedrich's sign; rapid ventricular filling,Beck's triad; systemic hypotension,Pulsus paradoxus; decreased left ventricular stroke volume,B,
IMM-Cardio-Pericardium-006,Cardiology,Diseases of Pericardium,"A 40-year-old trauma patient presents with muffled heart sounds, a raised JVP, and severe hypotension. He is in cardiogenic shock, but his lung fields are completely clear to auscultation. What is the classic name for this triad of clinical signs indicative of cardiac tamponade?",Virchow's triad,Charcot's triad,Cushing's triad,Beck's triad,Whipple's triad,D,
IMM-Cardio-Pericardium-007,Cardiology,Diseases of Pericardium,"An ECG is performed on a patient in suspected cardiac tamponade. The tracing reveals QRS complexes that alternate in amplitude from beat to beat. What is the name of this specific ECG finding, and what is its mechanical cause?",Pulsus alternans; alternating strong and weak ventricular contractions,Electrical alternans; to-and-fro motion of the heart within the fluid-filled pericardial sac,Torsades de pointes; undulating rotation of the QRS axis,Osborn waves; severe hypothermia,Delta waves; pre-excitation via an accessory pathway,B,
IMM-Cardio-Pericardium-008,Cardiology,Diseases of Pericardium,"A patient in severe cardiogenic shock due to cardiac tamponade requires emergent pericardiocentesis to relieve the pressure. According to standard technique, where is the specific site of needle insertion, and in what direction should the needle be guided?",Left 2nd intercostal space; directed posteriorly,Right 4th intercostal space; directed towards the right shoulder,Medial to the cardiac apex or below the xiphoid process; directed upwards towards the left shoulder,Directly over the PMI; directed towards the spine,Subcostal angle; directed strictly vertically,C,
IMM-Cardio-Pericardium-009,Cardiology,Diseases of Pericardium,"A 65-year-old male immigrant presents with signs of severe right-sided heart failure (ascites, marked hepatomegaly, elevated JVP). He has a history of tuberculosis many years ago. An echocardiogram shows a thickened, calcified pericardium. Which of the following clinical signs is specifically characterized by an elevated JVP with a rapid ""y"" descent followed by a ""pericardial knock""?",Constrictive pericarditis,Cardiac tamponade,Acute pericarditis,Restrictive cardiomyopathy,Dilated cardiomyopathy,A,
IMM-Cardio-Pericardium-010,Cardiology,Diseases of Pericardium,"A patient is diagnosed with severe constrictive pericarditis causing intractable heart failure symptoms. Medical therapy with diuretics has failed to provide relief. What is the definitive treatment for this condition, noting that it carries a high morbidity?",High-dose systemic corticosteroids,Heart transplantation,Pericardiectomy (surgical resection of the pericardium),Endomyocardial biopsy,Implantation of a biventricular pacemaker,C,
IMM-Cardio-ECG-001,Cardiology,Electrocardiogram (ECG),Which of the following accurately describes the electrical connection for Lead I in a standard 12-lead ECG?,Records signal between right arm (-ve) and left leg (+ve),Records signal between right arm (-ve) and left arm (+ve),Records signal between left arm (-ve) and left leg (+ve),Records signal between right arm (+ve) and central terminal (-ve),Records signal between left leg (+ve) and central terminal (-ve),B,
IMM-Cardio-ECG-002,Cardiology,Electrocardiogram (ECG),"The augmented limb leads (aVR, aVL, aVF) are unipolar leads. How is the central terminal (-ve) specifically formed to record the signal for lead aVL?",By combining right arm and left arm electrodes,By combining left arm and left leg electrodes,By combining right arm and left leg electrodes,By combining all three limb electrodes equally,By grounding the right leg electrode exclusively,C,
IMM-Cardio-ECG-003,Cardiology,Electrocardiogram (ECG),"A patient undergoes a standard 12-lead ECG. The technician places leads V3 and V4 on the chest. According to anatomical mapping, which specific cardiac structure do these unipolar leads directly overlie?",Right ventricle,Left ventricle,Right atrium,Interventricular septum,Aortic root,D,
IMM-Cardio-ECG-004,Cardiology,Electrocardiogram (ECG),An ECG strip is analyzed at standard paper speed (25 mm per second). The distance between two consecutive R waves is exactly 4 large (5mm) squares. What is the patient's calculated heart rate?,60 beats/min,75 beats/min,100 beats/min,150 beats/min,300 beats/min,B,
IMM-Cardio-ECG-005,Cardiology,Electrocardiogram (ECG),"A 45-year-old female with long-standing mitral stenosis undergoes an ECG. The physician notes a distinct abnormality in the P-wave, clinically termed ""P-mitrale"". Which of the following best describes this expected finding?","Tall, peaked P-wave",Absent P-wave,Bifid P-wave,Inverted P-wave,Saw-tooth P-wave,C,
IMM-Cardio-ECG-006,Cardiology,Electrocardiogram (ECG),"A 22-year-old male presents with episodes of rapid heart rate. His resting ECG reveals a significantly shortened PR interval. Based on the text, this finding is classically associated with which of the following conditions?",First-degree AV block,Wolff-Parkinson White (WPW) syndrome,Hypokalemia,Myocardial infarction,Left bundle branch block,B,
IMM-Cardio-ECG-007,Cardiology,Electrocardiogram (ECG),An ECG reveals a broad QRS complex measuring 0.16 seconds. A normal QRS complex is typically 0.12 seconds (3 small squares). What does a prolonged QRS complex specifically indicate?,Delayed atrial depolarization,Prolonged AV node conduction,Ventricular conduction problem,Rapid ventricular repolarization,Myocardial ischemia,C,
IMM-Cardio-ECG-008,Cardiology,Electrocardiogram (ECG),T-waves on an ECG represent ventricular repolarization. Which of the following specific conditions or metabolic disturbances classically presents with elevated T-waves?,Hypocalcemia,Hypokalemia,Myocardial ischemia,Hyperkalemia,Pericarditis,D,
IMM-Cardio-ECG-009,Cardiology,Electrocardiogram (ECG),An ECG shows a positive (upward) deflection in Lead I and a negative (downward) deflection in Leads II and III. What is the most accurate interpretation of the cardiac axis in the frontal plane?,Normal axis,Right axis deviation,Left axis deviation,Extreme right axis deviation,Indeterminate axis,C,
IMM-Cardio-ECG-010,Cardiology,Electrocardiogram (ECG),"A patient is found to have Right Axis Deviation on an ECG, defined by a negative (downward) deflection in Lead I. Which of the following is a recognized clinical cause of this specific deviation?",Left ventricular hypertrophy,Inferior wall myocardial infarction,Left anterior hemi-block,Pulmonary embolism,Aortic valve disease,D,
IMM-Cardio-ECG-011,Cardiology,Electrocardiogram (ECG),"A 60-year-old male presents with shortness of breath. His ECG reveals broad QRS complexes (> 0.12 seconds), a tall double R wave (""RSR pattern"") in lead V1, and deep S waves in lead V6. This ""MaRRoW"" pattern indicates an interruption of conduction delaying activation of which structure?",Sinoatrial node,Atrioventricular node,Left ventricle,Right ventricle,Interventricular septum,D,
IMM-Cardio-ECG-012,Cardiology,Electrocardiogram (ECG),A routine ECG on an asymptomatic patient reveals a Right Bundle Branch Block (RBBB). The physician considers the underlying etiology. Which of the following is a recognized common cause of a RBBB?,Atrial septal defect,Hypertension,Aortic valve disease,Cardiomyopathy,Left ventricular hypertrophy,A,
IMM-Cardio-ECG-013,Cardiology,Electrocardiogram (ECG),"An ECG demonstrates broad QRS complexes, deep S waves in lead V1, and a tall double R wave in lead V6. This ""WiLLiaM"" pattern is highly characteristic of a Left Bundle Branch Block (LBBB). Which of the following conditions is specifically noted as a cause for this block?",Normal variant in healthy adults,Right ventricular hypertrophy,Pulmonary embolism,Aortic valve disease,Atrial septal defect,D,
IMM-Cardio-HS-001,Cardiology,Heart Sounds,"A 40-year-old male undergoes routine cardiac auscultation. The physician notes that the second heart sound (S2) is split, and this splitting does not change at all during either inspiration or expiration. This specific finding of ""fixed splitting"" is classically seen in which condition?",Pulmonary stenosis,Atrial septal defect (ASD),Right bundle branch block,Aortic stenosis,Left bundle branch block,B,
IMM-Cardio-HS-002,Cardiology,Heart Sounds,"A 65-year-old patient with a known Left Bundle Branch Block (LBBB) is examined. Auscultation reveals a split second heart sound (S2) that specifically widens during expiration and minimizes during inspiration. This phenomenon is termed ""paradoxical splitting"". What is the underlying mechanical cause of this specific type of splitting?",Delayed left ventricular emptying causing the pulmonic valve to close before the aortic valve,Delayed right ventricular emptying causing the aortic valve to close before the pulmonic valve,Simultaneous closure of both valves regardless of the respiratory cycle,Forceful atrial contraction against a highly non-compliant ventricle,Rapid deceleration of rushing blood flow from the atria into the ventricle,A,
IMM-Cardio-HS-003,Cardiology,Heart Sounds,"A 60-year-old male with a history of heart failure presents with worsening dyspnea. Auscultation with the bell of the stethoscope at the apex reveals a low-pitched, early diastolic sound just after S2. What physical mechanism directly generates this specific extra heart sound (S3)?",Forceful atrial contraction against a non-compliant ventricle,Closure of the mitral and tricuspid valves,Closure of the aortic and pulmonary valves,Rapidly rushing blood flow from the atria suddenly decelerated by the ventricle,Opening of a stenotic mitral valve,D,
IMM-Cardio-HS-004,Cardiology,Heart Sounds,"A 70-year-old female with long-standing, poorly controlled hypertension undergoes cardiac auscultation. A low-pitched, late diastolic sound is heard just before S1 at the left sternal border. This sound is always pathological. What is the direct mechanical cause of this specific Fourth Heart Sound (S4)?",Closure of the semilunar valves during systole,Rapid ventricular filling in early diastole,Forceful atrial contraction against a non-compliant ventricle,A prolapsing mitral valve leaflet snapping shut,Friction between inflamed layers of the pericardium,C,
IMM-Cardio-HTN-001,Cardiology,Hypertension,"A 45-year-old female has her blood pressure measured twice during a clinic visit, separated by 5 minutes. The readings are 165/105 mmHg and 168/102 mmHg. According to the provided classification table, into which specific category of hypertension does this patient fall?",High Normal,HTN - Grade-I,HTN - Grade-II,HTN - Grade-III,Isolated Systolic HTN,C,
IMM-Cardio-HTN-002,Cardiology,Hypertension,"A 30-year-old male presents with sudden, severe, and refractory hypertension. The physician investigates secondary causes. Which of the following is considered the most common overall cause of secondary hypertension?","Endocrine disorders (e.g., Cushing syndrome)","Medications (e.g., oral contraceptives)",Coarctation of the aorta,Renal parenchymal or renovascular disease,Pheochromocytoma,D,
IMM-Cardio-HTN-003,Cardiology,Hypertension,"A patient with long-standing, poorly controlled hypertension undergoes a fundoscopic examination to assess for hypertensive retinopathy. The physician notes the presence of retinal hemorrhages and exudates, but no papilledema. According to the grading system, what grade of retinopathy is this?",Grade - I,Grade - II,Grade - III,Grade - IV,Malignant Phase,C,
IMM-Cardio-HTN-004,Cardiology,Hypertension,"A 55-year-old African American male with newly diagnosed uncomplicated hypertension (Grade I) requires pharmacological treatment. According to the controversial but helpful guidelines for choosing therapy, which class of medications is generally considered better than ACE-inhibitors or Beta-blockers for uncomplicated HTN?",Alpha-blockers,Thiazide diuretics or Calcium Channel Blockers (CCBs),Aldosterone antagonists,Direct renin inhibitors,Central alpha-2 agonists,B,
IMM-Cardio-HTN-005,Cardiology,Hypertension,"A 45-year-old Caucasian male is newly diagnosed with primary hypertension. His blood pressure is consistently 150/95 mmHg. He has no other medical conditions. According to the stepwise approach for hypertension management, what is the most appropriate step 1 pharmacological treatment for this patient?",Thiazide diuretic,Calcium channel blocker,Angiotensin-converting enzyme (ACE) inhibitor,Beta-blocker,Alpha-blocker,C,
IMM-Cardio-HTN-006,Cardiology,Hypertension,"A 65-year-old African American male is diagnosed with essential hypertension. He has no chronic kidney disease or diabetes. According to the stepwise approach guidelines, what is the indicated first-line (Step 1) therapy for this specific demographic?",ACE inhibitor alone,Angiotensin Receptor Blocker (ARB) alone,Beta-blocker,Thiazide diuretic or Calcium Channel Blocker (CCB),Alpha-blocker,D,
IMM-Cardio-HTN-007,Cardiology,Hypertension,A 55-year-old male presents to the clinic with a blood pressure of 195/125 mmHg. He is completely asymptomatic. A thorough examination and laboratory workup reveal absolutely no signs of target-organ damage. What is the diagnosis and the appropriate management goal for this patient?,Hypertensive emergency; lower mean arterial pressure by 25% in minutes to 2 hours,Hypertensive urgency; lower blood pressure in hours to 1-2 days using oral agents,Hypertensive urgency; achieve a goal diastolic BP < 110 mmHg within 2 hours using IV agents,Malignant hypertension; immediately normalize blood pressure to 120/80 mmHg,Isolated systolic hypertension; withhold treatment and observe for 24 hours,B,
IMM-Cardio-HTN-008,Cardiology,Hypertension,"A 60-year-old female arrives at the emergency department with a blood pressure of 210/130 mmHg. She is complaining of severe chest pain and dyspnea, and an ECG indicates an acute myocardial infarction. She is diagnosed with a hypertensive emergency. Which of the following intravenous agents is considered an appropriate option for acute management in this setting?",Oral clonidine,Oral captopril,Intravenous nitroprusside,Sublingual nifedipine,Oral hydralazine,C,
IMM-Cardio-IE-001,Cardiology,Infective Endocarditis,"A 30-year-old male with a history of intravenous drug use presents with high fever, chills, and a new cardiac murmur. He is diagnosed with acute infective endocarditis involving the tricuspid valve. Which of the following organisms is the most common cause of IE in this specific patient population?",Streptococcus viridans,Staphylococcus aureus,Staphylococcus epidermidis,Enterococcus faecalis,Coxiella burnetii,B,
IMM-Cardio-IE-002,Cardiology,Infective Endocarditis,"A patient presents with classical symptoms of sub-acute infective endocarditis, but three sets of standard blood cultures return negative. The physician suspects a fastidious gram-negative organism belonging to the HACEK group. Which of the following organisms is a member of this specific group?",Haemophilus,Helicobacter,Histoplasma,Klebsiella,Campylobacter,A,
IMM-Cardio-IE-003,Cardiology,Infective Endocarditis,A pathologist examines a surgically excised cardiac valve from a patient who suffered from sub-acute infective endocarditis. Which of the following histological descriptions best characterizes the vegetations expected in this specific type of IE compared to acute IE?,"Large, highly destructive vegetations extending onto the chordae",Vegetations containing multinucleated giant cells and Aschoff bodies,Vegetations with granulation tissue at their bases,Sterile vegetations composed exclusively of fibrin and platelets,Vegetations completely devoid of any bacterial colonies,C,
IMM-Cardio-IE-004,Cardiology,Infective Endocarditis,"A 45-year-old patient with sub-acute infective endocarditis develops painless, erythematous lesions on the palms of his hands and the soles of his feet. These findings are classified as an embolic phenomenon. What is the specific clinical name for these lesions?",Roth spots,Osler's nodes,Aschoff bodies,Janeway's lesions,Subcutaneous nodules,D,
IMM-Cardio-IE-005,Cardiology,Infective Endocarditis,"A physician strongly suspects infective endocarditis in a patient with a new murmur and fever. To ensure accurate diagnosis and guide antibiotic therapy, blood cultures must be drawn. According to the stated diagnostic protocol, what is the required procedure for obtaining these cultures?",Obtain a single large-volume sample from a central venous catheter,Obtain at least 3 sets of cultures spaced ≥ 1 hour apart before commencing antibiotics,"Administer empiric broad-spectrum antibiotics first, then draw 2 sets of cultures",Obtain 6 sets of cultures simultaneously from the exact same venipuncture site,Perform a transesophageal echocardiogram before any blood cultures are drawn,B,
IMM-Cardio-IE-006,Cardiology,Infective Endocarditis,"A patient meets the Modified Duke's Criteria for a definitive diagnosis of infective endocarditis by having one major criterion and three minor criteria. Which of the following clinical findings is explicitly classified as a ""Major Criterion""?",Fever ≥ 38°C,"Predisposing heart lesion (e.g., MVP)","Embolic phenomenon (e.g., Janeway lesions)",Persistent positive blood cultures taken > 12 hours apart,Suggestive echocardiographic findings not meeting major criteria,D,
IMM-Cardio-IE-007,Cardiology,Infective Endocarditis,"A patient is diagnosed with acute bacterial endocarditis (ABE) prior to the return of specific culture sensitivities. According to the empiric antibiotic therapy guidelines, what is the standard drug combination of choice to initiate immediately?",Ceftriaxone + Gentamicin,Vancomycin + Gentamicin,Ampicillin + Gentamicin,Vancomycin + Rifampin,Benzyl penicillin + Gentamicin,B,
IMM-Cardio-IE-008,Cardiology,Infective Endocarditis,A 55-year-old patient with a mechanical prosthetic aortic valve is diagnosed with infective endocarditis. The physician notes that surgical intervention is highly likely. Which of the following is considered the most common overall indication for surgery in patients with infective endocarditis?,Fungal etiology of the endocarditis,Presence of an abscess formation,Recurrent emboli while on antibiotics,Heart failure due to valve damage,Large vegetations specifically on right-sided heart valves,D,
IMM-Cardio-IE-009,Cardiology,Infective Endocarditis,"A 60-year-old male with a history of a previous episode of infective endocarditis is scheduled for a routine screening colonoscopy. He asks his physician if he needs antibiotic prophylaxis prior to the procedure. According to the endocarditis prophylaxis guidelines, what is the correct recommendation for this patient?",Administer Amoxicillin 2g PO 30-60 minutes before the procedure,Administer Clindamycin 600mg IV immediately before the procedure,Prophylaxis is NOT recommended for routine GI procedures like endoscopy,Administer a 7-day course of prophylactic Vancomycin,Administer Ceftriaxone 1g IM 2 hours before the procedure,C,
IMM-Cardio-PE-001,Cardiology,Pulmonary Edema,"A 75-year-old male with a history of left-sided heart failure presents to the ER with sudden onset severe shortness of breath, tachypnea, and pulmonary crackles. What is the fundamental hemodynamic disturbance that directly precipitates this acute, most serious manifestation of CHF?",Pulmonary oncotic pressure drastically exceeding hydrostatic pressure,Pulmonary hydrostatic pressure exceeding pulmonary oncotic pressure,Sudden rupture of the intra-ventricular septum,Massive accumulation of fluid within the pericardial sac,Acute occlusion of the main pulmonary artery,B,
IMM-Cardio-PE-002,Cardiology,Pulmonary Edema,"A patient presents with acute pulmonary edema. A chest X-ray is obtained. The physician uses the ""ABCDE"" mnemonic to identify radiographic findings. What does the ""A"" specifically represent in this mnemonic?",Aortic dissection,Atrial enlargement,Alveolar edema (Bat's wings appearance),Airway hyperreactivity,Apical fibrosis,C,
IMM-Cardio-PE-003,Cardiology,Pulmonary Edema,"A patient with acute pulmonary edema is receiving intravenous glyceryl trinitrate as part of the ""LMNOP"" treatment protocol. The nurse is titrating the infusion upwards every 10 minutes. According to the guidelines, the titration should continue until clinical improvement occurs or the systolic blood pressure falls strictly below what threshold?",130 mmHg,120 mmHg,110 mmHg,100 mmHg,90 mmHg,C,
IMM-Cardio-PE-004,Cardiology,Pulmonary Edema,"A patient in severe acute pulmonary edema fails to respond to the standard initial ""LMNOP"" treatment regimen. His systolic blood pressure drops dangerously to 85 mmHg. What is the most appropriate next step in pharmacological management for this hypotensive patient?",Sublingual glyceryl trinitrate,Intravenous metoprolol,Intravenous dobutamine,Oral lisinopril,High-dose oral furosemide,C,
IMM-Cardio-VHD-001,Cardiology,Valvular Heart Disease,A 45-year-old female with a long history of exertional dyspnea and fatigue develops a new-onset hoarseness of voice. Echocardiography confirms severe mitral stenosis. This specific clinical presentation (Ortner's syndrome) is caused by which of the following anatomical mechanisms?,Pulmonary hypertension compressing the right vagus nerve,An enlarged left ventricle compressing the descending aorta,An enlarged left atrium compressing the recurrent laryngeal nerve,Direct rheumatic inflammation of the vocal cords,A left atrial thrombus embolizing to the cerebral circulation,C,
IMM-Cardio-VHD-002,Cardiology,Valvular Heart Disease,A physician is auscultating a patient with known mitral stenosis to estimate the severity of the disease clinically. Which of the following specific physical exam findings is a reliable indicator of SEVERE mitral stenosis?,The diastolic murmur is extremely loud,The opening snap moves further away from the S2 heart sound,The presence of a brisk carotid upstroke,The duration of the diastolic murmur is very short,The opening snap moves closer to the S2 heart sound,E,
IMM-Cardio-VHD-003,Cardiology,Valvular Heart Disease,"A 35-year-old pregnant female with mitral stenosis develops sudden, severe shortness of breath. Auscultation reveals a high-pitched, decrescendo diastolic murmur best heard at the left upper sternal border. The physician identifies this as a Graham-Steell murmur. What is the underlying pathophysiology of this specific murmur?",Direct rheumatic damage to the aortic valve,Pulmonary regurgitation secondary to pulmonary hypertension,Tricuspid regurgitation due to right ventricular dilation,Aortic stenosis combined with severe anemia,Prolapse of the anterior mitral valve leaflet,B,
IMM-Cardio-VHD-004,Cardiology,Valvular Heart Disease,A 40-year-old female with highly symptomatic mitral stenosis is being considered for a percutaneous balloon valvuloplasty. Which of the following echocardiographic findings represents an ideal criterion making her a candidate for this specific procedure?,"Heavily calcified, immobile leaflets",Presence of a left atrial thrombus,Concomitant moderate mitral regurgitation,"Mobile, non-calcified valve",Severe aortic regurgitation,D,
IMM-Cardio-VHD-005,Cardiology,Valvular Heart Disease,"A 60-year-old male presents with a high-pitched, blowing, pansystolic murmur at the apex that radiates to the axilla. The physician asks the patient to perform an isometric handgrip maneuver. How will this maneuver affect the murmur, and why?",It decreases the murmur by reducing preload,It increases the murmur by increasing afterload,It decreases the murmur by increasing heart rate,It increases the murmur by causing venous pooling,It has completely no effect on left-sided murmurs,B,
IMM-Cardio-VHD-006,Cardiology,Valvular Heart Disease,"A patient with chronic, severe mitral regurgitation is largely asymptomatic but is being closely monitored with serial echocardiography. According to surgical management guidelines, a valve replacement must be performed before the left-ventricular end systolic diameter (LVESD) exceeds what specific threshold to prevent irreversible damage?",20 mm,30 mm,40 mm,55 mm,60 mm,C,
IMM-Cardio-VHD-007,Cardiology,Valvular Heart Disease,"A 55-year-old male sustains a papillary muscle rupture 5 days after an acute myocardial infarction, leading to sudden, severe mitral regurgitation. He rapidly develops pulmonary edema and cardiogenic shock. Why does acute MR cause such sudden decompensation compared to chronic MR?",Acute MR directly triggers ventricular fibrillation,"The left atrium has not had time to gradually dilate, causing a sudden massive spike in atrial pressure",The mitral valve completely completely fuses shut in the acute phase,It instantly ruptures the inter-ventricular septum,The sudden regurgitant volume causes immediate right ventricular hypertrophy,B,
IMM-Cardio-VHD-008,Cardiology,Valvular Heart Disease,"A 24-year-old female presents with atypical chest pain and occasional panic attacks. Auscultation reveals a high-pitched, mid-systolic click. What is the gold-standard diagnostic finding expected on her echocardiogram?","Thickened, immobile cusps with a fish-mouth orifice",Concentric left ventricular hypertrophy with a narrow outflow tract,Vegetations strictly isolated to the tricuspid valve,Billowing of the mitral valve leaflet ≥ 2 mm above the mitral annulus,Massive left atrial dilation with a large mural thrombus,D,
IMM-Cardio-VHD-009,Cardiology,Valvular Heart Disease,"An 80-year-old male presents with exertional syncope and angina. Echocardiography confirms severe aortic stenosis. Given his age demographic, what is the most common underlying etiology for his valvular disease?",Congenital bicuspid aortic valve,Rheumatic heart disease,Senile degenerative calcification,Syphilitic aortitis,Infective endocarditis,C,
IMM-Cardio-VHD-010,Cardiology,Valvular Heart Disease,"A 70-year-old patient with severe aortic stenosis discusses their prognosis with a cardiologist. The patient has experienced episodes of angina, syncope, and shortness of breath. Which of these symptoms carries the most serious prognosis and highest risk of rapid mortality if left untreated?",Angina,Syncope,Congestive Heart Failure (CHF),Hemolytic anemia,Palpitations,C,
IMM-Cardio-VHD-011,Cardiology,Valvular Heart Disease,"A clinical pearl lists specific signs that indicate an aortic stenosis has become severe. Which of the following is an expected physical exam finding in severe, end-stage AS?",Early-peaking ejection systolic murmur,"Wide, fixed splitting of the S2 heart sound","A loud, booming A2 component of the second heart sound",Paradoxical splitting of the S2 heart sound,"A large volume, collapsing pulse",D,
IMM-Cardio-VHD-012,Cardiology,Valvular Heart Disease,"An 85-year-old female is diagnosed with severe, symptomatic aortic stenosis. Her surgical risk is determined to be prohibitive due to frailty and severe lung disease, but her predicted survival post-procedure is greater than 12 months. What is the recommended treatment modality for this specific patient?",Conservative medical management with high-dose nitrates,Transcatheter Aortic Valve Replacement (TAVR),Surgical Aortic Valve Replacement (SAVR),Balloon mitral valvuloplasty,Intra-aortic balloon pump (IABP),B,
IMM-Cardio-VHD-013,Cardiology,Valvular Heart Disease,"A 45-year-old male with a history of recurrent rheumatic fever presents with exertional dyspnea. Physical examination reveals a displaced, heaving apex beat and a large volume, collapsing pulse. Which of the following murmurs is most likely present?","Low-pitched, mid-diastolic murmur at the apex",Crescendo-decrescendo systolic murmur at the right 2nd intercostal space,"High-pitched, early diastolic decrescendo murmur at the left sternal border",Pansystolic murmur at the apex radiating to the axilla,"High-pitched, mid-systolic click followed by a late systolic murmur",C,
IMM-Cardio-VHD-014,Cardiology,Valvular Heart Disease,"A physician is auscultating a patient for suspected mild aortic regurgitation. To maximize the intensity of this specific murmur, the physician should instruct the patient to adopt which position and respiratory maneuver?",Lie in the left-lateral decubitus position and exhale fully,"Sit forward, exhale, and hold their breath",Perform a Valsalva maneuver while standing rapidly,Lie flat on their back and inhale deeply,Squat deeply while performing an isometric handgrip,B,
IMM-Cardio-VHD-015,Cardiology,Valvular Heart Disease,A 65-year-old male undergoes a routine physical examination. The physician palpates the patient's radial and carotid pulses simultaneously and measures his blood pressure. Which of the following pulse profiles is highly characteristic of severe aortic stenosis?,"Low volume, slow-rising pulse with a narrow pulse pressure","Large volume, collapsing pulse with a wide pulse pressure",Brisk carotid upstroke with a regular rate,Irregularly irregular pulse with a varying volume,Pulsus paradoxus with a significant drop during inspiration,A,
IMM-Cardio-VHD-016,Cardiology,Valvular Heart Disease,"A patient with chronic, severe aortic regurgitation is auscultated at the cardiac apex. A mid-diastolic murmur is heard, identified as an Austin-Flint murmur. What is the specific anatomical and hemodynamic mechanism responsible for generating this murmur?",Left atrial hypertrophy causing turbulent flow across the mitral valve,Blood jets from regurgitation striking the anterior leaflet of the mitral valve,Simultaneous opening of both the aortic and mitral valves during diastole,Prolapse of the posterior mitral leaflet into the left atrium,Reversal of blood flow from the left ventricle into the pulmonary veins,B,
IMM-Cardio-VHD-017,Cardiology,Valvular Heart Disease,A 55-year-old male with chronic aortic regurgitation presents with a significantly widened pulse pressure. Which of the following hemodynamic factors specifically contributes to this physical sign in AR?,Decreased stroke volume during systole combined with elevated diastolic pressure,The incompetent aortic valve allowing diastolic pressure within the aorta to fall significantly,Stiffening of the aortic arch causing a rapid rise in systolic pressure,Simultaneous tricuspid regurgitation increasing central venous pressure,Hyperdynamic circulation triggered solely by compensatory tachycardia,B,
IMM-Cardio-VHD-018,Cardiology,Valvular Heart Disease,A physician examines a patient with suspected severe aortic regurgitation and notes a rhythmical bobbing movement of the patient's head with each heartbeat. Which of the following eponymous peripheral signs of AR does this specifically describe?,Corrigan's pulse,Duroziez's sign,Muller's sign,Musset's sign,Traube's sign,D,
IMM-Cardio-VHD-019,Cardiology,Valvular Heart Disease,"A patient with an asymptomatic presentation of chronic aortic regurgitation is evaluated. His ejection fraction is found to be 50%, and his left-ventricular end systolic diameter is 58 mm. Based on these findings, what is the explicitly indicated definitive management?",Conservative management with ACE-inhibitors,Routine annual echocardiograms and salt restriction,Immediate surgical aortic valve replacement,Percutaneous balloon valvuloplasty,Administration of high-dose intravenous beta-blockers,C,
IMM-Cardio-VHD-020,Cardiology,Valvular Heart Disease,"A 45-year-old female with a history of rheumatic heart disease presents with peripheral edema. Her jugular venous pulse (JVP) shows a prominent ""a"" wave and a slow ""y"" descent. A mid-diastolic murmur is heard at the left sternal border. According to clinical pearls, how will this murmur behave during respiration compared to a left-sided murmur?",It will decrease in intensity on inspiration,It will increase in intensity on inspiration,It will remain completely unchanged during respiration,It will disappear entirely during deep expiration,It will increase in intensity during a Valsalva maneuver,B,
IMM-Cardio-VHD-021,Cardiology,Valvular Heart Disease,"A patient with chronic cor pulmonale develops severe right ventricular dilation, leading to functional tricuspid regurgitation. Upon examination of the patient's neck veins, which of the following findings on the JVP tracing is the main clinical feature of this condition?","Absent ""a"" waves","Prominent ""a"" waves","Giant ""v"" waves","Rapid ""x"" descent","Slow ""y"" descent",C,
