QuestionID,Chapter,Topic,Question,OptionA,OptionB,OptionC,OptionD,OptionE,CorrectAnswer,Explanation
IMS-0001,ANATOMY,,The lymph node group primarily draining the upper outer quadrant of the breast is:,Anterior (pectoral) nodes,,,,,A,
IMS-0002,ANATOMY,,Arteries at 5 and 7 o'clock positions that bleed during transurethral surgery are called:,Badenoch arteries,,,,,A,
IMS-0003,ANATOMY,,Breast cancer metastasis to the vertebral column occurs through:,Batson venous plexus (vertebral venous connections),,,,,A,
IMS-0004,ANATOMY,,"During tracheostomy in an 18-month-old infant, the surgeon must be careful of which structure inferior to the trachea?",Brachiocephalic (innominate) vein,,,,,A,
IMS-0005,ANATOMY,,A patient with numbness on the medial hand/forearm and compromised forearm blood supply likely has:,Cervical rib,,,,,A,
IMS-0006,ANATOMY,,A patient with foot drop and inability to dorsiflex the great toe has injury to:,Common peroneal nerve,,,,,A,
IMS-0007,ANATOMY,,CSF rhinorrhea with anosmia after head trauma indicates fracture of:,Cribriform plate of the ethmoid bone,,,,,A,
IMS-0008,ANATOMY,,Bleeding near Calot's triangle during laparoscopic cholecystectomy is from:,Cystic artery,,,,,A,
IMS-0009,ANATOMY,,"In SMA occlusion causing mesenteric ischemia, which gut segment is spared?",Descending colon,,,,,A,
IMS-0010,ANATOMY,,A structure found in the posterior mediastinum is:,Descending thoracic aorta,,,,,A,
IMS-0011,ANATOMY,,Pterion fracture is associated with:,Epidural hematoma (middle meningeal artery rupture),,,,,A,
IMS-0012,ANATOMY,,"During aspiration, the first anatomical structure that can trap aspirated material is:",False vocal cords (vestibular folds),,,,,A,
IMS-0013,ANATOMY,,The deep peroneal nerve provides sensation to:,First dorsal web space,,,,,A,
IMS-0014,ANATOMY,,"After hamstring paralysis, residual knee flexion is maintained by:",Gastrocnemius,,,,,A,
IMS-0015,ANATOMY,,A posterior duodenal ulcer erodes which artery?,Gastroduodenal artery,,,,,A,
IMS-0016,ANATOMY,,A physician observes pelvic drop on the unsupported side when the patient stands on one leg (Trendelenburg test). This indicates weakness of:,Gluteus medius and minimus,,,,,A,
IMS-0017,ANATOMY,,Pain from gastric carcinoma is transmitted through which nerve fibers?,Greater splanchnic nerves,,,,,A,
IMS-0018,ANATOMY,,The majority of the middle cranial fossa floor is formed by the:,Greater wing of sphenoid,,,,,A,
IMS-0019,ANATOMY,,A hernial sac lateral to the inferior epigastric vessels indicates:,Indirect inguinal hernia,,,,,A,
IMS-0020,ANATOMY,,"During surgery, a needle is passed to the upper surface of the bladder for emptying. The vessel at risk of injury is:",Inferior epigastric artery,,,,,A,
IMS-0021,ANATOMY,,A horseshoe kidney remains low in the abdomen because it is trapped under:,Inferior mesenteric artery,,,,,A,
IMS-0022,ANATOMY,,The superior rectal artery is a branch of the:,Inferior mesenteric artery,,,,,A,
IMS-0023,ANATOMY,,The superior rectal artery is the terminal branch of:,Inferior mesenteric artery,,,,,A,
IMS-0024,ANATOMY,,A patient stabbed just below the xiphisternum on the right side damages which structure?,Inferior vena cava,,,,,A,
IMS-0025,ANATOMY,,Sensory innervation of the peripheral diaphragm is provided by:,Intercostal nerves (lower 6),,,,,A,
IMS-0026,ANATOMY,,The inferior rectal vein drains into the:,Internal pudendal vein,,,,,A,
IMS-0027,ANATOMY,,The right spermatic vein drains into the:,IVC,,,,,A,
IMS-0028,ANATOMY,,A stab injury at the 6th ICS on the right parasternal line pierces:,IVC,,,,,A,
IMS-0029,ANATOMY,,The sciatic nerve root value is:,L4-S3,,,,,A,
IMS-0030,ANATOMY,,Which artery primarily supplies the anterior two-thirds of the interventricular septum?,Left Anterior Descending (LAD) artery,,,,,A,
IMS-0031,ANATOMY,,"In portal hypertension with hematemesis, the portosystemic anastomosis involves:",Left gastric vein-esophageal veins,,,,,A,
IMS-0032,ANATOMY,,"Post-spinal surgery, difficulty moving the arm backward indicates injury to:",Long thoracic nerve (serratus anterior),,,,,A,
IMS-0033,ANATOMY,,The primary content of the foramen ovale is:,Mandibular nerve (V3),,,,,A,
IMS-0034,ANATOMY,,Ulnar nerve entrapment commonly occurs at the:,Medial epicondyle of humerus (cubital tunnel),,,,,A,
IMS-0035,ANATOMY,,Flattened thenar eminence and abnormal thumb movements indicate injury to:,Median nerve,,,,,A,
IMS-0036,ANATOMY,,A patient cannot flex the index finger and has lost palmar sensation in the lateral 3.5 fingers. The affected nerve is:,Median nerve,,,,,A,
IMS-0037,ANATOMY,,Fracture at the pterion most likely ruptures the:,Middle meningeal artery,,,,,A,
IMS-0038,ANATOMY,,"In defective cardiac conduction, a pacemaker lead is placed near the:",Moderator band (right ventricle),,,,,A,
IMS-0039,ANATOMY,,The posterior wall of the inguinal canal is reinforced by the:,Pectineal (Cooper's) ligament,,,,,A,
IMS-0040,ANATOMY,,"During oophorectomy, the ureter is at risk where it crosses the iliac vessels at the:",Pelvic brim,,,,,A,
IMS-0041,ANATOMY,,A 72-year-old woman with a displaced surgical neck of humerus fracture has which artery at greatest risk?,Posterior circumflex humeral artery,,,,,A,
IMS-0042,ANATOMY,,A 72-year-old woman with a surgical neck of humerus fracture has which structures at greatest risk?,Posterior circumflex humeral artery and axillary nerve,,,,,A,
IMS-0043,ANATOMY,,A lady with hoarseness and whispering voice with sluggish vocal cord movement has injury to:,Recurrent laryngeal nerve,,,,,A,
IMS-0044,ANATOMY,,"During thyroidectomy, ligation of the inferior thyroid artery puts which nerve at risk?",Recurrent laryngeal nerve,,,,,A,
IMS-0045,ANATOMY,,A 47-year-old man with a perforated anterior duodenal ulcer has leaked contents collecting primarily in the:,Right posterior subphrenic space,,,,,A,
IMS-0046,ANATOMY,,Which lung segment is associated with the eparterial bronchus?,Right superior lobe,,,,,A,
IMS-0047,ANATOMY,,Parasympathetic innervation for bladder contraction (detrusor) originates from spinal nerve roots:,S2-S4 (pelvic splanchnic nerves),,,,,A,
IMS-0048,ANATOMY,,Injury in the posterior triangle of the neck most commonly damages:,Spinal accessory nerve (CN XI),,,,,A,
IMS-0049,ANATOMY,,A jugular foramen fracture would SPARE which muscle?,Styloglossus (CN XII),,,,,A,
IMS-0050,ANATOMY,,A supine patient on the operating table aspirates vomit. The most likely affected lung segment is:,Superior (apical) segment of right lower lobe,,,,,A,
IMS-0051,ANATOMY,,A patient receives a 3cm vertical stab wound lateral to the right linea alba. He was initially stable but then develops hypotension and shock. The most likely damaged vessel is:,Superior mesenteric artery,,,,,A,
IMS-0052,ANATOMY,,An unconscious supine patient aspirates vomit into which lung segment?,Superior segment of right lower Lobe,,,,,A,
IMS-0053,ANATOMY,,Gallbladder referred pain is felt at dermatome:,T8-T9,,,,,A,
IMS-0054,ANATOMY,,A patient with inferior axillary injury cannot climb or swim effectively. The damaged nerve is:,Thoracodorsal nerve,,,,,A,
IMS-0055,ANATOMY,,Which structure is located in the anterior mediastinum?,Thymus,,,,,A,
IMS-0056,ANATOMY,,Interosseous and hypothenar atrophy with spared thenar eminence indicates injury to:,Ulnar nerve,,,,,A,
IMS-0057,ANATOMY,,Lower rib fractures most commonly involve which rib?,7th rib,,,,,A,
IMS-0058,ANATOMY,,Which lymph node group drains the lateral portion of the breast?,Central lymph nodes,,,,,A,
IMS-0059,ANATOMY,,"In acute appendicitis, initial periumbilical pain is referred from which spinal dermatome?",T10,,,,,A,
IMS-0060,ANATOMY,,"When a foreign body is aspirated while the patient is supine, which part of the lung is it most likely to enter?",Apical segment of the right lower lobe,,,,,A,
IMS-0061,ANATOMY,,Which nerve transmits pain from peritoneal irritation in the epigastric region to the spinal cord?,Greater splanchnic nerve,,,,,A,
IMS-0062,ANATOMY,,The patient has weakness with elbow flexion and impaired forearm supination. Which nerve is most likely injured?,Musculocutaneous nerve,,,,,A,
IMS-0063,ANATOMY,,"After posterior shoulder trauma, a man cannot laterally rotate his shoulder. Which muscle is most likely injured?",Infraspinatus,,,,,A,
IMS-0064,ANATOMY,,Which artery provides the primary blood supply to the anterior two-thirds of the tongue?,Lingual artery,,,,,A,
IMS-0065,ANATOMY,,A patient presents with epistaxis originating from the lateral nasal wall. Which artery is most likely involved?,Sphenopalatine artery,,,,,A,
IMS-0066,ANATOMY,,Ischemic colitis is confined to the transverse colon. Which arterial branch is most likely occluded?,Middle colic artery,,,,,A,
IMS-0067,ANATOMY,,The lymph from the first dorsal web space of the hand drains primarily to which group of lymph nodes?,Infraclavicular,,,,,A,
IMS-0068,ANATOMY,,A man lifting a heavy weight suddenly experiences pain and swelling in his proximal forearm. Which muscle that inserts on the radial tuberosity is most likely injured?,Biceps brachii,,,,,A,
IMS-0069,ANATOMY,,A man has numbness along the medial forearm and hand and shows signs of reduced arterial flow to the forearm. What is the most likely cause?,Cervical rib,,,,,A,
IMS-0070,ANATOMY,,A posterior duodenal ulcer has caused gastrointestinal bleeding. Which artery is most likely to have been eroded?,Gastroduodenal artery,,,,,A,
IMS-0071,ANATOMY,,"During thyroid surgery, ligation of the superior thyroid artery while operating on the gland's upper pole can impair a patient's ability to modulate pitch. Which nerve is most likely at risk?",External laryngeal nerve,,,,,A,
IMS-0072,ANATOMY,,The patient has difficulty elevating the arm; the medial border of the scapula protrudes when they push against a wall. What is the diagnosis and which nerve is most likely injured?,Winged scapula – long thoracic nerve,,,,,A,
IMS-0073,ANATOMY,,Which lymph nodes lie along the anterior axillary fold?,Anterior axillary lymph nodes,,,,,A,
IMS-0074,ANATOMY,,A stent was placed in the region of the heart that contains the muscular band connecting the interventricular septum to the anterior papillary muscle of the right ventricle. What is this structure called?,Moderator band,,,,,A,
IMS-0075,ANATOMY,,"During pelvic surgery, which relation of the ureter should the surgeon keep in mind to avoid injury?",Lateral to uterine artery,,,,,A,
IMS-0076,ANATOMY,,"A patient has loss of hip flexion, adduction, and internal rotation. Which muscle is primarily responsible?",Pectineus,,,,,A,
IMS-0077,ANATOMY,,"A patient sustained a splinter injury from a blast, resulting in damage to the pericardium. During surgery, the surgeon inserted her fingers into the pericardium to locate a piece of shrapnel, moving inferiorly, then upwards and to the right, where her fingers stopped at a cul-de-sac near the base of the heart. What is the most likely location of her fingers?",Oblique sinus,,,,,A,
IMS-0078,ANATOMY,,The second part of the duodenum is partially retroperitoneal. Which structure typically lies anterior to the second part of the duodenum?,Transverse Colon,,,,,A,
IMS-0079,ANATOMY,,Which muscle is responsible for whistling and blowing?,Buccinator,,,,,A,
IMS-0080,ANATOMY,,"After mastectomy, a patient cannot lift objects to a high shelf. Which nerve is injured?",Long thoracic nerve,,,,,A,
IMS-0081,ANATOMY,,What is the primary sacral plexus root value for the pudendal nerve?,"S2, S3, S4",,,,,A,
IMS-0082,ANATOMY,,A young boy had a testicular tumor for which an orchidectomy was performed. The right testicular vein was ligated to prevent seeding of the tumor; it drains into the:,IVC,,,,,A,
IMS-0083,ANATOMY,,"During neck dissection, a surgeon identifies the thoracic duct. At which anatomical landmark does the thoracic duct normally terminate?",Junction of left internal Jugular & left subclavian vein,,,,,A,
IMS-0084,ANATOMY,,Thoracocentesis is performed at the 9th intercostal space at the midaxillary line. Which structure is at risk?,9th intercostal nerve,,,,,A,
IMS-0085,ANATOMY,,A patient experiences pain and difficulty when combing her hair or reaching for a high cupboard. The nerve supplying these muscles arises from which part of the brachial plexus?,Upper trunk,,,,,A,
IMS-0086,ANATOMY,,Which nerve is injured if a patient cannot flex the thumb IP joint and index DIP joint?,Median nerve (AIN),,,,,A,
IMS-0087,ANATOMY,,A boy presents with a middle ear infection with a history of pharyngitis. Which pathway allowed the spread of infection?,Eustachian tube,,,,,A,
IMS-0088,ANATOMY,,A patient presented with a right-sided inguinal hernia. Cough impulse is positive but the deep ring occlusion test is negative. Which anatomical landmark is used to differentiate between direct and indirect inguinal hernia?,Inferior epigastric vessels,,,,,A,
IMS-0089,ANATOMY,,A patient has weakness in hip flexion and knee extension. Which nerve supplies the muscle acting on both joints?,Femoral nerve,,,,,A,
IMS-0090,ANATOMY,,What is the anatomical location of the superior parathyroid gland?,"Posterior to RLN, cranial to inferior thyroid artery",,,,,A,
IMS-0091,ANATOMY,,A patient has a tumor in the head of the pancreas. Which structure is most likely to show obstruction first?,Common bile duct,,,,,A,
IMS-0092,ANATOMY,,Which muscle is primarily responsible for performing supination of the forearm?,Biceps brachii,,,,,A,
IMS-0093,ANATOMY,,"During ligation at the pelvic brim, which structure lies closest to the ureter and must be avoided?",Infundibulopelvic (ovarian) vessels,,,,,A,
IMS-0094,ANATOMY,,Posterior 1/3 of the tongue has lost taste sensation. Which nerve is damaged?,Glossopharyngeal,,,,,A,
IMS-0095,ANATOMY,,A skull base tumor compresses the foramen ovale. The patient has weakness of muscles of mastication except one muscle remains functional. Which muscle action is spared?,Depression (opening mouth),,,,,A,
IMS-0096,ANATOMY,,"During a TURP procedure, a urologist observes two arteries at 5 o'clock and 7 o'clock positions on the prostatic capsule. These vessels are the branches of the inferior vesical artery and are known as the:",Flock's arteries,,,,,A,
IMS-0097,ANATOMY,,Nerve supply to the stapedius muscle is?,Facial Nerve,,,,,A,
IMS-0098,ANATOMY,,"A patient sustains a stab wound 2cm deep at 5th intercostal space, 4cm from the midaxillary line. Which of the following structures is most likely to be damaged?",Intercostal artery,,,,,A,
IMS-0099,ANATOMY,,"A female had a left MRM, now presented with mild swelling of the left arm and loss of sensation in the upper arm, her scapula is also deformed. The nerve involved is:",Long thoracic,,,,,A,
IMS-0100,ANATOMY,,The artery involved in Extradural hematoma is the:,Middle Meningeal Artery,,,,,A,
IMS-0101,ANATOMY,,A patient with long-standing cirrhosis develops portal hypertension and presents with caput medusae. Which vein becomes recanalized and connects the portal venous system to the Inferior Vena Cava via the systemic circulation at the umbilicus?,Paraumbilical vein,,,,,A,
IMS-0102,ANATOMY,,"A surgeon planned a radical nephrectomy of the patient. On a posterior approach, he is bound to encounter:",12th rib,,,,,A,
IMS-0103,ANATOMY,,"The P3 segment of Posterior cerebral artery which gives rise to the medial and lateral posterior choroidal arteries, is located in which cistern?",Quadrigeminal cistern,,,,,A,
IMS-0104,ANATOMY,,"In Appendectomy, which nerve is commonly injured?",Ilioinguinal nerve,,,,,A,
IMS-0105,ANATOMY,,"During a chest wall procedure, a vertical incision is made near the lateral border of the sternum. Which artery is MOST at risk of injury?",Internal thoracic artery,,,,,A,
IMS-0106,ANATOMY,,An athlete cannot abduct his arm for the first 30 degrees. Which muscle is primarily responsible?,Supraspinatus,,,,,A,
IMS-0107,ANATOMY,,"Patient presented with nerve root injury having loss of abduction of the arm in 15-degree, nerve passes through quadrangular space. Which of the following nerve is involved?",Axillary nerve,,,,,A,
IMS-0108,ANATOMY,,A patient sustains a 2 cm penetrating injury at the left 5th intercostal space midclavicular line. Which structure is most at risk?,Heart/Lung/Pleura,,,,,A,
IMS-0109,ANATOMY,,"A patient presented with a neck injury involving cervical segments C4, 5, 6 having loss of sensation on the ventral surface of the forearm. Nerve roots injured:","C5, C6",,,,,A,
IMS-0110,ANATOMY,,Peptic ulcer pain is referred by which nerve?,Greater Splanchnic nerve (T5-T9),,,,,A,
IMS-0111,ANATOMY,,Aspiration scenario: Nut is present in right main bronchus. Why?,"Wider, shorter, more vertical",,,,,A,
IMS-0112,ANATOMY,,A patient complains of epigastric visceral pain. Which nerve primarily transmits this sensation to the CNS?,Greater splanchnic nerve,,,,,A,
IMS-0113,ANATOMY,,"During vascular examination of the popliteal fossa, which structure lies deepest?",Popliteal artery,,,,,A,
IMS-0114,ANATOMY,,"Patient presented with GERD and postprandial pain that relieves on eating, on endoscopy there is minor bleed on back wall of duodenum, artery in this region with potential to bleed:",Gastroduodenal artery,,,,,A,
IMS-0115,ANATOMY,,"During neuroanatomy dissection, a student is asked where the facial nucleus is located in the brainstem.",Facial colliculus,,,,,A,
IMS-0116,ANATOMY,,Cranial nerves VII & VIII pass through which structure?,Internal acoustic meatus,,,,,A,
IMS-0117,ANATOMY,,A hypertensive man presents with severe abdominal pain localized to the left lower quadrant. CT angiography shows ischemia of the distal descending colon and sigmoid colon. Which artery is most likely compromised?,Inferior mesenteric artery branches (Sigmoidal),,,,,A,
IMS-0118,ANATOMY,,A male presents with numbness and tingling in the first dorsal web space of the foot after a mid-shaft tibial fracture. Which nerve is most likely injured?,Deep peroneal nerve,,,,,A,
IMS-0119,ANATOMY,,A man with renal colic reports sharp flank pain radiating to the scrotum. Which nerve carries this referred pain?,Genitofemoral / Ilioinguinal nerve,,,,,A,
IMS-0120,ANATOMY,,"Damage to the adductor canal, which will NOT be affected?",Femoral nerve (only saphenous branch is inside),,,,,A,
IMS-0121,ANATOMY,,"In surgery involving the recurrent laryngeal nerve, which major artery is used as a landmark for identification?",Inferior thyroid artery,,,,,A,
IMS-0122,ANATOMY,,The suprascapular nerve supplying supraspinatus and infraspinatus arises from:,Upper trunk of brachial plexus (C5-C6),,,,,A,
IMS-0123,ANATOMY,,"During small bowel surgery, two arterial arrangements are noted: a single arcade and a double arcade. Which statement is correct?","Jejunum has 1-2 arcades, long vasa recta",,,,,A,
IMS-0124,ANATOMY,,Injury to the Talus bone causes damage to which arch?,Medial longitudinal arch,,,,,A,
IMS-0125,ANATOMY,,A patient presents after fractures of the radius and ulna. He cannot flex the thumb IP joint and index finger DIP joint. Which nerve is most likely injured?,Median nerve (Anterior Interosseous Nerve),,,,,A,
IMS-0126,ANATOMY,,A patient has decreased sensation over the lateral wrist and thumb. The affected dermatome is:,C6,,,,,A,
IMS-0127,ANATOMY,,Left renal vein entrapment (Nutcracker syndrome) occurs due to compression between:,SMA & Aorta,,,,,A,
IMS-0128,ANATOMY,,A patient has a right vocal cord fixed in the median position with a loss of its abduction (opening). Which specific muscle is likely paralyzed?,Posterior Cricoarytenoid Muscle,,,,,A,
IMS-0129,ANATOMY,,Ureter is inserted into the bladder at which site?,Posterior,,,,,A,
IMS-0130,ANATOMY,,"During examination, the surgeon notes that the breast lies on top of a specific muscle. Which muscle forms the base?",Pectoralis major,,,,,A,
IMS-0131,ANATOMY,,The primary lymphatic drainage route for the skin and superficial structures of the labia majora is to which group of lymph nodes?,Superficial inguinal nodes,,,,,A,
IMS-0132,ANATOMY,,"RTA patient with right humeral fracture, paresthesia over the portion of upper arm, flattening of the muscle and anterior dislocation of the shoulder, nerve involved is?",Axillary nerve,,,,,A,
IMS-0133,ANATOMY,,"During vascular examination of the popliteal fossa, which structure lies deepest?",Popliteal artery,,,,,A,
IMS-0134,ANATOMY,,A venipuncture attempt injures a structure lying medial to the brachial artery in the cubital fossa. Which structure is most at risk?,Median nerve,,,,,A,
IMS-0135,ANATOMY,,The Psoas muscle primarily inserts onto which bony landmark?,Lesser trochanter of the femur,,,,,A,
IMS-0136,ANATOMY,,"A woman underwent surgical excision of the left submandibular gland due to a chronic sialolith. Postoperatively, she complains of numbness on the anterior of her tongue on the same side. Which of the following nerves was most likely injured during the procedure?",Lingual nerve,,,,,A,
IMS-0137,ANATOMY,,A surgeon performing hysterectomy identifies ureter as it:,Crosses beneath the uterine artery,,,,,A,
IMS-0138,ANATOMY,,Nerve damaged in submandibular gland surgery?,Lingual nerve,,,,,A,
IMS-0139,ANATOMY,,A patient presents with severe flank pain that acutely radiates to the scrotum and penis. Which nerve is primarily responsible for the referred pain in this scenario?,Genitofemoral nerve,,,,,A,
IMS-0140,ANATOMY,,"A foreign body, when aspirated in the supine position, most commonly travels to which area of the lung?",Apical segment of the right lower lobe,,,,,A,
IMS-0141,ANATOMY,,The pain of Acute appendicitis over umbilical region is referred through:,T10 sympathetic nerve fibers,,,,,A,
IMS-0142,ANATOMY,,"During small bowel surgery, which feature is typical of the jejunum?","Plicae circulares are more prominent, less fat in mesentery",,,,,A,
IMS-0143,ANATOMY,,A patient has uvula deviation to the left and soft palate droop after tonsillectomy. Which muscle is spared?,Tensor veli palatini,,,,,A,
IMS-0144,ANATOMY,,A patient cannot perform pincer movement involving the index finger. Which nerve is damaged?,Median nerve (Anterior interosseous branch),,,,,A,
IMS-0145,ANATOMY,,"During cadaveric dissection, a surgeon wants to identify what prevents the ascent of a horseshoe kidney.",Inferior mesenteric artery,,,,,A,
IMS-0146,ANATOMY,,Appendicitis pain shifts from the umbilical region to the RIF through?,Visceral pain via T10 sympathetic nerve fibers to parietal pain via somatic nerves,,,,,A,
IMS-0147,ANATOMY,,An athlete doing a chin-up moves his hands above his shoulder. The muscle responsible is:,Latissimus Dorsi,,,,,A,
IMS-0148,ANATOMY,,A patient presents with loss of sensation over the medial 1.5 fingers and medial palm. Which nerve is likely damaged?,Ulnar nerve,,,,,A,
IMS-0149,ANATOMY,,"A patient presented to the emergency department, and a CT head revealed an Epidural hematoma. The artery involved in the majority of EDH cases primarily supplies the?",Calvaria (Dura mater/Skull vault),,,,,A,
IMS-0150,ANATOMY,,A radiologist identifies a structure at the sternal angle (Angle of Louis) on imaging.,Arch of aorta / Tracheal bifurcation,,,,,A,
IMS-0151,ANATOMY,,A patient presents with a stab injury at the right 3rd Intercostal Space near the sternum. Which of the following muscles is most likely to be directly damaged by the penetrating trauma?,Pectoralis Major Muscle,,,,,A,
IMS-0152,ANATOMY,,"Weakness in first 3.5 fingers, but thenar eminence preserved. Which structure is compressed between these muscles?",Median nerve compression proximal to carpal tunnel (e.g. Pronator teres syndrome),,,,,A,
IMS-0153,ANATOMY,,Injury to the cervical area. The patient is present with respiratory distress. Injury to which nerve?,"Phrenic nerve (C3, C4, C5)",,,,,A,
IMS-0154,ANATOMY,,A patient presents with psoas abscess. The psoas muscle inserts into which structure?,Lesser trochanter of femur,,,,,A,
IMS-0155,ANATOMY,,Weight of a normal prostate:,18-20 grams,,,,,A,
IMS-0156,ANATOMY,,A bedridden patient presents to the ER with sudden onset of SOB. X-rays confirm aspiration of gastric contents into the airways. Which segment of lung is most likely involved?,Apical segment of right lower lobe,,,,,A,
IMS-0157,ANATOMY,,A tumor in the pterygopalatine fossa is seen extending into the infratemporal fossa. Through which structure does it pass?,Pterygomaxillary fissure,,,,,A,
IMS-0158,ANATOMY,,A patient cannot feel sensation over the medial thigh. Which nerve is most likely affected?,Obturator nerve,,,,,A,
IMS-0159,ANATOMY,,Which structure directly drains into the superior vena cava (SVC)?,Azygos vein,,,,,A,
IMS-0160,ANATOMY,,"A patient presents to the emergency room following a knife injury to the gluteal region, specifically superior to the piriformis muscle. Which major nerve is most likely to be injured at this location?",Superior Gluteal Nerve,,,,,A,
IMS-0161,ANATOMY,,A teenager develops a boil in the danger triangle of the face. The infection spreads to the cavernous sinus. Through which vessel did the spread occur?,Facial vein,,,,,A,
IMS-0162,ANATOMY,,A patient using eye drops reports a sour or bitter taste in the mouth shortly after application. Which anatomical structure is the first point of contact between the drug solution and the taste receptors?,Nasopharynx,,,,,A,
IMS-0163,ANATOMY,,Gunshot wound 2 cm above the sternal angle. Which structure is likely preserved?,Heart and pericardium,,,,,A,
IMS-0164,ANATOMY,,The most common cause of significant bleeding from a posterior duodenal ulcer is erosion into which artery?,Gastroduodenal Artery,,,,,A,
IMS-0165,ANATOMY,,"During laparotomy, the surgeon notes a segment of small intestine. Which features suggest it is jejunum?","Prominent plicae circulares, less fat in mesentery",,,,,A,
IMS-0166,ANATOMY,,A man has recurrent posterior nasal bleeding from the lateral wall of the nose. Which artery is involved?,Sphenopalatine artery,,,,,A,
IMS-0167,ANATOMY,,A patient presented with anatomical snuff box injury which is bleeding profusely; artery involved is:,Radial artery,,,,,A,
IMS-0168,ANATOMY,,A patient develops ischemic colitis localized to the transverse colon. Which artery is most likely involved?,Middle colic artery,,,,,A,
IMS-0169,ANATOMY,,A 30-year man presented with difficulty in dorsiflexion of foot after a knee injury. The sensation of the foot is intact. Which nerve is most likely affected?,Deep Fibular (Peroneal) nerve,,,,,A,
IMS-0170,ANATOMY,,A factory worker presents with decreased sensation over the medial hypothenar area and medial 1/3 of the dorsum of the hand. He also has weak finger abduction. Which nerve is injured?,Ulnar nerve,,,,,A,
IMS-0171,ANATOMY,,"After a tonsillectomy, a patient suffers from diminished movements of the soft palate. On examination, there is an absent gag reflex, and glottis opening is impaired. The nerve damage involved is:",Glossopharyngeal (CN IX),,,,,A,
IMS-0172,ANATOMY,,Which structure is lying deepest in the popliteal fossa?,Popliteal artery,,,,,A,
IMS-0173,ANATOMY,,"A woman undergoes submandibular gland excision. During the procedure, a surgeon is careful to avoid injury to a nerve. What is the most reliable landmark for identifying the marginal mandibular nerve?",Inferior border of the mandible,,,,,A,
IMS-0174,ANATOMY,,"A patient presented with a ureteric stone, having referred pain to the groin and scrotum. Which nerve carries sensory fibers and is responsible for this pattern?",Genitofemoral nerve,,,,,A,
IMS-0175,ANATOMY,,"During retroperitoneal surgery, the surgeon notes an artery lying anterior to the IVC on the right side. Which artery is this most likely?",Right testicular (gonadal) artery,,,,,A,
IMS-0176,ANATOMY,,A patient with cirrhosis and portal hypertension exhibits dilated abdominal veins. This collateral circulation is due to the shunting of blood from the portal system to the systemic circulation via which major venous system?,Azygous / Paraumbilical veins,,,,,A,
IMS-0177,ANATOMY,,Cervical lymph node level continuous with mediastinal lymph nodes:,Level 7,,,,,A,
IMS-0178,ANATOMY,,"During gastric cancer surgery, lymph nodes along the greater curvature are sampled. These nodes receive blood supply primarily from:",Left and Right gastroepiploic arteries,,,,,A,
IMS-0179,ANATOMY,,A patient has nasal furunculosis and eye involvement. Through which vein can infection spread to the cavernous sinus/orbit?,Facial vein / Ophthalmic vein,,,,,A,
IMS-0180,ANATOMY,,What is the anatomical landmark differentiating a direct vs indirect inguinal hernia?,Inferior epigastric vessels,,,,,A,
IMS-0181,ANATOMY,,A woman is diagnosed with cervical carcinoma. Which group of lymph nodes is typically the first echelon site for metastasis?,Internal and External Iliac / Obturator nodes,,,,,A,
IMS-0182,ANATOMY,,Loss of taste sensation on the anterior 2/3 of the tongue. Which nerve is damaged?,Chorda Tympani (Branch of CN VII),,,,,A,
IMS-0183,ANATOMY,,A male presents with numbness and tingling in the first dorsal web space of the foot after a mid-shaft tibial fracture. Which nerve is most likely injured?,Deep peroneal nerve,,,,,A,
IMS-0184,ANATOMY,,Group of muscles involved in abduction of arm:,Supraspinatus and deltoid,,,,,A,
IMS-0185,ANATOMY,,Difficulty initiating shoulder abduction from 0 to 15 degrees suggests damage to which muscle?,Supraspinatus,,,,,A,
IMS-0186,ANATOMY,,Which vein accompanies the left anterior descending artery?,Great cardiac vein,,,,,A,
IMS-0187,ANATOMY,,A patient has bleeding due to rupture of a posterior duodenal ulcer. Which artery is the source of this hemorrhage?,Gastroduodenal artery,,,,,A,
IMS-0188,ANATOMY,,A patient experiences pain and bleeding after trauma to the anatomical snuffbox. Which structure is most likely injured?,Radial artery,,,,,A,
IMS-0189,ANATOMY,,Which part of the large intestine is usually spared in an intestinal infarction caused by superior mesenteric artery occlusion?,Descending colon,,,,,A,
IMS-0190,ANATOMY,,"A patient has a splinter injury from a blast causing damage to the inferior pericardium. During surgery, the surgeon inserts fingers into the pericardial cavity and moves inferiorly, then upwards and rightward, stopping at a pericardial recess near the base of the heart. Identify the anatomical location.",Oblique sinus,,,,,A,
IMS-0191,ANATOMY,,Damage to the ulnar nerve causes loss of sensation in which area of the hand?,Medial 1.5 fingers of the palmar and dorsal hand,,,,,A,
IMS-0192,ANATOMY,,A patient has lost supination and elbow flexion along with sensory loss over the lateral forearm after a nerve injury. Which nerve is most likely affected?,Musculocutaneous nerve,,,,,A,
IMS-0193,ANATOMY,,A patient undergoes thyroidectomy and develops a low-pitched voice with inability to produce high-pitched sounds postoperatively. Which nerve is most likely injured?,External laryngeal nerve,,,,,A,
IMS-0194,ANATOMY,,"A newborn with abdominal distension and vomiting was diagnosed with Hirschsprung disease, which involves the absence of parasympathetic ganglia. Identify the spinal cord segments providing preganglionic fibers to these ganglia.","S2, S3, S4",,,,,A,
IMS-0195,ANATOMY,,"A stab wound 2cm deep occurs at the 5th intercostal space, 4cm from the midaxillary line. Which structure is most likely injured by this wound?",Intercostal artery/nerve,,,,,A,
IMS-0196,ANATOMY,,"When performing thoracentesis at the 9th intercostal space, which structure is at risk of injury?",9th intercostal neurovascular bundle,,,,,A,
IMS-0197,ANATOMY,,Which structure is preserved when the adductor canal is injured?,Saphenous vein (runs superficially outside the canal),,,,,A,
IMS-0198,ANATOMY,,A patient presents with scapular winging. Which nerve injury is responsible for this condition?,Long thoracic nerve damage,,,,,A,
IMS-0199,ANATOMY,,A patient has a cuboid bone fracture from being run over by a light vehicle. Which structure passing through the cuboidal groove (peroneal sulcus) is likely to be injured?,Peroneus longus tendon,,,,,A,
IMS-0200,ANATOMY,,A patient has a fracture of the foramen spinosum due to trauma. Which structure mainly receives blood supply from the artery passing through this foramen?,Middle meningeal artery (Skull vault/Dura),,,,,A,
IMS-0201,ANATOMY,,A patient reports difficulty extending the leg at the knee. Which artery primarily supplies the muscles responsible for this action?,Femoral artery,,,,,A,
IMS-0202,ANATOMY,,"During surgery, the splenic vessels must be ligated. In which ligament are these vessels located?",Splenorenal (Lienorenal) ligament,,,,,A,
IMS-0203,ANATOMY,,A patient has bleeding originating from the first part of the duodenum. Which artery should be embolized to control this hemorrhage?,Gastroduodenal artery,,,,,A,
IMS-0204,ANATOMY,,Which anatomical structure forms the base of the sacral hiatus triangle?,Line connecting the Posterior Superior Iliac Spines (PSIS),,,,,A,
IMS-0205,ANATOMY,,Which muscle is responsible for medial rotation of the arm?,"Teres major, Subscapularis, Pectoralis major, Latissimus dorsi",,,,,A,
IMS-0206,ANATOMY,,A mass in the infratemporal fossa is eroding the floor of the middle cranial fossa. Which structure is most likely affected?,Greater wing of the sphenoid bone,,,,,A,
IMS-0207,ANATOMY,,Which muscle is most likely damaged if a patient presents with loss of dorsiflexion?,Tibialis anterior / Fibularis tertius,,,,,A,
IMS-0208,ANATOMY,,A patient with prior right chest and hand injuries from a road traffic accident now has swelling above the right clavicle that appears when coughing. What is the most likely cause?,Damage to the suprapleural membrane (Sibson's fascia),,,,,A,
IMS-0209,ANATOMY,,A 45-year-old man developed excessive tearing and inability to fully close his eye on one side after parotid gland surgery. Which branch of the facial nerve is most likely injured?,Temporal and Zygomatic branches,,,,,A,
IMS-0210,ANATOMY,,What structures are found within the free edge of the lesser omentum (forming the anterior border of the epiploic foramen)?,"Portal triad (Portal vein, Proper hepatic artery, Common bile duct)",,,,,A,
IMS-0211,ANATOMY,,A nail punctures the dorsum of the foot between the 1st and 2nd metatarsal bones. Which artery is most likely injured in this area?,Dorsalis pedis artery,,,,,A,
IMS-0212,ANATOMY,,A patient has a right groin swelling located lateral and inferior to the pubic tubercle. Identify the most likely anatomical layer involved in forming the neck of this hernia.,Fascia Transversalis (Femoral sheath),,,,,A,
IMS-0213,ANATOMY,,A stab wound to the right side of the sternum near the 6th intercostal space is most likely to injure which cardiac structure?,Right atrium,,,,,A,
IMS-0214,ANATOMY,,Which nerve transmits epigastric pain in a patient with a peptic ulcer?,Greater splanchnic nerve,,,,,A,
IMS-0215,ANATOMY,,"A man with a perforated gastric ulcer experiences sharp, stabbing pain from parietal peritoneal irritation. Which nerve carries the somatic sensory fibers responsible for this localized pain?",Lower intercostal nerves,,,,,A,
IMS-0216,ANATOMY,,A posterior perforation in the posterior wall of the stomach causes gastric contents to leak into which anatomical space?,Lesser Sac (Omental bursa),,,,,A,
IMS-0217,ANATOMY,,Appendicitis often causes pain to move from the umbilicus to the right iliac fossa. Which spinal nerve segments mediate the initial visceral pain?,T10,,,,,A,
IMS-0218,ANATOMY,,A middle-aged woman reports epigastric pain radiating to the right shoulder after eating a fatty meal. Identify the nerve mediating this referred pain.,Phrenic nerve (C3-C5),,,,,A,
IMS-0219,ANATOMY,,"During surgery, a surgeon accidentally nicks the hepatoduodenal ligament from the right lateral side. Which structure within this ligament is immediately at risk?",Common Bile Duct (CBD),,,,,A,
IMS-0220,ANATOMY,,A patient has a boil on the labia majora. Identify the group of lymph nodes most likely involved.,Superficial inguinal lymph nodes,,,,,A,
IMS-0221,ANATOMY,,Identify the lymphatic drainage for the anal canal below the pectinate line. Which lymph nodes receive lymph from this region?,Superficial inguinal lymph nodes,,,,,A,
IMS-0222,ANATOMY,,Identify the structure located immediately posterior to the ovarian fossa.,Ureter and Internal Iliac vessels,,,,,A,
IMS-0223,ANATOMY,,A woman presents with scapular winging. Which nerve injury most likely causes this condition?,Long thoracic nerve damage (Serratus anterior),,,,,A,
IMS-0224,ANATOMY,,Which structure travels through the greater sciatic foramen to exit the pelvis?,Piriformis muscle,,,,,A,
IMS-0225,ANATOMY,,Identify the muscle responsible for abducting the vocal cords.,Posterior Cricoarytenoid,,,,,A,
IMS-0226,ANATOMY,,"Which nerve injury in the forearm causes loss of wrist and finger extension, but spares sensation?",Deep branch of radial nerve (Posterior interosseous nerve),,,,,A,
IMS-0227,ANATOMY,,Which nerve mainly supplies sensation to the posterior forearm?,Radial nerve (Posterior cutaneous nerve of forearm),,,,,A,
IMS-0228,ANATOMY,,A hospitalized patient lying supine has aspirated gastric contents. Which lung lobe is most likely affected by the aspirated material?,Right lower lobe (Superior segment),,,,,A,
IMS-0229,ANATOMY,,A child who aspirated a peanut suddenly becomes cyanotic and begins coughing. Which lung region is the most common site for a foreign body to become lodged?,Right apical lower lobe (Superior segment),,,,,A,
IMS-0230,ANATOMY,,Which muscle is typically impaired by median nerve injury at the wrist? Identify the muscle affected among the options.,First and second lumbricals (and thenar muscles),,,,,A,
IMS-0231,ANATOMY,,A skeleton is excavated from a grave. Which pelvic feature indicates a female pelvis?,Everted Iliac Ala / Wider subpubic angle / Circular inlet,,,,,A,
IMS-0232,ANATOMY,,A patient is unable to medially rotate and flex the knee. Which muscle is most likely compromised?,Sartorius / Semitendinosus / Semimembranosus,,,,,A,
IMS-0233,ANATOMY,,A child experiences trauma to the pterion region on the side of the skull. Which vessel is most at risk of injury?,Middle meningeal artery,,,,,A,
IMS-0234,ANATOMY,,A patient presents with hypothenar muscle wasting and sensory loss on the medial side of the hand. Which nerve is involved?,Ulnar nerve,,,,,A,
IMS-0235,ANATOMY,,At which vertebral level does the esophageal opening (hiatus) in the diaphragm pass?,T10,,,,,A,
IMS-0236,ANATOMY,,A patient undergoing spleen surgery requires attention to the costodiaphragmatic recess. What is the lowest level of the costodiaphragmatic recess at the midaxillary line?,10th intercostal space (T10),,,,,A,
IMS-0237,ANATOMY,,Which type of joint is formed by the carpal bones (scaphoid/lunate) attached to the distal radius?,Ellipsoid (Condyloid) synovial joint,,,,,A,
IMS-0238,ANATOMY,,Which bone does the optic nerve pass through via the optic canal?,Sphenoid bone (Lesser wing),,,,,A,
IMS-0239,ANATOMY,,The Gastroduodenal Artery is a direct branch of which artery?,Common hepatic artery,,,,,A,
IMS-0240,ANATOMY,,"A patient presented with a lower leg injury; it was found that the tibial part of the sciatic nerve was damaged, but some flexion remained in the knee. Which nerve is involved?",Common peroneal nerve supply to the short head of the biceps femoris,,,,,A,
IMS-0241,ANATOMY,,"After an inferior tear in the pericardium, the surgeon explored for fragments. She slid her fingers under the heart apex, moving upward and to the right until stopped by a cul-de-sac at the pericardial reflection.",Oblique pericardial sinus,,,,,A,
IMS-0242,ANATOMY,,"During surgery, how is the jejunum distinguished by its vascular supply?",Few mesenteric arterial arcades (1-2) with long vasa recta,,,,,A,
IMS-0243,ANATOMY,,"A boxer suffered a blow, causing a fracture of the mandibular ramus near the mandibular foramen. This will lead to damage of the inferior alveolar nerve, causing:",Loss of sensation over the lower teeth and lower lip,,,,,A,
IMS-0244,ANATOMY,,Which structure aerates the middle ear?,Eustachian tube (opens on the anterior wall of the middle ear),,,,,A,
IMS-0245,ANATOMY,,Lymphatic drainage of a tumor at the anal verge below the pectinate line is to the:,Superficial inguinal lymph nodes,,,,,A,
IMS-0246,ANATOMY,,Which structure passes through the greater sciatic foramen above the piriformis muscle?,Superior gluteal nerve and vessels,,,,,A,
IMS-0247,ANATOMY,,Lymphatic drainage from the first dorsal web space of the hand primarily goes to:,Infraclavicular/Apical axillary lymph nodes,,,,,A,
IMS-0248,ANATOMY,,The nerve supply of the soleus muscle is:,Tibial nerve,,,,,A,
IMS-0249,ANATOMY,,Infections of the upper eyelid (danger triangle) can primarily drain into which intracranial structure?,Cavernous Sinus (via ophthalmic veins),,,,,A,
IMS-0250,ANATOMY,,The structure that passes through the Foramen Rotundum is:,Maxillary nerve (V2),,,,,A,
IMS-0251,ANATOMY,,Visceral pain from peptic ulcers is transmitted to the spinal cord by:,Greater Splanchnic Nerve,,,,,A,
IMS-0252,ANATOMY,,The external spermatic fascia is derived from:,External oblique aponeurosis,,,,,A,
IMS-0253,ANATOMY,,What is the correct sequence of layers of the scrotum from superficial to deep?,"Skin, Dartos fascia, External spermatic fascia, Cremasteric fascia, Internal spermatic fascia, Tunica vaginalis",,,,,A,
IMS-0254,ANATOMY,,Damage to the supinator muscle will require supination assistance from which muscle?,Biceps brachii,,,,,A,
IMS-0255,ANATOMY,,Which muscle receives dual innervation from both the median and ulnar nerves?,Flexor digitorum profundus (FDP),,,,,A,
IMS-0256,ANATOMY,,What is a key anatomical landmark found at the transverse plane of the Angle of Louis (Sternal angle)?,Arch of aorta (beginning and end) / Tracheal bifurcation,,,,,A,
IMS-0257,ANATOMY,,The ureter is most at risk of injury at the pelvic brim where it crosses over the:,Common iliac artery bifurcation,,,,,A,
IMS-0258,ANATOMY,,A surgeon opens the abdomen and observes the small intestine. There are visible white patches (Peyer's patches) at the anti-mesenteric border. Which part of the intestine is this?,Ileum,,,,,A,
IMS-0259,ANATOMY,,"After damage to the hypoglossal nerve (CN XII), all of the intrinsic and extrinsic tongue muscles will be paralyzed EXCEPT:",Palatoglossus (supplied by CN X),,,,,A,
IMS-0260,ANATOMY,,"A patient exhibits weakness in elbow flexion and forearm supination, along with sensory loss on the lateral aspect of the forearm. Which nerve injury is responsible?",Musculocutaneous nerve,,,,,A,
IMS-0261,ANATOMY,,The inferior boundary of the deep perineal pouch is formed by the:,Perineal membrane,,,,,A,
IMS-0262,ANATOMY,,"A patient is unable to abduct and extend his thumb and cannot extend the metacarpophalangeal joints, but cutaneous sensations are fully intact. Which nerve is damaged?",Posterior interosseous nerve (Deep branch of Radial Nerve),,,,,A,
IMS-0263,ANATOMY,,Which nerve injury prevents a patient from adducting their thumb (Adductor pollicis)?,Ulnar Nerve,,,,,A,
IMS-0264,ANATOMY,,Which structure lies immediately posterior to the ovarian fossa?,Ureter and Internal Iliac vessels,,,,,A,
IMS-0265,ANATOMY,,Contents of the female superficial perineal pouch include:,Greater vestibular (Bartholin's) glands and bulb of vestibule,,,,,A,
IMS-0266,ANATOMY,,"During open repair of a right indirect inguinal hernia, which structure is most prominently seen running with the cord?",Pampiniform plexus,,,,,A,
IMS-0267,ANATOMY,,A man known to have hepatoma develops dependent edema and dilated abdominal wall veins. The most likely structure obstructed is:,Inferior Vena Cava (IVC),,,,,A,
IMS-0268,ANATOMY,,An injury to the lateral cord of the brachial plexus causes weakness in elbow flexion. Which nerve is involved?,Musculocutaneous nerve,,,,,A,
IMS-0269,ANATOMY,,"A patient sustained an axillary injury leading to loss of elbow flexion, loss of forearm supination, and sensory loss over the lateral forearm. Which nerve is involved?",Musculocutaneous nerve,,,,,A,
IMS-0270,ANATOMY,,The lymphatic drainage of the external nose and anterior part of the nasal cavity primarily goes to:,Submandibular lymph nodes,,,,,A,
IMS-0271,ANATOMY,,Right hypochondriac pain from cholecystitis refers to which dermatome?,T7-T9,,,,,A,
IMS-0272,ANATOMY,,The lymphatic drainage of the upper outer lateral quadrant of the breast is primarily to:,Anterior (pectoral) axillary nodes,,,,,A,
IMS-0273,ANATOMY,,A patient complains of numbness in the index and middle fingers. There is a loss of sensation due to damage to which nerve?,Median nerve,,,,,A,
IMS-0274,ANATOMY,,The preganglionic sympathetic nerve supply to the adrenal medulla travels via the:,Greater thoracic splanchnic nerve,,,,,A,
IMS-0275,ANATOMY,,"Most of the left ventricle, along with the left and right bundle branches, is supplied by which coronary artery?",Left Anterior Descending (LAD) artery,,,,,A,
IMS-0276,ANATOMY,,The anterior (sternocostal) surface of the heart is predominantly formed by the:,Right ventricle,,,,,A,
IMS-0277,ANATOMY,,"A direct inguinal hernia protrudes through Hesselbach's triangle, which is located where in relation to the inferior epigastric vessels?",Medial to the inferior epigastric artery,,,,,A,
IMS-0278,ANATOMY,,A patient has a bronchogenic carcinoma posterior to the left lung hilum. Which neural structure is most likely to be damaged in this location?,Vagus nerve,,,,,A,
IMS-0279,ANATOMY,,"A child with a retropharyngeal abscess develops noisy breathing and difficulty swallowing. To spread to the posterior mediastinum, which fascial layer must the infection breach?",Alar / Prevertebral fascia,,,,,A,
IMS-0280,ANATOMY,,"A patient sustains trauma to the upper part of the shoulder, lacerating an artery. Which artery, passing over the first rib, is the primary source of bleeding here?",Axillary artery,,,,,A,
IMS-0281,ANATOMY,,The movement of the brain within the skull is physically limited by which dural reflection separating the cerebral hemispheres?,Falx cerebri,,,,,A,
IMS-0282,ANATOMY,,Palpation of the arterial pulse just anterior to the tragus at the temporomandibular joint (TMJ) assesses which artery?,Superficial temporal artery,,,,,A,
IMS-0283,ANATOMY,,A patient complains of dry eyes. Examination reveals decreased secretion from the lacrimal gland. Which nerve carries the postganglionic parasympathetic fibers to this gland?,Maxillary nerve (V2) branches via pterygopalatine ganglion,,,,,A,
IMS-0284,ANATOMY,,An injury to the lateral border of the anatomical snuffbox leaves a patient unable to extend or abduct the thumb. Which muscles of the extensor compartment are damaged?,Extensor pollicis brevis and Abductor pollicis longus,,,,,A,
IMS-0285,ANATOMY,,"A female complains of numbness, paresthesia, and color changes in her left arm. There is no intrinsic hand muscle wasting, but sensation is altered in the T1 dermatome distribution. What is the likely cause?",Cervical rib (Thoracic Outlet Syndrome),,,,,A,
IMS-0286,ANATOMY,,"Regarding the blood supply to long bones in growing children, which statement is true?",The ends of the bones (epiphyses) are supplied by separate epiphyseal arteries,,,,,A,
IMS-0287,ANATOMY,,"Following a radical mastectomy, a patient is unable to adduct, extend, and internally rotate her arm. Which muscle was damaged during the procedure?",Latissimus dorsi (Thoracodorsal nerve),,,,,A,
IMS-0288,ANATOMY,,"A heavy wooden plank falls on a laborer's foot, crushing the dorsum between the 1st and 2nd metatarsal bones. Which artery is most likely damaged?",Dorsalis pedis artery,,,,,A,
IMS-0289,ANATOMY,,Which vital nervous system structure lies deep to and runs parallel with the posterior wall of the carotid sheath?,Cervical Sympathetic chain,,,,,A,
IMS-0290,ANATOMY,,A stab wound penetrates the chest wall just above the xiphisternal joint at the right fifth intercostal space. Which internal structure is immediately damaged?,Right ventricle / Right atrium,,,,,A,
IMS-0291,ANATOMY,,"A boxer is hit on the jaw, damaging the temporomandibular joint. The mouth now remains locked in an open, protruded position. Which muscle is responsible for this jaw depression?",Lateral pterygoid,,,,,A,
IMS-0292,ANATOMY,,"During extreme hyperflexion of the cervical spine (e.g., in a whiplash injury), which strong ligament running along the spinous processes is most likely injured?",Ligamentum nuchae / Supraspinous ligament,,,,,A,
IMS-0293,ANATOMY,,The cup-shaped floor of the acetabular fossa in the pelvis is primarily formed by the fusion of which bones?,"Ilium, Ischium, and Pubis",,,,,A,
IMS-0294,ANATOMY,,"A posterior gastric ulcer perforates, leaking fluid into the lesser sac. The resulting severe visceral pain is carried by which nerve?",Greater splanchnic nerve,,,,,A,
IMS-0295,ANATOMY,,A patient suffers massive upper GI bleeding from a ruptured posterior duodenal ulcer. Which artery is responsible for the hemorrhage?,Gastroduodenal artery,,,,,A,
IMS-0296,ANATOMY,,The deep plantar arch of the foot is primarily formed by the terminal branch of which artery?,Lateral plantar artery (completing with the deep plantar branch of the Dorsalis pedis),,,,,A,
IMS-0297,ANATOMY,,"A boxer is hit on the mouth, severely damaging the muscles of mastication. He is now completely unable to open his mouth or protrude his jaw. Which muscle is paralyzed?",Lateral pterygoid,,,,,A,
IMS-0298,ANATOMY,,"Which thick, elastic ligament runs vertically down the spinal canal and specifically connects the lamina of one vertebra to the lamina of the vertebra above it?",Ligamentum flavum,,,,,A,
IMS-0299,ANATOMY,,"During a difficult abdominal hysterectomy, the surgeon must ligate the uterine vessels. The ureter is at extreme risk of being damaged at which specific location?",At the base of the Broad Ligament (where the uterine artery crosses over it),,,,,A,
IMS-0300,ANATOMY,,"The mandibular branch of the Trigeminal nerve (V3) supplies the primary muscles of mastication. Which muscle of facial expression, often confused as a mastication muscle, is NOT supplied by V3?",Buccinator (Supplied by Facial nerve CN VII),,,,,A,
IMS-0301,ANATOMY,,The primary motor innervation to the rectus abdominis muscle is provided by the terminal branches of which nerves?,Lower six thoracic nerves (T7-T12 intercostal nerves),,,,,A,
IMS-0302,ANATOMY,,"A patient with epigastric pain and heartburn undergoes endoscopy, revealing a perforation in the posterior wall of the 1st part of the duodenum. Which artery is eroded?",Gastroduodenal artery,,,,,A,
IMS-0303,ANATOMY,,"In acute appendicitis, initial referred pain around the umbilicus passes through which neural pathway?",Sympathetic nerve fibers at T10,,,,,A,
IMS-0304,ANATOMY,,"If the inferior mesenteric artery is ligated, which parts of the large intestine will be primarily affected by ischemia?",Descending and sigmoid colon,,,,,A,
IMS-0305,ANATOMY,,"Which arteries course anatomically along the base of the renal pyramids, separating the renal medulla from the cortex?",Arcuate arteries,,,,,A,
IMS-0306,ANATOMY,,"During surgery, the surgeon uplifts a thick loop of the intestine with less mesenteric fat, long vasa recta, and few large arcades. Which part of the gut is this?",Jejunum,,,,,A,
IMS-0307,ANATOMY,,A young patient presents with a mid-clavicular fracture. The medial fragment of the clavicle is displaced superiorly. Which muscle is responsible for this upward pull?,Sternocleidomastoid (SCM),,,,,A,
IMS-0308,ANATOMY,,The apex of the heart is primarily supplied by which coronary artery?,Left Anterior Descending (LAD) artery,,,,,A,
IMS-0309,ANATOMY,,Myelinated preganglionic sympathetic efferent fibers exit the spinal nerve and enter the sympathetic chain ganglia via which structure?,White ramus communicans,,,,,A,
IMS-0310,ANATOMY,,A patient is unable to strongly drive a screw (tightening) and has lost powerful forearm supination. Which muscle is damaged?,Biceps brachii,,,,,A,
IMS-0311,ANATOMY,,"After an RTA causing injury to the axilla, a patient loses sensation over the lateral aspect of the upper arm (regimental badge area). Which nerve is damaged?",Axillary nerve,,,,,A,
IMS-0312,ANATOMY,,The superior laryngeal artery and internal laryngeal nerve pierce which membrane located between the thyroid cartilage and the hyoid bone?,Thyrohyoid membrane,,,,,A,
IMS-0313,ANATOMY,,"The superficial cardiac plexus, located below the arch of the aorta, receives parasympathetic contributions primarily from which nerve?",Left Vagus nerve (Cardiac branches),,,,,A,
IMS-0314,ANATOMY,,A patient is unable to strongly adduct his thumb against the index finger (positive Froment's sign). This is due to damage to which nerve?,Ulnar nerve (supplying Adductor pollicis),,,,,A,
IMS-0315,ANATOMY,,The prominent vascular groove arching superiorly over the hilum on the mediastinal surface of the left lung is formed by the:,Arch of the aorta,,,,,A,
IMS-0316,ANATOMY,,A patient loses cutaneous sensation from the lower jaw down to the clavicles. Which cervical nerve roots (via the transverse cervical and supraclavicular nerves) are involved?,C2 and C3,,,,,A,
IMS-0317,ANATOMY,,The medial arcuate ligament of the diaphragm is formed by a thickened fascial band crossing over which muscle?,Psoas major muscle,,,,,A,
IMS-0318,ANATOMY,,"A woman sustains deep stab wounds to the right face, severing the facial nerve right at the stylomastoid foramen. Which suprahyoid muscle will be paralyzed?",Posterior belly of the digastric muscle (and stylohyoid),,,,,A,
IMS-0319,ANATOMY,,A deep stab wound to the anterior thigh results in an absent knee jerk reflex and sensory loss over the anterior thigh and medial leg. Which nerve is severed?,Femoral nerve,,,,,A,
IMS-0320,ANATOMY,,"If the IVC is blocked below the heart, collateral venous return bypasses the blockage via the Azygos system. This directly causes massive dilation of which bridging vessels?",Ascending lumbar veins and subcostal veins,,,,,A,
IMS-0321,ANATOMY,,A patient's foot is locked in a permanently dorsiflexed and everted position (calcaneovalgus deformity). This indicates unopposed action of the extensors/evertors due to complete paralysis of the:,Tibial nerve,,,,,A,
IMS-0322,ANATOMY,,"The highly folded, leaf-like ridges that vastly increase the surface area of the cerebellar cortex are anatomically termed:",Folia,,,,,A,
IMS-0323,ANATOMY,,A deep stab wound to the medial aspect of the middle thigh penetrates the adductor (Hunter's) canal. Which sensory nerve running within this canal is severed?,Saphenous nerve,,,,,A,
IMS-0324,ANATOMY,,A nerve entrapment at the adductor canal causes severe shooting pain and numbness extending down the medial aspect of the leg to the medial malleolus. Which nerve is involved?,Saphenous nerve,,,,,A,
IMS-0325,ANATOMY,,"During a transverse colectomy, the surgeon must ligate the primary arterial supply to the transverse colon. This artery is a direct branch of the:",Superior Mesenteric Artery (SMA),,,,,A,
IMS-0326,ANATOMY,,The anterior surface of the left adrenal gland is anatomically separated from the stomach by which peritoneal space?,Lesser sac (Omental bursa),,,,,A,
IMS-0327,ANATOMY,,"The crista galli, a thick, midline, smooth triangular process serving as the anterior attachment for the falx cerebri, projects superiorly from which skull bone?",Ethmoid bone,,,,,A,
IMS-0328,ANATOMY,,"A lady suffers a deep bite to the anterior two-thirds of her tongue during a seizure. She subsequently loses general somatic sensation (touch, pain) over the injured area. Which nerve is severed?",Lingual nerve (branch of V3),,,,,A,
IMS-0329,ANATOMY,,"The posterior descending artery (PDA), supplying the posterior 1/3 of the interventricular septum, travels in the posterior interventricular sulcus alongside which vein?",Middle cardiac vein,,,,,A,
IMS-0330,ANESTHESIOLOGY,,A 56-year-old woman is scheduled for a hysterectomy. Which area should be targeted by spinal anesthesia to provide effective blockade for the procedure?,Subarachnoid space (L3-L4 roots),,,,,A,
IMS-0331,ANESTHESIOLOGY,,Which ligament is pierced last by the needle during an epidural anesthetic block?,Ligamentum flavum,,,,,A,
IMS-0332,ANESTHESIOLOGY,,A patient requires sedation for an endoscopy. They are at high risk for PONV (Post-Operative Nausea and Vomiting). Which IV anesthetic is preferred due to its inherent antiemetic properties?,Propofol,,,,,A,
IMS-0333,BIOCHEMISTRY,,"A patient with dark urine, abdominal pain, neuropsychiatric symptoms, and elevated porphobilinogen has:",Acute intermittent porphyria,,,,,A,
IMS-0334,BIOCHEMISTRY,,"A child with hypoglycemia, vomiting, and jaundice after fruit juice introduction has deficiency of:",Aldolase B,,,,,A,
IMS-0335,BIOCHEMISTRY,,Cyanide inhibits which electron transport chain complex?,Complex IV (cytochrome c oxidase),,,,,A,
IMS-0336,BIOCHEMISTRY,,"A 10-month infant with hypoketotic hypoglycemia, low carnitine, and long-chain fatty acid accumulation has a defect in:",CPT-2,,,,,A,
IMS-0337,BIOCHEMISTRY,,Trypsin cleaves peptide bonds at the:,"C-terminal carboxyl side of basic amino acids (Arg, Lys)",,,,,A,
IMS-0338,BIOCHEMISTRY,,Ketosis results from:,Decreased carbohydrate utilization leading to fat metabolism,,,,,A,
IMS-0339,BIOCHEMISTRY,,Von Gierke disease (GSD type 1) results from deficiency of:,Glucose-6-phosphatase,,,,,A,
IMS-0340,BIOCHEMISTRY,,The enzyme deficient in alkaptonuria is:,Homogentisate dioxygenase,,,,,A,
IMS-0341,BIOCHEMISTRY,,The lipoprotein with the highest percentage of cholesterol is:,LDL,,,,,A,
IMS-0342,BIOCHEMISTRY,,"A patient presents with dermatitis, confusion, and recurrent diarrhea. The deficient vitamin is:",Niacin (B3),,,,,A,
IMS-0343,BIOCHEMISTRY,,"In Zellweger syndrome, the defective organelle is:",Peroxisomes,,,,,A,
IMS-0344,BIOCHEMISTRY,,The enzyme deficient in phenylketonuria is:,Phenylalanine hydroxylase,,,,,A,
IMS-0345,BIOCHEMISTRY,,The enzyme deficient in PKU is:,Phenylalanine hydroxylase,,,,,A,
IMS-0346,BIOCHEMISTRY,,The enzyme deficient in phenylketonuria is:,Phenylalanine hydroxylase,,,,,A,
IMS-0347,BIOCHEMISTRY,,Translation (protein synthesis) requires:,"Ribosomes, mRNA, and tRNA",,,,,A,
IMS-0348,BIOCHEMISTRY,,Which amino acid is classified as non-essential?,Tyrosine,,,,,A,
IMS-0349,BIOCHEMISTRY,,A person who only eats vegetables will be deficient in:,Vitamin B12,,,,,A,
IMS-0350,BIOCHEMISTRY,,A woman working indoors day and night with tiredness and bone pain most likely has deficiency of:,Vitamin D,,,,,A,
IMS-0351,BIOCHEMISTRY,,A patient with dandruff is prescribed an antifungal agent. Which essential fatty acid deficiency can contribute to this condition?,Linoleic acid,,,,,A,
IMS-0352,BIOCHEMISTRY,,"A 10-year-old child has corneal opacities and mild anemia. Labs show increased free cholesterol with decreased cholesterol esters and HDL, suggesting an inability to esterify cholesterol; which enzyme is most likely deficient?",Lecithin-cholesterol acyltransferase (LCAT),,,,,A,
IMS-0353,BIOCHEMISTRY,,Which vitamin cofactors are essential for maintaining normal blood glucose during a 24-hour fast?,"Biotin, niacin, pyridoxine",,,,,A,
IMS-0354,BIOCHEMISTRY,,Which term describes the reactant that determines the maximum amount of product that can be formed in a chemical reaction?,Limiting reagent,,,,,A,
IMS-0355,BIOCHEMISTRY,,Carnitine acyl-transferase is essential for which metabolic process?,Transport of long-chain fatty acyl groups into mitochondria for B-oxidation,,,,,A,
IMS-0356,BIOCHEMISTRY,,"To decrease plasma LDL levels in a patient with Coronary Artery Disease, which type of dietary fat should be primarily removed or reduced?",Saturated fatty acids,,,,,A,
IMS-0357,BIOCHEMISTRY,,"An infant presents with hypoglycemia, hepatomegaly, and lactic acidosis. Lab shows elevated uric acid and triglycerides. Which enzyme deficiency is responsible?",Glucose-6-phosphatase,,,,,A,
IMS-0358,BIOCHEMISTRY,,A marathon runner after fully depleting their muscle and liver glycogen stores primarily shifts to which long term energy source for continued muscle contraction?,Fatty acid oxidation,,,,,A,
IMS-0359,BIOCHEMISTRY,,A nutritionist explains that indigestible fiber in vegetables consists mostly of:,Cellulose,,,,,A,
IMS-0360,BIOCHEMISTRY,,"Mediators of inflammation, such as histamine, are derived from which amino acid?",Histidine,,,,,A,
IMS-0361,BIOCHEMISTRY,,"An obese patient consumes mostly dairy (cheese), coffee, and toast. Which nutrient deficiency is likely?",Folate,,,,,A,
IMS-0362,BIOCHEMISTRY,,Which of the following enzymes is deficient in McArdle disease?,Muscle phosphorylase,,,,,A,
IMS-0363,BIOCHEMISTRY,,"A patient suffers an MI, what is the immediate metabolic shift that occurs in cardiac muscle cells during the time of ischemia?",Anaerobic glycolysis,,,,,A,
IMS-0364,BIOCHEMISTRY,,Huntington disease involves defective degradation of which cellular component?,Proteasome,,,,,A,
IMS-0365,BIOCHEMISTRY,,"What specific vitamin deficiency causes the syndrome known as pellagra, which is classically described as 3 Ds: Dementia, Diarrhea, Dermatitis?",Niacin (B3),,,,,A,
IMS-0366,BIOCHEMISTRY,,A patient has high LDL cholesterol. Which dietary component will help improve LDL levels?,Monounsaturated fats,,,,,A,
IMS-0367,BIOCHEMISTRY,,Child had small bowel resection. Three months later presents with angular glossitis and cheilosis. Deficiency of:,Vitamin B2 (Riboflavin),,,,,A,
IMS-0368,BIOCHEMISTRY,,A patient develops anemia months after total gastrectomy.,Vitamin B12 deficiency,,,,,A,
IMS-0369,BIOCHEMISTRY,,"A child presents with history of a darkening color in the nappy, and hormonal profile suggests a deficiency of enzyme homogentisate oxidase. The child is suffering from which metabolic syndrome?",Alkaptonuria,,,,,A,
IMS-0370,BIOCHEMISTRY,,Ragged red fiber appearance in MELAS syndrome. Which organelle is primarily involved?,Mitochondria,,,,,A,
IMS-0371,BIOCHEMISTRY,,A researcher is studying catecholamine synthesis in adrenal medulla chromaffin cells. Which amino acid serves as the primary precursor?,Tyrosine,,,,,A,
IMS-0372,BIOCHEMISTRY,,"In Zellweger syndrome, the defect is in which organelle?",Peroxisome,,,,,A,
IMS-0373,BIOCHEMISTRY,,"An infant presents with recurrent episodes of hypoglycemia, hepatomegaly, and lactic acidosis. On examination, the liver is enlarged, and the child has doll like facies. Which of the following is the most likely diagnosis?",Von Gierke disease,,,,,A,
IMS-0374,BIOCHEMISTRY,,Which key metabolic adaptation occurs during the late stages of starvation to conserve protein and provide fuel for the brain?,Ketone body formation,,,,,A,
IMS-0375,BIOCHEMISTRY,,"A boy presents with self mutilation, dystonia, and hyperuricemia. Which enzyme deficiency is responsible?",Hypoxanthine guanine phosphoribosyltransferase (HGPRT),,,,,A,
IMS-0376,BIOCHEMISTRY,,A patient with muscular dystrophy is being evaluated for serum proteins. Which molecule is typically normal?,Albumin,,,,,A,
IMS-0377,BIOCHEMISTRY,,Which organelle is involved in steroid synthesis?,Smooth Endoplasmic Reticulum (SER),,,,,A,
IMS-0378,BIOCHEMISTRY,,A child presents with hepatosplenomegaly and anemia. Bone marrow shows crumpled tissue-paper macrophages. Which enzyme is deficient?,Glucocerebrosidase,,,,,A,
IMS-0379,BIOCHEMISTRY,,"A footballer had a knee laceration, wound closed with sutures. Two weeks later, wound healing is delayed. Which factor is likely responsible?",Vitamin C deficiency,,,,,A,
IMS-0380,BIOCHEMISTRY,,A significant decrease in the intake of fatty meals will result in the greatest and most immediate decrease in the circulating levels of which lipoprotein?,Chylomicrons,,,,,A,
IMS-0381,BIOCHEMISTRY,,A child develops abdominal bloating and cramps after drinking milk. The major metabolite accumulated in the colon is:,Lactic acid (from bacterial fermentation),,,,,A,
IMS-0382,BIOCHEMISTRY,,"A patient with dementia, dermatitis, and diarrhea has these symptoms due to a deficiency of:",Niacin (Vitamin B3),,,,,A,
IMS-0383,BIOCHEMISTRY,,"A boy brought to a pediatrician by parents with developmental delay, low head circumference and feeding difficulties and a distinctive mousy odor. What is the likely diagnosis?",Phenylketonuria (PKU),,,,,A,
IMS-0384,BIOCHEMISTRY,,A patient shows increased hepatic glycogen with a normal liver structure and no rise in serum glucose after fructose ingestion. Which enzyme deficiency is responsible for this condition?,Glucose-6-Phosphatase,,,,,A,
IMS-0385,BIOCHEMISTRY,,"Among common dietary carbohydrates, which one humans have the greatest difficulty digesting?",Cellulose (Fiber),,,,,A,
IMS-0386,BIOCHEMISTRY,,Which enzyme's increased activity leads to elevated lactate production in cells during anaerobic metabolism?,Lactate dehydrogenase,,,,,A,
IMS-0387,BIOCHEMISTRY,,Which enzyme deficiency causes McArdle disease?,Muscle phosphorylase (Glycogen phosphorylase),,,,,A,
IMS-0388,BIOCHEMISTRY,,Where does the enzyme glucokinase primarily function in the body?,Hepatocytes and Pancreatic Beta cells,,,,,A,
IMS-0389,BIOCHEMISTRY,,A 56-year-old man has his lipid profile checked after eating a burger and fries. His plasma appears milky white after centrifugation. What causes this appearance?,Chylomicrons,,,,,A,
IMS-0390,BIOCHEMISTRY,,What is the primary final product of purine metabolism in the human body?,Uric acid,,,,,A,
IMS-0391,BIOCHEMISTRY,,"A child with extremely photosensitive skin lesions, severe scarring, and red-brown teeth has increased urinary excretion of uroporphyrin I. Which enzyme activity is decreased in this condition?",Uroporphyrinogen III Synthase (Congenital erythropoietic porphyria),,,,,A,
IMS-0392,BIOCHEMISTRY,,Which enzyme deficiency causes von Gierke’s disease (Type I Glycogen Storage Disease)?,Glucose-6-phosphatase,,,,,A,
IMS-0393,BIOCHEMISTRY,,Which molecule activates cAMP production in cellular signaling pathways?,G-protein coupled receptor activating Adenylyl Cyclase,,,,,A,
IMS-0394,BIOCHEMISTRY,,Which vitamin acts as the most effective lipid-soluble antioxidant in the body?,Vitamin E,,,,,A,
IMS-0395,BIOCHEMISTRY,,What are the basic components that make up the structure of a DNA nucleotide?,Nitrogenous base + Deoxyribose Sugar + Phosphate group,,,,,A,
IMS-0396,BIOCHEMISTRY,,"A patient with cardiac, facial, and corneal defects, along with hypotonia and failure to thrive, is diagnosed with Zellweger syndrome. This is characterized by the accumulation of very long-chain fatty acids due to a defect in which organelle?",Peroxisomes,,,,,A,
IMS-0397,BIOCHEMISTRY,,"Cheilosis, stomatitis, and corneal vascularization are classically due to a deficiency of which of the following vitamins?",Riboflavin (Vitamin B2),,,,,A,
IMS-0398,BIOCHEMISTRY,,"Which vitamin deficiency causes the 3 D's: dermatitis, diarrhea, and dementia?",Niacin (Vitamin B3),,,,,A,
IMS-0399,BIOCHEMISTRY,,Which vitamin is an essential cofactor involved in the transamination of alanine and aspartate (ALT/AST)?,Vitamin B6 (Pyridoxine),,,,,A,
IMS-0400,BIOCHEMISTRY,,"Which vitamin acts as a coenzyme (TPP) essential for carbohydrate metabolism (e.g., Pyruvate dehydrogenase)?",Thiamine (Vitamin B1),,,,,A,
IMS-0401,BIOCHEMISTRY,,What metabolic activity is markedly increased in thyrotoxicosis (excess thyroxine)?,Gluconeogenesis and Glycogenolysis in the liver,,,,,A,
IMS-0402,BIOCHEMISTRY,,The most powerful and abundant intracellular antioxidant is:,Glutathione,,,,,A,
IMS-0403,BIOCHEMISTRY,,Vitamin A in the retina is a key component of the light-absorbing molecule rhodopsin in the form of:,11-cis-retinal,,,,,A,
IMS-0404,BIOCHEMISTRY,,"Excess glucagon binds to its GPCR, resulting in the intracellular activation of:",Adenylate cyclase (increasing cAMP),,,,,A,
IMS-0405,BIOCHEMISTRY,,Which of the following acts as a one-carbon carrier in the synthesis of purines and thymidylate?,Tetrahydrofolate (Folate),,,,,A,
IMS-0406,BIOCHEMISTRY,,Which statement about Vitamin D synthesis is true?,It undergoes 25-hydroxylation in the liver and 1-alpha-hydroxylation in the kidneys to become active,,,,,A,
IMS-0407,BIOCHEMISTRY,,What biochemical changes occur in cardiomyocytes during hypoxia following myocardial ischemia?,"Shift to anaerobic glycolysis, lactic acid accumulation, and intracellular pH drop",,,,,A,
IMS-0408,BIOCHEMISTRY,,"In a patient with consistently high glucose levels and low insulin effect, the primary alternative lipid metabolism pathway activated is:",Ketogenesis,,,,,A,
IMS-0409,BIOCHEMISTRY,,Fatty acids and glycerol combine to form neutral fats (triglycerides) within which cellular organelle?,Smooth Endoplasmic Reticulum (SER),,,,,A,
IMS-0410,BIOCHEMISTRY,,A child presents with megaloblastic anemia. Urine analysis shows massive amounts of orotic acid. This condition involves a defect in the synthesis of which of the following?,Pyrimidines (Orotic aciduria),,,,,A,
IMS-0411,BIOCHEMISTRY,,"Peripheral neuritis, heart failure, and Wernicke-Korsakoff syndrome in chronic alcoholics are caused by a severe deficiency of which vitamin?",Thiamine (Vitamin B1),,,,,A,
IMS-0412,BIOCHEMISTRY,,A 2-year-old is diagnosed with Von Gierke disease after presenting with fasting hypoglycemia and hepatomegaly. What dietary advice should the doctor give to prevent hypoglycemic episodes?,"Frequent intake of complex carbohydrates (e.g., uncooked cornstarch)",,,,,A,
IMS-0413,BIOCHEMISTRY,,A child presents with a dark-colored nappy (dark urine upon standing). Lab tests reveal homogentisate oxidase deficiency. What is the diagnosis?,Alkaptonuria,,,,,A,
IMS-0414,BIOCHEMISTRY,,Elevated serum levels of homocysteine (homocysteinemia) can be caused by a deficiency of Folate or which other vitamin?,Vitamin B12 (Cobalamin),,,,,A,
IMS-0415,BIOCHEMISTRY,,A patient with basal ganglia lesions develops golden-brown rings in the peripheral cornea (Kayser-Fleischer rings). What is the diagnostic laboratory finding?,Decreased serum ceruloplasmin (Wilson's disease),,,,,A,
IMS-0416,BIOCHEMISTRY,,"During a ""fight or flight"" response, high concentrations of epinephrine rapidly raise blood sugar via which specific metabolic pathways?",Stimulating hepatic glycogenolysis and gluconeogenesis,,,,,A,
IMS-0417,BIOCHEMISTRY,,A patient with zero fruit and vegetable intake experiences poor wound healing and bleeding gums. The delayed repair is fundamentally due to the failure of which biochemical step?,Hydroxylation of proline and lysine in collagen synthesis (Vitamin C deficiency),,,,,A,
IMS-0418,BIOLOGY,,During which phase of mitosis are chromosomes most condensed and therefore most clearly visible by light microscopy?,Metaphase,,,,,A,
IMS-0419,CARDIOLOGY,,Sharp chest pain relieved by leaning forward and worsened supine indicates:,Acute pericarditis,,,,,A,
IMS-0420,CARDIOLOGY,,Acute limb pain with bluish discoloration indicates:,Arterial thromboembolism,,,,,A,
IMS-0421,CARDIOLOGY,,A patient with an irregularly irregular pulse and absent P waves on ECG with irregular QRS complexes has:,Atrial fibrillation,,,,,A,
IMS-0422,CARDIOLOGY,,The cardiac associations in Turner syndrome include:,Bicuspid aortic valve + coarctation + MVP,,,,,A,
IMS-0423,CARDIOLOGY,,The ECG finding most indicative of previous myocardial injury is:,Pathological Q waves,,,,,A,
IMS-0424,CARDIOLOGY,,Rib notching on chest X-ray is seen in:,Postductal coarctation of aorta,,,,,A,
IMS-0425,CARDIOLOGY,,A patient with intercostal pulsations and inferior rib notching has:,Postductal coarctation of aorta,,,,,A,
IMS-0426,CARDIOLOGY,,The most specific early test for acute MI within 3 hours is:,Troponin I,,,,,A,
IMS-0427,CARDIOLOGY,,The T wave on ECG represents:,Ventricular repolarization,,,,,A,
IMS-0428,CARDIOLOGY,,Which coronary artery is most commonly occluded by thrombosis in myocardial infarction?,Left Anterior Descending (LAD) artery,,,,,A,
IMS-0429,CARDIOLOGY,,A patient with an acute myocardial infarction develops hypotension and clinical signs of right ventricular failure. Which coronary artery is most likely occluded?,Right coronary artery (RCA),,,,,A,
IMS-0430,CARDIOLOGY,,A 62-year-old patient with congestive heart failure presents with dyspnea and orthopnea. Which of the following best explains the mechanism of pulmonary edema in CHF?,Increased hydrostatic pressure,,,,,A,
IMS-0431,CARDIOLOGY,,Rib notching on a chest radiograph is classically seen in which condition?,Post ductal coarctation of Aorta,,,,,A,
IMS-0432,CARDIOLOGY,,Which ECG finding is most likely three years after a myocardial infarction?,Pathological Q waves,,,,,A,
IMS-0433,CARDIOLOGY,,"On echocardiography of a patient, a cardiologist observed large friable vegetations. This is associated with:",Infective endocarditis,,,,,A,
IMS-0434,CARDIOLOGY,,A patient present with severe hypokalemia. Which characteristic ECG change is most likely to be seen?,Inverted T wave,,,,,A,
IMS-0435,CARDIOLOGY,,An ECG shows a progressive prolongation of the PR interval in successive beats followed by a non-conducted P wave. Which part of the cardiac conduction system is most likely affected?,Atrioventricular node,,,,,A,
IMS-0436,CARDIOLOGY,,An LCX block affects which area:,Left atrium and left ventricle,,,,,A,
IMS-0437,CARDIOLOGY,,"Which hemodynamic change is the most pathognomonic finding, or classic physiological consequence, of severe Aortic Stenosis?",Decreased Pulse Pressure,,,,,A,
IMS-0438,CARDIOLOGY,,Which hemodynamic finding characteristically differentiates septic shock from hypovolemic and cardiogenic shock?,High cardiac output,,,,,A,
IMS-0439,CARDIOLOGY,,The most important obstructive lesion in Tetralogy of Fallot arises from:,Infundibular (subpulmonic) stenosis,,,,,A,
IMS-0440,CARDIOLOGY,,"A man with a history of myocardial infarction presents with acute shortness of breath, hypotension, cold clammy skin, and oliguria. On examination, there are raised JVP, bilateral basal crepitations, and S3 gallop. ECG shows ST-segment elevation in anterior leads. What is the most likely cause of his cardiogenic shock?",Left ventricular pump failure due to extensive MI,,,,,A,
IMS-0441,CARDIOLOGY,,In which of the following types of shock the overall Cardiac Output remains unchanged or increased?,Distributive Shock,,,,,A,
IMS-0442,CARDIOLOGY,,Most common primary cardiac tumor is:,Myxoma,,,,,A,
IMS-0443,CARDIOLOGY,,Which of the following is seen in aortic stenosis?,Decreased pulse pressure,,,,,A,
IMS-0444,CARDIOLOGY,,"Post blood transfusion ECG shows tall, peaked T waves. Cause?",Hyperkalemia,,,,,A,
IMS-0445,CARDIOLOGY,,"A patient reports episodes of pallor, dizziness, shortness of breath, and syncope that are typically triggered by prolonged standing or sudden positional changes. What is the most likely cause of the syncope?",Vasovagal Syncope,,,,,A,
IMS-0446,CARDIOLOGY,,"A female with chronic mitral regurgitation is evaluated. Echo shows EF < 60%, LVESD > 40 mm, and symptomatic dyspnea. What is the best indication for mitral valve surgery?",Symptoms plus LV dysfunction,,,,,A,
IMS-0447,CARDIOLOGY,,A patient with an acute myocardial infarction develops hypotension and signs of right ventricular failure. Which coronary artery is most likely involved?,Right coronary artery (RCA),,,,,A,
IMS-0448,CARDIOLOGY,,A patient presents with an Inferior wall MI on ECG. Which major coronary artery is typically involved in this type of infarction?,Right Coronary Artery (RCA),,,,,A,
IMS-0449,CARDIOLOGY,,"A patient presents with sudden-onset chest pain radiating to the back, associated with diaphoresis. Which laboratory test is most specific for confirming myocardial injury?",Troponin I,,,,,A,
IMS-0450,CARDIOLOGY,,A patient presents with syncope. ECG shows P waves not followed by QRS complexes. The most likely diagnosis is:,Complete (Third-degree) heart block,,,,,A,
IMS-0451,CARDIOLOGY,,A patient with mitral stenosis develops an irregularly irregular pulse. What conduction abnormality is present?,Atrial fibrillation,,,,,A,
IMS-0452,CARDIOLOGY,,A patient with sudden dyspnea and pleuritic chest pain is suspected of a PE. Which ECG finding is most commonly observed?,Sinus tachycardia,,,,,A,
IMS-0453,CARDIOLOGY,,"A patient presents with central chest pain and an ECG showing 1mm ST elevation in leads I, aVL. Identify the type of myocardial infarction based on these findings.",Lateral wall MI,,,,,A,
IMS-0454,CARDIOLOGY,,A 50-year-old man arrives with 4 hours of central chest pain and ECG changes. What is the most appropriate next step in management?,Troponin I,,,,,A,
IMS-0455,CARDIOLOGY,,"A 55-year-old man presents to the ER with shortness of breath, low blood pressure, and neck vein swelling. On examination, heart sounds are muffled. What is the most likely diagnosis?",Cardiac tamponade,,,,,A,
IMS-0456,CARDIOLOGY,,"A 55-year-old man arrives at the ER with shortness of breath, blood pressure of 80/40 mmHg, and neck vein distension. His heart sounds are muffled on examination; what other finding is likely present?",Pulsus paradoxus,,,,,A,
IMS-0457,CARDIOLOGY,,What hemodynamic changes are characteristic of hypertrophic obstructive cardiomyopathy (HOCM)?,Decreased stroke volume and decreased diastolic filling,,,,,A,
IMS-0458,CARDIOLOGY,,Which condition leads to an increase in ejection fraction? Identify the correct physiological factor that enhances the heart's pumping ability.,Increased End-Diastolic Volume (Frank-Starling law) or Increased Contractility,,,,,A,
IMS-0459,CARDIOLOGY,,"A patient has right ventricular hypertrophy, peripheral edema, and hepatic congestion. If the patient also has pulmonary edema, what is the primary underlying cause?",Left heart failure causing subsequent right heart failure,,,,,A,
IMS-0460,CARDIOLOGY,,Vitamin B1 (Thiamine) deficiency causes increased cardiac output (high-output heart failure) due to severe peripheral vasodilation. This condition is known as:,Wet Beriberi,,,,,A,
IMS-0461,CARDIOLOGY,,"A patient presents with retrosternal pain radiating to the epigastrium lasting for 3-4 hours, accompanied by diffuse ST-segment elevation on ECG but no change in cardiac enzymes. Diagnosis:",Acute Pericarditis,,,,,A,
IMS-0462,CARDIOLOGY,,A patient who had a myocardial infarction 6 months ago now presents with chest pain and shortness of breath. ECG shows bigeminy QRS complexes and inverted T waves. The cause is:,Premature ventricular contractions (PVCs),,,,,A,
IMS-0463,CARDIOLOGY,,What does the PR interval on an ECG indicate?,AV node conduction delay (Time from SA node through AV node to ventricles),,,,,A,
IMS-0464,CARDIOLOGY,,A small mass in the left atrium that mimics thromboembolism and intermittently obstructs the mitral valve affecting heart function is a:,Atrial Myxoma,,,,,A,
IMS-0465,CARDIOLOGY,,"A 50-year-old man with a history of diabetic retinopathy and myocardial infarction presents with chest pain due to coronary occlusion, which commonly occurs from:",Thrombosis (on a ruptured atherosclerotic plaque),,,,,A,
IMS-0466,CARDIOLOGY,,An ECG shows progressive prolongation of the PR interval in successive beats followed by a dropped QRS complex. The problem lies in which part of the conduction system?,AV node (Mobitz Type I Wenckebach),,,,,A,
IMS-0467,CARDIOLOGY,,A patient arrives at the ER with severe chest pain that started 4 hours ago. Which cardiac biomarker is most appropriate to investigate early ischemic changes?,CK-MB (or High-sensitivity Troponin),,,,,A,
IMS-0468,CARDIOLOGY,,"On an ECG tracing, which segment represents the period of ventricular diastole and rapid ventricular filling?",TP segment (Isoelectric baseline between T wave and next P wave),,,,,A,
IMS-0469,CARDIOLOGY,,"In a healthy adult, the apex beat of the heart is normally palpated at which anatomical location?","Left 5th intercostal space, at the midclavicular line",,,,,A,
IMS-0470,CARDIOLOGY,,"A patient presents with syncope and a ""tumor plop"" sound on auscultation. Imaging reveals a 5cm calcified, mobile, ball-like mass attached to the interatrial septum, intermittently obstructing the mitral valve. Diagnosis?",Left Atrial Myxoma,,,,,A,
IMS-0471,CELL BIOLOGY,,What is the structural composition of the cell membrane?,Bilayer of phospholipids with embedded proteins and cholesterol,,,,,A,
IMS-0472,CELL BIOLOGY,,Which type of cells exhibits the highest telomerase activity when examined microscopically?,Germ cells and Stem cells,,,,,A,
IMS-0473,CELL BIOLOGY,,Cells produce abnormal or misfolded proteins and fragments. These are targeted and degraded intracellularly by the:,Proteasome,,,,,A,
IMS-0474,CELL BIOLOGY,,"A Barr body, representing an inactivated X chromosome, is characteristically seen as a drumstick appendage in the nucleus of which cell type?",Neutrophils (in females),,,,,A,
IMS-0475,CLINICAL SKILLS,,Passing a CVP Line to a patient. Which steps will the nurse perform first?,Wash hands with Alcohol plus Chlorhexidine,,,,,A,
IMS-0476,CLINICAL SKILLS,,"A nurse watches a new intern passing an IV line. Which step, if stopped, can decrease infection?",Washing hands after gloves removal,,,,,A,
IMS-0477,CLINICAL SKILLS,,A postoperative patient in the ward develops purulent discharge from a knee surgery incision. What is the nurse's FIRST appropriate step?,Take wound swab/blood culture and perform sterile wound care,,,,,A,
IMS-0478,CLINICAL SKILLS,,Effective communication between patient and doctor involves which fundamental skill?,Active listening,,,,,A,
IMS-0479,COMMUNITY MEDICINE,,"In a primary health care center, a patient is referred to a higher-level hospital for specialized care.",Communication between two health facilities,,,,,A,
IMS-0480,DERMATOLOGY,,Blisters with fluid between dermis and epidermis contain:,Serous fluid,,,,,A,
IMS-0481,DERMATOLOGY,,"A male presents with a slow growing, crusting lesion on the lateral side of the nose that is prone to bleeding upon minimal touch. What is the most likely diagnosis?",BCC,,,,,A,
IMS-0482,DERMATOLOGY,,"A patient from Kashmir has a forearm lesion that is raised, reddish in color and has characteristically everted rolled margins. What is the diagnosis?",Squamous Cell Carcinoma (SCC),,,,,A,
IMS-0483,DERMATOLOGY,,"A patient presents with tiny, 2 mm red spots on the skin. Which of the following is correct regarding the lesion?",Petechiae,,,,,A,
IMS-0484,DERMATOLOGY,,A man presents with a crusted lesion on the right side of his nose that has not healed for six months. What is the most likely diagnosis?,Basal Cell Carcinoma (BCC),,,,,A,
IMS-0485,EMBRYOLOGY,,"At 24 weeks gestation, the fetal lung is in which developmental stage?",Canalicular stage,,,,,A,
IMS-0486,EMBRYOLOGY,,An infant with cyanosis improving in upright position and intestinal loops in the thorax has:,Congenital diaphragmatic hernia (incomplete pleuroperitoneal membrane),,,,,A,
IMS-0487,EMBRYOLOGY,,The liver embryologically derives from the:,Foregut endoderm,,,,,A,
IMS-0488,EMBRYOLOGY,,"A baby with simian crease, protruding tongue, and epicanthal folds has congenital heart disease derived from which embryonic structure?",Neural crest cells,,,,,A,
IMS-0489,EMBRYOLOGY,,Annular pancreas develops from abnormal rotation of the:,Ventral pancreatic bud,,,,,A,
IMS-0490,EMBRYOLOGY,,A boy with anterior neck swelling which moves along with the protrusion of the tongue is the derivative of:,Thyroglossal duct,,,,,A,
IMS-0491,EMBRYOLOGY,,A baby has drooling + regurgitation after feeds (suggesting esophageal atresia). In which week does this structure form?,4 weeks,,,,,A,
IMS-0492,EMBRYOLOGY,,A male presents with infertility. Imaging reveals normal development of Wolffian duct derivatives but absence of Mullerian duct structures. Which of the following normally develops from the Mullerian duct?,Uterine tubes,,,,,A,
IMS-0493,EMBRYOLOGY,,A patient has recurrent pus discharge from a sinus opening at the upper border of the sternocleidomastoid. This defect arises from abnormal development of which structure?,2nd/3rd branchial cleft,,,,,A,
IMS-0494,EMBRYOLOGY,,Keyhole defect in the pupil. Embryological defect?,Optic cup defect,,,,,A,
IMS-0495,EMBRYOLOGY,,"The follicular cells of thyroid gland which produce T3 and T4 develop embryologically from a median endodermal thickening in the floor of primitive pharynx, near which structure?",Base of tongue (Foramen cecum),,,,,A,
IMS-0496,EMBRYOLOGY,,Renal pelvis and calyces develop from:,Ureteric bud,,,,,A,
IMS-0497,EMBRYOLOGY,,The coronary sinus develops embryologically from which structure?,Left horn of sinus venosus,,,,,A,
IMS-0498,EMBRYOLOGY,,"A boy presents with absent secondary sexual characteristics, on U/S has a blind ended vagina and ovaries. Which of the following embryological structures is responsible for leading to such abnormality?",Paramesonephric (Mullerian) duct agenesis,,,,,A,
IMS-0499,EMBRYOLOGY,,From which of the following embryonic structures does the thyroid gland primarily develop?,Endoderm of the Primitive Pharynx,,,,,A,
IMS-0500,EMBRYOLOGY,,A patient with Hirschsprung disease (congenital megacolon) has a defect primarily related to the abnormal migration of which embryonic cell population?,Neural crest cells,,,,,A,
IMS-0501,EMBRYOLOGY,,Coronary sinus is developed from?,Left horn of sinus venosus,,,,,A,
IMS-0502,EMBRYOLOGY,,An 18-year-old female has a bicornuate uterus. Which abnormality is most likely responsible for this condition?,Failure of fusion of paramesonephric (Mullerian) ducts,,,,,A,
IMS-0503,EMBRYOLOGY,,Which eye structure develops from neuroectoderm during embryogenesis?,Ciliary epithelium / Retina / Optic nerve,,,,,A,
IMS-0504,EMBRYOLOGY,,Which embryological structure originates at the base of the tongue and subsequently migrates forward during development?,Thyroglossal duct/diverticulum,,,,,A,
IMS-0505,EMBRYOLOGY,,Identify the muscle derived from the third pharyngeal arch.,Stylopharyngeus muscle,,,,,A,
IMS-0506,EMBRYOLOGY,,Which embryologic pharyngeal arch gives rise to the pulmonary trunk and ductus arteriosus?,6th arch,,,,,A,
IMS-0507,EMBRYOLOGY,,From which embryonic layer do primordial germ cells originate before migrating to the gonads?,Epiblast,,,,,A,
IMS-0508,EMBRYOLOGY,,When does a primary oocyte resume its first meiotic division during the female reproductive cycle?,Just before ovulation (Triggered by the LH surge),,,,,A,
IMS-0509,EMBRYOLOGY,,When does myelination of peripheral nerves begin in the fetus?,Around the 14th week (4th month) of gestation,,,,,A,
IMS-0510,EMBRYOLOGY,,"The ""median umbilical ligament"" is a remnant of which embryological structure?",Urachus (Allantois),,,,,A,
IMS-0511,EMBRYOLOGY,,"Functionally, the ductus arteriosus normally closes:","Shortly after birth (within 10-15 hours, due to increased O2 and decreased prostaglandins)",,,,,A,
IMS-0512,EMBRYOLOGY,,Hypospadias in a male infant results from a developmental failure of fusion of the:,Urogenital folds,,,,,A,
IMS-0513,EMBRYOLOGY,,Craniopharyngioma occurs from a remnant structure that is embryologically derived from:,Rathke's pouch (Stomodeum),,,,,A,
IMS-0514,EMBRYOLOGY,,A man in a road traffic accident suffers a spinal cord injury. The nucleus pulposus in the center of the intervertebral disc acts as a shock absorber. It is derived from which embryonic structure?,Notochord,,,,,A,
IMS-0515,EMBRYOLOGY,,A bicornuate uterus is a congenital malformation caused by:,Failure of complete fusion of the paramesonephric (Mullerian) ducts,,,,,A,
IMS-0516,EMBRYOLOGY,,The tragus and helix of the external ear auricle develop embryologically from the auricular hillocks of which structures?,1st and 2nd branchial (pharyngeal) arches,,,,,A,
IMS-0517,EMBRYOLOGY,,"Rathke's pouch, which gives rise to the anterior pituitary gland, is embryologically derived from an upward evagination of the:",Stomodeum (Surface ectoderm of the primitive oral cavity),,,,,A,
IMS-0518,EMBRYOLOGY,,Primary oocytes are arrested in the diplotene stage until puberty. The diplotene stage is a subphase of which cell cycle stage?,Prophase I of Meiosis I,,,,,A,
IMS-0519,EMBRYOLOGY,,"An imaging study of a girl shows a completely duplicated collecting system (2 ureters, 2 renal pelves) on one side. This is due to:","Early, premature division of the ureteric bud",,,,,A,
IMS-0520,EMBRYOLOGY,,"At the moment of ovulation triggered by the LH surge, the expelled female gamete is in which specific stage of development?",Secondary oocyte (arrested in Metaphase II),,,,,A,
IMS-0521,ENDOCRINOLOGY,,"A patient with moon face, truncal obesity, striae, hypertension, and hyperpigmentation has elevated:",ACTH,,,,,A,
IMS-0522,ENDOCRINOLOGY,,"A 32-year-old woman with weight loss, weakness, palpitations, Na 128, K 5.6, and TSH 0.6 has:",Addison disease,,,,,A,
IMS-0523,ENDOCRINOLOGY,,"A 34-year-old woman with tremors, weight loss, heat intolerance, and bilateral exophthalmos has:",Graves disease,,,,,A,
IMS-0524,ENDOCRINOLOGY,,"In CKD with high phosphate, very high PTH, low calcium, and low calcitriol, the primary reason for elevated PTH is:",Impaired renal 1-alpha-hydroxylase activity (cannot form vitamin D),,,,,A,
IMS-0525,ENDOCRINOLOGY,,"An elderly diabetic woman with morning confusion, high insulin, and elevated C-peptide has:",Insulinoma,,,,,A,
IMS-0526,ENDOCRINOLOGY,,"A 35-year-old man presents with recurrent renal stones, epigastric pain, and episodes of hypoglycemia. Labs show hypercalcemia with elevated parathyroid hormone and increased serum gastrin, and imaging reveals a pancreatic mass; which syndrome best explains these findings?",Multiple Endocrine Neoplasia type 1,,,,,A,
IMS-0527,ENDOCRINOLOGY,,An elderly woman presents in the morning with confusion and other central nervous system symptoms after missing her insulin dose the previous night. Laboratory testing shows hypoglycemia with elevated insulin and increased C-peptide; what is the most likely cause?,Insulinoma,,,,,A,
IMS-0528,ENDOCRINOLOGY,,Which anterior pituitary hormone is inhibited by hypothalamic input?,Prolactin,,,,,A,
IMS-0529,ENDOCRINOLOGY,,A patient has puffy skin and a hoarse voice. Her plasma TSH is low at baseline but rises markedly after TRH administration; what is the most likely diagnosis?,Hypothyroidism with hypothalamus problem,,,,,A,
IMS-0530,ENDOCRINOLOGY,,"A 34-year-old woman presents 2 months after a massive postpartum hemorrhage with fatigue, lactation failure, amenorrhea, and hypotension. What is the most likely diagnosis?",Sheehan syndrome,,,,,A,
IMS-0531,ENDOCRINOLOGY,,Markedly elevated serum anti-thyroid peroxidase (anti-TPO) and anti-thyroglobulin antibodies are most suggestive of which thyroid disorder?,Hashimoto's thyroiditis,,,,,A,
IMS-0532,ENDOCRINOLOGY,,A patient is concerned about his risk of developing diabetes mellitus. Which factor increases his risk?,Family history of diabetes in a first-degree relative,,,,,A,
IMS-0533,ENDOCRINOLOGY,,A patient is diagnosed with hyperthyroidism. Most common underlying pathology?,Single parathyroid adenoma,,,,,A,
IMS-0534,ENDOCRINOLOGY,,A woman has hypertension with hypokalemia. A CT scan shows an adrenalcortical adenoma. Overproduction from which adrenal zone is responsible?,Zona glomerulosa,,,,,A,
IMS-0535,ENDOCRINOLOGY,,"A man presents with episodic headache, palpitations, sweating, and high blood pressure. What is the likely diagnosis?",Pheochromocytoma,,,,,A,
IMS-0536,ENDOCRINOLOGY,,A 45-year-old male presented with high blood pressure. He is non-diabetic. Labs show normal renal function. CT scan of adrenals shows a left adrenal gland mass. Which electrolyte abnormality will be most likely in this patient?,Hypokalemia,,,,,A,
IMS-0537,ENDOCRINOLOGY,,"A patient has polyuria, polydipsia, increased blood sugar, and hypercholesterolemia. Which hormone is responsible?",Insulin,,,,,A,
IMS-0538,ENDOCRINOLOGY,,A diabetic patient presents with a chronic ulcer on the toe. Which is the main mechanism for ulcer formation?,Neuropathy and angiopathy,,,,,A,
IMS-0539,ENDOCRINOLOGY,,"A woman with weight gain, constipation, and heat sensitivity. Likely deficiency?",Thyroxine (T4),,,,,A,
IMS-0540,ENDOCRINOLOGY,,A woman living in an iodine-deficient (endemic goiter) region develops diffuse thyroid enlargement. What change is most likely?,Increased TSH,,,,,A,
IMS-0541,ENDOCRINOLOGY,,"A patient presents with hyponatremia and low serum osmolality. Urine sodium is elevated, and urine osmolality is inappropriately high despite low serum osmolality. What is the most likely diagnosis?",Syndrome of inappropriate antidiuretic hormone secretion (SIADH),,,,,A,
IMS-0542,ENDOCRINOLOGY,,Primary hyperparathyroidism due to parathyroid adenoma typically presents with:,Hypercalcemia,,,,,A,
IMS-0543,ENDOCRINOLOGY,,A patient with bone pain and low vitamin D levels has hypocalcemia. Which hormone rises as compensation?,Parathyroid hormone (PTH),,,,,A,
IMS-0544,ENDOCRINOLOGY,,"A patient presented with tall stature, protruded mandible and large hands and feet is most likely from the defect of:",Acidophilic cells (Pituitary adenoma),,,,,A,
IMS-0545,ENDOCRINOLOGY,,ACTH is produced by cleavage of which precursor?,POMC (Pro-opiomelanocortin),,,,,A,
IMS-0546,ENDOCRINOLOGY,,A woman presents with an anterior neck swelling.,TSH evaluation,,,,,A,
IMS-0547,ENDOCRINOLOGY,,"A patient with chronic renal failure exhibits characteristic biochemical abnormalities, low serum calcium and high serum phosphate levels. What is the primary explanation for this imbalance?",Reduced renal synthesis of active Vitamin D,,,,,A,
IMS-0548,ENDOCRINOLOGY,,A female having galactorrhea and headache. These symptoms are due to:,Increase in acidophilic/lactotroph cells,,,,,A,
IMS-0549,ENDOCRINOLOGY,,"A woman, post total thyroidectomy, presented to us with perioral numbness and tingling in her fingers. Most appropriate test we will do is:",Ionized Calcium,,,,,A,
IMS-0550,ENDOCRINOLOGY,,Patient presents with raised calcium; raised phosphate; normal creatinine; mildly elevated BUN. Likely diagnosis?,Hypervitaminosis D,,,,,A,
IMS-0551,ENDOCRINOLOGY,,Aromatase enzyme activity is present in which of the following cells of ovary:,Granulosa cells,,,,,A,
IMS-0552,ENDOCRINOLOGY,,"A patient with weight loss, palpitations, sweating, and exophthalmos. Mechanism of disease?",TSH receptor stimulating autoantibodies,,,,,A,
IMS-0553,ENDOCRINOLOGY,,A patient present with decreased vision. An USG showing a mass in thyroid as well as a mass in pancreas. Which syndrome the patient is suffering from?,MEN 1 (Pancreas) or MEN 2 (Thyroid),,,,,A,
IMS-0554,ENDOCRINOLOGY,,A patient with severe hypertension is found to have an adrenal mass on imaging. Which laboratory marker is most useful for confirming the diagnosis?,Vanillylmandelic acid (VMA),,,,,A,
IMS-0555,ENDOCRINOLOGY,,"A 32-year-old woman presented 6 months after complicated Post Partum hemorrhage. She has symptoms of inability to lactate, she is low energy, etc. Which hormone deficiency is primarily responsible for her symptoms?","Prolactin, ACTH, and TSH (Sheehan syndrome)",,,,,A,
IMS-0556,ENDOCRINOLOGY,,"Patient presented with symptoms of tremors, weight loss, intolerance to heat, and a gritty sensation in the eyes. What is the most likely diagnosis?",Graves disease,,,,,A,
IMS-0557,ENDOCRINOLOGY,,Best permanent therapy for hyperthyroidism:,Radioactive iodine (I-131),,,,,A,
IMS-0558,ENDOCRINOLOGY,,A patient with a neck swelling which protrudes with swallowing. Which initial investigation will we do?,Ultrasound neck,,,,,A,
IMS-0559,ENDOCRINOLOGY,,"Patient having CNS symptoms, high insulin, high C-peptide, low glucose. What is the cause?",Insulinoma,,,,,A,
IMS-0560,ENDOCRINOLOGY,,"A woman with tremors, weight loss, heat intolerance, proptosis. Diagnosis: Graves disease. Most appropriate management?",Radioactive iodine ablation / Antithyroid drugs,,,,,A,
IMS-0561,ENDOCRINOLOGY,,"A patient presents with fatigue, hypotension, and electrolyte imbalance: Na 128 mmol/L, K 5.8 mmol/L.",Addison disease,,,,,A,
IMS-0562,ENDOCRINOLOGY,,A man's fasting glucose is 6.7 mmol/L (120 mg/dL). Interpretation?,Prediabetes (Impaired fasting glucose),,,,,A,
IMS-0563,ENDOCRINOLOGY,,A woman with a RET gene mutation is being evaluated for MEN 2A. Which of the following tumors is NOT a feature of MEN 2A?,Pituitary adenoma,,,,,A,
IMS-0564,ENDOCRINOLOGY,,A diabetic patient has a non-healing ulcer on the plantar surface of the foot and claw deformity of the toes. The microvascular damage responsible for these foot complications is primarily due to:,Peripheral motor and sensory neuropathy,,,,,A,
IMS-0565,ENDOCRINOLOGY,,"A 19-year-old female shows no increase in height after puberty, measuring only 4 feet 2 inches. Her blood work and glucose levels are normal. What hormonal imbalance is most likely present?",Decreased IGF-1,,,,,A,
IMS-0566,ENDOCRINOLOGY,,"A female child with a 46XX karyotype presents with ambiguous genitalia, signs of virilization, and hypertension. What is the most likely diagnosis?",Congenital Adrenal Hyperplasia (11-beta hydroxylase deficiency),,,,,A,
IMS-0567,ENDOCRINOLOGY,,A menopausal woman has hot flushes caused by changes in hormone levels; which hormone change is most likely responsible?,Increased FSH,,,,,A,
IMS-0568,ENDOCRINOLOGY,,"In Cushing's syndrome, what causes hirsutism? Identify the hormonal change responsible for this symptom.",Increased adrenal androgens (driven by high ACTH),,,,,A,
IMS-0569,ENDOCRINOLOGY,,A patient presents with low TSH and elevated T3 and T4 levels. What is the most likely diagnosis?,Primary hyperthyroidism,,,,,A,
IMS-0570,ENDOCRINOLOGY,,"A patient presents to the ER with a blood pressure of 160/100, headache, muscle weakness, and palpitations. The ECG shows flat T waves/U waves. What is the most likely diagnosis?",Hyperaldosteronism (Conn's syndrome),,,,,A,
IMS-0571,ENDOCRINOLOGY,,Which hormone rises during a 3-day fast when no food is consumed?,Glucagon,,,,,A,
IMS-0572,ENDOCRINOLOGY,,"A 45-year-old man undergoes routine lab tests that reveal fasting blood glucose of 126 mg/dL, total cholesterol of 200 mg/dL, triglycerides of 180 mg/dL, and HDL of 26 mg/dL. Resistance to which hormone most likely explains these laboratory abnormalities?",Insulin,,,,,A,
IMS-0573,ENDOCRINOLOGY,,"A patient is semi-conscious with blood sugar of 450 mg/dL, pH of 7.2, bicarbonate of 18 mEq/L, and PCO2 of 40 mm Hg. Which of the following occurs due to low insulin levels?",Ketone body formation (DKA),,,,,A,
IMS-0574,ENDOCRINOLOGY,,A 34-year-old woman presents with protruding jaw and enlarged hands and feet. Which type of pituitary adenoma is responsible for these features?,Adenoma of acidophilic cells (Somatotrophs),,,,,A,
IMS-0575,ENDOCRINOLOGY,,"A 30-year-old woman presents with weight loss over 3 months, weakness, palpitations, hyperpigmentation, and elevated ACTH. Laboratory findings show serum sodium of 120, potassium 5.5. What is the underlying cause?",Addison's disease (Primary adrenal insufficiency),,,,,A,
IMS-0576,ENDOCRINOLOGY,,"A 28-year-old woman presents with weight loss, tremors, palpitations, and eye protrusion (exophthalmos). What is the most likely diagnosis?",Graves' disease,,,,,A,
IMS-0577,ENDOCRINOLOGY,,"A patient presents with elevated levels of TRH, TSH, and thyroid hormones. Where is the primary lesion causing this hormonal profile?",Hypothalamus (TRH-secreting adenoma),,,,,A,
IMS-0578,ENDOCRINOLOGY,,"A 32-year-old woman has experienced progressive weight gain, amenorrhea, and proximal muscle weakness for one year. She shows central obesity, moon facies, purple abdominal striae, and hypertension, with elevated ACTH levels. What is the most likely diagnosis?",Cushing disease (Pituitary ACTH adenoma),,,,,A,
IMS-0579,ENDOCRINOLOGY,,"A woman has experienced low mood, cold intolerance, and lethargy for one month, which prevents her from completing daily household tasks. Which endocrine disorder is most likely responsible for her symptoms?",Hypothyroidism,,,,,A,
IMS-0580,ENDOCRINOLOGY,,"Which common clinical feature is shared by pheochromocytoma, Conn syndrome (hyperaldosteronism), and Cushing's syndrome?",Secondary Hypertension,,,,,A,
IMS-0581,ENDOCRINOLOGY,,"A patient has a BMI of 40, a waist circumference of 45 inches, and fasting plasma glucose of 12.1 mmol/L. What is the most likely diagnosis?",Type 2 Diabetes Mellitus with severe Obesity,,,,,A,
IMS-0582,ENDOCRINOLOGY,,A 19-year-old girl presents with a lack of height increase (4 feet 2 inches) after puberty. She has a normal blood profile and blood sugar levels. Which hormonal abnormality is most likely to be observed indicating GH deficiency?,Decreased IGF-1,,,,,A,
IMS-0583,ENDOCRINOLOGY,,Puberty features begin after the pulsatile release of which factor from the Hypothalamus?,GnRH (Gonadotropin-Releasing Hormone),,,,,A,
IMS-0584,ENDOCRINOLOGY,,"A patient presents with a rounded face, abdominal striae, fat accumulation on the neck, and uncontrolled diabetes. What is the likely cause?",Excess cortisol production (Cushing's syndrome),,,,,A,
IMS-0585,ENDOCRINOLOGY,,"Which hormone's secretion increases in the dark, increases skin pigmentation, and can cause hypogonadism?",Melatonin,,,,,A,
IMS-0586,ENDOCRINOLOGY,,Which urinary finding is a characteristic feature of SIADH?,Hyperosmolar (concentrated) urine,,,,,A,
IMS-0587,ENDOCRINOLOGY,,"A patient develops a sudden severe headache, palpitations, anxiety, and sweating. BP is 200/140, pulse 56/min. What hormone is in excess?",Norepinephrine (Pheochromocytoma),,,,,A,
IMS-0588,ENDOCRINOLOGY,,"A patient complains of polyuria, but blood glucose levels and ADH levels are completely normal. The cause is:",Nephrogenic Diabetes Insipidus,,,,,A,
IMS-0589,ENDOCRINOLOGY,,"Which endocrine disorder causes hyperglycemia, neutrophilia, and a concurrent decrease in lymphocytes and eosinophils?",Cushing syndrome,,,,,A,
IMS-0590,ENDOCRINOLOGY,,Which neuroendocrine hormone is primarily released by the adrenal cortex in response to chronic physiological stress?,Cortisol,,,,,A,
IMS-0591,ENDOCRINOLOGY,,Which posterior pituitary hormone exerts its cellular effects by utilizing the IP3/DAG (Phospholipase C) second messenger system?,Oxytocin (and ADH via V1 receptors),,,,,A,
IMS-0592,ENDOCRINOLOGY,,A patient with skin pigmentation and central obesity has an ACTH level that declines after a high-dose dexamethasone suppression test. What is the cause?,Cushing disease (Pituitary adenoma),,,,,A,
IMS-0593,ENDOCRINOLOGY,,"A female presents with bone pain. Labs show high-normal serum calcium, elevated ALP, and inappropriately raised PTH levels. What is the likely diagnosis?",Primary hyperparathyroidism,,,,,A,
IMS-0594,ENDOCRINOLOGY,,Total removal or destruction of the anterior pituitary gland in a female of reproductive age will inevitably lead to:,Secondary amenorrhea (Absence of menses due to loss of FSH/LH),,,,,A,
IMS-0595,ENDOCRINOLOGY,,What is the primary initiating neurohormone released from the hypothalamus immediately during acute physiological stress?,Corticotropin-Releasing Hormone (CRH),,,,,A,
IMS-0596,ENDOCRINOLOGY,,"During fasting, which pancreatic hormone acts on the liver to simultaneously stimulate gluconeogenesis, glycogenolysis, and ketogenesis while inhibiting glycolysis?",Glucagon,,,,,A,
IMS-0597,ENDOCRINOLOGY,,"TSH, ACTH, FSH, and LH (the anterior pituitary glycoprotein and peptide hormones) exert their intracellular effects exclusively via which second messenger system?",cAMP (Cyclic AMP),,,,,A,
IMS-0598,ENDOCRINOLOGY,,A patient with a 15-year history of diabetes requires an assessment of their average long-term glycemic control over the past 3 months. Which test is ordered?,Hemoglobin A1c (Glycosylated hemoglobin),,,,,A,
IMS-0599,ENT,,A patient with conductive hearing loss shows dull tympanic membrane with air fluid level. Which tympanogram is expected?,Type B,,,,,A,
IMS-0600,ENT,,"A woman presents with intermittent dizziness, a sense of fullness in the left ear, tinnitus, and unilateral hearing loss. On examination, she has right-beating horizontal nystagmus. Which of the following is the underlying pathology?",Increased pressure and volume of endolymph (Meniere's disease),,,,,A,
IMS-0601,ENT,,Which muscle lies closest to abscess formation in a patient with a peritonsillar abscess?,Superior constrictor / Palatopharyngeus,,,,,A,
IMS-0602,ENT,,"A girl finds it hard to hear low-frequency sounds, but bone conduction is greater than air conduction (Rinne negative). What type of hearing loss is this?",Conductive hearing loss,,,,,A,
IMS-0603,ENT,,"A patient has a chronic headache that becomes agonizing when bending or tilting the head forward, accompanied by purulent, yellow post-nasal discharge. Diagnosis?",Chronic rhinosinusitis,,,,,A,
IMS-0604,EPIDEMIOLOGY,,A study comparing disease cases with controls looking at past exposures is:,Case-control study,,,,,A,
IMS-0605,EPIDEMIOLOGY,,A non-diabetic person has the lowest diabetes risk based on:,Diabetes in distant family members only,,,,,A,
IMS-0606,EPIDEMIOLOGY,,Statistical analysis of clinical studies primarily aims to:,Eliminate observer bias,,,,,A,
IMS-0607,EPIDEMIOLOGY,,Which of the following best describes the fundamental design of a Case-Control Study?,Participants are grouped based on their outcome and researchers look backward to assess past exposures,,,,,A,
IMS-0608,EPIDEMIOLOGY,,A researcher wants to study the effect of a risk factor on disease incidence over time. The study design is:,Patients with and without risk factor are followed over time,,,,,A,
IMS-0609,EPIDEMIOLOGY,,A study compares 200 people with lung cancer and 200 without lung cancer to evaluate smoking exposure. What type of study is this?,Case control study,,,,,A,
IMS-0610,EPIDEMIOLOGY,,A researcher wants to study hypertension prevalence in a city but recruits participants only from a cardiology clinic. Which type of bias is this?,Selection bias,,,,,A,
IMS-0611,EPIDEMIOLOGY,,"Regarding disease prevalence in a population, which statement is true?",Prevalence measures all current cases (Old + New cases) at a given time,,,,,A,
IMS-0612,EPIDEMIOLOGY,,A cohort in epidemiology is defined as:,A group of individuals sharing a common characteristic followed over time,,,,,A,
IMS-0613,EPIDEMIOLOGY,,"In descriptive epidemiological studies (Person, Place, Time), which demographic factor is fundamentally considered?",Age and Sex (Person variables),,,,,A,
IMS-0614,EPIDEMIOLOGY,,"When investigating a suspected epidemic in a community, what is the critical first step taken by public health officials?",Verify the diagnosis and confirm the existence of an outbreak,,,,,A,
IMS-0615,EPIDEMIOLOGY,,What is the defining methodology of a prospective cohort study?,Tracking exposed and non-exposed groups over time to measure the development of a disease,,,,,A,
IMS-0616,ETHICS,,A doctor advertising pharmaceutical products on TV is acting:,Unethically,,,,,A,
IMS-0617,ETHICS,,"A child presents with a typical viral upper respiratory infection. The mother insists on antibiotics, but the pediatrician refuses, explaining that antibiotics are unnecessary and could harm the child. Which ethical principle is the doctor following?",Non-maleficence,,,,,A,
IMS-0618,ETHICS,,Most important step in patient counselling is:,Active Listening,,,,,A,
IMS-0619,ETHICS,,In a few days his son and daughter come to your clinic and ask you about the patient's serious diagnosis. What do you do?,Tell them nothing without the patient's explicit consent (Patient confidentiality),,,,,A,
IMS-0620,ETHICS,,"A man complains aggressively about the receptionist's behavior, even though no other patients or staff have issues with him. How should the doctor handle this situation?","Listen actively, apologize for his negative experience, and discuss the issue calmly",,,,,A,
IMS-0621,ETHICS,,"A female patient comes to the clinic wearing revealing clothes, steps very close to the doctor, and asks personal questions in a seductive tone. What is the most appropriate professional response?",Call a chaperone/nurse into the examination room immediately,,,,,A,
IMS-0622,FORENSICS,,Which bone structure is characteristically fractured in manual strangulation?,Hyoid bone,,,,,A,
IMS-0623,FORENSICS,,An aborted fetus is examined in a forensic lab. Which anthropometric measurement strongly favors signs of viability?,Crown-Rump Length (CRL) > 250 mm,,,,,A,
IMS-0624,GASTROENTEROLOGY,,The most appropriate investigation for rectal bleeding is:,Colonoscopy,,,,,A,
IMS-0625,GASTROENTEROLOGY,,A patient with sudden epigastric pain has fluid in the pancreas on ultrasound. The most specific enzyme is:,Lipase,,,,,A,
IMS-0626,GASTROENTEROLOGY,,"After failed ERCP for choledocholithiasis, the best next investigation is:",MRCP,,,,,A,
IMS-0627,GASTROENTEROLOGY,,A 70-year-old man with known cirrhosis develops ascites. The primary mechanism is:,Portal hypertension,,,,,A,
IMS-0628,GASTROENTEROLOGY,,A patient with HBV cirrhosis and ascites with SAAG 1.6 g/dL has ascites from:,Portal hypertension,,,,,A,
IMS-0629,GASTROENTEROLOGY,,The best marker for monitoring progressive liver failure is:,PT/INR,,,,,A,
IMS-0630,GASTROENTEROLOGY,,"A patient has bloody diarrhea and abdominal pain. Barium enema demonstrates submucosal edema producing finger-like projections into the lumen (the ""thumbprint sign""), a radiographic finding most suggestive of:",Ischemic Colitis,,,,,A,
IMS-0631,GASTROENTEROLOGY,,"A woman presents with jaundice, pale stools, and multiple gallstones on imaging. What is the best next step?",ERCP (endoscopic retrograde cholangiopancreatography),,,,,A,
IMS-0632,GASTROENTEROLOGY,,"A patient has a history of diarrhea, then develops RHC pain + raised eosinophils. Likely diagnosis?",Amoebic liver abscess,,,,,A,
IMS-0633,GASTROENTEROLOGY,,A female develops abdominal bloating and diarrhea after consuming milk. She cooks milk at home. Glucose test shows no rise after 5 hours of milk ingestion. Diagnosis?,Lactose intolerance,,,,,A,
IMS-0634,GASTROENTEROLOGY,,A man presents with severe epigastric pain and recurrent non-bilious vomiting. An NG tube is attempted but cannot be advanced beyond the gastroesophageal junction. The patient also reports repeated episodes of retching. What is the MOST likely diagnosis?,Gastric volvulus,,,,,A,
IMS-0635,GASTROENTEROLOGY,,"A patient presents with bloody diarrhea and abdominal pain. A diagnostic study (barium enema) shows a pattern of submucosal edema causing finger like projections into the lumen, radiologically described as the Thumbprint Sign. This finding is highly suggestive of:",Ischemic Colitis,,,,,A,
IMS-0636,GASTROENTEROLOGY,,"A man presents with dysphagia for solids and liquids, regurgitation, and bird beak sign on barium swallow. What is the underlying defect?",Loss of myenteric (Auerbach) plexus inhibitory neurons,,,,,A,
IMS-0637,GASTROENTEROLOGY,,"Patient complains of right hypochondrium pain, high grade fever, jaundice. Liver palpable. Likely diagnosis?",Liver abscess,,,,,A,
IMS-0638,GASTROENTEROLOGY,,"A patient presents with sudden epigastric pain radiating to the back, which worsens when lying supine. Which laboratory test is most specific for confirming the diagnosis?",Lipase,,,,,A,
IMS-0639,GASTROENTEROLOGY,,"A patient presents with chronic inflammation of the stomach affecting the fundus and body, but the antrum is relatively spared. Which is the most likely underlying condition?",Autoimmune Gastritis,,,,,A,
IMS-0640,GASTROENTEROLOGY,,"A patient with chronic liver disease presents with upper GI bleeding. Endoscopy and medical therapy are done, but bleeding continues. Next step in management?",TIPS (Transjugular intrahepatic portosystemic shunt),,,,,A,
IMS-0641,GASTROENTEROLOGY,,"A patient presents with warm, smooth rectal mucosa on DRE. Endoscopy shows inflammation limited to rectal mucosa. What is the next best step?",Aminosalicylic acid (5-ASA) enema,,,,,A,
IMS-0642,GASTROENTEROLOGY,,"Patient presents with signs of jaundice, scleral icterus. Labs show increased total-bilirubin, increased direct bilirubin, and decreased urobilinogen. This is suggestive of:",Choledocholithiasis (Obstructive jaundice),,,,,A,
IMS-0643,GASTROENTEROLOGY,,A patient with pancreatitis is experiencing malabsorption. Which type of diet is most appropriate to recommend?,Medium and short-chain fatty acids,,,,,A,
IMS-0644,GASTROENTEROLOGY,,A 50-year-old man with hepatoma develops dependent edema and dilated abdominal wall veins. Which vascular structure is most likely obstructed in this patient?,Inferior Vena Cava (IVC),,,,,A,
IMS-0645,GASTROENTEROLOGY,,Which vitamin deficiency most commonly causes anemia after ileal resection?,Vitamin B12,,,,,A,
IMS-0646,GASTROENTEROLOGY,,"A patient has chronic anemia and jaundice. Laboratory tests show hemoglobin of 7 g/dL, elevated alkaline phosphatase, and increased conjugated bilirubin. Which of the following is the most likely diagnosis?",CBD stone (Pigment gallstone from chronic hemolysis),,,,,A,
IMS-0647,GASTROENTEROLOGY,,"A female has experienced pruritus for 2 years, jaundice for 6 months, and bruising on her extremities. She tests positive for antimitochondrial antibodies (AMA). What is the most likely diagnosis?",Primary biliary cholangitis (cirrhosis),,,,,A,
IMS-0648,GASTROENTEROLOGY,,"A 25-year-old man reports postprandial bloating, abdominal cramps, and foul-smelling stools after a camping trip. Which investigation provides the best insight into his condition?",Stool DR (Ova & Parasite for Giardia),,,,,A,
IMS-0649,GASTROENTEROLOGY,,A patient experiences diarrhea and foul-smelling stools after consuming fatty meals. What is the most likely cause of this symptom?,Steatorrhea (Due to bile salt or pancreatic enzyme deficiency),,,,,A,
IMS-0650,GASTROENTEROLOGY,,A 40-year-old obese lady presented with Jaundice. Investigations reveal high levels of Conjugated bilirubin along with High Urinary Bilirubin & absent/normal urobilinogen. Most likely diagnosis?,Obstruction of CBD (Choledocholithiasis),,,,,A,
IMS-0651,GASTROENTEROLOGY,,What is the minimum length of the small intestine required for sufficient nutrient absorption to consider enteral nutrition and avoid short bowel syndrome?,100 cm,,,,,A,
IMS-0652,GASTROENTEROLOGY,,"A patient had chest discomfort and aching pressure. Barium swallow showed a dilated esophagus with a ""bird beak"" narrowing at the LES. What is the condition?",Achalasia,,,,,A,
IMS-0653,GASTROENTEROLOGY,,"In obstructive jaundice, the bleeding tendency is due to:",Decreased absorption of fat-soluble Vitamin K in the gut,,,,,A,
IMS-0654,GASTROENTEROLOGY,,Bile salts are primarily reabsorbed from the gastrointestinal tract via enterohepatic circulation in the:,Terminal ileum,,,,,A,
IMS-0655,GASTROENTEROLOGY,,"In a patient with cirrhosis who presents with acquired bleeding abnormalities, which laboratory finding is most consistent with the condition?",Prolonged prothrombin time (PT),,,,,A,
IMS-0656,GASTROENTEROLOGY,,"A patient with vague abdominal pain and nausea unrelated to meals has normal glucose and a normal endoscopy showing non-ulcer gastritis. If autoimmune in origin, this condition causes:",Pernicious anemia,,,,,A,
IMS-0657,GASTROENTEROLOGY,,"A man presents with post-prandial bloating, abdominal cramping, and foul-smelling stool. Which initial investigation gives multiple diagnostic insights regarding malabsorption or infection?",Stool Routine Examination (Ova and Parasites),,,,,A,
IMS-0658,GASTROENTEROLOGY,,Generalized edema and ascites in a patient with severe liver cirrhosis are primarily driven by:,Decreased plasma oncotic pressure (Hypoalbuminemia),,,,,A,
IMS-0659,GASTROENTEROLOGY,,"In a patient with cirrhosis who presents with acquired bleeding abnormalities, which laboratory finding is most consistent and occurs earliest?",Prolonged prothrombin time (PT),,,,,A,
IMS-0660,GASTROENTEROLOGY,,"A patient presents with severe retrosternal chest pain mimicking an MI, but ECG and troponins are normal. Barium swallow shows an air-fluid level in a massively dilated esophagus. Diagnosis?",Achalasia,,,,,A,
IMS-0661,GENETICS,,A 57-year-old man recently married is concerned about congenital defects related to advanced paternal age. The associated syndrome is:,Achondroplasia,,,,,A,
IMS-0662,GENETICS,,The base pair mutation in sickle cell disease is:,Adenine to thymine,,,,,A,
IMS-0663,GENETICS,,Sickle cell anemia results from which nucleotide substitution in the beta-globin gene?,Adenine to thymine,,,,,A,
IMS-0664,GENETICS,,A breast cancer patient whose mother had ovarian cancer most likely has which germline mutation?,BRCA1,,,,,A,
IMS-0665,GENETICS,,A daughter of a breast cancer patient should be tested for which genetic marker?,BRCA1 and BRCA2,,,,,A,
IMS-0666,GENETICS,,A characteristic feature of Neurofibromatosis type 1 is:,Cafe-au-lait spots,,,,,A,
IMS-0667,GENETICS,,"When both alleles are fully expressed in a heterozygote, this is called:",Codominance,,,,,A,
IMS-0668,GENETICS,,"A woman with aortic root dilation to 4cm, lens dislocation, and mitral valve prolapse has a defect in:",Fibrillin,,,,,A,
IMS-0669,GENETICS,,Trinucleotide repeat expansion is the genetic mechanism in:,Fragile X syndrome,,,,,A,
IMS-0670,GENETICS,,The genetic mechanism underlying the Down syndrome phenotype is:,Gene overexpression from chromosome 21 trisomy,,,,,A,
IMS-0671,GENETICS,,Males are more affected by X-linked disorders because they are:,Hemizygous for the X chromosome,,,,,A,
IMS-0672,GENETICS,,MSH2 mismatch repair gene mutation is associated with:,Lynch syndrome (HNPCC),,,,,A,
IMS-0673,GENETICS,,A 57-year-old man with a pulsatile abdominal mass has increased aortic aneurysm risk from which genetic disorder?,Marfan syndrome,,,,,A,
IMS-0674,GENETICS,,A tall patient with lens subluxation (ectopia lentis) most likely has:,Marfan syndrome,,,,,A,
IMS-0675,GENETICS,,Sickle cell disease results from which type of mutation?,Missense mutation (point mutation),,,,,A,
IMS-0676,GENETICS,,Proto-oncogenes are:,Normal genes controlling cell growth and differentiation,,,,,A,
IMS-0677,GENETICS,,"A 34-year-old man with epistaxis and telangiectasias on lips/oral mucosa, with family history of nosebleeds, has:",Osler-Weber-Rendu syndrome (HHT),,,,,A,
IMS-0678,GENETICS,,"An 8-year-old boy with recurrent fractures, blue sclerae, and hearing loss has:",Osteogenesis imperfecta,,,,,A,
IMS-0679,GENETICS,,Peutz-Jeghers syndrome is caused by mutation in:,STK11/LKB1,,,,,A,
IMS-0680,GENETICS,,The Philadelphia chromosome in CML involves translocation:,t(9;22),,,,,A,
IMS-0681,GENETICS,,The APC gene functions as a:,Tumor suppressor gene,,,,,A,
IMS-0682,GENETICS,,What term describes a heterozygote in which both alleles are fully expressed?,Codominance,,,,,A,
IMS-0683,GENETICS,,"A 20-year-old man is unusually tall and thin with an arm span greater than his height, long slender fingers, a high-arched palate, severe scoliosis, and bilateral superotemporal lens subluxation. Given these findings, what is the most likely underlying genetic diagnosis?",Marfan Syndrome,,,,,A,
IMS-0684,GENETICS,,"A patient presents with recurrent nasal bleeding, multiple mucocutaneous telangiectasias, and arteriovenous malformations. What is the most likely diagnosis?",Osler-Weber-Rendu syndrome,,,,,A,
IMS-0685,GENETICS,,Which of the following is present in mitochondria?,Maternal DNA,,,,,A,
IMS-0686,GENETICS,,BRCA2 mutations increase risk for several cancers; which of the following is not associated with BRCA2?,Laryngeal carcinoma,,,,,A,
IMS-0687,GENETICS,,A mother who is Thalassemia positive gave birth to a child with thalassemia minor. Her husband's status is unknown. The risk of thalassemia major in the upcoming generation is:,25%,,,,,A,
IMS-0688,GENETICS,,A tall male with long extremities presents with infertility and small soft testes. Karyotype most likely?,"47, XXY",,,,,A,
IMS-0689,GENETICS,,"During repeated cell divisions, chromosomes shorten. Which enzyme maintains telomere length?",Telomerase,,,,,A,
IMS-0690,GENETICS,,Which of the following conditions has a trinucleotide repeat?,Fragile-X syndrome,,,,,A,
IMS-0691,GENETICS,,"A young patient presents with recurrent epistaxis, a rash around the lips, and a positive family history of a grandfather suffering from the same condition. What is the inherited condition?",Osler-Weber-Rendu syndrome,,,,,A,
IMS-0692,GENETICS,,Long scenario: 22q11 deletion with defect in 3rd and 4th pharyngeal pouches. What will happen?,Tetany (Hypocalcemia),,,,,A,
IMS-0693,GENETICS,,A G6PD positive father and negative mother are planning to have a child what are chances of G6PD deficiency in their offsprings:,"No male child affected, daughters will be carriers",,,,,A,
IMS-0694,GENETICS,,Patient diagnosed with case of CML. Which specific chromosomal translocation is pathognomonic for this disease?,t(9;22) Philadelphia chromosome,,,,,A,
IMS-0695,GENETICS,,"What is the most common cytogenetic mechanism that leads to Klinefelter syndrome (47, XXY karyotype), a condition characterized by a male phenotype with primary hypogonadism?",Nondisjunction during meiosis,,,,,A,
IMS-0696,GENETICS,,Diseases caused by trinucleotide repeat expansion include:,Huntington disease,,,,,A,
IMS-0697,GENETICS,,UV light causes mutation in which gene?,p53,,,,,A,
IMS-0698,GENETICS,,"A patient presents with disproportionately long arms and legs relative to trunk, short stature, and normal development.",Autosomal dominant,,,,,A,
IMS-0699,GENETICS,,"A woman with Thalassemia Minor trait has a baby with Thalassemia Major. If she were to have another child with the same partner, what is the probability for the next child to have Thalassemia Major, Thalassemia Minor, or be completely normal?","25% Major, 50% Minor, 25% Normal",,,,,A,
IMS-0700,GENETICS,,"A young female presents with characteristic features including swollen hands and neck, delayed sexual development, and short stature. What is the most likely karyotype?","45, X0 (Turner syndrome)",,,,,A,
IMS-0701,GENETICS,,A patient has Autosomal Dominant Polycystic Kidney Disease. Which chromosome is involved in the most common form?,Chromosome 16 (PKD1),,,,,A,
IMS-0702,GENETICS,,What is the accurate genetic definition of co-dominance?,Both alleles are fully expressed equally,,,,,A,
IMS-0703,GENETICS,,The characteristic phenotype of Down's syndrome is genetically caused by which genetic mechanism?,Overexpression of genes (Trisomy 21),,,,,A,
IMS-0704,GENETICS,,A woman with breast cancer has a family history of sarcoma in her father and adrenal cortical carcinoma in her sister. Which germline mutation is most likely?,TP53 (Li-Fraumeni syndrome),,,,,A,
IMS-0705,GENETICS,,"A pregnant woman undergoes prenatal screening. Amniocentesis shows a fetus with 47,XX,+21. DNA polymorphism analysis shows both copies of chromosome 21 from the mother carry the same alleles. What confirms maternal meiosis I nondisjunction?",Two different maternal homologs on chromosome 21,,,,,A,
IMS-0706,GENETICS,,"A patient with tall stature, delayed puberty, small testes, azoospermia, large legs, and gynecomastia has a karyotype of 47,XXY. What is the most appropriate diagnosis?",Klinefelter Syndrome,,,,,A,
IMS-0707,GENETICS,,Which statement about autosomal diseases is correct? Consider their pattern of inheritance and effects on offspring.,Inherited from either parent equally; affects males and females equally,,,,,A,
IMS-0708,GENETICS,,"A patient presents with tall stature, delayed puberty, small testes, azoospermia, large legs, and gynecomastia. The karyotype shows 47,XXY. What is the most likely diagnosis?",Klinefelter Syndrome,,,,,A,
IMS-0709,GENETICS,,What chromosomal abnormality causes the phenotype seen in Turner syndrome?,"Monosomy X (45,X0)",,,,,A,
IMS-0710,GENETICS,,Which genetic element can move within the genome and often carries genes with important functions or antibiotic resistance?,Transposons,,,,,A,
IMS-0711,GENETICS,,"A young child or early adolescent presents with a prominent forehead, everted ears, a long mandible, and hypergonadism (macroorchidism). Which condition is most consistent with these findings?",Fragile X syndrome,,,,,A,
IMS-0712,GENETICS,,Which tumor suppressor gene mutation is responsible for familial adenomatous polyposis (FAP) leading to colorectal cancer?,APC gene,,,,,A,
IMS-0713,GENETICS,,"A male patient presents to the OPD with tall stature, small testes, and gynecomastia. Which investigation is best for confirming the diagnosis?","Karyotyping (looking for 47, XXY)",,,,,A,
IMS-0714,GENETICS,,Duchenne muscular dystrophy is an inherited disorder caused by a gene located on:,X chromosome (X-linked recessive),,,,,A,
IMS-0715,GENETICS,,"Defect of the mitral valve leaflet with a systolic click (Mitral Valve Prolapse) is associated with Marfan syndrome, which involves a mutation on which chromosome?",Chromosome 15 (FBN1 gene),,,,,A,
IMS-0716,GENETICS,,Which of the following is a classic example of a tumor suppressor gene?,TP53,,,,,A,
IMS-0717,GENETICS,,A 16-year-old male died of renal failure with bilaterally enlarged kidneys containing multiple cysts. What is the inheritance pattern?,Autosomal Dominant (ADPKD),,,,,A,
IMS-0718,GENETICS,,What was the first vector method successfully used for human gene transfer therapy?,Retroviral vectors,,,,,A,
IMS-0719,GENETICS,,What fundamental molecular change occurs in hemoglobinopathies like Sickle Cell Disease?,A missense mutation leading to a single amino acid sequence change (Glutamate to Valine),,,,,A,
IMS-0720,GENETICS,,A child with Ehlers-Danlos syndrome (vascular type) has loose skin and easy bruising. What is the most concerning and lethal complication in this condition?,"Spontaneous rupture of large arteries (e.g., aorta)",,,,,A,
IMS-0721,GENETICS,,The karyotype classically associated with Turner syndrome is:,"45,X0",,,,,A,
IMS-0722,GENETICS,,"A female patient presents with a cardiac defect (Tetralogy of Fallot), hypocalcemia, and a cleft palate. This is likely due to:",DiGeorge Syndrome (22q11 deletion),,,,,A,
IMS-0723,GENETICS,,"Li-Fraumeni syndrome, which predisposes patients to multiple early-onset cancers, is caused by:",Inherited germline mutation in one allele of the TP53 gene,,,,,A,
IMS-0724,GENETICS,,"A patient has gynecomastia, tall stature, and infertility. Karyotyping shows 47,XXY. What is the likely diagnosis?",Klinefelter syndrome,,,,,A,
IMS-0725,GENETICS,,Which genetic material is inherited exclusively from the mother to the child?,Mitochondrial DNA,,,,,A,
IMS-0726,GENETICS,,A girl is concerned because her mother and sister died of metastatic breast cancer before age 40. She is worried about her own risk. Which gene is most likely mutated?,BRCA1 or TP53,,,,,A,
IMS-0727,GENETICS,,"If a chromosome divides transversely at the centromere rather than longitudinally during cell division, what type of chromosomal abnormality is formed?",Isochromosome,,,,,A,
IMS-0728,GENETICS,,"During the eukaryotic cell cycle, DNA replication occurs specifically in which phase?",S phase of Interphase,,,,,A,
IMS-0729,GENETICS,,Marfan syndrome is caused by a genetic mutation resulting in a defect in which structural connective tissue protein?,Fibrillin-1,,,,,A,
IMS-0730,GENETICS,,"A boy presents with microcephaly, low-set ears, epicanthal folds, and a protruding tongue. Chromosome analysis will demonstrate:",Trisomy 21 (Down Syndrome),,,,,A,
IMS-0731,GENETICS,,What defines aneuploidy in human genetics?,"An abnormal number of chromosomes (e.g., 45 or 47) resulting from non-disjunction",,,,,A,
IMS-0732,GENETICS,,A child presents with blue sclera and a history of multiple recurrent fractures. There is a strong family history of the condition. Diagnosis?,Osteogenesis imperfecta (Type I collagen defect),,,,,A,
IMS-0733,GYNECOLOGY,,A 16-year-old girl with cyclical abdominal pain and a bulging bluish membrane at the vaginal introitus has:,Imperforate hymen,,,,,A,
IMS-0734,GYNECOLOGY,,A woman presents with an adnexal mass containing teeth and hair. What is the most likely diagnosis?,Mature cystic teratoma (dermoid cyst),,,,,A,
IMS-0735,GYNECOLOGY,,"A woman presents with amenorrhea, hirsutism, and is overweight. Pelvic ultrasound reveals multiple ovarian cysts. Labs show elevated Testosterone and LH/FSH ratio. What is the most likely diagnosis?",Polycystic Ovary Syndrome,,,,,A,
IMS-0736,GYNECOLOGY,,Premalignant lesion on vulva:,Paget disease,,,,,A,
IMS-0737,GYNECOLOGY,,"Female patient presents with vaginal discharge. Pap smear shows increased N:C ratio, pleomorphism, atypia, and increased glandular pattern. Likely diagnosis?",Adenocarcinoma,,,,,A,
IMS-0738,GYNECOLOGY,,A female with bilateral breast swellings suffers from cyclical breast pain that is worse premenstrually. Ultrasound shows diffuse hyperechoic changes. What is the likely diagnosis?,Fibrocystic change,,,,,A,
IMS-0739,GYNECOLOGY,,A married female came to you with a history of amenorrhea for 3 weeks. Her pregnancy test is negative. What could be the cause?,Anovulation / Stress,,,,,A,
IMS-0740,GYNECOLOGY,,Which of the following is the most common cause of primary amenorrhea (in a genetically and anatomically normal adolescent)?,Constitutional delay of puberty / Hypothalamic-pituitary dysfunction,,,,,A,
IMS-0741,GYNECOLOGY,,A married girl presents with 8 weeks of amenorrhea. Urine and serum hCG are negative. What is the most likely diagnosis?,Hypothalamic amenorrhea / Anovulation,,,,,A,
IMS-0742,GYNECOLOGY,,"A couple has been trying to conceive for one year despite regular unprotected intercourse 2 to 3 times per week, without success. What is the approximate percentage of couples who conceive naturally within one year of trying?",80-85%,,,,,A,
IMS-0743,GYNECOLOGY,,A female patient presents with primary amenorrhea and cyclical abdominal pain. Examination reveals a pinkish bulging membrane at the vaginal introitus; what is the most likely diagnosis?,Imperforate hymen with hematocolpos,,,,,A,
IMS-0744,GYNECOLOGY,,Long-term use of estrogen-containing oral contraceptives increases the risk of which cancer?,Cervical and Breast CA (Decreases Endometrial/Ovarian risk),,,,,A,
IMS-0745,GYNECOLOGY,,A young girl presents with cyclic lower abdominal pain and primary amenorrhea. The hymen and vaginal opening are completely normal. What is the most likely structural cause?,Cervical atresia / Transverse vaginal septum,,,,,A,
IMS-0746,GYNECOLOGY,,"A female with secondary amenorrhea has a mosaic 46,XX / 45,X0 karyotype. Her streak ovaries and premature ovarian failure are categorized clinically as:",Gonadal dysgenesis (Mosaic Turner syndrome),,,,,A,
IMS-0747,HEMATOLOGY,,"A patient with jaundice, unconjugated hyperbilirubinemia, spherocytes, and positive Coombs test has:",Autoimmune hemolytic anemia,,,,,A,
IMS-0748,HEMATOLOGY,,Antisera agglutinates with B and D antigens; plasma contains anti-A. The blood group is:,B-positive,,,,,A,
IMS-0749,HEMATOLOGY,,A boy with Factor VIII deficiency can receive which blood product as an alternative?,Cryoprecipitate,,,,,A,
IMS-0750,HEMATOLOGY,,The first physical change during platelet activation is:,Discoid to spherical with pseudopodia extension,,,,,A,
IMS-0751,HEMATOLOGY,,Prolonged PT with normal APTT indicates deficiency of:,Factor VII,,,,,A,
IMS-0752,HEMATOLOGY,,Cryoprecipitate is prepared by:,Freezing plasma at -40°C then slowly thawing,,,,,A,
IMS-0753,HEMATOLOGY,,"A patient with jaundice, elevated indirect bilirubin, low hemoglobin, and erythroid hyperplasia in bone marrow has:",Hemolytic anemia,,,,,A,
IMS-0754,HEMATOLOGY,,"A 12-year-old boy with pallor, lethargy, and pica (eating mud) has deficiency of:",Iron,,,,,A,
IMS-0755,HEMATOLOGY,,"A patient with bacterial infections, normal Hb and platelets, but low WBC and neutrophils has increased infection susceptibility from:",Leukopenia (neutropenia),,,,,A,
IMS-0756,HEMATOLOGY,,"A patient with chronic malabsorption, pallor, low hemoglobin, and anisocytosis on blood film has:",Mixed deficiency anemia (iron + B12/folate),,,,,A,
IMS-0757,HEMATOLOGY,,"A woman with nosebleeds, gum bleeding, splenomegaly, dry bone marrow tap, and platelets of 1,000,000/uL has:",Myeloproliferative disorder,,,,,A,
IMS-0758,HEMATOLOGY,,A 27-year-old with painful crisis and bluish toes at high altitude and cold exposure has:,Sickle cell anemia,,,,,A,
IMS-0759,HEMATOLOGY,,"A boy has 3 weeks of fatigue, easy bruising, and recurrent infections. Examination shows pallor, petechiae, mild gingival bleeding, and labs reveal pancytopenia with circulating blasts; what is the most likely diagnosis?",Acute lymphoblastic leukemia (ALL),,,,,A,
IMS-0760,HEMATOLOGY,,"A 35-year-old patient presents with fatigue, weight loss, low-grade fever, splenomegaly, and mild pallor. Laboratory testing shows a white blood cell count of 120k/microliter with a myeloid predominance while red blood cell and platelet counts are normal; what is the most likely diagnosis?",CML,,,,,A,
IMS-0761,HEMATOLOGY,,A 55-year-old presents with generalized lymphadenopathy and elevated platelet and total leukocyte counts; peripheral smear shows a predominance of mature lymphocytes. What is the most likely diagnosis?,CLL,,,,,A,
IMS-0762,HEMATOLOGY,,"A 55-year-old man develops intense itching and facial redness after hot baths and reports headache and dizziness. Examination shows a ruddy complexion and splenomegaly, and labs demonstrate increased hemoglobin, hematocrit, leukocytosis, and low erythropoietin levels; what is the most likely diagnosis?",Polycythemia vera,,,,,A,
IMS-0763,HEMATOLOGY,,A 52-year-old man has pallor and fatigue; hemoglobin is 9.0 g/dL with elevated serum homocysteine and normal methylmalonic acid. What is the most likely cause of his anemia?,Folic acid deficiency,,,,,A,
IMS-0764,HEMATOLOGY,,What is the first-line treatment for immune thrombocytopenic purpura (ITP)?,Steroids,,,,,A,
IMS-0765,HEMATOLOGY,,A 25-year-old female presented with spontaneous nose and mucosal bleeding. Labs show a platelet count of 5 x 10^9/L. No prior history of thrombocytopenia or bleeding disorder. What is the most appropriate initial management?,IVIG,,,,,A,
IMS-0766,HEMATOLOGY,,Which blood product is the preferred and most concentrated source of Factor VIII for the emergency treatment of Hemophilia A when purified factor concentrates are unavailable?,Cryoprecipitate,,,,,A,
IMS-0767,HEMATOLOGY,,"A postpartum woman has gum bleeding, platelets 30k, prolonged PT & APTT, and blasts on smear. Diagnosis?",DIC,,,,,A,
IMS-0768,HEMATOLOGY,,"A child presents with bleeding, DIC on labs, and splenomegaly. Which hematologic diagnosis is most likely?",Acute promyelocytic leukemia (APML),,,,,A,
IMS-0769,HEMATOLOGY,,"A girl with normal APTT, raised bleeding time (BT), and normal platelet count has no other signs. Most likely diagnosis?",Von Willebrand Disease (VWD),,,,,A,
IMS-0770,HEMATOLOGY,,A patient presented with peripheral tingling sensations and fatigue with muscles aches. CBC is suggestive of macrocytic anemia and the smear shows hypersegmented neutrophils. Diagnosis:,Vit B12 deficiency,,,,,A,
IMS-0771,HEMATOLOGY,,"A patient presents with petechiae and purpura. Labs: normal platelets, normal PT, elevated aPTT. Patient receives absorbed plasma. The deficiency is:",Factor VIII,,,,,A,
IMS-0772,HEMATOLOGY,,A patient with hematologic malignancy has severe thrombocytopenia. Platelets are transfused when the count is:,<10 x 10^9/L,,,,,A,
IMS-0773,HEMATOLOGY,,Factor 8 is not available. Which of the following can be given as an alternative therapy?,Cryoprecipitate,,,,,A,
IMS-0774,HEMATOLOGY,,"A patient with sepsis develops bleeding, low platelets, prolonged PT/aPTT and elevated D-dimer. Which is the correct management protocol?","Saline, FFP, PRBCs, antibiotics, treat cause",,,,,A,
IMS-0775,HEMATOLOGY,,"In sickle cell anemia, pathogenesis is:",Polymerization and RBC damage,,,,,A,
IMS-0776,HEMATOLOGY,,True about AB+ blood group is:,Has A and B antigens,,,,,A,
IMS-0777,HEMATOLOGY,,Which clotting factor deficiency leads to thrombosis rather than bleeding?,Factor XII,,,,,A,
IMS-0778,HEMATOLOGY,,"A patient presents with easy bruising. Labs: platelets normal, bleeding time normal, PT normal, aPTT prolonged.",Factor VIII deficiency,,,,,A,
IMS-0779,HEMATOLOGY,,A man on a prolonged course of broad-spectrum antibiotics presents with symptoms of gum bleeding and epistaxis. This bleeding tendency is most likely due to the effect of the antibiotics suppressing gut flora and causing a deficiency of?,Vitamin K,,,,,A,
IMS-0780,HEMATOLOGY,,Deficiency of von Willebrand factor primarily leads to a defect in which stage of hemostasis?,Platelet adhesion,,,,,A,
IMS-0781,HEMATOLOGY,,"A blood smear showing high MCV, low Hb, and hypersegmented neutrophils is highly suggestive of a deficiency in which substance?",Folic Acid / Vitamin B12,,,,,A,
IMS-0782,HEMATOLOGY,,"An elderly patient presents with purple colored petechiae. Laboratory values: normal platelets, normal bleeding time, normal PT PTT. Most likely diagnosis?",Senile purpura,,,,,A,
IMS-0783,HEMATOLOGY,,A man presents with labs showing macrocytic anemia and smear having oval shaped RBCs and some disformed RBCs as well:,Megaloblastic anemia (B12 Folate deficiency),,,,,A,
IMS-0784,HEMATOLOGY,,"X ray technician presents with shortness of breath and fatigue. Labs: HB 7; normocytic normochromic anemia, decreased platelets. Likely cause?",Aplastic anemia,,,,,A,
IMS-0785,HEMATOLOGY,,"A patient lab results show low Hemoglobin, low serum iron, low TIBC, and high serum ferritin. Which type of anemia is most consistent with these findings?",Anemia of chronic disease,,,,,A,
IMS-0786,HEMATOLOGY,,A newborn infant suffers from uncontrolled bleeding for a long time after clamping of umbilical stump. This finding is highly suggestive of a deficiency of which vitamin dependent coagulation factor?,Factor VII,,,,,A,
IMS-0787,HEMATOLOGY,,"A patient presents with fatigue, glossitis, and paresthesias in the hands and feet. Blood tests show macrocytic anemia and elevated methylmalonic acid and homocysteine levels. What is the most likely diagnosis?",Vitamin B12 deficiency,,,,,A,
IMS-0788,HEMATOLOGY,,A male presents with splenomegaly and bronzing of skin. Labs: serum ferritin 2000 IU/L.,Hemochromatosis,,,,,A,
IMS-0789,HEMATOLOGY,,"A girl presents with heavy menstrual bleeding. Labs show severe anemia with Hb of 4g/dl, MCV 68 and MCH 18. What is the most likely diagnosis?",Iron Deficiency Anemia (IDA),,,,,A,
IMS-0790,HEMATOLOGY,,Platelets change shape when activated from?,Disc-shaped to spherical with pseudopods,,,,,A,
IMS-0791,HEMATOLOGY,,"A woman complains of fatigue, paresthesia, and a smooth red tongue. Labs show macrocytic anemia and positive intrinsic factor antibodies. Which is the most likely diagnosis?",Pernicious anemia,,,,,A,
IMS-0792,HEMATOLOGY,,"A woman with shortness of breath, fatigue, peripheral tingling and numbness. Labs: Hb 7g/dL, MCV 120fL. Cause?",Vitamin B12 deficiency,,,,,A,
IMS-0793,HEMATOLOGY,,"A 20-year-old woman develops progressive pallor, fatigue, and lethargy. Her blood test reveals an absolute lymphocytosis with a total leukocyte count of 20 x 10^9/L and over 85% lymphocytes. What is the most likely diagnosis?",Infectious mononucleosis,,,,,A,
IMS-0794,HEMATOLOGY,,A 21-year-old male with leukemia needs a bone marrow biopsy. From which site is the bone marrow most commonly obtained?,Posterior Superior Iliac Spine (PSIS) or Sternum,,,,,A,
IMS-0795,HEMATOLOGY,,A patient presents with left hypochondrial tenderness and massive splenomegaly on examination. Which test will best confirm hypersplenism (increased destruction)?,Bone marrow aspiration (showing compensatory hyperplasia),,,,,A,
IMS-0796,HEMATOLOGY,,"A 26-year-old patient presents with jaundice. Laboratory tests show unconjugated hyperbilirubinemia, spherocytes, and decreased serum haptoglobin. What is the most likely diagnosis?",Hereditary spherocytosis,,,,,A,
IMS-0797,HEMATOLOGY,,"A woman presents with symptoms of disseminated intravascular coagulation (DIC), hemoglobin level of 9 g/dL, prolonged PT and APTT, and decreased platelets. What is the appropriate blood product management?",Fresh Frozen Plasma (FFP) and Platelets,,,,,A,
IMS-0798,HEMATOLOGY,,A preoperative male patient has a hemoglobin level of 22g/dL and a hematocrit of 65%. What is the best management step to prevent hyperviscosity complications?,Venesection (Phlebotomy),,,,,A,
IMS-0799,HEMATOLOGY,,"A patient presents with fatigue, abdominal pain, and painful leg ulcers. What is the most likely diagnosis?",Sickle cell anemia,,,,,A,
IMS-0800,HEMATOLOGY,,"A child with a hemoglobin level of 4.5g/dl received a blood transfusion. Shortly after, the child developed shortness of breath and dark-colored urine. What is the most likely cause of these symptoms?",Hemoglobinuria due to Acute Hemolytic Transfusion Reaction,,,,,A,
IMS-0801,HEMATOLOGY,,How can polycythemia vera be distinguished from secondary causes of increased red blood cells?,Low EPO levels and presence of JAK2 mutation,,,,,A,
IMS-0802,HEMATOLOGY,,"A patient living at high altitude presents with shortness of breath and laboratory values showing hemoglobin 18.8 g/dl, hematocrit 55%, bicarbonate 25 mmol/L, and low PCO2 of 20mmHg. Which of the following best explains these findings?",Secondary polycythemia (Due to chronic hypoxia),,,,,A,
IMS-0803,HEMATOLOGY,,"A patient presents with generalized weakness and a hemoglobin level of 6.4 g/dL. Peripheral smear reveals normochromic, normocytic anemia, and the patient has chronic renal failure. What is the most appropriate treatment?",Exogenous Erythropoietin (EPO),,,,,A,
IMS-0804,HEMATOLOGY,,"Investigations show Hemoglobin (Hb): 10.3 g/dL, Total Leukocyte Count (TLC): 14,000, and Platelet Count: 1,000,000/uL. What is the most likely diagnosis?",Essential Thrombocythemia (Myeloproliferative Disorder),,,,,A,
IMS-0805,HEMATOLOGY,,"A woman presented with an ulcer on her foot without signs of infection. Two weeks later, she was found to have platelet levels of 1,000,000. Most probable Diagnosis?",Reactive thrombocytosis (Secondary to inflammation/tissue damage),,,,,A,
IMS-0806,HEMATOLOGY,,"An old patient's CBC shows Hb 5.6 g/dL, platelets 140,000/uL, and PT/aPTT at the upper normal limit. What is the most appropriate transfusion option?",Packed Red Blood Cells (PRBCs),,,,,A,
IMS-0807,HEMATOLOGY,,"A male presented with 104F fever and took antimalarials. He now has cola-colored urine, deranged LFTs, and increased unconjugated bilirubin. What is the cause?",G6PD deficiency causing acute hemolysis,,,,,A,
IMS-0808,HEMATOLOGY,,Primary polycythemia (PV) differs from secondary polycythemia because the primary form has:,Low erythropoietin (EPO) levels and a JAK2 mutation,,,,,A,
IMS-0809,HEMATOLOGY,,"What is the insoluble, partially degraded form of stored iron in tissues?",Hemosiderin,,,,,A,
IMS-0810,HEMATOLOGY,,"A 60-year-old man presents with fatigue, weakness, and an MCV of 115 fL. What will be seen on peripheral blood smear?",Macrocytosis (Megaloblastic anemia),,,,,A,
IMS-0811,HEMATOLOGY,,"A female patient was transfused with packed red blood cells. Three days later, she became dyspneic and died. What is the most likely severe complication?",Transfusion-Related Acute Lung Injury (TRALI) / Hemolytic reaction,,,,,A,
IMS-0812,HEMATOLOGY,,A patient presents with a prolonged APTT but a normal Prothrombin Time (PT). Which clotting factor is most likely deficient?,Factor VIII,,,,,A,
IMS-0813,HEMATOLOGY,,A 35-year-old woman presents with isolated severe thrombocytopenia. Bone marrow biopsy reveals marked hyperplasia of megakaryocytes. What is the diagnosis?,Immune Thrombocytopenic Purpura (ITP),,,,,A,
IMS-0814,HEMATOLOGY,,"During granulopoiesis in the bone marrow, at which specific developmental stage do the primary (azurophilic) granules first start to appear?",Promyelocyte stage,,,,,A,
IMS-0815,HEMATOLOGY,,"A patient presents with recurrent epistaxis, mucosal bleeding, and easy bruising on the extremities. PT and aPTT are perfectly normal. Which of the following is the most likely underlying cause?",Thrombocytopenia (or Platelet dysfunction),,,,,A,
IMS-0816,HEMATOLOGY,,A patient develops insidious fatigue and pallor. A CBC reveals a severe macrocytic anemia (MCV 112 fL) and the peripheral smear shows hypersegmented neutrophils. What is the underlying cause?,Vitamin B12 (or Folate) deficiency,,,,,A,
IMS-0817,HEMATOLOGY,,Clot retraction during secondary hemostasis occurs primarily due to the contractile proteins within:,Platelets,,,,,A,
IMS-0818,HEMATOLOGY,,"In Bernard-Soulier syndrome (GP Ib deficiency), what is the characteristic finding on platelet aggregation studies?",Platelets fail to aggregate in response to Ristocetin,,,,,A,
IMS-0819,HEMATOLOGY,,"A pregnant lady has microcytic anemia (Hb 9.8, MCV 58, MCH 15). Her serum ferritin is completely normal (150 ng/mL). What is the most likely diagnosis?",Thalassemia trait,,,,,A,
IMS-0820,HEMATOLOGY,,"The final step of the coagulation cascade, converting soluble fibrinogen into insoluble fibrin, is catalyzed by which enzyme?",Thrombin (Factor IIa),,,,,A,
IMS-0821,HEMATOLOGY,,"An elderly man treated with antibiotics (e.g., chloramphenicol) presents with pancytopenia and a reticulocyte count of 0.1%. Bone marrow biopsy shows a hypocellular, fat-filled marrow. Diagnosis?",Drug-induced Aplastic Anemia,,,,,A,
IMS-0822,HEMATOLOGY,,Which common physiological or pathological state causes a significant increase in whole blood viscosity by inducing hemoconcentration (reduced plasma volume)?,Severe Dehydration,,,,,A,
IMS-0823,HISTOLOGY,,The progenitor cells for bronchiolar epithelial regeneration are:,Clara (club) cells,,,,,A,
IMS-0824,HISTOLOGY,,The tongue surface is lined by:,Stratified squamous (partially keratinized),,,,,A,
IMS-0825,HISTOLOGY,,A salivary gland biopsy showing predominantly mucous acini with some serous demilunes is:,Sublingual gland,,,,,A,
IMS-0826,HISTOLOGY,,The epithelium lining the urinary bladder is:,Transitional epithelium (urothelium),,,,,A,
IMS-0827,HISTOLOGY,,The cell type primarily producing synovial fluid lubricating components is:,Type B synoviocytes (fibroblast-like),,,,,A,
IMS-0828,HISTOLOGY,,"A tubular organ with stratified squamous non-keratinized epithelium, circular/longitudinal muscle, and abundant elastic fibers is:",Vagina,,,,,A,
IMS-0829,HISTOLOGY,,Which of the following is lined by stratified nonkeratinized squamous epithelium?,Vagina,,,,,A,
IMS-0830,HISTOLOGY,,Which salivary gland is a mixed gland containing both serous and mucous acini and exhibits serous demilunes?,Submandibular gland,,,,,A,
IMS-0831,HISTOLOGY,,A mass in the sternoclavicular region is suspected to be an aortic aneurysm. Which structure protects the aorta from rupture?,Elastic lamina,,,,,A,
IMS-0832,HISTOLOGY,,A biopsy from a tubular gastrointestinal structure shows dense lymphoid aggregates in the mucosa and submucosa. Which organ is this?,Appendix,,,,,A,
IMS-0833,HISTOLOGY,,Acid-secreting parietal cells contain an organelle abundant for ion transport. Which organelle is most developed?,SER,,,,,A,
IMS-0834,HISTOLOGY,,"Which nephron part has the richest brush border, increasing reabsorption surface area?",PCT,,,,,A,
IMS-0835,HISTOLOGY,,"Which protein is primarily responsible for anchoring actin filaments and providing elasticity to the muscle sarcomere, acting as a molecular spring?",Titin,,,,,A,
IMS-0836,HISTOLOGY,,Which major salivary gland contains both serous acini and mucous acini?,Submandibular gland,,,,,A,
IMS-0837,HISTOLOGY,,Histology shows ciliated columnar epithelium with goblet cells. This is typical of:,Bronchi,,,,,A,
IMS-0838,HISTOLOGY,,Biopsy of the anterior two-thirds of the vocal cords shows stratified epithelium. Which type?,Stratified squamous non-keratinized,,,,,A,
IMS-0839,HISTOLOGY,,"Under a microscope, which cells will have the highest telomerase activity?",Germ cells / Stem cells,,,,,A,
IMS-0840,HISTOLOGY,,"After a motor vehicle accident, a patient has a pelvic fracture, tibial fracture, and an avulsion injury to the rectus femoris from the AIIS. Muscle repair will primarily be initiated by stem cells found in which location?",Satellite cells (beneath basal lamina),,,,,A,
IMS-0841,HISTOLOGY,,Histology reveals lobules and serous acini. Which gland commonly exhibits these features?,Parotid gland,,,,,A,
IMS-0842,HISTOLOGY,,"A patient has right upper quadrant pain and a positive Murphy's sign, suggesting gallbladder inflammation. Which microscopic feature is typically seen in the affected organ on histology?",Simple columnar epithelium with microvilli,,,,,A,
IMS-0843,HISTOLOGY,,Microscopic examination of cells in intestinal crypts revealed red granules in their cytoplasm. What is the characteristic secretion produced by these Enterochromaffin cells?,Serotonin,,,,,A,
IMS-0844,HISTOLOGY,,Which of the following cell types produces plasma cells?,B-lymphocytes,,,,,A,
IMS-0845,HISTOLOGY,,"Which component is responsible for the clear, transparent appearance of hyaline cartilage?",Glycosaminoglycans and Type II collagen,,,,,A,
IMS-0846,HISTOLOGY,,"Which organ's mucosal lamina propria contains abundant eosinophils, basophils, and mast cells due to constant antigen exposure?",Gastrointestinal or Respiratory tract,,,,,A,
IMS-0847,HISTOLOGY,,"A structure composed of glandular tubuloalveolar acini, stratified columnar epithelium, smooth muscle stroma, and connective tissue is most likely:",Prostate gland,,,,,A,
IMS-0848,HISTOLOGY,,Which structure features a double layer of cuboidal epithelium resting on a basement membrane?,Ducts of Salivary glands / Sweat glands,,,,,A,
IMS-0849,HISTOLOGY,,"A patient with alcoholic hepatitis has Mallory bodies on biopsy. These tangled, interwoven intracellular inclusions are composed of:",Intermediate filaments (Cytokeratin),,,,,A,
IMS-0850,HISTOLOGY,,"Pericytes, which have contractile properties and assist in angiogenesis, are primarily found wrapping around which vascular structures?",Capillaries and small venules,,,,,A,
IMS-0851,HISTOLOGY,,The maximum concentration of insulin-producing beta cells in the Islets of Langerhans is located in which anatomical part of the pancreas?,Tail of the pancreas,,,,,A,
IMS-0852,HISTOLOGY,,"To ensure unidirectional flow back to the heart, which specific types of blood vessels are equipped with internal valves?",Medium-sized veins and large veins (especially in the limbs),,,,,A,
IMS-0853,HISTOLOGY,,"What functions as the primary ""supporting tissue"" (equivalent to connective tissue) in the central nervous system?","Glial cells (Astrocytes, Oligodendrocytes, Microglia)",,,,,A,
IMS-0854,HISTOLOGY,,"Clara cells (Club cells), which secrete surfactant-like protective proteins, are predominantly found in which part of the respiratory tract?",Terminal and respiratory bronchioles,,,,,A,
IMS-0855,HISTOLOGY,,Which organ relies on highly specialized fenestrated capillaries without diaphragms for massive ultrafiltration?,Kidney (Glomerulus),,,,,A,
IMS-0856,HISTOLOGY,,"Which specific structural component of the glomerular basement membrane is rich in polyanions, repelling negatively charged proteins?",Heparan sulfate proteoglycans,,,,,A,
IMS-0857,HISTOLOGY,,A patient requires B12 injections post-gastrectomy due to the loss of intrinsic factor. Which specific gastric cells were responsible for producing it?,Parietal cells,,,,,A,
IMS-0858,IMMUNOLOGY,,"Six months after renal transplant, a patient develops renal failure that responds to increased immunosuppression. The cause is:",Acute cellular rejection,,,,,A,
IMS-0859,IMMUNOLOGY,,The primary mediator of leukocyte chemotaxis and bone marrow release is:,C3a and C5a complement fragments,,,,,A,
IMS-0860,IMMUNOLOGY,,"In myasthenia gravis, the primary defect is:",Destruction of acetylcholine receptors by autoantibodies,,,,,A,
IMS-0861,IMMUNOLOGY,,The portion of immunoglobulin responsible for biological effector functions is:,Fc (Fragment crystallizable) portion,,,,,A,
IMS-0862,IMMUNOLOGY,,A patient on OCPs with recurrent lip swelling but normal IgE and eosinophils has:,Hereditary angioedema (C1-esterase inhibitor deficiency),,,,,A,
IMS-0863,IMMUNOLOGY,,A 27-year-old man sustains a minor abrasion while gardening. The first line of physical defense is:,Intact skin,,,,,A,
IMS-0864,IMMUNOLOGY,,The correct sequence of neutrophil migration to an inflammatory site is:,"Margination, rolling, adhesion, transmigration",,,,,A,
IMS-0865,IMMUNOLOGY,,Penicillin allergy with elevated IgE and eosinophils is mediated by:,Mast cells (Type I hypersensitivity),,,,,A,
IMS-0866,IMMUNOLOGY,,The cytokine primarily causing fever and local swelling is:,TNF-alpha,,,,,A,
IMS-0867,IMMUNOLOGY,,Lupus nephritis involves which type of hypersensitivity?,Type III (immune complex),,,,,A,
IMS-0868,IMMUNOLOGY,,A 15mm PPD tuberculin reaction at 40 hours is mediated by:,Type IV delayed-type hypersensitivity,,,,,A,
IMS-0869,IMMUNOLOGY,,"During an allergic reaction, which cells primarily synthesize histamine from histidine?",Mast cells,,,,,A,
IMS-0870,IMMUNOLOGY,,Which cells mediate the first-line immune response against virally infected and tumor (transformed) cells?,NK cells,,,,,A,
IMS-0871,IMMUNOLOGY,,A patient with agammaglobulinemia has recurrent infections. Which cell type is typically decreased in this condition?,B lymphocytes,,,,,A,
IMS-0872,IMMUNOLOGY,,A boy presents with arm pain and swelling and refuses examination because of severe pain. Which mediator primarily causes pain at the site?,Bradykinin,,,,,A,
IMS-0873,IMMUNOLOGY,,Type of Hypersensitivity in Asthma:,Type 1,,,,,A,
IMS-0874,IMMUNOLOGY,,MHC function is to:,Immune presentation,,,,,A,
IMS-0875,IMMUNOLOGY,,"A stool sample shows bilobed, spectacle-shaped eggs. Which cell or factor is most associated with parasitic chemotaxis?",Eosinophils,,,,,A,
IMS-0876,IMMUNOLOGY,,Which cell kills cancer and virally infected cells?,NK-cell,,,,,A,
IMS-0877,IMMUNOLOGY,,A child presented with fever and a rash on his arm. Which general inflammatory marker is most likely to be significantly raised?,CRP,,,,,A,
IMS-0878,IMMUNOLOGY,,A woman develops a severe reaction minutes after a blood transfusion. What type of hypersensitivity?,Type II,,,,,A,
IMS-0879,IMMUNOLOGY,,Which of the following is most abundant in plasma and crosses the placenta?,IgG,,,,,A,
IMS-0880,IMMUNOLOGY,,Which class of immunoglobulin is responsible for causing Erythroblastosis fetalis as it is the only antibody that crosses the placenta from mother to the fetus?,IgG,,,,,A,
IMS-0881,IMMUNOLOGY,,"A patient develops sudden wheezing, hypotension, and urticaria immediately after receiving a medication. Which antibody is responsible?",IgE,,,,,A,
IMS-0882,IMMUNOLOGY,,A security guard working cold night shifts develops pulmonary infiltrates with high-grade fever and cough. The underlying pathogen is likely an atypical. Which effector cell type plays a primary role in the initial phagocytosis and presentation of such pathogens?,Macrophage,,,,,A,
IMS-0883,IMMUNOLOGY,,"In the context of EPI, the immune system primarily generates B and T memory cells. What is the approximate minimum response required after initial antigen exposure for these long-term memory cells to be formed?",7-14 days,,,,,A,
IMS-0884,IMMUNOLOGY,,T cells attach to antigens through which receptors?,T-cell receptor (TCR) binding to MHC,,,,,A,
IMS-0885,IMMUNOLOGY,,TB patient PPD skin test is which type of Hypersensitivity?,Type IV,,,,,A,
IMS-0886,IMMUNOLOGY,,Macrophages are activated in response to which of the following stimuli?,Interferon-gamma (IFN-y),,,,,A,
IMS-0887,IMMUNOLOGY,,T cells and B cells mature in:,Thymus and Bone Marrow,,,,,A,
IMS-0888,IMMUNOLOGY,,Rheumatoid arthritis is associated with:,HLA DR4,,,,,A,
IMS-0889,IMMUNOLOGY,,"A patient presented with COVID19, which is a viral disease, host cells active against the infection are:",NK cells and Cytotoxic T cells,,,,,A,
IMS-0890,IMMUNOLOGY,,Which of the following is a potential and life-long consequence of splenectomy in patients?,Increased susceptibility to encapsulated organisms,,,,,A,
IMS-0891,IMMUNOLOGY,,First line of defense in body tissues:,Macrophages,,,,,A,
IMS-0892,IMMUNOLOGY,,Select the correct sequence of leukocyte extravasation:,Margination -> Rolling -> Adhesion -> Transmigration,,,,,A,
IMS-0893,IMMUNOLOGY,,"For renal transplant HLA typing, which sample is ideal?",WBCs (Lymphocytes),,,,,A,
IMS-0894,IMMUNOLOGY,,Which two cytokines are recognized as fever mediators released by immune cells that act on the hypothalamus?,TNF-alpha and IL-1,,,,,A,
IMS-0895,IMMUNOLOGY,,Patient develops a reaction after a blood transfusion due to preformed antibodies attacking donor antigens. Type of hypersensitivity?,Type II,,,,,A,
IMS-0896,IMMUNOLOGY,,"During a blood transfusion, an acute hemolytic reaction occurs due to:",ABO incompatibility (Preformed IgM/IgG antibodies),,,,,A,
IMS-0897,IMMUNOLOGY,,A patient has a Pseudomonas aeruginosa infection accompanied by fever. Which cytokine primarily induces the fever in this case?,IL-1 and TNF-alpha,,,,,A,
IMS-0898,IMMUNOLOGY,,Which of the following are examples of acute phase reactants?,"CRP, ceruloplasmin, haptoglobin, fibrinogen",,,,,A,
IMS-0899,IMMUNOLOGY,,What is a key immunological function of microglial cells in the brain?,Antigen presenting cells (Macrophages of the CNS),,,,,A,
IMS-0900,IMMUNOLOGY,,Which antigen-presenting cells activate T cells and initiate the inflammatory response?,Monocyte/macrophages,,,,,A,
IMS-0901,IMMUNOLOGY,,Which immune cells provide the primary defense against viruses and tumor cells?,NK cells,,,,,A,
IMS-0902,IMMUNOLOGY,,Which antigen plays a key role in acute graft rejection?,HLA,,,,,A,
IMS-0903,IMMUNOLOGY,,A woman with chronic asthma and depression is evaluated for immune changes due to chronic corticosteroid use. Which immunological alteration is most likely observed?,Lymphopenia and suppressed cell-mediated immunity,,,,,A,
IMS-0904,IMMUNOLOGY,,"In the innate immune response, which cell type acts as the initial responder to bacterial infection?",Neutrophils,,,,,A,
IMS-0905,IMMUNOLOGY,,Which characteristic of IgM is most critical during an infection?,It is the first antibody released in the primary immune response,,,,,A,
IMS-0906,IMMUNOLOGY,,Which type of hypersensitivity reaction causes poststreptococcal glomerulonephritis?,Type III (Immune complex-mediated),,,,,A,
IMS-0907,IMMUNOLOGY,,A patient has a Pseudomonas aeruginosa infection accompanied by fever. Which cytokine primarily induces the fever in this case?,IL-1 and TNF-alpha,,,,,A,
IMS-0908,IMMUNOLOGY,,An allograft involves transplantation between members of the same species who are not genetically identical. Identify the correct definition of an allograft.,Graft from a genetically non-identical member of the same species,,,,,A,
IMS-0909,IMMUNOLOGY,,Which immune cells provide the primary first-line defense against viruses and tumor cells without prior sensitization?,NK cells,,,,,A,
IMS-0910,IMMUNOLOGY,,Goodpasture syndrome results from an immune response involving anti-GBM antibodies. What type of hypersensitivity reaction mediates this condition?,Type II hypersensitivity,,,,,A,
IMS-0911,IMMUNOLOGY,,What autoantibodies are responsible for causing hyperthyroidism in Graves disease?,Anti-TSH receptor antibodies (Thyroid-stimulating immunoglobulins),,,,,A,
IMS-0912,IMMUNOLOGY,,A patient arrives 2 hours after sustaining a heavily contaminated wound with no prior immunization history. What is the best approach for tetanus prevention in this case?,Tetanus immunoglobulin (Passive) + Tetanus toxoid vaccine (Active),,,,,A,
IMS-0913,IMMUNOLOGY,,Which type of immunization is provided by the tetanus toxoid vaccine?,Active immunization,,,,,A,
IMS-0914,IMMUNOLOGY,,A healthy patient has a positive PPD (tuberculin) skin test. What does this result indicate?,Immune to tuberculosis / Prior exposure / Latent TB,,,,,A,
IMS-0915,IMMUNOLOGY,,Which immune response type primarily mediates protection against tuberculosis?,Type IV (Delayed-type hypersensitivity via T-cells),,,,,A,
IMS-0916,IMMUNOLOGY,,"Which immunoglobulin is mainly involved in allergic reactions like hives, asthma, and anaphylaxis?",IgE,,,,,A,
IMS-0917,IMMUNOLOGY,,"During leukocyte extravasation, what mediates firm adhesion between WBCs and the endothelium?",Integrins (binding to ICAM-1/VCAM-1),,,,,A,
IMS-0918,IMMUNOLOGY,,A hapten (like a drug) becomes immunogenic and elicits an immune response only when it is attached to a:,Carrier protein,,,,,A,
IMS-0919,IMMUNOLOGY,,Which of the following cytokines acts as the most potent endogenous anti-inflammatory cytokine?,IL-10 (and TGF-beta),,,,,A,
IMS-0920,IMMUNOLOGY,,"In tuberculosis lesions caused by Mycobacterium, which immune component is primarily responsible for containing the infection in granulomas?",T-lymphocytes and Macrophages (Cell-mediated immunity),,,,,A,
IMS-0921,IMMUNOLOGY,,Which of the following peptides acts as a potent pain mediator during acute inflammation?,Bradykinin,,,,,A,
IMS-0922,IMMUNOLOGY,,Staphylococcus aureus from a foot abscess is preserved in tissue and observed for 24 hours to track lymphatic function. What is the primary role of the draining lymphatics here?,Transporting antigen to lymph nodes for presentation by APCs,,,,,A,
IMS-0923,IMMUNOLOGY,,"In the lungs, how do macrophages primarily clear a Streptococcus pneumoniae infection after phagocytosis?","Reactive oxygen species (e.g., H2O2 / Respiratory burst)",,,,,A,
IMS-0924,IMMUNOLOGY,,"In a patient infected with Epstein-Barr Virus (EBV), the atypical lymphocytes seen on a peripheral blood smear are actually:",Activated CD8+ cytotoxic T lymphocytes,,,,,A,
IMS-0925,IMMUNOLOGY,,Which leukocyte count is characteristically raised in response to helminthic or parasitic infections?,Eosinophils,,,,,A,
IMS-0926,INFECTIOUS DISEASE,,"A surgical resident gets a needle stick injury, he is not sure about his vaccination status, risk of Hep B infection for him is:",27%,,,,,A,
IMS-0927,INFECTIOUS DISEASE,,An IV drug user presents with fever and pain at injection sites. Which infection is most common in IV drug abusers?,Cellulitis / soft tissue infection (S. aureus),,,,,A,
IMS-0928,INFECTIOUS DISEASE,,Hep B transmission rate via a needle stick injury from a positive source is:,Approximately 30% (if HBeAg positive),,,,,A,
IMS-0929,INFECTIOUS DISEASE,,"A 45-year-old patient has fever, splinter hemorrhages on the nails, and splenomegaly, raising suspicion for infective endocarditis. Which investigation is most appropriate to confirm this diagnosis?",Blood cultures,,,,,A,
IMS-0930,INFECTIOUS DISEASE,,"A 25-year-old woman presents with high fever, retro-orbital headache, and severe myalgia/bone pain. Laboratory results show a total leukocyte count of 3,000 and platelet count of 95,000. What is the most likely diagnosis?",Dengue fever,,,,,A,
IMS-0931,INFECTIOUS DISEASE,,"An HIV patient presents with fever, focal neurological deficits, and a ring-enhancing lesion in the brain on MRI. What is the likely cause?",Toxoplasma gondii,,,,,A,
IMS-0932,INFECTIOUS DISEASE,,What is the best approach to confirm a preliminary positive HIV screening test?,"Repeat testing with confirmatory methods (e.g., HIV-1/2 differentiation assay)",,,,,A,
IMS-0933,INFECTIOUS DISEASE,,"A sexually active adult presents with an inflamed, tender, and swollen knee (Septic arthritis). The appropriate empiric treatment covering N. gonorrhoeae is:",Ceftriaxone,,,,,A,
IMS-0934,INFECTIOUS DISEASE,,What is the most lethal and common opportunistic viral infection in the first few months following a liver transplant?,Cytomegalovirus (CMV),,,,,A,
IMS-0935,INFECTIOUS DISEASE,,"In the management of Tuberculosis, the WHO-recommended strategy ""DOTS"" stands for:","Directly Observed Treatment, Short-course",,,,,A,
IMS-0936,MEDICINE,,An ICU patient develops altered behavior and irrelevant talk. The likely causative infusion is:,Glucose/dextrose infusion (causing hyponatremia),,,,,A,
IMS-0937,MEDICINE,,A patient with oral lesions and shin rashes likely has:,Hepatitis C (with cryoglobulinemia),,,,,A,
IMS-0938,MEDICINE,,"A 42-year-old woman presents with fever, malaise, massive splenomegaly, severe anemia, and elevated serum IgM. The diagnosis is:",Hyper-reactive malarial splenomegaly,,,,,A,
IMS-0939,MEDICINE,,A CHF patient on long-term diuretics with muscle weakness and fatigue has:,Hypokalemia,,,,,A,
IMS-0940,MEDICINE,,"A 22-year-old man with RBS 800 mg/dL, high anion gap, and elevated BUN/creatinine has the high anion gap due to:",Increased ketoacid production from insulin deficiency,,,,,A,
IMS-0941,MEDICINE,,A chronic alcoholic with increased anion gap metabolic acidosis has accumulation of:,Lactic acid,,,,,A,
IMS-0942,MEDICINE,,Persistent vomiting in hyperemesis gravidarum causes which acid-base disturbance?,Metabolic alkalosis,,,,,A,
IMS-0943,MEDICINE,,"ABG in acute aspirin overdose showing pH 7.32, pCO2 30, HCO3 16 indicates:",Mixed metabolic acidosis and respiratory alkalosis,,,,,A,
IMS-0944,MEDICINE,,"A woman with fever, BP 80/60, and Gram-negative rods identified develops shock from:",Septic shock,,,,,A,
IMS-0945,MEDICINE,,Post-hysterectomy sepsis with peripheral vasodilation and Gram-negative bacteremia is:,Septic shock,,,,,A,
IMS-0946,MEDICINE,,Type 1 hyperlipoproteinemia is primarily managed with:,Very low-fat diet,,,,,A,
IMS-0947,MEDICINE,,A man presented to clinic with a 104°F fever for 4 days after taking an antimalarial; he developed cola-colored urine for 1 day with abnormal liver tests and elevated unconjugated bilirubin. What is the most likely cause?,G6PD,,,,,A,
IMS-0948,MEDICINE,,"For suspected infective endocarditis, obtain blood cultures before initiating antibiotic therapy; collect multiple sets from separate venipuncture sites. When should these cultures be taken relative to antibiotic administration?",Before starting antibiotics (multiple sets from separate venipuncture sites),,,,,A,
IMS-0949,MEDICINE,,"The patient is HBsAg positive, anti-HBc IgM positive, and HBeAg negative. What is the most likely diagnosis?",Acute hepatitis,,,,,A,
IMS-0950,MEDICINE,,"A 40-year-old male laborer presents during summer after working outdoors with muscle weakness, fatigue, palpitations, and dehydration. ECG shows polymorphic ventricular tachycardia and labs demonstrate low serum potassium; which electrolyte disturbance most likely explains the ECG findings?",Hypokalemia,,,,,A,
IMS-0951,MEDICINE,,A patient develops carpopedal spasm after a massive blood transfusion. What is the most likely cause?,Low calcium,,,,,A,
IMS-0952,MEDICINE,,"A 74-year-old woman with congestive heart failure has had severe vomiting for 3 days with dizziness, weakness, orthostatic hypotension, and signs of volume depletion. Arterial blood gas shows pH 7.55, PaCO2 48 mmHg, and HCO3- 40 mEq/L; which best describes her acid-base disturbance?",Metabolic alkalosis with respiratory compensation,,,,,A,
IMS-0953,MEDICINE,,A patient develops carpopedal spasm after receiving a massive blood transfusion. The cause is:,Hypocalcemia,,,,,A,
IMS-0954,MEDICINE,,A chronic alcoholic presents with severe vomiting followed by hematemesis. Endoscopy shows linear mucosal tears at the GE junction. What acid-base disorder is most likely?,Metabolic acidosis,,,,,A,
IMS-0955,MEDICINE,,Severe hypomagnesemia causes:,Hypocalcemia,,,,,A,
IMS-0956,MEDICINE,,"A patient's laboratory results show the following: Na = 140 mEq/L, Cl = 96 mEq/L, and HCO3 = 22 mEq/L. What is the calculated Anion Gap?",22,,,,,A,
IMS-0957,MEDICINE,,A patient diagnosed with diabetic ketoacidosis (DKA). Expected acid-base disturbance?,High anion gap metabolic acidosis,,,,,A,
IMS-0958,MEDICINE,,"A DM type 1 patient brought unconscious to the emergency having raised sodium, potassium, and creatinine values. Drug of choice:",Insulin,,,,,A,
IMS-0959,MEDICINE,,"A man presents with fever, hypotension, warm swollen legs, and confusion. His BP remains low despite fluid resuscitation. What type of shock is most likely?",Septic shock,,,,,A,
IMS-0960,MEDICINE,,A patient with urinary tract infection develops hypotension. The most likely type of shock is:,Septic shock,,,,,A,
IMS-0961,MEDICINE,,A patient presents with gastric outlet obstruction and repeated vomiting. What is the expected acid-base abnormality?,Hypokalemic hypochloremic metabolic alkalosis,,,,,A,
IMS-0962,MEDICINE,,"Patient had fever, started treatment, then developed cola colored urine + jaundice. Labs: Hb 7, retic 10%. Cause?",G6PD deficiency,,,,,A,
IMS-0963,MEDICINE,,"A deep-sea diver on returning to the shore suffers from congestion, has high respiratory rate and pain in his joints, is because of:",Nitrogen bubbles (Decompression sickness),,,,,A,
IMS-0964,MEDICINE,,"A patient present in ER department with hypotension BP 70 50 mmHg, decreased CO, decreased CVP, which of following type of shock is it?",Hypovolemic shock,,,,,A,
IMS-0965,MEDICINE,,"A diabetic presents with abdominal pain, Kussmaul breathing, and a fruity odor. Blood glucose is 480 mg/dL. What is the first-line management?",IV normal saline followed by insulin,,,,,A,
IMS-0966,MEDICINE,,A chronic alcoholic presents with severe vomiting followed by hematemesis. Endoscopy shows linear mucosal tears at the GE junction. What acid-base disorder is most likely?,Metabolic alkalosis,,,,,A,
IMS-0967,MEDICINE,,"After massive blood transfusion, patient develops carpopedal spasm. Cause?",Low calcium (Citrate toxicity),,,,,A,
IMS-0968,MEDICINE,,A man presents with acute watery diarrhea and vomiting for 10 hours and is moderately dehydrated upon examination. What is the most appropriate initial intravenous fluid to administer for rapid volume resuscitation?,Ringer's Lactate,,,,,A,
IMS-0969,MEDICINE,,A man on long-term anti-TB therapy develops bilateral pitting edema. Labs show low serum albumin. What is the most likely cause?,Protein-energy malnutrition due to chronic illness,,,,,A,
IMS-0970,MEDICINE,,"ABG: pH 7.21, pCO2 60mmHg, HCO3 28mEq/L. Acid-base abnormality?",Respiratory acidosis with partial metabolic compensation,,,,,A,
IMS-0971,MEDICINE,,"A 45-year-old man arrives at the emergency department with shortness of breath, a feeling of a sinking heart, recent fatigue, and muscle weakness. Lung auscultation reveals bilateral fine crackles, and his ECG shows T wave depression in multiple leads. What is the likely cause of his symptoms?",Hypokalemia,,,,,A,
IMS-0972,MEDICINE,,What type of acid-base disturbance typically occurs in patients who are vomiting?,Metabolic Alkalosis,,,,,A,
IMS-0973,MEDICINE,,"What is a common, life-threatening electrolyte complication of massive blood transfusion?",Hyperkalemia (and Hypocalcemia via citrate),,,,,A,
IMS-0974,MEDICINE,,What acid-base disturbance is typically seen in patients who have persistent vomiting?,"Metabolic Alkalosis (Hypochloremic, hypokalemic)",,,,,A,
IMS-0975,MEDICINE,,"A patient presents with shortness of breath (SOB) and cough. Arterial Blood Gas (ABG) results are: pO2 70 mmHg, pH 7.35, HCO3 36, and pCO2 60 mmHg. Identify the acid-base abnormality:",Fully Compensated Respiratory Acidosis,,,,,A,
IMS-0976,MEDICINE,,A bicarbonate level of 26 (Normal) and hypercapnia (high pCO2) with a low pH suggest which acid-base disorder?,Uncompensated Acute Respiratory Acidosis,,,,,A,
IMS-0977,MEDICINE,,"A patient has pH 7.32, pCO2 50 mmHg, HCO3 24 mEq/L. What is the acid-base disorder?",Respiratory acidosis,,,,,A,
IMS-0978,MEDICINE,,A patient is rescued from near-drowning and is apneic. Arterial blood gases will immediately show which primary derangement?,Severe Respiratory Acidosis,,,,,A,
IMS-0979,MEDICINE,,"A patient's ABGs show a pH of 7.2, HCO3 of 19 mEq/L, and pCO2 of 39 mmHg. What is the likely diagnosis?",Uncompensated Metabolic Acidosis,,,,,A,
IMS-0980,MEDICINE,,"A patient's ABG shows pH 7.12, PCO2 60 mmHg, and HCO3 19 mEq/L. What is the precise acid-base disorder?",Mixed metabolic acidosis and respiratory acidosis,,,,,A,
IMS-0981,METABOLISM,,A patient receiving total parenteral nutrition (TPN) is at risk of which metabolic complication?,Hyperglycemia,,,,,A,
IMS-0982,MICROBIOLOGY,,A wound with sulfur granule-like discharge is caused by:,Actinomyces,,,,,A,
IMS-0983,MICROBIOLOGY,,A woody hard jaw mass with draining sinuses and sulfur granules is caused by:,Actinomyces israelii,,,,,A,
IMS-0984,MICROBIOLOGY,,An immunocompromised patient with septate hyphae branching at 45 degrees has pulmonary infection caused by:,Aspergillus fumigatus,,,,,A,
IMS-0985,MICROBIOLOGY,,A fungal ball in a pre-existing TB cavity is caused by:,Aspergillus species,,,,,A,
IMS-0986,MICROBIOLOGY,,The most common anaerobic organism causing post-abdominal surgery infections is:,Bacteroides fragilis,,,,,A,
IMS-0987,MICROBIOLOGY,,Corynebacterium diphtheriae shows which growth pattern on microscopy?,Chinese letter/palisade pattern,,,,,A,
IMS-0988,MICROBIOLOGY,,The liver fluke associated with cholangiocarcinoma is:,Clonorchis sinensis,,,,,A,
IMS-0989,MICROBIOLOGY,,A traveler from Thailand with profuse watery diarrhea has donut-shaped structures on stool microscopy. The diagnosis is:,Cryptosporidiosis,,,,,A,
IMS-0990,MICROBIOLOGY,,An AIDS patient with chronic profuse watery diarrhea has GI disease caused by:,Cytomegalovirus,,,,,A,
IMS-0991,MICROBIOLOGY,,Bacterial endospore heat resistance is due to:,Dipicolinic acid and calcium ions,,,,,A,
IMS-0992,MICROBIOLOGY,,Bacterial spore heat resistance is primarily due to:,Dipicolinic acid and intracellular calcium,,,,,A,
IMS-0993,MICROBIOLOGY,,A medical lab technician with 4-month fatigue and deranged LFTs with hepatocyte ballooning and inflammation should be tested for:,HBsAg (Hepatitis B),,,,,A,
IMS-0994,MICROBIOLOGY,,An HIV patient with bluish-red skin lesions and oral thrush has skin disease caused by:,HHV-8 (Kaposi sarcoma),,,,,A,
IMS-0995,MICROBIOLOGY,,A 42-year-old man with multiple painless raised papilloma-like penile lesions has infection caused by:,HPV (human papillomavirus),,,,,A,
IMS-0996,MICROBIOLOGY,,Reye syndrome is associated with which viral infection?,Influenza A (with aspirin use),,,,,A,
IMS-0997,MICROBIOLOGY,,White oral lesions that can be easily scraped off revealing a red base are diagnostic of:,Oral candidiasis (thrush),,,,,A,
IMS-0998,MICROBIOLOGY,,Dry heat sterilization kills bacteria primarily through:,Oxidation,,,,,A,
IMS-0999,MICROBIOLOGY,,Slapped cheek syndrome (erythema infectiosum) is caused by:,Parvovirus B19,,,,,A,
IMS-1000,MICROBIOLOGY,,Botulinum toxin enters cells via:,Receptor-mediated endocytosis,,,,,A,
IMS-1001,MICROBIOLOGY,,A 47-year-old diabetic male with DKA develops black necrotic nasal and palatal lesions. The causative organism is:,Rhizopus (mucormycosis),,,,,A,
IMS-1002,MICROBIOLOGY,,Autoclaving sterilizes surgical instruments by:,Saturated steam under pressure at 121°C for 15-30 min,,,,,A,
IMS-1003,MICROBIOLOGY,,Fungal hyphae with cross-walls (septa) are described as:,Septate hyphae,,,,,A,
IMS-1004,MICROBIOLOGY,,Parvovirus B19 causing slapped cheek syndrome (erythema infectiosum) is a:,Single-stranded DNA virus,,,,,A,
IMS-1005,MICROBIOLOGY,,Post-splenectomy sepsis is most commonly caused by which Gram-positive organism?,Streptococcus pneumoniae,,,,,A,
IMS-1006,MICROBIOLOGY,,A child with dew-drop-on-rose-petal rash in various healing stages has infection caused by:,Varicella-zoster virus,,,,,A,
IMS-1007,MICROBIOLOGY,,"A 4-year-old boy from Azad Kashmir with failure to thrive, hepatosplenomegaly, pallor, pancytopenia, and ESR 80 has:",Visceral leishmaniasis (kala-azar),,,,,A,
IMS-1008,MICROBIOLOGY,,The investigation required to diagnose Trichomonas infection is:,Wet mount of vaginal secretion,,,,,A,
IMS-1009,MICROBIOLOGY,,A 37-year-old man presents with respiratory distress; laboratory testing shows an elevated eosinophil count. Which of the following can cause this finding?,Parasitic infection,,,,,A,
IMS-1010,MICROBIOLOGY,,"After a blood transfusion, a patient develops fever, malaise, and jaundice. Which type of hepatitis is most commonly transmitted by blood transfusion?",Hep. C,,,,,A,
IMS-1011,MICROBIOLOGY,,An endoscopic instrument was used on a patient positive for hepatitis B. Which method of sterilization/disinfection should be used for the instrument?,Soaking in Glutaraldehyde 2% for 30 mins,,,,,A,
IMS-1012,MICROBIOLOGY,,"A neonate from the nursery develops a generalized vesicular rash with lesions in different stages that appear as clear vesicles on an erythematous base, described as ""dew drops on rose petals."" Which organism is most likely the cause?",Varicella zoster virus,,,,,A,
IMS-1013,MICROBIOLOGY,,Which organism most commonly causes pyogenic ascites?,E. coli,,,,,A,
IMS-1014,MICROBIOLOGY,,Kaposi sarcoma is caused by infection with which oncogenic virus?,Human herpesvirus-8 (HHV-8),,,,,A,
IMS-1015,MICROBIOLOGY,,Which of the following nerves is most commonly affected by herpes simplex virus (HSV)?,Trigeminal nerve,,,,,A,
IMS-1016,MICROBIOLOGY,,A patient has recurrent purulent wound drainage with systemic signs of infection. Which investigation best confirms the diagnosis?,Blood culture and sensitivity,,,,,A,
IMS-1017,MICROBIOLOGY,,A fisherman has chronic limb swelling due to a filarial infection. Which parasite is most likely responsible?,Wuchereria bancrofti,,,,,A,
IMS-1018,MICROBIOLOGY,,The process used to kill the spores of surgical instruments for sterilization is typically:,Autoclaving,,,,,A,
IMS-1019,MICROBIOLOGY,,An Intravenous Drug Abuser is hospitalized with Infective Endocarditis. Which microorganism is the most common cause of endocarditis in this patient population?,Staphylococcus aureus,,,,,A,
IMS-1020,MICROBIOLOGY,,A male develops diplopia and respiratory paralysis after eating canned fish. The causative agent is:,Botulinum toxin,,,,,A,
IMS-1021,MICROBIOLOGY,,A Karachi fisherman with a history of eating raw freshwater fish presents with painless jaundice. Imaging shows hilar cholangiocarcinoma. What is the most likely cause?,Clonorchis sinensis,,,,,A,
IMS-1022,MICROBIOLOGY,,"If an expected Gram-positive bacterial pathogen cannot be isolated or grown in a standard laboratory culture despite strong clinical evidence of infection, what is the most appropriate next step for rapid identification?",Polymerase Chain Reaction,,,,,A,
IMS-1023,MICROBIOLOGY,,Bronchogenic carcinoma can be caused by which virus?,CMV,,,,,A,
IMS-1024,MICROBIOLOGY,,A pregnant woman presents with mild fever and lymphadenopathy. TORCH screening is positive for a protozoan whose oocysts are typically acquired from cat feces. Which organism is responsible?,Toxoplasma gondii,,,,,A,
IMS-1025,MICROBIOLOGY,,"A student presents with low-grade fever, dry cough, and joint pains. CXR is normal. Most likely organism?",Mycoplasma pneumoniae,,,,,A,
IMS-1026,MICROBIOLOGY,,"A man has RUQ pain, fever, and a liver abscess aspirate with brown anchovy paste.",Entamoeba histolytica,,,,,A,
IMS-1027,MICROBIOLOGY,,"A woman presents with severe pain, rapid swelling, and a foul-smelling discharge from her thigh following an RTA. Palpation reveals crepitus in the soft tissue. What is the most likely causative organism?",Clostridium perfringens,,,,,A,
IMS-1028,MICROBIOLOGY,,Which of the following is at the highest risk of transfer to the patient undergoing blood transfusion:,Hep B,,,,,A,
IMS-1029,MICROBIOLOGY,,"A patient with jaundice, ALT/AST/ALP elevated, previous unknown HBV exposure.",HBsAg,,,,,A,
IMS-1030,MICROBIOLOGY,,A urine culture from a patient with recurrent UTIs shows a bacteria exhibiting characteristic swarming motility on agar. Which organism is it?,Proteus mirabilis,,,,,A,
IMS-1031,MICROBIOLOGY,,Pulmonary symptoms are present in which parasitic disease:,Ascariasis,,,,,A,
IMS-1032,MICROBIOLOGY,,Cleaning of surgical instruments after surgery is done by:,2% Glutaraldehyde,,,,,A,
IMS-1033,MICROBIOLOGY,,"A patient with sarcoidosis presents with cough and shortness of breath. Sputum shows gram-positive branching filaments, acid-fast weakly (+), and negative Ziehl-Neelsen staining.",Nocardia,,,,,A,
IMS-1034,MICROBIOLOGY,,"A patient presenting with severe Diabetic Ketoacidosis is at significantly increased risk for which specific, aggressive fungal infection?",Mucormycosis,,,,,A,
IMS-1035,MICROBIOLOGY,,A soldier sustains multiple splinter injuries. Which organism is most commonly associated with penetrating wooden splinters?,Clostridium tetani / Clostridium perfringens,,,,,A,
IMS-1036,MICROBIOLOGY,,"After colonoscopy on an HBsAg-positive patient, what method is appropriate for disinfecting the endoscope?",2.5% glutaraldehyde immersion,,,,,A,
IMS-1037,MICROBIOLOGY,,Gram-positive bacteria unable to grow? What should be done next?,Perform quality control on the Gram stain reagents and culture conditions,,,,,A,
IMS-1038,MICROBIOLOGY,,"A culture from a wound infection shows Gram-positive cocci in clusters, catalase positive, coagulase positive. What is the organism?",Staphylococcus aureus,,,,,A,
IMS-1039,MICROBIOLOGY,,A child presents with generalized tetanus (muscle rigidity and spasms). Pathogenesis involves blockade of:,Glycine and GABA release,,,,,A,
IMS-1040,MICROBIOLOGY,,"A patient presents with high fever, chills, and hemoglobinuria. Blood smear shows ring-shaped trophozoites inside RBCs. Most likely organism?",Plasmodium falciparum,,,,,A,
IMS-1041,MICROBIOLOGY,,"A traveler returns with 2 weeks of watery diarrhea, bloating, and weight loss. Small bowel biopsy is normal. Stool antigen test is positive. Most likely pathogen?",Giardia lamblia,,,,,A,
IMS-1042,MICROBIOLOGY,,"After colonoscopy on an HBsAg-positive patient, what method is appropriate for disinfecting the endoscope?",2% Glutaraldehyde immersion,,,,,A,
IMS-1043,MICROBIOLOGY,,Most common opportunistic bacterial infection:,Staphylococcus aureus / Pseudomonas,,,,,A,
IMS-1044,MICROBIOLOGY,,"A patient with a painful, fluctuant skin abscess undergoes incision and drainage. Gram stain shows gram positive cocci in clusters, catalase positive, coagulase positive. Identify the organism.",Staphylococcus aureus,,,,,A,
IMS-1045,MICROBIOLOGY,,"A patient was having fever and neck pain. He was having rash around ankles and signs of meningeal irritation. CSF analysis show increased proteins and neutrophils more than lymphocytes. On the basis of Gram stain, doctor started IV ceftriaxone, what are the results on gram stain?",Gram negative diplococci (Neisseria meningitidis),,,,,A,
IMS-1046,MICROBIOLOGY,,Most common organism in pyogenic peritonitis?,E. coli and Bacteroides fragilis,,,,,A,
IMS-1047,MICROBIOLOGY,,Hepatitis B mode of transmission:,"Sexual, parenteral, and perinatal",,,,,A,
IMS-1048,MICROBIOLOGY,,Moist-heat-sensitive instruments (plastic medical equipment) are sterilized by:,Ethylene oxide,,,,,A,
IMS-1049,MICROBIOLOGY,,"A patient with nasal polyps presents with a fungal infection showing broad, non-septate hyphae branching at right angles. The most likely causative organism is:",Mucormycosis (Rhizopus/Mucor),,,,,A,
IMS-1050,MICROBIOLOGY,,"An unvaccinated child presents with fever, rash, cough, conjunctivitis, and Koplik spots. Causative virus:",Paramyxovirus (Measles),,,,,A,
IMS-1051,MICROBIOLOGY,,A patient present with signs of jaundice and deranged LFTs and RETS. Endoscopy confirms diagnosis of cholangiocarcinoma. Which of the following organisms is notorious for leading to this condition?,Clonorchis sinensis,,,,,A,
IMS-1052,MICROBIOLOGY,,"A male had unprotected sex. Two days later, he develops a painless ulcer on the glans penis. Likely causative organism?",Treponema pallidum,,,,,A,
IMS-1053,MICROBIOLOGY,,"An endoscopic instrument was used for a procedure in a Hep B+ patient, the method of sterilization for it is:",Soaking in Glutaraldehyde 2% for 30 mins,,,,,A,
IMS-1054,MICROBIOLOGY,,"An AIDS patient with a CD4 count below 100 cells/uL develops severe, watery, non-bloody diarrhea that is profuse and chronic. Oocysts are detected on acid-fast staining of the stool. What is the most likely opportunistic cause of this diarrhea?",Cryptosporidium,,,,,A,
IMS-1055,MICROBIOLOGY,,A pregnant lady tests positive for Anti-HBc IgM. What does this serological finding specifically indicate?,Acute Hepatitis B infection,,,,,A,
IMS-1056,MICROBIOLOGY,,Mycobacterium tuberculosis survives intracellularly to cause persistent infection. Which mechanism explains its pathogenesis?,"Inhibits phagolysosome fusion, hiding from host immune system",,,,,A,
IMS-1057,MICROBIOLOGY,,"A 25-year-old man who frequently eats street food developed right upper quadrant pain, fever, and vomiting. Imaging showed liver cysts caused by Echinococcus granulosus and similar cysts in the right lower lung lobe. What best explains the presence of cysts in both locations?",Via hepatic veins and IVC,,,,,A,
IMS-1058,MICROBIOLOGY,,A 65-year-old immunocompromised patient develops hospital-acquired pneumonia. Which factor primarily affects how the pathogen causes infection in this patient?,Pathogen type and immune status of patient,,,,,A,
IMS-1059,MICROBIOLOGY,,An outbreak of bubonic plague caused several deaths. The reservoir is mice; identify the vector that transmits the disease to humans.,Rat flea (Xenopsylla cheopis),,,,,A,
IMS-1060,MICROBIOLOGY,,"Instruments used on patients suspected of HIV require proper disinfection, especially when they must be reused. Identify the most appropriate disinfection level for these surgical instruments.",Autoclaving or High-level disinfection,,,,,A,
IMS-1061,MICROBIOLOGY,,Which method is appropriate for sterilizing endoscopic instruments such as cystoscopes and hysteroscopes?,Glutaraldehyde 2% (Cold sterilization),,,,,A,
IMS-1062,MICROBIOLOGY,,How does autoclaving sterilize surgical instruments?,Using high pressure saturated steam at 121°C for 15-30 minutes,,,,,A,
IMS-1063,MICROBIOLOGY,,Which solution is recommended for cleaning the operating theater floor after surgery on an HIV-positive patient?,1% Sodium Hypochlorite,,,,,A,
IMS-1064,MICROBIOLOGY,,What is the characteristic presentation of foodborne botulism? Identify the key clinical feature seen in this poisoning.,Descending flaccid paralysis leading to Respiratory failure,,,,,A,
IMS-1065,MICROBIOLOGY,,Which pathogen is commonly transmitted through blood transfusions?,"Hep B, Hep C, and HIV",,,,,A,
IMS-1066,MICROBIOLOGY,,"Which infectious agent is known to cause congenital cataracts, sensorineural deafness, and PDA?",Rubella,,,,,A,
IMS-1067,MICROBIOLOGY,,What is the appropriate disinfectant concentration for cleaning the operating room floor after surgery on an HIV-positive patient?,1% Sodium Hypochlorite,,,,,A,
IMS-1068,MICROBIOLOGY,,A 5-year-old child presents with rectal prolapse. Which parasitic organism is most commonly responsible?,Trichuris trichiura (Whipworm),,,,,A,
IMS-1069,MICROBIOLOGY,,"A patient presents with fever, neck pain, a rash around the ankles, and meningeal irritation. CSF analysis shows increased protein and neutrophils. Intravenous ceftriaxone was initiated; what is the expected Gram stain result for this organism?",Gram-negative diplococci (Neisseria meningitidis),,,,,A,
IMS-1070,MICROBIOLOGY,,Which method is most effective at killing spore-forming bacteria?,Moist heat under pressure (Autoclaving),,,,,A,
IMS-1071,MICROBIOLOGY,,An intravenous drug user develops an MRSA infection. What is the most likely cause of MRSA antibiotic resistance?,Presence of mecA gene encoding altered penicillin-binding protein (PBP2a),,,,,A,
IMS-1072,MICROBIOLOGY,,What is the primary mode of transmission for Taenia solium causing cysticercosis?,Ingestion of eggs (Ingestion of undercooked meat causes intestinal tapeworm),,,,,A,
IMS-1073,MICROBIOLOGY,,Which organism is most commonly transmitted through blood transfusion (assuming standard screening is done for HIV/HBV/HCV)?,Cytomegalovirus (CMV),,,,,A,
IMS-1074,MICROBIOLOGY,,A microbiology student sterilizes agar by heating it at 100°C for 20 minutes on 3 consecutive days. Which sterilization method does this describe?,Tyndallization (Fractional sterilization),,,,,A,
IMS-1075,MICROBIOLOGY,,At what temperature and duration does High-Temperature Short-Time (HTST) pasteurization of food typically occur?,72°C for 15 Seconds,,,,,A,
IMS-1076,MICROBIOLOGY,,A patient with trismus and risus sardonicus is diagnosed with tetanus caused by Clostridium tetani. Which neurotransmitters are blocked from release due to the effect of tetanospasmin?,GABA and Glycine,,,,,A,
IMS-1077,MICROBIOLOGY,,Which method is used to sterilize surgical instruments effectively by killing all spores?,Autoclaving (Moist heat under pressure),,,,,A,
IMS-1078,MICROBIOLOGY,,Which anaerobic organism is most commonly responsible for foul-smelling discharge or abscess formation in the abdomen following bowel surgery?,Bacteroides fragilis,,,,,A,
IMS-1079,MICROBIOLOGY,,"A patient with fever, cough, rusty sputum infiltrate on chest X-ray, and gram-positive, catalase-negative, alpha-hemolytic diplococci in culture is likely to have:",Streptococcus pneumoniae,,,,,A,
IMS-1080,MICROBIOLOGY,,"An 80-year-old male, bedridden for 1 year, presents with fever and cough, producing yellowish sputum. His lower lung lobe is filled with pus and shows multiple air-fluid levels on imaging. What is the most likely organism involved?",Staphylococcus aureus (Abscess formation),,,,,A,
IMS-1081,MICROBIOLOGY,,"A young female patient presents with burning micturition, cloudy urine, no fever, and no pelvic tenderness. Lactose-fermenting, indole-negative rods were observed on MacConkey agar. The causative organism is:",Escherichia coli,,,,,A,
IMS-1082,MICROBIOLOGY,,Which component of the gram-positive cell wall is primarily responsible for triggering septic shock?,Lipoteichoic acid / Peptidoglycan,,,,,A,
IMS-1083,MICROBIOLOGY,,"A patient with a history of hepatitis B is diagnosed with acute hepatitis, and delta antigens are detected. What does this superinfection imply?",Increased severity of acute hepatitis and higher risk of fulminant liver failure,,,,,A,
IMS-1084,MICROBIOLOGY,,"A patient with HBsAg positive, Anti-HBc IgM positive, and HBeAg negative is likely to have which diagnosis?",Acute Hepatitis B (Low infectivity phase),,,,,A,
IMS-1085,MICROBIOLOGY,,"A child presents with perianal itching, worse at night, and stool containing small white worms. Which laboratory finding is usually notably absent or mild, distinguishing it from tissue-invasive parasites?",Eosinophilia (Usually normal in Enterobius vermicularis),,,,,A,
IMS-1086,MICROBIOLOGY,,A 12-year-old child presented with profuse bloody diarrhea. Colonoscopy shows a red descending and sigmoid colon. What is the likely cause?,Campylobacter jejuni,,,,,A,
IMS-1087,MICROBIOLOGY,,"A 6-year-old child is brought to the clinic with complaints of perianal itching, especially at night. The child is otherwise active and afebrile. What is the most likely diagnosis?",Enterobius vermicularis (Pinworm),,,,,A,
IMS-1088,MICROBIOLOGY,,What differentiates Taenia solium and Taenia saginata?,T. solium has a scolex with hooks and <15 uterine branches; T. saginata has no hooks and >15 uterine branches,,,,,A,
IMS-1089,MICROBIOLOGY,,Which of the following parasitic diseases is spread by mosquito bites?,Lymphatic Filariasis (Wuchereria bancrofti),,,,,A,
IMS-1090,MICROBIOLOGY,,Treatment for a Nocardia lung abscess includes:,Trimethoprim-Sulfamethoxazole (TMP-SMX),,,,,A,
IMS-1091,MICROBIOLOGY,,Why do we use sporicidal fumigation or strong hypochlorite to clean a hospital room?,To eradicate Clostridioides difficile spores,,,,,A,
IMS-1092,MICROBIOLOGY,,"A horse rider fell and sustained scratches, presenting with lockjaw and spasms. This is due to tetanus toxin blocking the release of:",GABA and Glycine,,,,,A,
IMS-1093,MICROBIOLOGY,,"An elderly man developed a mass in the upper right neck after complex dental surgery for a lower molar, and he is febrile (Ludwig's angina). Which organism is likely responsible?","Mixed oral flora (Anaerobes, Streptococci)",,,,,A,
IMS-1094,MICROBIOLOGY,,A patient from Dubai presents with painless hematuria and is diagnosed with squamous cell carcinoma of the bladder. Which organism is associated with this disease?,Schistosoma haematobium,,,,,A,
IMS-1095,MICROBIOLOGY,,Epstein-Barr Virus (EBV) primarily infects which type of cells?,B lymphocytes,,,,,A,
IMS-1096,MICROBIOLOGY,,A homosexual male who is HIV positive has fever and a dry cough for weeks. Sputum shows atypical mycobacteria. The causative organism is:,Mycobacterium avium-intracellulare (MAC),,,,,A,
IMS-1097,MICROBIOLOGY,,An uncircumcised boy presents with glans laceration and a fixed skin rash. Which organism is most likely responsible for causing penile malignancy?,Human Papillomavirus (HPV),,,,,A,
IMS-1098,MICROBIOLOGY,,"In a case of Corynebacterium diphtheriae, what type of characteristic growth pattern is seen on Gram staining?",Palisade (Chinese-letter) pattern,,,,,A,
IMS-1099,MICROBIOLOGY,,A farmer presents with a draining foot abscess containing red granules. The responsible organism is most likely:,Actinomadura / Madurella mycetomatis,,,,,A,
IMS-1100,MICROBIOLOGY,,Ascending cholangiohepatitis is a severe complication strongly associated with chronic infection by which parasite?,Clonorchis sinensis,,,,,A,
IMS-1101,MICROBIOLOGY,,Which stain is specifically used to visualize Bacillus anthracis and its prominent poly-D-glutamate capsule?,Polychrome methylene blue (McFadyean's stain),,,,,A,
IMS-1102,MICROBIOLOGY,,"A patient with a woody, indurated jaw mass has a draining sinus tract. The exudate contains distinctive yellow ""sulfur granules."" Which organism is responsible?",Actinomyces israelii,,,,,A,
IMS-1103,MICROBIOLOGY,,"A sexually active young female presents with burning micturition. Urine shows abundant pus cells. Culture yields a Gram-positive, catalase-positive, coagulase-negative coccus. Which organism is this?",Staphylococcus saprophyticus,,,,,A,
IMS-1104,MICROBIOLOGY,,Consuming raw or undercooked infected pork or beef is the primary route of acquiring an intestinal infection from which organism?,Taenia species (Tapeworm),,,,,A,
IMS-1105,MICROBIOLOGY,,"A female patient presents with urinary frequency and urgency. Urine microscopy shows Gram-negative, highly motile rods that are urease-positive and lactose non-fermenting on MacConkey agar. The organism is:",Proteus mirabilis,,,,,A,
IMS-1106,MICROBIOLOGY,,"A homosexual male who is HIV positive (CD4 < 50) presents with fever, night sweats, and a dry cough for weeks. Sputum culture shows atypical acid-fast mycobacteria. The causative organism is:",Mycobacterium avium-intracellulare complex (MAC),,,,,A,
IMS-1107,MICROBIOLOGY,,A child is diagnosed with Neisseria meningitidis meningitis. The parents are terrified as other siblings are sick. What is the primary mode of transmission for this pathogen?,Respiratory droplets / Direct contact with oral secretions,,,,,A,
IMS-1108,MICROBIOLOGY,,Which toxin is responsible for the characteristic rash produced in scarlet fever?,Erythrogenic toxin (Pyrogenic exotoxin),,,,,A,
IMS-1109,MICROBIOLOGY,,A tailor with active TB infection transmits the disease to two of his family members. What is the primary mode of spread?,Aerosolized respiratory droplets,,,,,A,
IMS-1110,MICROBIOLOGY,,"Friedlander's pneumonia, characterized by thick, bloody, mucoid sputum, is primarily caused by which pathogen?",Klebsiella pneumoniae,,,,,A,
IMS-1111,MICROBIOLOGY,,Which viral organism is most commonly associated with the development of erythema multiforme?,Herpes Simplex Virus (HSV),,,,,A,
IMS-1112,MICROBIOLOGY,,Which structural feature of the cell wall is unique to Acid-Fast Bacilli (like Mycobacterium) and prevents decolorization by acid-alcohol?,Mycolic acids,,,,,A,
IMS-1113,MICROBIOLOGY,,"A boy with pica presents with respiratory symptoms, vomiting, and passes a 6-inch long cylindrical worm through his nose. What is the causative organism?",Ascaris lumbricoides,,,,,A,
IMS-1114,MICROBIOLOGY,,A patient presents with paroxysmal fever and chills occurring exactly every 72 hours (quartan fever). The causative organism is:,Plasmodium malariae,,,,,A,
IMS-1115,MICROBIOLOGY,,A child develops severe abdominal pain and dysentery after eating at a restaurant. Stool microscopy shows abundant red blood cells AND pus cells (leukocytes). What is the causative organism?,Enteroinvasive E. coli (EIEC) or Shigella,,,,,A,
IMS-1116,MICROBIOLOGY,,"A child has a vesicular rash on the palms and soles with blistering lesions on the oral mucosa (Hand, Foot, and Mouth Disease). What is the structure of the causative Coxsackievirus?","Naked, positive-sense single-stranded RNA virus (Picornavirus)",,,,,A,
IMS-1117,MICROBIOLOGY,,The clinical virulence and pathogenicity of a Staphylococcus aureus strain are most directly correlated with its ability to produce which enzyme?,Coagulase,,,,,A,
IMS-1118,MICROBIOLOGY,,"A sexually active male presents with severe purulent conjunctivitis. Culture grows Gram-negative, intracellular diplococci. The organism is:",Neisseria gonorrhoeae,,,,,A,
IMS-1119,MICROBIOLOGY,,"A baby has a ""slapped cheek"" rash. The causative virus (Parvovirus B19) is unique among human DNA viruses because its genome structure is:",Single-stranded DNA,,,,,A,
IMS-1120,MICROBIOLOGY,,Which highly specific serum antigen test is routinely used to rapidly diagnose Invasive Aspergillosis in neutropenic or immunocompromised patients?,Galactomannan assay,,,,,A,
IMS-1121,MICROBIOLOGY,,"A child presents with high fever, localized bone pain, and refusal to bear weight, diagnosed with acute hematogenous osteomyelitis. What is the most common causative organism overall?",Staphylococcus aureus,,,,,A,
IMS-1122,MICROBIOLOGY,,"A patient underwent an emergency splenectomy following an automobile accident. Two months later, he presents with overwhelming sepsis and shock (OPSI). What is the most likely causative organism?",Streptococcus pneumoniae (Encapsulated bacteria),,,,,A,
IMS-1123,MOLECULAR BIOLOGY,,What types of nucleic acids can standard PCR identify in a sample?,DNA,,,,,A,
IMS-1124,MOLECULAR BIOLOGY,,What is the first step in the polymerase chain reaction (PCR) process?,Denaturation (Melting) at 95°C,,,,,A,
IMS-1125,MOLECULAR BIOLOGY,,What is the main purpose of the polymerase chain reaction (PCR) in molecular biology?,Targeted DNA amplification,,,,,A,
IMS-1126,MOLECULAR BIOLOGY,,"During PCR, after the DNA strands separate during denaturation, which component binds to initiate the elongation process?",Primers (Annealing phase),,,,,A,
IMS-1127,MOLECULAR BIOLOGY,,"In recombinant DNA technology, what is the most common vector used to carry foreign DNA into a bacterial cell?",Plasmid,,,,,A,
IMS-1128,NEPHROLOGY,,"A 14-year-old boy presents with generalized swelling and has nephrotic-range proteinuria (>10 g/day), hypoalbuminemia, and hyperlipidemia. What is the primary mechanism responsible for his edema?",Decreased oncotic pressure,,,,,A,
IMS-1129,NEPHROLOGY,,A patient with long-standing diabetes has persistent proteinuria. Which test is the gold standard for quantifying protein loss in diabetic nephropathy?,24-hour urinary protein,,,,,A,
IMS-1130,NEPHROLOGY,,A male presents with newly diagnosed hypertension. Lab investigations reveal elevated plasma renin activity. The cause is likely:,Constriction of renal artery,,,,,A,
IMS-1131,NEPHROLOGY,,"A woman with long-standing hypertension is on three antihypertensive drugs. Her BP remains 180/100 mmHg. She reports episodes of sudden shortness of breath. After starting an ACE inhibitor, her serum creatinine rises from 1.0 mg/dL to 2.4 mg/dL within one week. Abdominal examination reveals an epigastric bruit. What is the most likely diagnosis?",Renal artery stenosis (due to atherosclerosis),,,,,A,
IMS-1132,NEPHROLOGY,,A female patient having CRF and renal osteodystrophy exhibits low serum calcium and high phosphate levels. What is the most appropriate treatment to correct this imbalance?,Calcitriol,,,,,A,
IMS-1133,NEPHROLOGY,,A patient on hemodialysis develops correction of metabolic acidosis after the session. Which substance in the dialysate is responsible?,Bicarbonate / Acetate,,,,,A,
IMS-1134,NEPHROLOGY,,A patient with renal failure develops ventricular arrhythmias. Which electrolyte is most commonly elevated and responsible?,Potassium (Hyperkalemia),,,,,A,
IMS-1135,NEPHROLOGY,,A CKD patient has decreased renal GFR. Which test will help assess renal function before renal transplant?,Creatinine clearance,,,,,A,
IMS-1136,NEPHROLOGY,,"A patient presents with recurrent respiratory infections, saddle nose deformity, and crescentic glomerulonephritis on renal biopsy. What is the most likely diagnosis?",Granulomatosis with polyangiitis,,,,,A,
IMS-1137,NEPHROLOGY,,"A woman with type 1 diabetes mellitus presents with abdominal pain, dehydration, and rapid Kussmaul breathing. Her ABG shows: pH 7.20, pCO2 20mmHg, HCO3 11mEq/L. What is the MOST likely acid-base disturbance?",High anion gap metabolic acidosis,,,,,A,
IMS-1138,NEPHROLOGY,,A patient produces dilute urine due to a tubuloglomerular concentrating defect. What additional urinary finding is expected in this condition?,Low urinary sodium,,,,,A,
IMS-1139,NEPHROLOGY,,Calculate the potassium excretion rate in mmol/min for a patient whose urine potassium concentration is 50 mmol/L and urine flow rate is 2 mL/min.,0.1 mmol/min,,,,,A,
IMS-1140,NEPHROLOGY,,"A patient with chronic nephritis presents with fatigue and weakness. Her lab results reveal anemia with hemoglobin of 8.3 g/dL, platelet count of 107,000, white blood cell count of 5,400, low TIBC at 25%, and elevated ferritin at 400 ng/ml. What is the most appropriate treatment?",Erythropoietin,,,,,A,
IMS-1141,NEPHROLOGY,,A patient with complete absence of ADH has a daily GFR of 150 liters. What is the approximate urine output without treatment?,15-20 L/day,,,,,A,
IMS-1142,NEPHROLOGY,,A patient on twice-weekly dialysis is being evaluated for kidney transplantation. Which test best assesses overall renal function in this context?,Creatinine Clearance (GFR estimation),,,,,A,
IMS-1143,NEPHROLOGY,,A patient shows signs of hypovolemia and lab results indicate a renal tubular defect causing granular casts and metabolic acidosis. What is the most likely underlying cause?,Acute Tubular Necrosis (ATN) due to ischemia,,,,,A,
IMS-1144,NEPHROLOGY,,"A patient presents with edema and elevated blood pressure. Investigations show hypokalemia, low renin, and suppressed aldosterone levels. A diagnosis of Liddle syndrome is made. Where is the underlying defect located?",Gain-of-function mutation in the Epithelial Sodium Channel (ENaC) in the collecting duct,,,,,A,
IMS-1145,NEUROLOGY,,Heightened smell sensitivity with memory impairment indicates a lesion in:,Amygdala,,,,,A,
IMS-1146,NEUROLOGY,,The most commonly obstructed structure in hydrocephalus is:,Aqueduct of Sylvius (cerebral aqueduct),,,,,A,
IMS-1147,NEUROLOGY,,Nerve injury with intact nerve sheath but disrupted axon is:,Axonotmesis,,,,,A,
IMS-1148,NEUROLOGY,,"A patient with difficulty buttoning clothes, writing, and walking has which characteristic clinical sign?",Dysdiadochokinesia,,,,,A,
IMS-1149,NEUROLOGY,,A lesion at the facial colliculus in the pons causes which cranial nerve palsy?,Facial nerve (CN VII),,,,,A,
IMS-1150,NEUROLOGY,,Short-term memory loss after medial temporal lobe injury indicates damage to:,Hippocampus,,,,,A,
IMS-1151,NEUROLOGY,,"Inability to wrinkle the forehead, close the eye, or smile on the left side indicates injury to:",Left facial nerve,,,,,A,
IMS-1152,NEUROLOGY,,"A patient with dysarthria, dysphagia, left facial thermoanesthesia, ptosis, and contralateral limb weakness has:",Left lateral medullary syndrome,,,,,A,
IMS-1153,NEUROLOGY,,CNS demyelinating disease affecting a patient with diplopia and peripheral tingling involves:,Oligodendrocytes,,,,,A,
IMS-1154,NEUROLOGY,,Xerostomia after posterior cranial fossa fracture indicates damage at:,Pontomedullary junction,,,,,A,
IMS-1155,NEUROLOGY,,Pure motor hemiplegia without sensory loss from an internal capsule lesion involves:,Posterior limb-anterior part,,,,,A,
IMS-1156,NEUROLOGY,,"Resting tremor, stooped posture, shuffling gait, and expressionless face indicate a lesion in:",Substantia nigra (pars compacta),,,,,A,
IMS-1157,NEUROLOGY,,"A 67-year-old with resting tremor, pill-rolling, and akinesia has dopaminergic neuron loss in:",Substantia nigra pars compacta,,,,,A,
IMS-1158,NEUROLOGY,,A patient can hear sounds but cannot localize their direction. The damaged brainstem nucleus is:,Superior olivary nucleus,,,,,A,
IMS-1159,NEUROLOGY,,"Damage to entorhinal cortex, periamygdaloid cortex, and periaqueductal gray causes loss of:",Taste and olfaction,,,,,A,
IMS-1160,NEUROLOGY,,"A patient with GCS E4 V3 M5 (inappropriate words, localizing pain) likely has dysfunction in:",Temporal lobe,,,,,A,
IMS-1161,NEUROLOGY,,Sudden rotten-egg smell hallucination with irrelevant behavior and dysarthria indicates:,Temporal lobe seizure (uncinate fits),,,,,A,
IMS-1162,NEUROLOGY,,Frey syndrome causes sweating and flushing over the preauricular region during meals; it results from injury to which nerve?,Auriculotemporal nerve,,,,,A,
IMS-1163,NEUROLOGY,,A patient presented to the emergency department after a road traffic accident and an upper motor neuron (UMN) lesion is suspected. Which sign would be expected?,Spastic paralysis,,,,,A,
IMS-1164,NEUROLOGY,,Broca's area is located in the dominant:,Inferior frontal gyrus,,,,,A,
IMS-1165,NEUROLOGY,,An elderly woman has a road traffic accident; after recovery she can recall events from before the injury but cannot form new memories. Which brain region is most likely damaged?,Hippocampus,,,,,A,
IMS-1166,NEUROLOGY,,A patient with a cerebellar lesion has an intention tremor and difficulty buttoning a shirt. Which sign is most specific for a kinetic cerebellar deficit?,Dysdiadochokinesia,,,,,A,
IMS-1167,NEUROLOGY,,A patient presents with a transient ischemic attack and a carotid bruit. What is the confirmatory investigation?,Carotid Doppler,,,,,A,
IMS-1168,NEUROLOGY,,Which structure produces the majority of cerebrospinal fluid?,Choroid plexus,,,,,A,
IMS-1169,NEUROLOGY,,"A lesion involving the facial nerve nucleus, abducens nucleus, and corticospinal tracts most likely localizes to which part of the brainstem?",Pons,,,,,A,
IMS-1170,NEUROLOGY,,A lesion causing impaired balance and abnormal eye movements involves which region of the cerebellum?,Flocculonodular lobe,,,,,A,
IMS-1171,NEUROLOGY,,A patient suffers from difficulty going downstairs. The affected nerve reducing this ability is:,CN 4 (Trochlear),,,,,A,
IMS-1172,NEUROLOGY,,A patient with trauma develops polyuria and increased thirst. Which CNS center is likely damaged?,Paraventricular hypothalamus,,,,,A,
IMS-1173,NEUROLOGY,,"A woman with myxedema presented with numbness and tingling sensation in her hand, thenar wasting, and loss of sensation in lateral 3 1/2 fingers. Diagnosis?",Carpal Tunnel Syndrome,,,,,A,
IMS-1174,NEUROLOGY,,A patient after an RTA cannot understand or read. He is most likely suffering from:,Wernicke aphasia,,,,,A,
IMS-1175,NEUROLOGY,,A patient suddenly develops bilateral weakness of all limbs and loss of pain & temperature bilaterally below the neck. Which artery is most likely involved?,Anterior spinal artery,,,,,A,
IMS-1176,NEUROLOGY,,"A patient has damage to cranial nerves VII and VIII with left-sided facial muscle weakness, tremors, and loss of balance. What is the most likely site of the lesion?",Pons,,,,,A,
IMS-1177,NEUROLOGY,,"A patient has nerve compression at L5-S1, and CT shows a mass involving the dorsal root ganglion (DRG). Which fibers are primarily affected?",Sensory,,,,,A,
IMS-1178,NEUROLOGY,,A patient suffers a hemisection injury of the spinal cord at the lumbar region. Which sensory deficit is expected on the opposite side?,Contralateral pain and temperature loss,,,,,A,
IMS-1179,NEUROLOGY,,"A patient presents with numbness and loss of sensation in the lateral 3 and a half fingers (thumb, index, middle, and radial half of the ring finger) on the palmar side of the right hand. Which condition is the most likely cause?",Carpal Tunnel Syndrome,,,,,A,
IMS-1180,NEUROLOGY,,"A malnourished alcoholic presents with ataxia, ophthalmoplegia, and confusion. Which condition is most likely?",Wernicke's encephalopathy,,,,,A,
IMS-1181,NEUROLOGY,,A patient with tabes dorsalis presents with urinary dribbling after bladder fullness.,Overstimulation of parasympathetic activity,,,,,A,
IMS-1182,NEUROLOGY,,"A man presents with painful ophthalmoplegia, headache, ptosis, and diplopia. Which of the following findings best confirms cavernous sinus involvement?",Loss of corneal reflex,,,,,A,
IMS-1183,NEUROLOGY,,"A patient with ptosis, miosis, and anhidrosis likely has a lesion in:",Superior cervical ganglion,,,,,A,
IMS-1184,NEUROLOGY,,Crude touch and pressure are primarily carried by which sensory tract?,Paleospinothalamic tract,,,,,A,
IMS-1185,NEUROLOGY,,A vegan presents with neuropathy. Laboratory testing shows increased methylmalonic acid. This finding indicates a deficiency of:,Vitamin B12,,,,,A,
IMS-1186,NEUROLOGY,,"A boy produces incomprehensible sounds, cannot follow verbal commands, and has low comprehension. Which brain area is affected?",Wernicke's area,,,,,A,
IMS-1187,NEUROLOGY,,A patient presents with scapular winging.,Long thoracic nerve injury,,,,,A,
IMS-1188,NEUROLOGY,,Complete transection of brainstem above pons would:,Prevent any voluntary holding of breath,,,,,A,
IMS-1189,NEUROLOGY,,A woman presents with difficulty climbing stairs and rising from sitting; Trendelenburg sign is positive. Which nerve is affected?,Superior gluteal nerve,,,,,A,
IMS-1190,NEUROLOGY,,"After head trauma, patient presents with motor weakness on the contralateral side of the body. Which specific Brodmann's area of cerebral cortex is involved?",Area 4 (Primary motor cortex),,,,,A,
IMS-1191,NEUROLOGY,,Most Common Location of Extradural Hematoma:,Temporal lobe (Pterion),,,,,A,
IMS-1192,NEUROLOGY,,A man recovering from a left MCA stroke is unable to perform fine motor tasks such as buttoning his shirt. Which neurons are primarily affected?,Pyramidal cells,,,,,A,
IMS-1193,NEUROLOGY,,"A male visits a dentist. He complains he cannot place his dentures properly. Also, he has tremors and rigidity. Dentist sent him to a Neurologist. He has a problem in which nucleus of CNS?",Substantia Nigra,,,,,A,
IMS-1194,NEUROLOGY,,The most common cause of extradural hemorrhage is laceration of which specific arterial division?,Anterior division of Middle Meningeal Artery,,,,,A,
IMS-1195,NEUROLOGY,,"A man presents with a resting tremor, bradykinesia, and shuffling gait. Deficiency of which neurotransmitter is responsible?",Dopamine,,,,,A,
IMS-1196,NEUROLOGY,,A man presents with numbness over the medial sole and weakened toe flexion. Injury is suspected near the tarsal tunnel. Which nerve is damaged?,Tibial nerve,,,,,A,
IMS-1197,NEUROLOGY,,A patient had loss of sensation of pain and temperature but touch is intact. What is the site of lesion?,Syringomyelia (Anterior white commissure),,,,,A,
IMS-1198,NEUROLOGY,,"A male presented with sudden left side weakness. He has a complete loss of motor function on the left, but sensory function is intact. Where is the lesion?",Internal Capsule (Posterior limb),,,,,A,
IMS-1199,NEUROLOGY,,Loss of sensation in medial 1.5 fingers and palmar aspect. Which nerve is affected?,Ulnar nerve,,,,,A,
IMS-1200,NEUROLOGY,,"A boy produces incomprehensible sounds, cannot follow verbal commands, and has low comprehension. Which brain area is affected?",Wernicke area,,,,,A,
IMS-1201,NEUROLOGY,,RTA patient has hemisection of spinal cord on the left. Which sensation is lost on the right?,Pain and Temperature (Spinothalamic tract),,,,,A,
IMS-1202,NEUROLOGY,,"A woman presents with episodes of unilateral vision loss, tingling sensations, and limb weakness that resolve and recur. MRI of the brain shows multiple, discrete lesions including plaques near the corpus callosum. What is the most likely diagnosis?",Multiple Sclerosis,,,,,A,
IMS-1203,NEUROLOGY,,Fluent Aphasia is:,Wernicke aphasia,,,,,A,
IMS-1204,NEUROLOGY,,A man has dysphagia and difficulty turning head right. Uvula deviates to the left. Damage is at:,"Jugular foramen (CN IX, X, XI)",,,,,A,
IMS-1205,NEUROLOGY,,"A musician is playing piano, which function is helping him in his performance?",Planning and execution of voluntary movements,,,,,A,
IMS-1206,NEUROLOGY,,A patient has evening drooping of eyelid. What happens at the motor end plate?,Decreased end plate potential amplitude,,,,,A,
IMS-1207,NEUROLOGY,,A patient presents with transient ischemic attack (TIA) and a carotid bruit. Which is the confirmatory investigation?,Carotid Doppler Ultrasound,,,,,A,
IMS-1208,NEUROLOGY,,"A man presents with right sided weakness predominantly affecting the upper limb and face, along with Broca aphasia. CT shows an infarct in the left MCA territory. Which motor deficit is expected?",Spastic paralysis,,,,,A,
IMS-1209,NEUROLOGY,,"A patient speaks fluently, but words are jumbled and meaningless after an MCA stroke. Which type of aphasia?",Wernicke aphasia,,,,,A,
IMS-1210,NEUROLOGY,,Patient presented with an acute stroke involving hemiparesis of the right side. Tracts involved in such circumstance decussate at the level of:,Medulla,,,,,A,
IMS-1211,NEUROLOGY,,Antibody against presynaptic voltage-gated calcium channels. Diagnosis?,Lambert-Eaton Myasthenic Syndrome,,,,,A,
IMS-1212,NEUROLOGY,,A patient with seizures and inability to speak during episodes has a slow-growing brain lesion. Most common site?,Frontal lobe (Broca's area),,,,,A,
IMS-1213,NEUROLOGY,,"Patient after RTA, on neurological exam has motor function loss in left half of the body, + Babinski sign. Area of brain involved is:",Right cerebral cortex,,,,,A,
IMS-1214,NEUROLOGY,,"A man presents with resting tremor, rigidity, and shuffling gait. Which neurotransmitter is deficient?",Dopamine,,,,,A,
IMS-1215,NEUROLOGY,,A patient fell on his left side having a temporal contusion. Now upon examination he is unable to choose right words. Injury involves:,Wernicke's area,,,,,A,
IMS-1216,NEUROLOGY,,Right side body weakness and left side facial weakness. Lesion in:,Pons,,,,,A,
IMS-1217,NEUROLOGY,,Injury of Median nerve at the wrist will result in which of the following?,Ape hand deformity,,,,,A,
IMS-1218,NEUROLOGY,,A patient has a lesion affecting the third ventricle. Which of the following symptoms is most likely to be present?,Memory impairment and behavioral changes,,,,,A,
IMS-1219,NEUROLOGY,,Obstruction of the cerebral aqueduct causes dilation of:,Lateral & 3rd ventricles,,,,,A,
IMS-1220,NEUROLOGY,,An RTA patient has a trauma-related brain injury involving the amygdaloid and piriform fossa areas of the temporal lobe. Which sensation will be affected?,Olfactory,,,,,A,
IMS-1221,NEUROLOGY,,A 20-year-old male has a complaint of loss of vibration and proprioception in the lower limb only. The problem is in:,Fasciculus Gracilis,,,,,A,
IMS-1222,NEUROLOGY,,"A patient presented with confusion, hallucinations, and neck rigidity. MRI brain shows dilation of the ventricular system. This is suggestive of:",Meningitis leading to communicating hydrocephalus,,,,,A,
IMS-1223,NEUROLOGY,,Which pathway carries the sensation of vibration to the brain?,Dorsal Column-Medial Lemniscus (DCML),,,,,A,
IMS-1224,NEUROLOGY,,A 30-year-old patient presents with right-sided hemiplegia and left-sided facial weakness accompanied by drooling. Which of the following brain regions is most likely affected?,Pons,,,,,A,
IMS-1225,NEUROLOGY,,"A patient has peripheral tingling, numbness, diplopia, and visual disturbances and is diagnosed with a demyelinating disease. Which type of nervous system cells does this disease primarily affect?",Oligodendrocytes,,,,,A,
IMS-1226,NEUROLOGY,,A lesion in which part of the optic chiasm typically causes bitemporal hemianopia?,Middle optic chiasma (decussating fibers),,,,,A,
IMS-1227,NEUROLOGY,,A blindfolded patient is asked to identify an object by touch. Which brain area is being assessed in this test?,Somatosensory association area,,,,,A,
IMS-1228,NEUROLOGY,,"A 50-year-old patient has diplopia, ptosis, chewing weakness after prolonged use, normal pupils, dry mouth, proximal muscle weakness, and absent deep tendon reflexes. What is the most likely diagnosis?",Lambert-Eaton Syndrome,,,,,A,
IMS-1229,NEUROLOGY,,A female patient has amenorrhea and galactorrhea with elevated prolactin levels. MRI reveals a mass compressing the optic chiasma; what visual field defect is likely in this patient?,Bitemporal hemianopia,,,,,A,
IMS-1230,NEUROLOGY,,Which symptom indicates a Lower motor neuron lesion? Identify the characteristic presentation related to this type of neurological damage.,"Flaccid paralysis, muscle atrophy, and fasciculations",,,,,A,
IMS-1231,NEUROLOGY,,Which neuropeptide primarily transmits pain signals in the nervous system?,Substance P,,,,,A,
IMS-1232,NEUROLOGY,,Sweating and flushing over the preauricular area during eating occurs in Frey's syndrome. This condition results from aberrant regeneration of which nerve?,Auriculotemporal nerve,,,,,A,
IMS-1233,NEUROLOGY,,A 55-year-old patient shows neuronal degeneration and drowsiness. EEG reveals predominantly 4-7 Hz waves; identify the type of brain wave involved.,Theta waves,,,,,A,
IMS-1234,NEUROLOGY,,A patient cannot identify a key by touch with their eyes closed but can recognize it visually (Astereognosis). Which Brodmann area is likely affected?,"Primary somatosensory cortex (Areas 3, 1, 2)",,,,,A,
IMS-1235,NEUROLOGY,,"A 45-year-old man has ptosis, miosis, and anhidrosis on the right side of his face. What is the most likely diagnosis?",Horner's syndrome,,,,,A,
IMS-1236,NEUROLOGY,,"A 17-year-old girl has had horizontal double vision for 3 weeks, especially on far right lateral gaze. This symptom is most likely caused by damage to which cranial nerve?",Right Abducens nerve (CN VI),,,,,A,
IMS-1237,NEUROLOGY,,"A female patient shows a resting tremor, stooped posture, shuffling gait, and an expressionless face. Which brain area is affected by the lesion?",Substantia nigra (Pars compacta),,,,,A,
IMS-1238,NEUROLOGY,,"A patient has vertical diplopia, ptosis, and an abducted, depressed eye with pupil dilation. Which of the following nerve injuries is most likely causing these symptoms?",Oculomotor nerve (CN III) injury,,,,,A,
IMS-1239,NEUROLOGY,,Damage to the mandibular nerve at the foramen ovale causes specific sensory deficits. Identify the resulting clinical presentation.,Loss of sensation to the lower face and chin,,,,,A,
IMS-1240,NEUROLOGY,,"A patient involved in a road traffic accident is unable to understand and read language, but speaks fluently. What type of aphasia is he most likely experiencing?",Wernicke aphasia,,,,,A,
IMS-1241,NEUROLOGY,,A patient presents with Subclavian steal syndrome causing a disturbance in cerebral blood flow. Which artery's blood supply reversal leads to this condition?,Vertebral artery,,,,,A,
IMS-1242,NEUROLOGY,,Which part of the brainstem is affected in medial medullary syndrome?,Medulla oblongata (Anterior spinal artery territory),,,,,A,
IMS-1243,NEUROLOGY,,A patient presents with hemineglect (ignoring one side of space). Which brain region is most likely impaired?,Non-dominant (usually right) Parietal lobe,,,,,A,
IMS-1244,NEUROLOGY,,"A patient presents with right-sided motor weakness, loss of vibration sense, and tongue deviation to the left. Identify the location of the lesion.",Left Medulla (Medial Medullary Syndrome / ASA occlusion),,,,,A,
IMS-1245,NEUROLOGY,,A patient has progressive muscle weakness that worsens with activity and improves with rest. Antibodies target postsynaptic acetylcholine receptors at the neuromuscular junction. What is the most likely diagnosis?,Myasthenia gravis,,,,,A,
IMS-1246,NEUROLOGY,,"When a doctor gently touches the cornea, the patient blinks. Which cranial nerve transmits the afferent sensory information in this reflex?",5th cranial nerve (Trigeminal - V1 Ophthalmic branch),,,,,A,
IMS-1247,NEUROLOGY,,A patient comes with profound anterograde memory loss. CT scan shows no acute cortical abnormalities. Which brain region is most likely affected by an ischemic or hypoxic event?,Hippocampus,,,,,A,
IMS-1248,NEUROLOGY,,"The patient has impaired memory recall, cannot convert recent memories into long-term memory, and exhibits improper emotional responses. Which limbic lesions are indicated?",Hippocampus and Amygdala,,,,,A,
IMS-1249,NEUROLOGY,,"The patient sways back and forth, exhibiting truncal ataxia and a drunken wide-based gait. Where do the affected neuron synapses occur in the cerebellum?",Cerebellar vermis,,,,,A,
IMS-1250,NEUROLOGY,,Urinary incontinence occurs due to a lower motor neuron lesion in:,S2-S4 (Pudendal nerve / Pelvic splanchnic nerves),,,,,A,
IMS-1251,NEUROLOGY,,"In Subarachnoid Hemorrhage (SAH), CSF accumulation occurs days later, leading to communicating hydrocephalus due to blockage at which structure?",Arachnoid granulations,,,,,A,
IMS-1252,NEUROLOGY,,A footballer is dribbling and running precisely. What cerebellar function is responsible for his dexterity and accuracy?,Integration of sensory feedback and motor coordination (Spinocerebellum),,,,,A,
IMS-1253,NEUROLOGY,,A surgeon's dexterity and accuracy during surgery depend heavily on the premotor cortex and cerebellum for:,Planning and execution of fine voluntary movement,,,,,A,
IMS-1254,NEUROLOGY,,"A tumor located in the cerebellopontine angle (between the olive, pons, and cerebellum) compressing CN VIII will primarily affect:",Hearing and balance (Vestibulocochlear function),,,,,A,
IMS-1255,NEUROLOGY,,"Patient exhibits bilateral leg paralysis, loss of pain and temperature sensation, and urinary incontinence, but preserved proprioception. The lesion involves:",Anterior spinal artery (Anterior Cord Syndrome),,,,,A,
IMS-1256,NEUROLOGY,,Unconscious proprioception from the lower limbs synapses in which spinal cord nucleus before ascending to the cerebellum?,Clarke's nucleus (Nucleus dorsalis),,,,,A,
IMS-1257,NEUROLOGY,,What type of neuron is present in spinal (dorsal root) sensory ganglia?,Pseudounipolar neurons,,,,,A,
IMS-1258,NEUROLOGY,,A patient sways back and forth with ataxia and a drunken wide-based gait. Where do the affected neurons synapse in the cerebellum?,Cerebellar vermis,,,,,A,
IMS-1259,NEUROLOGY,,Pain and temperature sensations from the body are carried by which spinal tract?,Lateral spinothalamic tract,,,,,A,
IMS-1260,NEUROLOGY,,The thalamus acts as a relay station for all sensory stimuli EXCEPT:,Sense of olfaction,,,,,A,
IMS-1261,NEUROLOGY,,A nerve injury causes inappropriate lacrimation while eating (crocodile tears syndrome). This involves aberrant regeneration of which nerve?,Facial nerve (CN VII),,,,,A,
IMS-1262,NEUROLOGY,,The general visceral efferent (GVE) parasympathetic supply of the Vagus nerve originates from:,Dorsal motor nucleus of vagus,,,,,A,
IMS-1263,NEUROLOGY,,A patient presents with ataxia that persists whether the eyes are open or closed. The lesion is located in the:,Cerebellum,,,,,A,
IMS-1264,NEUROLOGY,,"Interruption to the cervical sympathetic chain resulting in ptosis, miosis, and anhidrosis is known as:",Horner Syndrome,,,,,A,
IMS-1265,NEUROLOGY,,"A patient has loss of fine touch, deep pressure, and proprioception in the lower limbs, but pain and temperature sensations are completely intact. Which spinal tract is damaged?",Fasciculus gracilis,,,,,A,
IMS-1266,NEUROLOGY,,"After a road traffic accident, a patient cannot form new memories (anterograde amnesia) but perfectly remembers his childhood school events. Where is the bilateral lesion?",Hippocampus,,,,,A,
IMS-1267,NEUROLOGY,,A patient presents with an inability to move the left eye laterally (CN VI palsy) and has right-sided hemiparesis. Where is the anatomical lesion?,Left Pons (Raymond syndrome),,,,,A,
IMS-1268,NEUROLOGY,,"A lady with a history of head and neck trauma presents with a tongue lesion. Upon protrusion, her tongue deviates to the left side. Which nerve is involved?",Left Hypoglossal nerve (CN XII),,,,,A,
IMS-1269,NEUROLOGY,,A female presents with weakness in both legs. CT reveals bilateral ischemic lesions in the medial aspect of the frontal lobes. Which motor tract is involved?,Corticospinal tract,,,,,A,
IMS-1270,NEUROLOGY,,"During eating, a patient experiences inappropriate, excessive lacrimation (crocodile tears). Aberrant regeneration of which nerve is responsible?",Facial nerve (CN VII),,,,,A,
IMS-1271,NEUROLOGY,,A patient with a localized ischemic lesion in the angular gyrus of the dominant hemisphere will classically present with which specific language deficit?,Anomic aphasia (part of Gerstmann syndrome),,,,,A,
IMS-1272,NEUROLOGY,,The primary motor cortex (Precentral gyrus) receives its major ascending excitatory input from which specific nucleus of the thalamus?,Ventrolateral (VL) nucleus of the thalamus,,,,,A,
IMS-1273,NEUROLOGY,,Which major subcortical structure receives massive excitatory input directly from the cerebral cortex but does not send projecting axons back to the cortex?,Striatum (Caudate and Putamen of the Basal Ganglia),,,,,A,
IMS-1274,NEUROLOGY,,A patient presents with dizziness and vertigo after a severe fall. A CT scan confirms a subdural hemorrhage. Rupture of which specific vessels caused this bleed?,Bridging cerebral veins,,,,,A,
IMS-1275,NEUROLOGY,,A dancer moves smoothly and rhythmically in sync with the music. Which function of the motor cortex and cerebellum is primarily responsible for this performance?,Planning and execution of voluntary movement,,,,,A,
IMS-1276,NEUROLOGY,,An increase in cerebrospinal fluid volume due to impaired absorption (communicating hydrocephalus) is most commonly associated with a fault in which structures?,Arachnoid granulations,,,,,A,
IMS-1277,NEUROLOGY,,A patient presents with symptoms of excessive heat production and profuse sweating. Imaging reveals a space-occupying lesion in the brain. Which area is most likely affected?,Anterior Hypothalamus,,,,,A,
IMS-1278,NEUROLOGY,,"A patient has cavernous sinus thrombosis. Which cranial nerve, running freely through the center of the sinus, is most vulnerable and likely to be affected first?",Abducens nerve (CN VI),,,,,A,
IMS-1279,NEUROLOGY,,At which level of a spinal cord injury is a patient most likely to experience life-threatening ventilatory failure due to phrenic nerve impairment?,Between C3 and C5,,,,,A,
IMS-1280,NEUROLOGY,,"A patient with a complete spinal cord injury at T6 presents with severe hypertension, pounding headaches, and sweating above the lesion level. Diagnosis?",Autonomic dysreflexia,,,,,A,
IMS-1281,NEUROLOGY,,"Following a nerve transection, which portion of the nerve undergoes Wallerian degeneration and must be completely regrown from the proximal stump?",The axon distal to the site of injury,,,,,A,
IMS-1282,NEUROLOGY,,"A patient presents with right-sided hemiplegia. A CT scan shows massive infarction of the lateral convexity of the frontal, parietal, and temporal lobes. Which artery is occluded?",Middle Cerebral Artery (MCA),,,,,A,
IMS-1283,NEUROLOGY,,Complete transection of the anterior (ventral) spinothalamic tract will result in the clinical loss of which sensory modalities?,Crude touch and firm pressure,,,,,A,
IMS-1284,NUTRITION,,A diabetic patient is advised to choose carbohydrates that raise blood sugar more slowly. What technical term refers to the rate at which a carbohydrate increases blood glucose after eating?,Glycemic index,,,,,A,
IMS-1285,NUTRITION,,Patients receiving total parenteral nutrition (TPN) are at risk for various metabolic complications. Which of the following is most commonly seen?,Hyperglycemia,,,,,A,
IMS-1286,NUTRITION,,Individuals whose primary diet consists of polished white rice are at high risk of a deficiency in:,Thiamine (Vitamin B1),,,,,A,
IMS-1287,NUTRITION,,Populations consuming polished white rice as their primary staple food are highly prone to a deficiency of:,Thiamine (Vitamin B1),,,,,A,
IMS-1288,NUTRITION,,An elderly lady presents with an osteoporotic fracture of the hip. Which vitamin supplement is crucial for managing her bone health?,Cholecalciferol (Vitamin D3) / Ergocalciferol,,,,,A,
IMS-1289,OBGYN,,"In Down syndrome triple screening, the typical pattern is:",Decreased alpha-fetoprotein (AFP),,,,,A,
IMS-1290,OBGYN,,A 36-week pregnant woman with low AFP and low estriol likely has a fetus with:,Down syndrome (trisomy 21),,,,,A,
IMS-1291,OBGYN,,A pregnant woman has polyhydramnios with normal fetal growth on ultrasound. The most likely cause is:,Duodenal atresia,,,,,A,
IMS-1292,OBGYN,,"A 12-week pregnant woman with pain abdomen, vaginal bleeding, and passage of clots has:",Incomplete abortion,,,,,A,
IMS-1293,OBGYN,,"A 30-year-old woman presents with sudden severe right lower quadrant pain, hypotension, and signs of intra-abdominal bleeding. The most likely diagnosis is:",Ruptured ectopic pregnancy,,,,,A,
IMS-1294,OBGYN,,"A woman with amenorrhea, vaginal bleeding, and grape-like vesicles expelled from the vagina has markedly elevated:",Serum beta-hCG,,,,,A,
IMS-1295,OBGYN,,Beta-hCG in early pregnancy is produced by:,Syncytiotrophoblast,,,,,A,
IMS-1296,OBGYN,,The primary source of the pregnancy test hormone (hCG) is:,Syncytiotrophoblast,,,,,A,
IMS-1297,OBGYN,,A 32-year-old woman in her third trimester has intermittent medial thigh pain when standing; examination shows no neurologic deficits. Which structure is most likely being stretched or compressed to cause this normal finding?,Obturator nerve,,,,,A,
IMS-1298,OBGYN,,"In severe postpartum hemorrhage, what is the recommended sequence for ligating pelvic vessels?","Uterine artery first, then internal iliac",,,,,A,
IMS-1299,OBGYN,,A pregnant woman in her first trimester took an anticoagulant. Fetal ultrasound shows nasal hypoplasia with a depressed nasal bridge and stippled epiphyses; which drug exposure most likely caused this?,Warfarin,,,,,A,
IMS-1300,OBGYN,,A 20-year-old woman is vitally stable with a normal hormonal profile and 8 weeks of amenorrhea. What is the most likely diagnosis?,Anovulation,,,,,A,
IMS-1301,OBGYN,,Uterine contraction at term causing the onset of labor is due to:,Estrogen: progesterone ratio,,,,,A,
IMS-1302,OBGYN,,"A female with a normal hormonal profile, vitally stable, and 8 weeks amenorrhea is suffering from:",Anovulation,,,,,A,
IMS-1303,OBGYN,,"A woman presents with acute lower abdominal pain, hypotension, and free fluid in the abdomen. B-hCG is positive. What is the next step?",Emergency laparotomy,,,,,A,
IMS-1304,OBGYN,,A 7-month pregnant woman presents with severe idiopathic thrombocytopenic purpura and a petechial rash. What is the standard immediate management?,High-dose corticosteroids and/or IVIG,,,,,A,
IMS-1305,OBGYN,,A woman presents at 10 weeks pregnancy. She reports two previous neonatal deaths in the family due to congenital anomalies. What is the best initial investigation?,Karyotyping,,,,,A,
IMS-1306,OBGYN,,A pregnant woman at 24 weeks develops fatigue and pallor. Lab shows Coombs-positive hemolytic anemia. She is currently taking medication for pregnancy-induced hypertension. Which drug is most likely responsible?,Methyldopa,,,,,A,
IMS-1307,OBGYN,,"A pregnant lady of 12 weeks gestational amenorrhea presented with rigors, chills & high-grade fever due to:",Acute pyelonephritis,,,,,A,
IMS-1308,OBGYN,,A pregnant woman asks about iron requirement. Approximate total iron needed during pregnancy is:,1000 mg,,,,,A,
IMS-1309,OBGYN,,A woman at 10 weeks of pregnancy presents with acute DVT in her left leg. She is started on low molecular weight heparin (LMWH). She is worried about the medicine harming the baby and asks whether the drug will affect the fetus. Which is the best explanation for why LMWH is preferred for anticoagulation during pregnancy?,It cannot cross the placental barrier due to high molecular weight,,,,,A,
IMS-1310,OBGYN,,"A woman presents with acute lower abdominal pain, hypotension, and free fluid in the abdomen. P hCG is positive. What is the next step?",Emergency laparotomy,,,,,A,
IMS-1311,OBGYN,,"A recently married girl, 2 weeks of amenorrhea, abdominal pain, and tenderness. On USG free fluid is noted. What is the diagnosis?",Ruptured ectopic pregnancy,,,,,A,
IMS-1312,OBGYN,,A recently married girl with 2 weeks of amenorrhea presents with abdominal pain and tenderness. Ultrasound suggests free fluid in the cavity. What is the diagnosis?,Ruptured ectopic pregnancy,,,,,A,
IMS-1313,OBGYN,,A female patient is on combined oral contraceptive pills. She is at increased risk for:,Deep Vein Thrombosis (DVT),,,,,A,
IMS-1314,OBGYN,,Which structure is injured during a mediolateral episiotomy?,Bulbospongiosus muscle,,,,,A,
IMS-1315,OBGYN,,Which diagnostic method is most effective for early detection of open neural tube defects during pregnancy?,Ultrasound and maternal serum AFP,,,,,A,
IMS-1316,OBGYN,,A pregnant woman in labor experiences obstructed labor and dies before reaching the hospital. What is the most likely cause of her death?,Uterine rupture / Amniotic fluid embolism,,,,,A,
IMS-1317,OBGYN,,A woman who is 30 weeks pregnant wants to know how fetal lung maturity is evaluated. Which factor is used to assess the maturity of the fetal lungs?,Amount of Surfactant (Lecithin/Sphingomyelin ratio),,,,,A,
IMS-1318,OBGYN,,"A 20-year-old woman presents with three months of amenorrhea and right iliac fossa pain. Examination reveals cervical motion tenderness, elevated beta-hCG, no intrauterine gestational sac on ultrasound, and an adnexal mass. What is the most likely diagnosis?",Ectopic pregnancy,,,,,A,
IMS-1319,OBGYN,,What respiratory capacity parameter remains unchanged in a woman at 36 weeks of pregnancy?,"Vital Capacity remains the same (Tidal volume increases, FRC decreases)",,,,,A,
IMS-1320,OBGYN,,"A female 5 days post-normal C-section, with no initial complications, develops pelvic pain. Examination shows foul-smelling lochia and pelvic tenderness. The cause is:",Endometritis,,,,,A,
IMS-1321,OBGYN,,"A 12-week pregnant woman presents with flank pain, chills, and high-grade fever. This is likely due to:",Acute pyelonephritis,,,,,A,
IMS-1322,OBGYN,,A woman at 8 weeks gestation wants to test her fetus for thalassemia major due to cousin marriage and bilateral carrier status. Which test is appropriate for prenatal diagnosis at this stage?,Chorionic villus sampling (CVS),,,,,A,
IMS-1323,OBGYN,,A pregnant lady has severe polyhydramnios with an otherwise normal-sized baby. A common gastrointestinal fetal cause is:,Duodenal atresia or Esophageal atresia,,,,,A,
IMS-1324,OBGYN,,"For the earliest prenatal diagnosis of congenital genetic abnormalities (around 10-12 weeks), the best test is:",Chorionic villus sampling (CVS),,,,,A,
IMS-1325,OBGYN,,"In a multigravida female with 3rd-degree uterine prolapse, the failure of which primary supportive ligament is responsible?",Uterosacral ligament / Cardinal ligaments,,,,,A,
IMS-1326,OBGYN,,"A primigravida has a family history of hypertension, and her sister had preeclampsia. What is the approximate baseline risk of her developing preeclampsia?",Approximately 10-15% (Increased risk compared to general population),,,,,A,
IMS-1327,OBGYN,,"A pregnant patient has a hemoglobin of 12 g/dL in the first trimester, which drops to 9.5 g/dL by the third trimester without any signs of pathology. What is the cause?",Normal physiological hemodilution of pregnancy,,,,,A,
IMS-1328,OBGYN,,"A pale, lethargic female who received no antenatal care presents in labor and bleeds heavily during delivery. Which nutrient deficiency are both the mother and the newborn at extremely high risk for?",Iron deficiency,,,,,A,
IMS-1329,OBGYN,,A hemodynamically stable young woman at 5 weeks pregnancy presents with an ectopic right-sided ovarian mass and a beta-hCG of 3000 mIU/mL. What is the best medical treatment option?,Systemic Methotrexate,,,,,A,
IMS-1330,OBGYN,,"A couple wishes to conceive. You counsel them to time unprotected intercourse precisely around ovulation, which is triggered by:",The LH (Luteinizing Hormone) surge,,,,,A,
IMS-1331,OBGYN,,"A pregnant woman at 38 weeks reports decreased fetal movements. What is the most accurate, comprehensive ultrasound-based investigation to confirm fetal well-being with a low false-positive rate?",Biophysical Profile (BPP),,,,,A,
IMS-1332,OBGYN,,"A pregnant woman at 32 weeks presents with painless, bright red vaginal bleeding. What is the gold standard imaging modality to definitively diagnose or rule out placenta previa?",Transvaginal Ultrasound,,,,,A,
IMS-1333,OBGYN,,"To minimize the risk of fetal limb reduction defects while obtaining early genetic information, Chorionic Villus Sampling (CVS) is optimally performed during which gestational window?",10 to 13 weeks,,,,,A,
IMS-1334,ONCOLOGY,,Chemotherapy induces cancer cell death primarily through:,Apoptosis,,,,,A,
IMS-1335,ONCOLOGY,,"A 72-year-old man with fatigue, weight loss, microcytic anemia, and positive fecal occult blood has:",Colorectal carcinoma,,,,,A,
IMS-1336,ONCOLOGY,,A patient previously diagnosed with colon cancer had elevated CEA at diagnosis. CEA is now rechecked during follow-up. The role of CEA here is:,Follow-up and recurrence monitoring,,,,,A,
IMS-1337,ONCOLOGY,,"A submucosal GI mass with intact mucosa, most likely non-metastatic, is:",GIST (gastrointestinal stromal tumor),,,,,A,
IMS-1338,ONCOLOGY,,Post-transplant immunosuppression most commonly increases risk for which malignancy type?,Lymphoproliferative disorders (PTLD),,,,,A,
IMS-1339,ONCOLOGY,,"An elderly man with back pain, LUTS, and pathological vertebral fracture should have which investigation?",Prostate-specific antigen (PSA),,,,,A,
IMS-1340,ONCOLOGY,,The tumor marker for prostate cancer is:,PSA,,,,,A,
IMS-1341,ONCOLOGY,,A patient with previous appendiceal mucinous tumor presenting with ascites and sticky abdomen has:,Pseudomyxoma peritonei,,,,,A,
IMS-1342,ONCOLOGY,,Standard primary treatment for diffuse large B-cell lymphoma is:,R-CHOP chemotherapy,,,,,A,
IMS-1343,ONCOLOGY,,"A 57-year-old with flank pain, hematuria, elevated hemoglobin, and hypercalcemia has:",Renal cell carcinoma,,,,,A,
IMS-1344,ONCOLOGY,,Undescended testis (cryptorchidism) increases the risk of:,Seminoma,,,,,A,
IMS-1345,ONCOLOGY,,A long-term smoker and heavy drinker with progressive dysphagia and a mid-esophageal mass has:,Squamous cell carcinoma,,,,,A,
IMS-1346,ONCOLOGY,,"A clinically palpable, non-matted lymph node with evidence of distant metastasis is staged as:",T2 N1 M1,,,,,A,
IMS-1347,ONCOLOGY,,A mid-esophageal 5cm tumor invading muscularis propria with para-esophageal lymph node involvement is staged:,T3 N1,,,,,A,
IMS-1348,ONCOLOGY,,Which brain tumor most commonly arises after cranial irradiation?,Meningioma,,,,,A,
IMS-1349,ONCOLOGY,,A woman from North Waziristan has thyroid carcinoma with metastases to bone and lungs. Which type of thyroid carcinoma is most likely?,Follicular carcinoma,,,,,A,
IMS-1350,ONCOLOGY,,A smoker's endoscopy shows a velvety lesion in the lower third of the esophagus. Which of the following is this lesion a risk factor for?,Adenocarcinoma,,,,,A,
IMS-1351,ONCOLOGY,,Which of the following is a tumor marker associated with pancreatic adenocarcinoma?,CEA,,,,,A,
IMS-1352,ONCOLOGY,,Which tumor marker is most specific for medullary carcinoma of the thyroid gland?,Calcitonin,,,,,A,
IMS-1353,ONCOLOGY,,A 72-year-old woman receiving treatment for lung cancer has a hemoglobin of 17 g/dL without dehydration or chronic hypoxia. Which tumor-secreted substance most likely explains this erythrocytosis?,Erythropoietin,,,,,A,
IMS-1354,ONCOLOGY,,A 30-year-old woman requests a mammogram because both her mother and her sister died of metastatic breast cancer before age 40. Which of the following would increase her risk for breast cancer?,BRCA-1 mutation,,,,,A,
IMS-1355,ONCOLOGY,,Cigarette smoke contains multiple carcinogens. Which of the following is a major carcinogen found in cigarette smoke?,Polycyclic aromatic hydrocarbons,,,,,A,
IMS-1356,ONCOLOGY,,"A male presents with a nasopharyngeal mass, epistaxis, and cervical lymphadenopathy. Biopsy confirms nasopharyngeal carcinoma. The likely viral cause is:",EBV,,,,,A,
IMS-1357,ONCOLOGY,,A man smokes 20 packs per month and works in a factory. He develops lung cancer. Which carcinogen in cigarette smoke causes lung cancer?,Hydrocarbons,,,,,A,
IMS-1358,ONCOLOGY,,"A patient presents with neck swelling for 2 years, now rapidly growing, with hoarseness and dyspnea. Diagnosis?",Anaplastic carcinoma,,,,,A,
IMS-1359,ONCOLOGY,,A man presents with weight loss and hepatomegaly. Biopsy confirms hepatocellular carcinoma. He is a farmer who frequently stores grains in humid conditions. Which is the most likely cause?,Aflatoxin exposure,,,,,A,
IMS-1360,ONCOLOGY,,"An unmarried female patient presents with preauricular otorrhea and swelling in the parotid region. On examination, a firm, non-tender mass is noted in the parotid gland. There are no symptoms of facial nerve injury. Which of the following is the most appropriate initial investigation?",FNAC,,,,,A,
IMS-1361,ONCOLOGY,,Elevation of serum CA-125 is most strongly associated with which condition?,Ovarian epithelial carcinoma,,,,,A,
IMS-1362,ONCOLOGY,,A woman presents with eczematous changes of the nipple. Biopsy reveals Paget cells. Which underlying cancer is most commonly associated?,Ductal carcinoma in situ (DCIS),,,,,A,
IMS-1363,ONCOLOGY,,A child has a testicular swelling. Lab shows high AFP. Which tumor is most likely?,Yolk Sac Tumor,,,,,A,
IMS-1364,ONCOLOGY,,A man with no smoking history develops oropharyngeal squamous cell carcinoma. Which HPV strain is most strongly associated?,HPV-16,,,,,A,
IMS-1365,ONCOLOGY,,A patient presents with profuse rectal bleeding. Which tumor marker is most relevant?,CEA,,,,,A,
IMS-1366,ONCOLOGY,,A patient presents with a parotid gland swelling. The majority of salivary gland tumors are located in which gland?,Parotid gland (85% benign tumors),,,,,A,
IMS-1367,ONCOLOGY,,BRCA1 and BRCA2 mutations increase the risk of several cancers. Which cancer is NOT typically associated with BRCA mutations?,Hepatocellular carcinoma,,,,,A,
IMS-1368,ONCOLOGY,,A man with no smoking history develops oropharyngeal squamous cell carcinoma. Which HPV strain is most strongly associated?,HPV-16,,,,,A,
IMS-1369,ONCOLOGY,,A young male presents with a painless testicular mass. Histopathology identifies a germ cell tumor. Which of the following types of testicular germ cell tumors is generally considered the most highly radiosensitive?,Seminoma,,,,,A,
IMS-1370,ONCOLOGY,,Patient with pancreatic adenocarcinoma presents with upper GI bleed. Endoscopy shows only fundal varices. Which structure is involved?,Thrombosis of splenic vein,,,,,A,
IMS-1371,ONCOLOGY,,"A male smoker presents with a 4-month history of progressive dysphagia, initially for solids and later for liquids. Endoscopy reveals a mass located in the middle third of the esophagus. What is the most likely diagnosis?",Squamous cell carcinoma,,,,,A,
IMS-1372,ONCOLOGY,,A patient has a thyroid nodule and suspicious cervical lymph nodes on ultrasound. Which thyroid carcinoma is most likely?,Papillary carcinoma,,,,,A,
IMS-1373,ONCOLOGY,,Most common cancer in people of Japan.,Stomach cancer,,,,,A,
IMS-1374,ONCOLOGY,,Patient diagnosed with papillary thyroid carcinoma with prior radiation exposure. Risk factor?,Radiation,,,,,A,
IMS-1375,ONCOLOGY,,"Woman with breast swelling, nipple inversion, skin puckering. How to confirm diagnosis?",Mammography / Biopsy,,,,,A,
IMS-1376,ONCOLOGY,,A female has a palpable mass in right upper outer quadrant of breast and an ipsilateral palpable axillary lymph node. An ultrasound has been performed. What is the next step to confirm the diagnosis?,Tru-Cut biopsy,,,,,A,
IMS-1377,ONCOLOGY,,A male presents with hematuria and a left-sided abdominal mass. The tumor biopsy shows clear cells with glycogen and lipid. What is the likely underlying genetic mutation?,VHL gene,,,,,A,
IMS-1378,ONCOLOGY,,A patient receives gamma radiation for a solid tumor.,Formation of free radicals,,,,,A,
IMS-1379,ONCOLOGY,,"During endoscopy, a patient is found to have metaplasia and intestinal mucosa in lower part of esophagus. This condition significantly increases the risk of developing which malignancy?",Adenocarcinoma of esophagus,,,,,A,
IMS-1380,ONCOLOGY,,"A male presents with weight loss, low back pain, and elevated PSA. Digital Rectal Exam reveals a hard, irregular nodule. Which anatomical lobe of the prostate is the most common site for prostate adenocarcinoma?",Posterior lobe,,,,,A,
IMS-1381,ONCOLOGY,,Tumor marker for medullary Ca of thyroid gland:,Calcitonin,,,,,A,
IMS-1382,ONCOLOGY,,Patient presented to a medical specialist with B symptoms and was diagnosed with B cell lymphoma which is associated with:,Epstein Barr Virus (EBV),,,,,A,
IMS-1383,ONCOLOGY,,A male with dysphagia is diagnosed with esophageal squamous cell carcinoma. Which virus is most strongly associated?,HPV (Human Papillomavirus),,,,,A,
IMS-1384,ONCOLOGY,,Kashmiri farmer presents with an ulcerated lesion on dorsal hand. Most likely diagnosis?,Squamous Cell Carcinoma (SCC),,,,,A,
IMS-1385,ONCOLOGY,,Viruses can cause tumors through mutation in which gene?,Proto-oncogene,,,,,A,
IMS-1386,ONCOLOGY,,A patient from a region with endemic goiter presents with a thyroid mass. Biopsy shows pleomorphic cells and metastasis to cervical lymph nodes. What is the MOST likely tumor?,Anaplastic carcinoma,,,,,A,
IMS-1387,ONCOLOGY,,A smoker presents with obstructive jaundice and weight loss. CT scan shows a mass in the pancreatic head. Biopsy reveals pancreatic ductal adenocarcinoma. Which gene mutation is most characteristic?,KRAS,,,,,A,
IMS-1388,ONCOLOGY,,"Which of the following thyroid carcinomas is characterized by rapid, highly aggressive local invasion and widespread metastasis, leading to the worst prognosis?",Anaplastic carcinoma,,,,,A,
IMS-1389,ONCOLOGY,,Breast cancer commonly metastasizes to the vertebral column. Which pathway is thought to provide a direct route for tumor cells to travel from the breast to the vertebrae?,Vertebral venous plexus,,,,,A,
IMS-1390,ONCOLOGY,,"Patient presented with altered bowel habits, weight loss, and per rectal bleed. Suspected of colon carcinoma. Which of the following tumor markers is responsible?",CEA,,,,,A,
IMS-1391,ONCOLOGY,,A woman with a family history of breast cancer wants a risk assessment. Test of choice:,BRCA1 and BRCA2 testing,,,,,A,
IMS-1392,ONCOLOGY,,Confirmatory test for multiple myeloma:,Serum/Urine protein electrophoresis with immunofixation,,,,,A,
IMS-1393,ONCOLOGY,,Inorganic exposure causing cancer (mesothelioma/lung):,Asbestos,,,,,A,
IMS-1394,ONCOLOGY,,"A male from Azad Kashmir presents with a swelling on the central forearm with ulcerated margins and a clear base, no pigmentation. Most likely diagnosis?",Squamous cell carcinoma,,,,,A,
IMS-1395,ONCOLOGY,,A woman with a BRCA1 mutation and strong family history of early-onset breast cancer presents for counseling. She has a small invasive ductal carcinoma in her right breast. What combination of surgeries provides both therapeutic and prophylactic benefit?,Bilateral mastectomy + salpingo-oophorectomy,,,,,A,
IMS-1396,ONCOLOGY,,A male from South China presents with nasal obstruction and a neck mass. Biopsy shows undifferentiated carcinoma of the nasopharynx. Most likely cause?,EBV,,,,,A,
IMS-1397,ONCOLOGY,,A male with symptoms of dysphagia and weight loss underwent an endoscopy showing a mass on the lesser curvature of the stomach. Which of the following is the best approach to confirm the diagnosis of a tumor?,Endoscopic guided biopsy and cytology,,,,,A,
IMS-1398,ONCOLOGY,,A man with chronic GERD now presents with progressive dysphagia and weight loss. Endoscopy shows a salmon-colored patch with nodularity. Best diagnosis?,Adenocarcinoma of the esophagus,,,,,A,
IMS-1399,ONCOLOGY,,Which is the most radiosensitive intracellular target?,DNA,,,,,A,
IMS-1400,ONCOLOGY,,A lady suffering from CA breast underwent total mastectomy and developed edema of the right lower limb. Which of the following can be the reason for this edema?,Lymphatic obstruction secondary to metastasis or DVT,,,,,A,
IMS-1401,ONCOLOGY,,A boy presented with a hard testicular mass. Investigations revealed a significantly raised AFP. Which germ cell tumor is the likely diagnosis?,Yolk sac tumor,,,,,A,
IMS-1402,ONCOLOGY,,A patient presented with a metastatic disease to the vertebral column. Which primary malignancy is among the most common to spread to the bone?,Prostate cancer,,,,,A,
IMS-1403,ONCOLOGY,,"A male from Karachi suffers from a tongue lesion for the past 1 year, progressively increasing in size, having rough everted margins and positive lymph nodes in the neck:",Squamous Cell Carcinoma (SCC) of tongue,,,,,A,
IMS-1404,ONCOLOGY,,Most Common Cause of Non-Bacterial Thrombotic Endocarditis (NBTE):,"Malignancy (e.g., mucinous adenocarcinoma)",,,,,A,
IMS-1405,ONCOLOGY,,A female is diagnosed with a fibroadenoma of the breast. What is the lifetime risk of progression to breast cancer?,No significant increased risk (<1%),,,,,A,
IMS-1406,ONCOLOGY,,A patient presents with profuse rectal bleeding. Which tumor marker is most relevant?,CEA,,,,,A,
IMS-1407,ONCOLOGY,,A young man who has worked in a factory for 5 years presents with painless hematuria and weight loss. Histopathology confirms transitional cell carcinoma of the bladder. Identify the most likely causative agent involved in its pathogenesis.,Aniline dye (aromatic amines),,,,,A,
IMS-1408,ONCOLOGY,,A 54-year-old woman has bloody nipple discharge without a palpable breast lump but reports itching and dryness of the nipple. Which diagnostic test should be performed first to evaluate her condition?,Mammogram / Ultrasound,,,,,A,
IMS-1409,ONCOLOGY,,"A 30-year-old unmarried female presents with preauricular otorrhea and a swelling in the parotid region. Examination reveals a firm, non-tender mass in the parotid gland without any facial nerve dysfunction. What is the most appropriate initial investigation?",Fine Needle Aspiration Cytology (FNAC),,,,,A,
IMS-1410,ONCOLOGY,,Which cancer is the most frequently diagnosed in men worldwide?,Prostate Carcinoma / Lung Carcinoma,,,,,A,
IMS-1411,ONCOLOGY,,Barrett's esophagus increases the risk of which type of esophageal carcinoma?,Adenocarcinoma,,,,,A,
IMS-1412,ONCOLOGY,,A man diagnosed with small cell carcinoma and liver metastases on CT develops facial swelling and bruising. What explains these symptoms?,Superior Vena Cava (SVC) Syndrome,,,,,A,
IMS-1413,ONCOLOGY,,"A patient with a smoking history presents with cough and hemoptysis. Imaging reveals a mass in the right lower lung, and microscopy shows giant pleomorphic cells. What is the most likely diagnosis?",Large cell lung carcinoma,,,,,A,
IMS-1414,ONCOLOGY,,"A 47-year-old man has had fever, night sweats, and unexplained weight loss for 3 months. Examination shows painless bilateral cervical and inguinal lymphadenopathy, and a PET-CT reveals lymph node involvement above and below the diaphragm with splenomegaly. What is the most likely stage of Hodgkin lymphoma?",Stage III,,,,,A,
IMS-1415,ONCOLOGY,,"A 60-year-old man presents with persistent cough, chest pain, hemoptysis, and weight loss. Imaging shows a centrally located lung mass, and histopathology reveals keratin pearls. What type of lung cancer does he have?",Squamous cell carcinoma,,,,,A,
IMS-1416,ONCOLOGY,,A 60-year-old male smoker reports weight loss and difficulty swallowing both solids and liquids. Endoscopy shows a mass. What causes the dysphagia in this patient?,Mechanical obstruction (Esophageal squamous cell carcinoma),,,,,A,
IMS-1417,ONCOLOGY,,"Tumor metastasis occurs through several mechanisms, including loss of cell adhesion molecules. Which process directly contributes to tumor cells detaching and spreading?",Degradation/Downregulation of E-cadherin,,,,,A,
IMS-1418,ONCOLOGY,,An elderly man diagnosed with squamous cell carcinoma of the penis presents for evaluation. Which of the following factors is associated with an increased risk of penile carcinoma?,Phimosis and HPV infection,,,,,A,
IMS-1419,ONCOLOGY,,"A woman presents with a parotid swelling diagnosed as pleomorphic adenoma, the most common benign salivary gland tumor. From which germ layer does this tumor originate?",Mixed origin (Epithelial and Myoepithelial cells),,,,,A,
IMS-1420,ONCOLOGY,,Loss of apoptosis occurs during carcinogenesis. Which of the following factors has potent antiapoptotic activity?,BCL-2,,,,,A,
IMS-1421,ONCOLOGY,,"A 35-year-old woman has a 1.2x2 cm breast lump and a family history of BRCA1 mutation, with no other clinical signs present. What is the appropriate next step in management?",Core needle biopsy (or Lumpectomy with biopsy),,,,,A,
IMS-1422,ONCOLOGY,,"A young boy presents with a neck mass. Lymph node biopsy reveals effaced architecture, atypical mononuclear cells with bilobed nuclei (Reed-Sternberg cells), eosinophilia, and positivity for CD15 and CD30. What is the diagnosis?",Hodgkin lymphoma,,,,,A,
IMS-1423,ONCOLOGY,,Through which route does choriocarcinoma most commonly and rapidly metastasize?,Hematogenous route (to the lungs),,,,,A,
IMS-1424,ONCOLOGY,,"After radical mastectomy with level III axillary clearance and radiotherapy, which complication occurs most frequently?",Lymphedema of the arm,,,,,A,
IMS-1425,ONCOLOGY,,"A 60-year-old patient has localized bone pain and swelling. Laboratory tests show markedly elevated alkaline phosphatase, and X-ray demonstrates a sclerotic, destructive bone lesion. What is the most likely diagnosis?",Osteosarcoma (secondary to Paget's disease) or Prostate metastasis,,,,,A,
IMS-1426,ONCOLOGY,,Hodgkin lymphoma typically spreads in a contiguous pattern from one lymph node group to the next. Which of the following statements about its clinical characteristics is correct?,"It spreads in a contiguous, predictable manner from one lymph node chain to the next",,,,,A,
IMS-1427,ONCOLOGY,,A 35-year-old woman has unilateral bloody nipple discharge. Histology of the lesion reveals papillary fronds with a fibrovascular core lined by epithelial and myoepithelial cells. What is the most likely diagnosis?,Intraductal papilloma,,,,,A,
IMS-1428,ONCOLOGY,,A patient is diagnosed with right-sided colon carcinoma. Which clinical feature is most characteristic of a tumor in this specific location?,"Occult bleeding leading to anemia, weight loss, and fatigue",,,,,A,
IMS-1429,ONCOLOGY,,An HIV patient develops purplish skin lesions; their sexual partner has similar lesions. Which skin cancer is associated with HIV and HHV-8?,Kaposi sarcoma,,,,,A,
IMS-1430,ONCOLOGY,,"A young boy with a neck mass biopsy showing effaced architecture and atypical mononuclear cells with bilobed nuclei, eosinophilia, and positivity for CD15 and CD30 is diagnosed with:",Hodgkin lymphoma,,,,,A,
IMS-1431,ONCOLOGY,,Which tumor marker is most likely elevated in a patient with breast cancer that has metastasized to the chest wall?,CA 15-3,,,,,A,
IMS-1432,ONCOLOGY,,Which tumor marker is used for the follow-up of pancreatic adenocarcinoma?,CA 19-9,,,,,A,
IMS-1433,ONCOLOGY,,"A person has a long history of smoking and drinking. On Endoscopy, there is a mass in the middle third of the esophagus. What is it likely to be?",Squamous cell carcinoma,,,,,A,
IMS-1434,ONCOLOGY,,A 40-year-old shipyard worker presents with a 5-month history of cough. A chest X-ray shows pleural thickening and a mass. What is the most likely diagnosis given the occupational exposure?,Mesothelioma,,,,,A,
IMS-1435,ONCOLOGY,,Tumor staging (TNM system) evaluates:,"Extent and spread of the tumor (Size, Nodes, Metastasis)",,,,,A,
IMS-1436,ONCOLOGY,,Which paraneoplastic syndrome is most classically linked to small cell lung carcinoma?,Ectopic ACTH secretion (Cushing's) or SIADH,,,,,A,
IMS-1437,ONCOLOGY,,"After bilateral salpingo-oophorectomy and total abdominal hysterectomy, which tumor marker is monitored for recurrence of ovarian cancer?",CA-125,,,,,A,
IMS-1438,ONCOLOGY,,Defective DNA repair genes prevent the correction of DNA damage. This accumulation of genetic damage leads to cancer through:,Loss of tumor suppressor function / Mutation accumulation,,,,,A,
IMS-1439,ONCOLOGY,,A man who smokes 20 packs a month works in a factory and develops lung cancer. Which carcinogen in cigarette smoke is a major cause of lung cancer?,Polycyclic aromatic hydrocarbons,,,,,A,
IMS-1440,ONCOLOGY,,"A person with a long history of smoking and drinking undergoes endoscopy, revealing a mass in the middle third of the esophagus. What is the most likely diagnosis?",Squamous cell carcinoma,,,,,A,
IMS-1441,ONCOLOGY,,"When a chemical hydrocarbon is given to an animal model, it acts as an initiator in carcinogenesis. An initiator works by causing:",Permanent DNA damage (Mutations),,,,,A,
IMS-1442,ONCOLOGY,,A worker employed in a nickel refining metal shop is highly predisposed to developing which type of cancer?,Lung carcinoma (and nasal cavity cancer),,,,,A,
IMS-1443,ONCOLOGY,,"In Stage IV cervical carcinoma, which pelvic lymph node group is typically heavily involved and enlarged?",Internal iliac and Obturator nodes,,,,,A,
IMS-1444,ONCOLOGY,,"A patient with severe low back pain undergoes a rectal examination revealing a firm, enlarged, nodular prostate. LDH and alkaline phosphatase are raised. This cancer metastasizes to the spine primarily via:",Batson venous plexus (Internal iliac system),,,,,A,
IMS-1445,ONCOLOGY,,"Which locally aggressive, malignant-behaving odontogenic tumor arises from the mandible or maxilla and has a characteristic ""soap bubble"" appearance on X-ray?",Ameloblastoma,,,,,A,
IMS-1446,ONCOLOGY,,"An old lady ignored her progressive dysphagia for months. She now has severe weight loss, cannot swallow milk or pudding, and has a hard, deep mass in her mid-neck. Malignancy of which organ is most likely?",Larynx / Cervical Esophagus,,,,,A,
IMS-1447,ONCOLOGY,,A patient comes with an enlarged spleen and generalized swollen lymph nodes. A peripheral smear shows cancer cells spanning the entire myeloid lineage. What will be seen on biopsy?,Mixed mature and immature myeloid cells (Chronic Myeloid Leukemia),,,,,A,
IMS-1448,ONCOLOGY,,Cutaneous lesions of sarcoma (like Kaposi sarcoma) can often be clinically distinguished by which pronounced feature?,High vascularity,,,,,A,
IMS-1449,ONCOLOGY,,Squamous cell carcinoma of the lung characteristically arises in which anatomical location?,"Centrally, in the major bronchi",,,,,A,
IMS-1450,ONCOLOGY,,A child presented in the OPD with multiple permeating osteolytic bone lesions and skin rashes. Which of the following is the most probable diagnosis?,Langerhans Cell Histiocytosis (Histiocytosis X),,,,,A,
IMS-1451,ONCOLOGY,,"Which odontogenic tumor is considered benign but behaves in a locally aggressive, malignant manner?",Ameloblastoma,,,,,A,
IMS-1452,ONCOLOGY,,"A solitary thyroid nodule is biopsied. Pathology shows cells with empty-appearing, oval nuclei (Orphan Annie eyes). What is the diagnosis?",Papillary Carcinoma of the Thyroid,,,,,A,
IMS-1453,ONCOLOGY,,"What is the primary, curative-intent treatment regimen for Diffuse Large B-Cell Lymphoma (DLBCL)?",Chemoimmunotherapy (R-CHOP regimen),,,,,A,
IMS-1454,ONCOLOGY,,"A young, non-smoking sexually active patient develops oropharyngeal squamous cell carcinoma (e.g., tonsil or base of tongue). The causative virus is:","Human Papillomavirus (HPV, particularly type 16)",,,,,A,
IMS-1455,ONCOLOGY,,A young male has a mixed non-seminomatous testicular germ cell tumor. Blood tests reveal massive elevations of BOTH AFP and beta-hCG. Which component is driving this?,Embryonal carcinoma,,,,,A,
IMS-1456,OPHTHALMOLOGY,,"A patient has difficulty seeing distant objects, such as a blackboard, and his vision is corrected with a concave lens. What is the most likely diagnosis?",Myopia,,,,,A,
IMS-1457,OPHTHALMOLOGY,,"A 45-year-old man presents with partial visual loss in both eyes, with a deficit affecting one sector of one eye and the opposite visual field in the other eye. MRI shows a lesion in the optic tract; which visual field defect is most likely?",Ipsilateral nasal hemianopia + contralateral homonymous hemianopia,,,,,A,
IMS-1458,OPHTHALMOLOGY,,"A male presents with inability to read books, due to the defect in which structure?",Ciliary body (Loss of accommodation),,,,,A,
IMS-1459,OPHTHALMOLOGY,,A patient develops a defect in the superior and inferior quadrant of the left visual field with macular sparing. Diagnosis:,Left homonymous hemianopia with macular sparing (Right PCA stroke),,,,,A,
IMS-1460,OPHTHALMOLOGY,,The initial ocular manifestation of Vitamin A deficiency is:,Night blindness (Nyctalopia),,,,,A,
IMS-1461,OPHTHALMOLOGY,,A patient presents with vision issues where light rays focus at multiple different points rather than a single focal point on the retina. The most likely diagnosis is:,Astigmatism,,,,,A,
IMS-1462,ORTHOPEDICS,,An ankle sprain caused by excessive eversion most likely injures which structure?,Deltoid Ligament,,,,,A,
IMS-1463,ORTHOPEDICS,,"In an anterior dislocation of the femur on the tibia, the ligament damaged is:",Posterior cruciate ligament,,,,,A,
IMS-1464,ORTHOPEDICS,,A patient has loss of sensation over the thenar eminence and tenderness/swelling in the anatomical snuffbox after a fall. Which diagnosis best explains these findings?,Scaphoid fracture with superficial radial nerve irritation,,,,,A,
IMS-1465,ORTHOPEDICS,,A patient after an RTA has wrist drop. Most likely injury?,Fracture of shaft of humerus,,,,,A,
IMS-1466,ORTHOPEDICS,,A twisting inversion injury of the ankle with intense pain and difficulty standing. Diagnosis: Ankle sprain. Which structure is damaged?,Anterior talofibular ligament,,,,,A,
IMS-1467,ORTHOPEDICS,,"A 33-year-old young gentleman presented in the orthopedic OPD with an injury to the shoulder region from a fall from 4 feet height. On x-ray the joint is perfectly fine, but on examination, the patient cannot abduct his arm initially till 30 degrees. After 30 degrees of passive movement by the surgeon, the patient is able to move his arm over the head. The likely muscle damaged is:",Supraspinatus,,,,,A,
IMS-1468,ORTHOPEDICS,,"After an RTA, a tibia fracture is managed with a backslab. The patient develops numbness on the dorsum of the foot + increased pressure in the anterior compartment. Which structure is involved?",Deep peroneal nerve,,,,,A,
IMS-1469,ORTHOPEDICS,,A patient with a fracture of the neck of the femur. Most fatal complication?,Fat embolism,,,,,A,
IMS-1470,ORTHOPEDICS,,A patient has posterior dislocation of hip and pain in thigh and leg.,Sciatic nerve,,,,,A,
IMS-1471,ORTHOPEDICS,,A man (no trauma) has painful arm abduction & muscle weakness. Pain improves with steroids but weakness persists.,Rotator cuff tear,,,,,A,
IMS-1472,ORTHOPEDICS,,"A patient complains of shoulder pain when trying to comb hair or reach behind the head. On examination, there is weakness in initiating arm abduction and tenderness over the shoulder. Which muscle is most likely involved?",Supraspinatus,,,,,A,
IMS-1473,ORTHOPEDICS,,Patient cannot flex DIP of index and middle fingers.,Anterior interosseous nerve injury,,,,,A,
IMS-1474,ORTHOPEDICS,,"A young footballer presents with a knee injury, on examination tibia glides anteriorly relative to the femur. Which of the following ligament injury is responsible?",ACL (Anterior Cruciate Ligament),,,,,A,
IMS-1475,ORTHOPEDICS,,A patient sustains a fracture to the head of the fibula and subsequently develops a characteristic presentation of foot drop. Which nerve is most likely damaged?,Common peroneal nerve,,,,,A,
IMS-1476,ORTHOPEDICS,,Fall on outstretched hand. X ray: transverse fracture of distal 2 cm of radius. Expected finding?,Dinner fork deformity (Colles fracture),,,,,A,
IMS-1477,ORTHOPEDICS,,"A patient presents after a fall onto an outstretched hand. On examination, there is tenderness localized within the anatomical snuffbox. Which bone is most likely fractured?",Scaphoid,,,,,A,
IMS-1478,ORTHOPEDICS,,A patient has pain in the hip. X-ray shows fracture of the lesser trochanter. Which muscle may be affected?,Iliopsoas,,,,,A,
IMS-1479,ORTHOPEDICS,,A patient cannot dorsiflex or evert the foot after trauma. Where is the most likely site of common peroneal nerve injury?,Neck of fibula,,,,,A,
IMS-1480,ORTHOPEDICS,,A patient has a waddling gait with hip tilt when standing on the left leg. Damaged nerve:,Superior gluteal nerve,,,,,A,
IMS-1481,ORTHOPEDICS,,A football player sustains a lateral blow to the knee. He develops foot drop and loss of dorsiflexion. Sensory loss is present over the dorsum of the foot. X-ray shows a fracture of the neck of the fibula. Which artery is most likely injured?,Anterior tibial artery,,,,,A,
IMS-1482,ORTHOPEDICS,,An elderly male presents with a mass at the iliac bone. Imaging shows calcification within the lesion. Most likely diagnosis?,Chondrosarcoma,,,,,A,
IMS-1483,ORTHOPEDICS,,"A patient fell from a height and presents with their arm limping by the side of the body, unable to initiate abduction beyond 15-degrees. Which muscle is responsible?",Supraspinatus,,,,,A,
IMS-1484,ORTHOPEDICS,,What are the clinical signs/tests for developmental dysplasia of the hip (DDH)?,Click sound on abduction (Ortolani maneuver),,,,,A,
IMS-1485,ORTHOPEDICS,,A 35-year-old woman who types frequently has numbness on the outer side of her right hand. She is diagnosed with carpal tunnel syndrome. Which test is most diagnostic and specific for this condition?,Nerve Conduction Studies,,,,,A,
IMS-1486,ORTHOPEDICS,,A child has an X-ray showing a tibial epiphyseal fracture involving the growth plate with mild displacement of the metaphyseal fragment after a fall. Which Salter-Harris fracture type is most likely?,Salter-Harris type II,,,,,A,
IMS-1487,ORTHOPEDICS,,Excessive ankle inversion commonly damages the lateral ligaments and often leads to a fracture in which structure?,Fracture of lower end of fibula (Lateral malleolus),,,,,A,
IMS-1488,ORTHOPEDICS,,"A 33-year-old man injured his shoulder after falling from a height of 4 feet. Although the X-ray shows no joint damage, he cannot actively abduct his arm beyond 15 degrees. Which muscle is most likely injured?",Supraspinatus,,,,,A,
IMS-1489,ORTHOPEDICS,,A maid develops anterior knee swelling and pain after frequently bending her knees to scrub floors. Which bursa is most likely involved in this condition?,Prepatellar bursa,,,,,A,
IMS-1490,ORTHOPEDICS,,Which ligament is injured when there is an anterior dislocation of the femur on the tibia (or posterior displacement of the tibia)?,Posterior cruciate ligament (PCL),,,,,A,
IMS-1491,ORTHOPEDICS,,Which artery is typically compromised leading to avascular necrosis following a fracture of the femoral neck?,Medial Circumflex Femoral Artery,,,,,A,
IMS-1492,ORTHOPEDICS,,A person experienced a road traffic accident resulting in posterior dislocation of the femur at the acetabulum. Which nerve is most likely injured in this scenario?,Sciatic nerve,,,,,A,
IMS-1493,ORTHOPEDICS,,"A 12-year-old boy has a fracture of a long bone. Which area, when fractured, is most likely to affect future bone growth and length?",Epiphyseal growth plate,,,,,A,
IMS-1494,ORTHOPEDICS,,A patient cannot invert (rotate medially) their foot but can evert (rotate laterally) it. Which group of muscles is damaged?,Tibialis anterior and Tibialis posterior,,,,,A,
IMS-1495,ORTHOPEDICS,,Anterior dislocation of the tibia relative to the femur primarily damages which ligament?,Anterior cruciate ligament (ACL),,,,,A,
IMS-1496,ORTHOPEDICS,,A sprained ankle resulting from excessive inversion most likely damages which structure?,Lateral ligament (Anterior talofibular ligament),,,,,A,
IMS-1497,ORTHOPEDICS,,"A patient fell on an outstretched hand, resulting in a fracture of the distal radius with volar (anterior) displacement. This fracture is called:",Smith's fracture,,,,,A,
IMS-1498,ORTHOPEDICS,,"A boy lands heavily on his left shoulder, violently separating his neck and shoulder. His arm now hangs at his side, internally rotated and pronated. Which structure is damaged?",Upper trunk of the brachial plexus (C5-C6),,,,,A,
IMS-1499,ORTHOPEDICS,,"A hiker carrying a heavy backpack with tight straps develops a severe traction injury. He loses arm abduction, elbow flexion, and wrist extension. Which part of the brachial plexus is compressed?",Upper trunk (Erb's point),,,,,A,
IMS-1500,ORTHOPEDICS,,"A trauma patient suffers a direct blow to the anterior tibia while the knee is semi-flexed, driving the femur posteriorly relative to the tibia. Which knee ligament is ruptured?",Anterior cruciate ligament (ACL),,,,,A,
IMS-1501,ORTHOPEDICS,,"A positive anterior drawer sign, where the tibia can be pulled excessively forward on the femur, clinically indicates rupture of which structure?",Anterior Cruciate Ligament (ACL),,,,,A,
IMS-1502,ORTHOPEDICS,,A severe fracture of the talus bone will mechanically disrupt which primary weight-bearing structure of the foot?,Medial longitudinal arch,,,,,A,
IMS-1503,PATHOLOGY,,Mallory-Denk bodies are characteristic of:,Alcoholic hepatitis,,,,,A,
IMS-1504,PATHOLOGY,,A 67-year-old smoker with an AAA has which underlying pathological process?,Atherosclerotic plaque formation,,,,,A,
IMS-1505,PATHOLOGY,,"A Pap smear showing dysplasia, increased N:C ratio, and pleomorphism with intact basement membrane indicates:",Carcinoma in situ,,,,,A,
IMS-1506,PATHOLOGY,,"Biopsy from a patient with night sweats, fever, and chronic cough shows which type of necrosis?",Caseous necrosis,,,,,A,
IMS-1507,PATHOLOGY,,A postmortem clot is distinguished from an antemortem thrombus by its:,Chicken-fat and currant jelly appearance,,,,,A,
IMS-1508,PATHOLOGY,,The hallmark of irreversible cell injury is:,Chromatin condensation (pyknosis/karyorrhexis),,,,,A,
IMS-1509,PATHOLOGY,,Irreversible cardiac muscle injury shows:,Contraction band necrosis,,,,,A,
IMS-1510,PATHOLOGY,,The correct sequence in infective endocarditis pathogenesis is:,Damaged valve -> thrombosis -> bacteremia -> perforation,,,,,A,
IMS-1511,PATHOLOGY,,A FAP patient with a fibrous central abdominal tumor has:,Desmoid tumor,,,,,A,
IMS-1512,PATHOLOGY,,Acute pancreatitis in a chronic alcoholic shows which type of necrosis?,Enzymatic fat necrosis,,,,,A,
IMS-1513,PATHOLOGY,,Acute pancreatitis superimposed on chronic pancreatitis in an alcoholic shows which necrosis?,Fat necrosis (enzymatic),,,,,A,
IMS-1514,PATHOLOGY,,"A 26-year-old woman has a 1.5cm painless, firm, mobile, well-circumscribed breast lump. Ultrasound shows a homogeneous oval lesion. The diagnosis is:",Fibroadenoma,,,,,A,
IMS-1515,PATHOLOGY,,A lactating mother with a breast mass and white creamy material on FNAC has:,Galactocele,,,,,A,
IMS-1516,PATHOLOGY,,Superimposed bacterial infection on ischemic tissue results in:,Gangrenous (wet) necrosis,,,,,A,
IMS-1517,PATHOLOGY,,"A diabetic patient with a black, shriveled, foul-smelling foot ulcer has:",Gangrenous necrosis (wet gangrene),,,,,A,
IMS-1518,PATHOLOGY,,A chronic smoker's respiratory epithelium shows which histological change?,Goblet cell hyperplasia,,,,,A,
IMS-1519,PATHOLOGY,,Large mitochondrial densities on microscopy indicate:,Irreversible cell injury,,,,,A,
IMS-1520,PATHOLOGY,,Hepatic steatosis (fatty liver) in an alcoholic shows:,Lipid droplets within hepatocytes,,,,,A,
IMS-1521,PATHOLOGY,,Brain necrosis following ischemic stroke is:,Liquefactive necrosis,,,,,A,
IMS-1522,PATHOLOGY,,A young girl with bilateral ovarian masses containing hair and teeth has:,Mature cystic teratoma (dermoid cyst),,,,,A,
IMS-1523,PATHOLOGY,,A thyroid mass with amyloid stroma and elevated calcitonin on FNAC is:,Medullary thyroid carcinoma,,,,,A,
IMS-1524,PATHOLOGY,,Popcorn cell variant of Reed-Sternberg cells is found in which Hodgkin lymphoma subtype?,Nodular lymphocyte-predominant,,,,,A,
IMS-1525,PATHOLOGY,,A teenager with night pain in a long bone relieved by NSAIDs and a radiolucent nidus on imaging has:,Osteoid osteoma,,,,,A,
IMS-1526,PATHOLOGY,,Seminomas arise from:,Primordial germ cell proliferation,,,,,A,
IMS-1527,PATHOLOGY,,Peau d'orange appearance of the breast in malignancy is due to:,Subdermal lymphatic obstruction,,,,,A,
IMS-1528,PATHOLOGY,,A 57-year-old alcoholic man has clear cytoplasmic spaces in hepatocytes on liver biopsy. The substance filling these spaces is:,Triglycerides (steatosis),,,,,A,
IMS-1529,PATHOLOGY,,"A ""starry-sky"" histologic appearance on lymph node biopsy is classically seen in which lymphoma?",Burkitt lymphoma,,,,,A,
IMS-1530,PATHOLOGY,,Hurthle cell (oncocytic) carcinoma most commonly arises in the thyroid gland.,Thyroid,,,,,A,
IMS-1531,PATHOLOGY,,A patient with chronic hepatitis B has sudden testicular torsion; histology shows fibrin deposits in the tunica media of the testicular artery. What type of necrosis is this?,Fibrinoid necrosis,,,,,A,
IMS-1532,PATHOLOGY,,A patient with chronic hepatitis B has sudden severe testicular pain from torsion; histology of the testicular artery shows fibrin-like deposition in the tunica media. Which type of necrosis is this?,Fibrinoid necrosis,,,,,A,
IMS-1533,PATHOLOGY,,Which type of multinucleated giant cell is characteristic of tuberculosis?,Langhans giant cells,,,,,A,
IMS-1534,PATHOLOGY,,"A patient with localized bacterial cellulitis develops marked swelling, warmth, and accumulates exudative fluid in the interstitial space. What type of edema fluid is expected in infected, inflamed tissue?",Exudative (high-protein fluid due to increased vascular permeability),,,,,A,
IMS-1535,PATHOLOGY,,"A 42-year-old woman has a thyroid tumor. Histology shows cells with overlapping nuclei containing finely dispersed chromatin (""Orphan Annie eye"" nuclei) and numerous psammoma bodies; what is the most likely diagnosis?",Papillary carcinoma,,,,,A,
IMS-1536,PATHOLOGY,,Histology of an encapsulated thyroid mass removed at thyroidectomy shows capsular and vascular invasion suggesting hematogenous metastasis. Which primary thyroid tumor is most likely?,Follicular carcinoma,,,,,A,
IMS-1537,PATHOLOGY,,A man presents with generalized swelling for two weeks. Physical exam shows a thick-walled kidney; 24-hour urinary protein is 4 g/day and renal biopsy reveals apple-green birefringent deposits on Congo red stain.,Multiple myeloma,,,,,A,
IMS-1538,PATHOLOGY,,Councilman bodies are hepatocytes undergoing which cellular process?,Apoptosis,,,,,A,
IMS-1539,PATHOLOGY,,A woman with a uterine fibroid has histology showing decreased glands and surrounding stroma. Which of the following best explains this change?,Atrophy,,,,,A,
IMS-1540,PATHOLOGY,,"At autopsy of a patient who died suddenly, a right atrial clot had a gelatinous yellow upper layer and a red lower portion. Which of the following best describes this finding?",Chicken fat clot,,,,,A,
IMS-1541,PATHOLOGY,,Which type of necrosis is characteristic of a brain (cerebral) infarction?,Liquefactive,,,,,A,
IMS-1542,PATHOLOGY,,A long-distance truck driver with chronic alcohol use undergoes liver biopsy. Which lipid is most likely to accumulate in his hepatocytes?,Triglycerides,,,,,A,
IMS-1543,PATHOLOGY,,"Histopathological analysis of a thyroid nodule shows cell clusters, amyloid deposits, and foci of C cell hyperplasia. The most likely diagnosis is:",Medullary carcinoma,,,,,A,
IMS-1544,PATHOLOGY,,"A woman is diagnosed with a thyroid tumor. Histopathology shows cells with overlapping nuclei containing finely dispersed chromatin (""Orphan Annie eye"" nuclei) and numerous psammoma bodies. Which of the following is the most likely diagnosis?",Papillary carcinoma,,,,,A,
IMS-1545,PATHOLOGY,,Characteristic cells present in a granuloma are:,Lymphocytes and macrophages,,,,,A,
IMS-1546,PATHOLOGY,,A female with a thyroid nodule presents with back pain. Imaging shows multiple vertebral metastases and lung nodules. Which thyroid cancer most commonly spreads hematogenously?,Follicular carcinoma,,,,,A,
IMS-1547,PATHOLOGY,,What is the first sign in reversible injury of a cell?,Hydropic change,,,,,A,
IMS-1548,PATHOLOGY,,A female underwent a hysterectomy. Histopathology shows intact parenchyma and cellular outlines. The type of necrosis seen is:,Coagulative necrosis,,,,,A,
IMS-1549,PATHOLOGY,,A CKD patient dies. Autopsy shows which typical finding?,Hyperplasia of parathyroid gland,,,,,A,
IMS-1550,PATHOLOGY,,"An elderly male with severe atherosclerosis develops acute abdominal pain. On laparotomy, the small intestine appears dark in color, and the superior mesenteric artery is sclerotic. What is the most likely pathological type of the small intestine?",Red (hemorrhagic) infarction,,,,,A,
IMS-1551,PATHOLOGY,,A patient presents with a swelling at the preauricular region that is well-circumscribed and mobile. Likely diagnosis?,Pleomorphic adenoma,,,,,A,
IMS-1552,PATHOLOGY,,A patient presented 3 days post MI to the ER and died after initial resuscitation. What changes will be seen in the myocardial tissue?,Neutrophils in muscular wall,,,,,A,
IMS-1553,PATHOLOGY,,How is Fat Embolism Syndrome definitively diagnosed post-mortem?,Frozen section of affected tissue stained with a fat stain,,,,,A,
IMS-1554,PATHOLOGY,,Which cellular structure is primarily affected in LRTI (pneumonia)?,Cilia,,,,,A,
IMS-1555,PATHOLOGY,,"A patient presented with sudden severe epigastric pain, labs showing increased amylase levels. Type of necrosis in involved organ:",Fat necrosis,,,,,A,
IMS-1556,PATHOLOGY,,Most important beneficial function of apoptosis:,Remove mutant cells,,,,,A,
IMS-1557,PATHOLOGY,,A patient with long-term smoking presents with increased lung compliance and loss of alveolar walls. What is the primary site affected in emphysema?,Terminal bronchioles,,,,,A,
IMS-1558,PATHOLOGY,,"During acute inflammation, neutrophils migrate from the bloodstream to tissues. Which step occurs first?",Margination,,,,,A,
IMS-1559,PATHOLOGY,,1st step in Apoptosis:,Activation of Caspases,,,,,A,
IMS-1560,PATHOLOGY,,Diagnosis of appendicitis on histopathology (appendectomy specimen)?,Neutrophils in muscularis propria,,,,,A,
IMS-1561,PATHOLOGY,,A patient has a history of MI and now presented with lesions in the brain affecting motor functions. The type of necrosis seen is:,Liquefactive,,,,,A,
IMS-1562,PATHOLOGY,,"After an appendectomy, a patient develops swelling at the scar. Histopathology shows granulomatous inflammation with giant cells.",Scar granuloma,,,,,A,
IMS-1563,PATHOLOGY,,A young child presents with a large tumor mass arising from the posterior abdominal wall. Biopsy reveals small blue round cells forming characteristic Homer-Wright rosettes. Which diagnosis is most likely?,Neuroblastoma,,,,,A,
IMS-1564,PATHOLOGY,,"One month after an appendectomy, a scar biopsy is performed, showing a persistent inflammatory reaction dominated by giant cells, macrophages, and plasma cells. This histopathology is indicative of what type of healing tissue?",Granulomatous scar,,,,,A,
IMS-1565,PATHOLOGY,,Which cell type is characteristic in granulomatous inflammation besides giant and plasma cells?,Epithelioid cells,,,,,A,
IMS-1566,PATHOLOGY,,Which of the following are principal cells forming a granuloma?,"Epithelioid macrophages, Giant cells, & lymphocytes",,,,,A,
IMS-1567,PATHOLOGY,,Components of atherosclerosis:,"Lipids, inflammatory cells, smooth muscle cells, extracellular matrix",,,,,A,
IMS-1568,PATHOLOGY,,"A patient had sutures removed 7 days post-procedure. The resulting wound healing process produced a raised, erythematous scar that remains confined to the boundaries of the original wound.",Hypertrophic Scar,,,,,A,
IMS-1569,PATHOLOGY,,"Which cell type, derived from activated macrophages, is the primary and defining cellular component of a granuloma?",Epithelioid cells,,,,,A,
IMS-1570,PATHOLOGY,,"A man presents every spring with sneezing, watery rhinorrhea, nasal itching, and conjunctival redness. Nasal smear is performed to identify the predominant inflammatory cell involved in seasonal allergic rhinitis. Which cell type is MOST characteristic of this condition?",Eosinophils,,,,,A,
IMS-1571,PATHOLOGY,,Barrett's esophagus is characterized by the change from normal stratified squamous epithelium to which type of lining?,Simple columnar epithelium with goblet cells,,,,,A,
IMS-1572,PATHOLOGY,,A teenager presents with night pain in the long bone relieved by NSAIDs. Imaging shows a small radiolucent nidus. Which tumor is most likely?,Osteoid osteoma,,,,,A,
IMS-1573,PATHOLOGY,,A patient with chronic kidney disease (CKD) passes away. Autopsy reveals enlarged parathyroid glands. What is the most likely explanation?,Secondary Parathyroid hyperplasia,,,,,A,
IMS-1574,PATHOLOGY,,A male presents with multiple osteolytic lesions of the hip bone. Histology shows giant multinucleated cells. These cells are derived from:,Osteoclasts (Macrophage Monocyte lineage),,,,,A,
IMS-1575,PATHOLOGY,,Histopathology shows squamous cell carcinoma with:,Keratin pearls,,,,,A,
IMS-1576,PATHOLOGY,,Amorphous density present in mitochondria:,Irreversible cell injury,,,,,A,
IMS-1577,PATHOLOGY,,10% formalin is used in biopsy specimens for which purpose?,Prevent autolysis and preserve tissue,,,,,A,
IMS-1578,PATHOLOGY,,Amyloidosis commonly causes dysfunction of which of the following organs?,Kidney and heart,,,,,A,
IMS-1579,PATHOLOGY,,"In a patient with endemic goiter, which histological change is expected?",Follicular hyperplasia,,,,,A,
IMS-1580,PATHOLOGY,,A patient with the history of MI has a white infarct seen on histology. This kind of infarct is typically found in organs with which kind of blood supply?,Arterial occlusion in solid organs with end arterial supply,,,,,A,
IMS-1581,PATHOLOGY,,The hyperphosphorylation and aggregation of which protein into neurofibrillary tangles is a key pathological hallmark of Alzheimer disease?,Tau protein,,,,,A,
IMS-1582,PATHOLOGY,,Patient with swelling at metaphyseal epiphyseal junction. Histology shows spindle cells with giant cells. Diagnosis?,Giant cell tumor,,,,,A,
IMS-1583,PATHOLOGY,,Movement of inflammatory cells across intact endothelium is referred to as:,Diapedesis,,,,,A,
IMS-1584,PATHOLOGY,,"In Appendicitis, the fluid surrounding the appendix is typically an:",Exudate,,,,,A,
IMS-1585,PATHOLOGY,,"Patient with upper GI bleed passes blood first, then clear fluid. Endoscopy shows a tear at the gastroesophageal junction. Which acid-base disturbance may be seen?",Metabolic alkalosis (due to severe vomiting),,,,,A,
IMS-1586,PATHOLOGY,,Apoptosis DNA pattern:,Stepladder pattern,,,,,A,
IMS-1587,PATHOLOGY,,Histological examination of the liver of an alcoholic person revealing accumulation of fat vacuoles within hepatocytes is consistent with which condition?,Hepatic Steatosis,,,,,A,
IMS-1588,PATHOLOGY,,The duct of the parotid gland gets blocked. The shrinkage of the gland occurs due to a process of:,Apoptosis,,,,,A,
IMS-1589,PATHOLOGY,,Which mechanism contributes to cellular aging?,Telomere shortening,,,,,A,
IMS-1590,PATHOLOGY,,Which tissue plays a major role in breast carcinoma?,Intraductal epithelium (Terminal duct lobular unit),,,,,A,
IMS-1591,PATHOLOGY,,Caspases are activated in which process?,Apoptosis,,,,,A,
IMS-1592,PATHOLOGY,,Histological slide of renal tubule shows pink proteinaceous material in lumen. What is it?,Hyaline cast (Tamm-Horsfall protein),,,,,A,
IMS-1593,PATHOLOGY,,Necrosis of a solid organ with a superimposed bacterial infection:,Gangrenous necrosis (wet gangrene),,,,,A,
IMS-1594,PATHOLOGY,,The clinical term used to describe excessive scar tissue formation that extends beyond the boundaries of the original wound and rarely regresses spontaneously is:,Keloid,,,,,A,
IMS-1595,PATHOLOGY,,"In a patient presenting with an ST-Elevation Myocardial Infarction, what is the direct cause of the characteristic ST-segment elevation on the ECG?",Arterial thrombosis,,,,,A,
IMS-1596,PATHOLOGY,,A boy presents with pain and swelling in the arm. Surgeon examines but boy refuses due to pain. Which mediator is mainly responsible for pain at the site?,Prostaglandins (PGE2) and Bradykinin,,,,,A,
IMS-1597,PATHOLOGY,,A male presents with carcinoma involving the mandible. The biopsy shows waxy parenchyma with a distinctive motor oil appearance when cut. This description is classic of which tumor?,Adenoid cystic carcinoma,,,,,A,
IMS-1598,PATHOLOGY,,How apoptosis visually occurs under a microscope:,Cell shrinkage and chromatin condensation,,,,,A,
IMS-1599,PATHOLOGY,,The highly eosinophilic (pink) appearance of cytoplasm in necrosis on H&E stain is primarily due to:,Loss of ribosomes and denaturation of intracellular proteins,,,,,A,
IMS-1600,PATHOLOGY,,Helicobacter pylori infection is strongly associated with which specific type of gastric cancer?,MALT Lymphoma / Gastric Adenocarcinoma,,,,,A,
IMS-1601,PATHOLOGY,,A male with a history of pulmonary tuberculosis. Which type of calcification is typically involved in this process of healing and resolution of injured tissue?,Dystrophic Calcification,,,,,A,
IMS-1602,PATHOLOGY,,A coal miner undergoes mediastinal lymph node biopsy. The cut surface shows black pigment deposition within macrophages. What is the most likely diagnosis?,Anthracosis (Coal worker's pneumoconiosis),,,,,A,
IMS-1603,PATHOLOGY,,"Under light microscopy, a cell shows chromatin condensation, shrinkage, and cytoplasmic blebbing. These features are most characteristic of which cell process?",Apoptosis,,,,,A,
IMS-1604,PATHOLOGY,,A patient with myocardial infarction dies suddenly. What type of necrosis is most likely seen on autopsy in the affected heart tissue?,Coagulative necrosis,,,,,A,
IMS-1605,PATHOLOGY,,Which segment of the nephron is most commonly damaged during hemorrhage?,Proximal convoluted tubule (ATN due to ischemia),,,,,A,
IMS-1606,PATHOLOGY,,Which cell type primarily contributes to the development of atherosclerotic plaques causing 75% arterial blockage?,Smooth muscle cells,,,,,A,
IMS-1607,PATHOLOGY,,Describe the typical sequence of pathological events in infective endocarditis starting from a damaged heart valve.,Damaged valve -> thrombus -> bacteremia -> penetration/vegetation,,,,,A,
IMS-1608,PATHOLOGY,,"A 45-year-old man with chronic alcoholism presents with severe epigastric pain, nausea, vomiting, fever, and elevated serum amylase. He is diagnosed with acute pancreatitis superimposed on chronic pancreatitis. Which type of necrosis is most characteristic in this condition?",Enzymatic fat necrosis,,,,,A,
IMS-1609,PATHOLOGY,,"A patient presents with severe right lower quadrant pain and an elevated white blood cell count. Acute appendicitis is diagnosed, and an appendectomy is performed; what histopathological finding is expected?",Neutrophils in muscularis propria,,,,,A,
IMS-1610,PATHOLOGY,,What kind of inflammation is characterized by the presence of pus cells in appendicitis? Identify the correct type of inflammation.,Suppurative / Purulent inflammation,,,,,A,
IMS-1611,PATHOLOGY,,A 60-year-old man with atrial fibrillation suddenly develops severe left flank pain and hematuria. Imaging shows a wedge-shaped area of ischemia in the left kidney. What is the most likely histopathological finding in the renal tissue?,Coagulative necrosis,,,,,A,
IMS-1612,PATHOLOGY,,Identify the most common type of polyp found in patients with familial adenomatous polyposis (FAP).,Adenomatous polyp,,,,,A,
IMS-1613,PATHOLOGY,,A liver biopsy from a chronic alcoholic shows cytoplasmic vacuoles in hepatocytes. What substance do these vacuoles most likely contain?,Triglycerides (Steatosis),,,,,A,
IMS-1614,PATHOLOGY,,A 10-year-old child has a lump on the forehead. The excised mass under the microscope shows vascular anastomosis and a single layer of endothelial cells. What is the most likely diagnosis?,Hemangioma,,,,,A,
IMS-1615,PATHOLOGY,,What histological feature characterizes Barrett esophagus?,Simple columnar epithelium with goblet cells (Intestinal metaplasia),,,,,A,
IMS-1616,PATHOLOGY,,Tumor grading assesses how much tumor cells differ from normal cells in structure and function. What does tumor grading explicitly evaluate?,Degree of cellular differentiation and mitotic activity,,,,,A,
IMS-1617,PATHOLOGY,,A patient presents with right iliac fossa pain and is diagnosed with acute appendicitis. What type of inflammation commonly occurs in this condition?,Suppurative (Purulent) inflammation,,,,,A,
IMS-1618,PATHOLOGY,,A 58-year-old man dies suddenly on the third day after an acute myocardial infarction. What histological findings are most likely in the left ventricular myocardium during autopsy?,"Coagulative necrosis, neutrophils, and macrophages",,,,,A,
IMS-1619,PATHOLOGY,,"A patient died from fat embolism. On autopsy, which method best visualizes fat emboli?",Frozen tissue sections with Oil Red O / Sudan Black stain,,,,,A,
IMS-1620,PATHOLOGY,,Identify the most frequent origin of systemic arterial emboli in patients.,"Left ventricular mural thrombus (e.g., post-MI or in AFib)",,,,,A,
IMS-1621,PATHOLOGY,,The peau d'orange appearance of the breast in cancer results from tumor obstruction of which breast structure?,Subdermal lymphatic vessels,,,,,A,
IMS-1622,PATHOLOGY,,Which mechanism triggers execution of apoptosis by activating specific proteolytic enzymes?,Caspases,,,,,A,
IMS-1623,PATHOLOGY,,Which cells engulf lipids to develop into foam cells within an atheromatous plaque?,Macrophages,,,,,A,
IMS-1624,PATHOLOGY,,"Three days after a myocardial infarction, angiography shows blockage of the left circumflex artery. Which of the following substances will be most abundant in the affected area?",VEGF / Macrophages (Granulation tissue forming),,,,,A,
IMS-1625,PATHOLOGY,,A patient with kidney disease develops generalized edema. Which of the following mechanisms causes this edema?,Decrease in plasma oncotic pressure (due to proteinuria),,,,,A,
IMS-1626,PATHOLOGY,,A 62-year-old man with a history of deep vein thrombosis presents with chest pain and is diagnosed with myocardial infarction. The medical team evaluates risk factors that independently raise the chance of thrombosis causing MI. Which factor is most critical in increasing thrombosis risk?,Vascular (endothelial) injury,,,,,A,
IMS-1627,PATHOLOGY,,What characteristic differentiates carcinoma from dysplasia or metaplasia in tissue pathology?,Invasion through the basement membrane,,,,,A,
IMS-1628,PATHOLOGY,,A cell observed under the microscope shows nuclear condensation and shrinking. What term best describes this process?,Pyknosis,,,,,A,
IMS-1629,PATHOLOGY,,A 55-year-old man with type 2 diabetes and a history of a high-fat diet experiences sudden death. What is the most likely cardiac finding in this case?,Cholesterol clefts in coronaries (Ruptured atherosclerotic plaque),,,,,A,
IMS-1630,PATHOLOGY,,"After a severe ischemic stroke, a patient develops brain necrosis. Which type of necrosis is expected in the CNS?",Liquefactive necrosis,,,,,A,
IMS-1631,PATHOLOGY,,H. pylori infection plays a definite etiologic role in the pathogenesis of which malignancy?,Gastric MALT lymphoma,,,,,A,
IMS-1632,PATHOLOGY,,Councilman bodies in the liver are associated with:,Apoptosis (Viral hepatitis or Yellow fever),,,,,A,
IMS-1633,PATHOLOGY,,Granulomas are characterized by:,Localized collections of epithelioid macrophages,,,,,A,
IMS-1634,PATHOLOGY,,"Histological examination of the liver reveals a centrally necrotic area surrounded by epithelioid cells, lymphocytes, and giant cells. This is indicative of:",Caseating granuloma (Tuberculosis),,,,,A,
IMS-1635,PATHOLOGY,,"In a CKD patient who died, which organ is likely to be enlarged on autopsy?",Parathyroid glands (Secondary hyperparathyroidism),,,,,A,
IMS-1636,PATHOLOGY,,The cell type most susceptible to and rapidly damaged by ischemia is:,Neuron,,,,,A,
IMS-1637,PATHOLOGY,,"A patient's histopathology report shows pleomorphism, loss of rete ridge polarity, and an increased N:C ratio invading the dermis. What is the diagnosis?",Squamous Cell Carcinoma,,,,,A,
IMS-1638,PATHOLOGY,,Histological examination of the uterus reveals a benign tumor composed of spindle-shaped smooth muscle cells in whorled patterns. Diagnosis:,Leiomyoma (Fibroid),,,,,A,
IMS-1639,PATHOLOGY,,What is a pleomorphic adenoma of the salivary gland?,A benign mixed tumor (epithelial and myoepithelial cells) derived from a single germ layer,,,,,A,
IMS-1640,PATHOLOGY,,A patient with hyperthyroidism (Graves') presents with a thyroid swelling. Histology reveals tall columnar cells with pale scalloped borders and papillary infoldings. This indicates:,Diffuse follicular hyperplasia,,,,,A,
IMS-1641,PATHOLOGY,,Programmed cell death is related to:,Apoptosis,,,,,A,
IMS-1642,PATHOLOGY,,A patient presents with a bone fracture. Lab investigations show reduced Vitamin D levels. The most likely underlying metabolic bone disease is:,Osteomalacia,,,,,A,
IMS-1643,PATHOLOGY,,Which CSF finding is typically seen in bacterial meningitis?,"Increased protein, decreased glucose, and neutrophilic pleocytosis",,,,,A,
IMS-1644,PATHOLOGY,,"A histopathology report shows pleomorphism, loss of rete ridge polarity, and an increased nuclear-to-cytoplasmic ratio. What is the diagnosis?",Severe dysplasia / Squamous cell carcinoma in situ,,,,,A,
IMS-1645,PATHOLOGY,,"A female has nausea, vomiting, and gastric upset for 5 days. Stomach biopsy shows lymphocytes, neutrophils, macrophages, and plasma cells with no ulceration. What is the most probable diagnosis?",Chronic active gastritis (H. pylori),,,,,A,
IMS-1646,PATHOLOGY,,"A patient with a 1-year history of shortness of breath presents with wheezing, a hyper-resonant chest, and decreased vocal fremitus. PFTs show decreased FEV1/FVC. What increases the activity of neutrophil elastase in this condition?",Smoking (Nicotine inactivating alpha-1 antitrypsin),,,,,A,
IMS-1647,PATHOLOGY,,What is the most reliable biochemical marker/sign indicating that a cell has transitioned from reversible to irreversible injury?,Massive intracellular calcium influx and mitochondrial damage,,,,,A,
IMS-1648,PATHOLOGY,,"After severe ischemic injury and necrosis in the cerebral cortex, which supporting glial cells proliferate to form the permanent structural scar?",Astrocytes (Reactive gliosis),,,,,A,
IMS-1649,PATHOLOGY,,White blood cells travel between endothelial cells to exit a blood vessel and enter tissue. What is this process termed?,Diapedesis (Transmigration),,,,,A,
IMS-1650,PATHOLOGY,,"What type of severe, destructive inflammation is characteristic of an acute appendicitis presenting with abundant pus, neutrophils, and necrotic debris?",Suppurative (Purulent) inflammation,,,,,A,
IMS-1651,PATHOLOGY,,"In diabetic peripheral neuropathy, the primary pathophysiological defect causing nerve damage is:",Endothelial damage of the vasa nervorum (Microvascular ischemia),,,,,A,
IMS-1652,PATHOLOGY,,A patient's leg is immobilized in a plaster cast for six weeks following a fracture. The resulting visible reduction in the size of the gastrocnemius muscle is due to:,Decreased protein synthesis and increased ubiquitin-proteasome degradation (Atrophy),,,,,A,
IMS-1653,PATHOLOGY,,"Localized non-pitting edema (lymphedema) is formed by the accumulation of protein-rich interstitial fluid due to lymphatic obstruction. If left untreated for years, this chronic stagnation triggers:",Chronic inflammation and severe tissue fibrosis (Elephantiasis),,,,,A,
IMS-1654,PATHOLOGY,,"On microscopic examination of an ischemic cell, large amorphous densities are found within the mitochondria. This specific finding indicates:",Irreversible cell injury,,,,,A,
IMS-1655,PATHOLOGY,,"Ischemia-reperfusion injury, radiation, and certain cytotoxins cause cell damage primarily through the generation of which destructive molecules?",Reactive Oxygen Species (Free radicals),,,,,A,
IMS-1656,PATHOLOGY,,"A patient develops a woody, draining jaw abscess (Actinomycosis). Microscopic examination of the tissue will reveal:",Suppurative granulomas containing central sulfur granules,,,,,A,
IMS-1657,PATHOLOGY,,A blood sample left overnight in a refrigerator shows artifactually high Potassium (K=6) and excessively elevated LDH. This laboratory error is caused by:,In vitro hemolysis of the blood sample,,,,,A,
IMS-1658,PATHOLOGY,,Which human organ classically demonstrates massive concomitant physiological hypertrophy and hyperplasia under hormonal influence?,Uterus (Myometrium) during pregnancy,,,,,A,
IMS-1659,PATHOLOGY,,Bone spicules form within skeletal muscle tissue a few months after severe trauma (Myositis ossificans). What cellular adaptation does this represent?,Osseous metaplasia,,,,,A,
IMS-1660,PATHOLOGY,,A patient with a 20-year history of uncontrolled diabetes presents with nephrotic syndrome and progressive renal failure. Renal biopsy will show nodular glomerulosclerosis known as:,Kimmelstiel-Wilson nodules,,,,,A,
IMS-1661,PATHOLOGY,,"The disorderly proliferation of epithelium characterized by a loss of cellular uniformity, loss of architectural orientation, and variable size/shape is termed:",Dysplasia,,,,,A,
IMS-1662,PATHOLOGY,,"Which systemic necrotizing vasculitis classically features transmural inflammation of medium-sized arteries, displaying lesions of varying ages (both acute and healing) within the same vessel?",Polyarteritis Nodosa (PAN),,,,,A,
IMS-1663,PATHOLOGY,,"Following a major hepatic resection or living-donor partial liver transplant, the extraordinary compensatory hyperplasia of the remaining liver restores full mass within:",2 to 4 weeks (rapid phase in 5-15 days),,,,,A,
IMS-1664,PATHOLOGY,,"On autopsy, a patient's liver exhibits a mottled, ""nutmeg"" appearance with dark red centrilobular regions and pale peripheral zones. What is the primary hemodynamic cause?",Chronic passive venous congestion (Right-sided heart failure),,,,,A,
IMS-1665,PEDIATRICS,,"A child with recurrent pulmonary infections and malabsorption has elevated sweat test chloride, diagnostic of:",Elevated chloride concentration (>60 mEq/L),,,,,A,
IMS-1666,PEDIATRICS,,Abdominal distension and edema in kwashiorkor are due to:,Hypoalbuminemia,,,,,A,
IMS-1667,PEDIATRICS,,A boot-shaped heart (coeur en sabot) on chest X-ray is seen in:,Tetralogy of Fallot,,,,,A,
IMS-1668,PEDIATRICS,,A 4-year-old child has a midline neck swelling below the hyoid bone that moves with tongue protrusion. The diagnosis is:,Thyroglossal duct cyst,,,,,A,
IMS-1669,PEDIATRICS,,"A newborn with arm hanging by the side, adducted and internally rotated, with loss of abduction and flexion has injury to:",Upper trunk of brachial plexus (Erb-Duchenne),,,,,A,
IMS-1670,PEDIATRICS,,A newborn with bowel loops visible in the chest on imaging and severe respiratory distress most likely has which condition?,Congenital diaphragmatic hernia (Bochdalek),,,,,A,
IMS-1671,PEDIATRICS,,"A child has fever, headache, vomiting, neck stiffness, and both Kernig and Brudzinski signs are positive. What is the most appropriate initial treatment?",Ceftriaxone,,,,,A,
IMS-1672,PEDIATRICS,,"A 5-year-old child has chronic diarrhea with foul-smelling, pale, bulky stools and failure to thrive; examination shows undernutrition. Which vitamin deficiency is most likely responsible?",Retinoic acid (Vitamin A),,,,,A,
IMS-1673,PEDIATRICS,,A newborn has abdominal contents protruding through the umbilicus that are covered by a membranous sac. The intestines failed to return to the abdominal cavity during fetal development; what is the most likely diagnosis?,Omphalocele,,,,,A,
IMS-1674,PEDIATRICS,,A child has self-mutilating behavior and elevated serum uric acid; which enzyme deficiency explains this presentation?,HGPRT (Hypoxanthine-guanine phosphoribosyltransferase),,,,,A,
IMS-1675,PEDIATRICS,,A ductus arteriosus that remains open after birth is termed which condition?,Patent ductus arteriosus,,,,,A,
IMS-1676,PEDIATRICS,,A newborn baby started bleeding from the stump of the umbilicus and nose 2 days after birth. This is due to which vitamin deficiency?,Vitamin K due to sterile gut,,,,,A,
IMS-1677,PEDIATRICS,,"An infant presents with weak cry, stridor, and respiratory distress. Examination reveals a blue-pink subglottic mass. What is the most likely diagnosis?",Subglottic hemangioma,,,,,A,
IMS-1678,PEDIATRICS,,A boy comes into the OPD with abdominal swelling. He is lethargic with light & dark streaks of hair. The condition is:,Kwashiorkor,,,,,A,
IMS-1679,PEDIATRICS,,A child presents with the symptom of night blindness but shows no Bitot's spots. This is the earliest and most specific sign of a deficiency of which vitamin?,Vitamin A,,,,,A,
IMS-1680,PEDIATRICS,,"A child presents with right lower quadrant abdominal pain, mild fever, and nausea. On examination, there is tenderness at McBurney's point. Ultrasound shows multiple enlarged mesenteric lymph nodes near the terminal ileum with a normal appendix. What is the most likely diagnosis?",Mesenteric lymphadenitis,,,,,A,
IMS-1681,PEDIATRICS,,"A full-term newborn presents on the second day of life with recurrent bilious vomiting and failure to pass meconium. Abdominal X-ray shows the characteristic ""double-bubble"" sign. What is the most likely diagnosis?",Duodenal Atresia,,,,,A,
IMS-1682,PEDIATRICS,,"A newborn baby presents with features of no subcutaneous fat, dry skin, and extensive meconium staining. What is the likely diagnosis reflecting post-term complications?",Post maturity syndrome,,,,,A,
IMS-1683,PEDIATRICS,,"A boy presented with continuous vomiting after feeding, on per abdominal exam, abdomen is soft and there is visible peristalsis, how to confirm if this is a case of pyloric stenosis:",Ultrasound abdomen,,,,,A,
IMS-1684,PEDIATRICS,,"Female patient presents with cardiac defect, psychiatric behavior, and cleft palate. Likely diagnosis?",DiGeorge Syndrome,,,,,A,
IMS-1685,PEDIATRICS,,"A child with recurrent respiratory tract infection, chronic cough, and failure to thrive, also having diarrhea. Diagnosis?",Cystic Fibrosis,,,,,A,
IMS-1686,PEDIATRICS,,"A boy presents with an epistaxis, sinusitis, recurrent respiratory tract infections and diarrhea. What is the definitive investigation of choice?",Sweat chloride test,,,,,A,
IMS-1687,PEDIATRICS,,Newborn develops diarrhea after milk consumption. Diagnosis?,Lactose intolerance,,,,,A,
IMS-1688,PEDIATRICS,,"A child presents with profuse vomiting and watery diarrhea. BP is 70 40 mmHg, capillary refill is delayed. What is the most likely shock type?",Hypovolemic shock,,,,,A,
IMS-1689,PEDIATRICS,,A newborn girl presents with ambiguous genitalia and hyperpigmentation. Labs show elevated 17 Hydroxyprogesterone. The most likely diagnosis is:,Congenital Adrenal Hyperplasia,,,,,A,
IMS-1690,PEDIATRICS,,"A mother delivers a premature baby. The pediatrician notices nose bleeding. On further investigation, it is found that the mother had a history of antibiotic use during pregnancy. Most likely cause?",Vitamin K deficiency,,,,,A,
IMS-1691,PEDIATRICS,,A boy diagnosed with leukemia has to undergo a bone marrow biopsy. The patient's bone marrow is taken from which of the following?,Posterior Superior Iliac Spine (PSIS),,,,,A,
IMS-1692,PEDIATRICS,,A preterm infant at 28 weeks develops respiratory distress with grunting and nasal flaring. CXR shows a ground-glass appearance. What substance is deficient?,Surfactant,,,,,A,
IMS-1693,PEDIATRICS,,A newborn presents within the first week of life with umbilical and IV site ecchymosis and evidence of internal bleeding. The mother received no prenatal care. What is the most likely diagnosis?,Hemorrhagic Disease of the Newborn (Vitamin K deficiency),,,,,A,
IMS-1694,PEDIATRICS,,"A child presents with metabolic acidosis, urine pH > 5, and serum K = 2.5 mEq/L. Which diagnosis is most likely?",Distal (Type 1) renal tubular acidosis,,,,,A,
IMS-1695,PEDIATRICS,,"A baby presented with respiratory difficulty. ABGs show low pH, pCO2 60 and HCO3 20. What is the metabolic disorder?",Acute respiratory acidosis,,,,,A,
IMS-1696,PEDIATRICS,,"A child presents with delayed walking, leg bowing and swollen costochondral junctions. Labs show Ca = low, phosphate = low, and ALP = high. What is the most likely endocrine abnormality?",Vitamin D deficiency (Rickets),,,,,A,
IMS-1697,PEDIATRICS,,A newborn presents with signs of anemia. The mother reports a history of poor diet with no vegetable intake during pregnancy. Which deficiency is the most likely cause of the child's anemia?,Folic acid deficiency,,,,,A,
IMS-1698,PEDIATRICS,,A newborn presents with hypocalcemia and recurrent infections due to an absent thymus. Which condition is suggested?,DiGeorge syndrome,,,,,A,
IMS-1699,PEDIATRICS,,A newborn presents with bleeding from the umbilicus. Which is the most likely cause?,Vitamin K deficiency (Hemorrhagic disease of the newborn),,,,,A,
IMS-1700,PEDIATRICS,,"A child presented with LRTI for which he was prescribed Ampicillin, amoxicillin, and aspirin leading to the development of CNS symptoms (Reye's syndrome). Causative organism?",Influenza (or Varicella),,,,,A,
IMS-1701,PEDIATRICS,,"A 4-month-old male infant presents with poor feeding, seizures, developmental delay, hypotonia, hypothermia, and kinky hair. Laboratory tests show low serum copper and ceruloplasmin levels. What is the most likely diagnosis?",Menkes disease,,,,,A,
IMS-1702,PEDIATRICS,,A baby presents with a machinery-type murmur on auscultation. Identify the likely cardiac abnormality causing this murmur.,Patent Ductus Arteriosus (PDA),,,,,A,
IMS-1703,PEDIATRICS,,A baby with a congenital heart defect causing a left-to-right shunt has a soft systolic murmur at the left upper sternal border. Which cardiac defect is most likely responsible?,ASD (Atrial Septal Defect),,,,,A,
IMS-1704,PEDIATRICS,,Identify the most common congenital heart abnormality overall.,Ventricular Septal Defect (VSD),,,,,A,
IMS-1705,PEDIATRICS,,What is the appropriate dose of paracetamol for a child weighing 15 kg?,150 - 225 mg (10-15 mg/kg per dose),,,,,A,
IMS-1706,PEDIATRICS,,An 8-month-old infant presents with difficulty breathing when lying down. Examination reveals decreased breath sounds on the left and an X-ray shows intestinal loops in the left thoracic cavity. Which of the following is the embryological defect?,Patent pleuro-peritoneal membrane canal,,,,,A,
IMS-1707,PEDIATRICS,,"A 4-month-old male infant presents with poor feeding, seizures, developmental delay, hypotonia, hypothermia, and kinky hair. Laboratory tests show low serum copper and ceruloplasmin levels. What is the most likely diagnosis?",Menkes disease,,,,,A,
IMS-1708,PEDIATRICS,,"A boy fell onto his left shoulder, causing his arm to hang with the elbow extended, medially rotated, and pronated due to nerve damage.",Upper trunk of brachial plexus (Erb-Duchenne palsy),,,,,A,
IMS-1709,PEDIATRICS,,A child is in severe shock; from which artery should an emergency arterial blood sample be taken?,Femoral artery,,,,,A,
IMS-1710,PEDIATRICS,,"At birth, a baby girl has meconium in her vagina and no anal opening. What type of birth defect does she have?",Imperforate anus with a rectovaginal fistula,,,,,A,
IMS-1711,PEDIATRICS,,A woman in her 5th week of pregnancy contracted German measles (Rubella). What is the most likely complication the baby might develop?,"Congenital Rubella Syndrome (Sensorineural deafness, cataracts, PDA)",,,,,A,
IMS-1712,PEDIATRICS,,An 8-year-old child presents with periorbital swelling and nephrotic-range proteinuria (>3.5 g/day). What is the primary pathophysiological mechanism causing the edema?,Hypoalbuminemia and subsequent sodium retention,,,,,A,
IMS-1713,PEDIATRICS,,A positive sweat chloride test (>60 mEq/L) confirms the diagnosis of:,Cystic fibrosis,,,,,A,
IMS-1714,PEDIATRICS,,"A child presents with profound mental retardation, a protruding tongue, a large umbilical hernia, and delayed bone age. Which condition does this describe?",Congenital Hypothyroidism (Cretinism),,,,,A,
IMS-1715,PEDIATRICS,,"A 7-year-old child presents to the OPD with severe mental retardation, short stature, coarse facial features, and an enlarged protruding tongue. The cause of this developmental failure is a deficiency of:",Thyroid hormone (Congenital Hypothyroidism),,,,,A,
IMS-1716,PEDIATRICS,,"A newborn has a lumbosacral swelling containing CSF and meninges, but no herniation of the spinal cord or neural tissue. What is the precise diagnosis?",Meningocele,,,,,A,
IMS-1717,PHARMACOLOGY,,The safest analgesic for a patient with gastric ulcer history is:,Acetaminophen (paracetamol),,,,,A,
IMS-1718,PHARMACOLOGY,,A patient with excessive salivation and lacrimation after eating mushrooms should receive:,Atropine,,,,,A,
IMS-1719,PHARMACOLOGY,,"For maintenance of remission in Crohn disease after steroid induction, the best drug is:",Azathioprine,,,,,A,
IMS-1720,PHARMACOLOGY,,A Hodgkin lymphoma patient develops pulmonary fibrosis from which chemotherapy agent?,Bleomycin,,,,,A,
IMS-1721,PHARMACOLOGY,,A postmenopausal woman with bone pain and hypercalcemia should receive which treatment to reduce calcium?,Calcitonin,,,,,A,
IMS-1722,PHARMACOLOGY,,"Empiric antibiotic for a child with bacterial meningitis (low CSF glucose, high neutrophils, high protein) is:",Ceftriaxone,,,,,A,
IMS-1723,PHARMACOLOGY,,Protamine sulfate reverses heparin anticoagulation by:,Chemical neutralization (ionic binding),,,,,A,
IMS-1724,PHARMACOLOGY,,A common side effect of tramadol is:,Constipation,,,,,A,
IMS-1725,PHARMACOLOGY,,Steroids affect wound healing by:,Delaying wound healing,,,,,A,
IMS-1726,PHARMACOLOGY,,The antihypertensive that prevents diabetic nephropathy in a hypertensive diabetic with proteinuria is:,Enalapril (ACE inhibitor),,,,,A,
IMS-1727,PHARMACOLOGY,,A woman is found unconscious with an empty benzodiazepine bottle. The appropriate antidote is:,Flumazenil,,,,,A,
IMS-1728,PHARMACOLOGY,,"In a Type 2 diabetic with CKD and edema, the most effective diuretic for fluid management is:",Furosemide (loop diuretic),,,,,A,
IMS-1729,PHARMACOLOGY,,"Phenytoin impairs which vitamin-dependent process, causing neonatal hemorrhage?",Gamma carboxylation of glutamate residues in clotting factors,,,,,A,
IMS-1730,PHARMACOLOGY,,Which drug should be avoided in patients with chronic kidney disease?,Gentamicin,,,,,A,
IMS-1731,PHARMACOLOGY,,Muscarinic receptors blocked by ipratropium bromide signal through:,G-protein coupled receptors,,,,,A,
IMS-1732,PHARMACOLOGY,,Diphenhydramine mechanism of action is:,H1-receptor blockade,,,,,A,
IMS-1733,PHARMACOLOGY,,Intra-articular injection for knee osteoarthritis contains:,Hyaluronic acid (viscosupplementation),,,,,A,
IMS-1734,PHARMACOLOGY,,A patient treated for edema develops acute gout. The responsible medication is:,Hydrochlorothiazide,,,,,A,
IMS-1735,PHARMACOLOGY,,Pioglitazone primarily acts by:,Increasing insulin sensitivity (PPAR-gamma activation),,,,,A,
IMS-1736,PHARMACOLOGY,,Methotrexate acts by:,Inhibiting dihydrofolate reductase,,,,,A,
IMS-1737,PHARMACOLOGY,,The diuretic of choice in cardiac failure is:,Loop diuretic (furosemide),,,,,A,
IMS-1738,PHARMACOLOGY,,A patient with malodorous frothy vaginal discharge and motile flagellated organisms on microscopy should receive:,Metronidazole,,,,,A,
IMS-1739,PHARMACOLOGY,,Atropine acts as a:,Muscarinic receptor antagonist,,,,,A,
IMS-1740,PHARMACOLOGY,,Ipratropium bromide's mechanism of action in COPD is:,Muscarinic receptor blockade,,,,,A,
IMS-1741,PHARMACOLOGY,,Sevoflurane is commonly co-administered with which agent for smooth anesthetic induction?,Nitrous oxide,,,,,A,
IMS-1742,PHARMACOLOGY,,"During general anesthesia, which agent increases the anesthetic effect of halothane?",Nitrous Oxide,,,,,A,
IMS-1743,PHARMACOLOGY,,"For acute migraine after paracetamol failure, the treatment is:",NSAIDs (ibuprofen/naproxen),,,,,A,
IMS-1744,PHARMACOLOGY,,The immediate antidote for heparin toxicity is:,Protamine sulfate,,,,,A,
IMS-1745,PHARMACOLOGY,,A patient starting warfarin develops petechiae and ecchymosis from warfarin-induced skin necrosis due to deficiency of:,Protein C,,,,,A,
IMS-1746,PHARMACOLOGY,,"A 55-year-old postmenopausal woman with family history of breast cancer and IHD, concerned about osteoporosis, should receive:",Raloxifene,,,,,A,
IMS-1747,PHARMACOLOGY,,High-dose corticosteroids in septic/anaphylactic shock primarily act by:,Reducing systemic inflammation and stabilizing cell membranes,,,,,A,
IMS-1748,PHARMACOLOGY,,The primary site of oral drug absorption is:,Small intestine,,,,,A,
IMS-1749,PHARMACOLOGY,,The medication that forms a viscous barrier over gastric ulcers is:,Sucralfate,,,,,A,
IMS-1750,PHARMACOLOGY,,A 34-year-old patient with glaucoma and elevated ICP is on multiple eye drops. Which drug may cause loss of libido?,Timolol eye drops,,,,,A,
IMS-1751,PHARMACOLOGY,,A baby born with craniofacial abnormalities to a mother who used acne treatment during pregnancy has teratogenicity from:,Vitamin A (isotretinoin),,,,,A,
IMS-1752,PHARMACOLOGY,,Allopurinol treats gout by inhibiting which enzyme?,Xanthine oxidase,,,,,A,
IMS-1753,PHARMACOLOGY,,A patient has hyponatremia due to SIADH that has not improved with fluid restriction. Which drug can be used?,Demeclocycline,,,,,A,
IMS-1754,PHARMACOLOGY,,A patient with severe asthma develops supraventricular tachycardia (SVT) while admitted. Which drug is the best initial therapy to terminate the arrhythmia?,Amiodarone,,,,,A,
IMS-1755,PHARMACOLOGY,,Which of the following drugs can precipitate hemolysis in a patient with glucose-6-phosphate dehydrogenase (G6PD) deficiency?,Primaquine,,,,,A,
IMS-1756,PHARMACOLOGY,,"In a boy with a prolonged history of raised intracranial pressure, which anesthetic agent should be avoided?",Ketamine,,,,,A,
IMS-1757,PHARMACOLOGY,,A patient receiving antitubercular therapy cannot distinguish traffic light colors. Which drug is most likely responsible?,Ethambutol,,,,,A,
IMS-1758,PHARMACOLOGY,,A patient has a persistent dry cough at night; which medication is most appropriate for symptomatic relief?,Dextromethorphan,,,,,A,
IMS-1759,PHARMACOLOGY,,A man sustained a 10-inch head laceration in a road traffic accident that requires suturing. Which anesthetic agent is best for infiltration to suture this wound?,250 ml of 2% lignocaine with adrenaline,,,,,A,
IMS-1760,PHARMACOLOGY,,A patient with a known gastric ulcer presents to clinic with dental pain. Which analgesic is the preferred choice?,Acetaminophen,,,,,A,
IMS-1761,PHARMACOLOGY,,Which drug should be avoided in patients with renal insufficiency because it can precipitate lactic acidosis?,Metformin,,,,,A,
IMS-1762,PHARMACOLOGY,,A patient presents before exams with sore throat and rhinorrhea. Which drug most effectively relieves allergic symptoms while causing minimal sedation?,Loratadine,,,,,A,
IMS-1763,PHARMACOLOGY,,"Which of the following drugs is excreted primarily unchanged, without significant biotransformation?",Streptomycin,,,,,A,
IMS-1764,PHARMACOLOGY,,Which cytochrome P450 isoenzyme is most frequently inhibited by drugs?,CYP3A4,,,,,A,
IMS-1765,PHARMACOLOGY,,Which condition does demeclocycline treat?,SIADH,,,,,A,
IMS-1766,PHARMACOLOGY,,An elderly man with hypertension is being treated with the loop diuretic bumetanide. Which of the following is the most concerning adverse effect associated with this drug?,Hypokalemia,,,,,A,
IMS-1767,PHARMACOLOGY,,What is digoxin's primary mechanism of action?,Inhibition of Na+/K+-ATPase,,,,,A,
IMS-1768,PHARMACOLOGY,,A patient presents with respiratory depression after opioid overdose. Which drug is the antidote?,Naloxone,,,,,A,
IMS-1769,PHARMACOLOGY,,"A cancer patient develops tingling, numbness in feet, and knee pain. Which drug is responsible?",Vincristine,,,,,A,
IMS-1770,PHARMACOLOGY,,A female with insomnia already takes a drug for sleep. The drug is changed to a new one which affects the part of the brain necessary for the Reticular Activating System. Which drug is it?,Suvorexant,,,,,A,
IMS-1771,PHARMACOLOGY,,A patient with facial wrinkles and muscle spasm is treated with botulinum toxin. A common side effect is:,Dry mouth,,,,,A,
IMS-1772,PHARMACOLOGY,,A patient with post-dental extraction pain needs safe analgesia. The drug of choice is:,Acetaminophen,,,,,A,
IMS-1773,PHARMACOLOGY,,"A 28-year-old female presented with ptosis and diplopia, worse in the evening. To confirm the diagnosis, which drug is used?",Edrophonium,,,,,A,
IMS-1774,PHARMACOLOGY,,"A man with newly diagnosed pulmonary tuberculosis is started on first-line therapy, including isoniazid. After 2 months, sputum cultures remain positive and show high-level resistance to INH. Which of the following is the MOST likely mechanism of resistance?",Overexpression of InhA enzyme,,,,,A,
IMS-1775,PHARMACOLOGY,,Botulinum toxin produces its clinical effect by acting at which site?,Presynaptic terminal blocking acetylcholine release,,,,,A,
IMS-1776,PHARMACOLOGY,,"A patient with acute MI has BP 80/50, cold extremities, crackles, and high JVP. The drug of choice is:",Dobutamine,,,,,A,
IMS-1777,PHARMACOLOGY,,A patient on antihyperlipidemic therapy complains of difficulty standing from a chair and walking. The drug is:,Atorvastatin,,,,,A,
IMS-1778,PHARMACOLOGY,,A patient receiving treatment for pulmonary Tuberculosis presents with sudden onset of severe swelling and redness of the big toe. Which of the following anti-tuberculous drugs is responsible for precipitating this attack?,Pyrazinamide,,,,,A,
IMS-1779,PHARMACOLOGY,,A patient with CHF is on furosemide. Labs show potassium 2.5 mEq/L. Which drug can be added to compensate for hypokalemia?,Spironolactone,,,,,A,
IMS-1780,PHARMACOLOGY,,"Which combination represents the standard first-line, four-drug regimen for the initial treatment of active pulmonary Tuberculosis TB?",Isoniazid + Rifampin + Pyrazinamide + Ethambutol,,,,,A,
IMS-1781,PHARMACOLOGY,,A woman receives an injection on day 16 of her menstrual cycle for contraception. She later develops amenorrhea. Which drug mechanism explains this?,Progesterone-only injectable contraceptive,,,,,A,
IMS-1782,PHARMACOLOGY,,A patient with a compound tibial fracture after an RTA requires analgesia.,Ibuprofen,,,,,A,
IMS-1783,PHARMACOLOGY,,A diabetic patient presented with hypoglycemic symptoms. Which drug is responsible?,Glimepiride,,,,,A,
IMS-1784,PHARMACOLOGY,,A patient with atrial fibrillation is prescribed propranolol to reduce heart rate. Which receptor subtype predominantly found in the heart is the primary target?,B1,,,,,A,
IMS-1785,PHARMACOLOGY,,MOA of Gentamicin:,Binds 30S causing misreading of mRNA,,,,,A,
IMS-1786,PHARMACOLOGY,,A patient with a penicillin allergy needs coverage for Gram-positive cocci. Best alternative?,Clindamycin,,,,,A,
IMS-1787,PHARMACOLOGY,,Which of the following antimalarial drugs causes macrocytic anemia?,Proguanil,,,,,A,
IMS-1788,PHARMACOLOGY,,"A woman is being treated for recurrent nephrolithiasis due to calcium kidney stones. She also has hypertension. Her physician wants to start a medication that reduces urinary calcium excretion, does not cause hypokalemia, and can be safely combined with hydrochlorothiazide to prevent potassium loss. Which drug fits this description?",Amiloride,,,,,A,
IMS-1789,PHARMACOLOGY,,A hospitalized patient with ventilator-associated pneumonia is found to have Pseudomonas aeruginosa infection. Which antibiotic provides effective coverage?,Piperacillin-tazobactam,,,,,A,
IMS-1790,PHARMACOLOGY,,A male patient with 10 cm scalp laceration. Local anesthetic choice for suturing?,2% lignocaine with adrenaline,,,,,A,
IMS-1791,PHARMACOLOGY,,Thiazide diuretics primarily act on which nephron segment?,Distal convoluted tubule,,,,,A,
IMS-1792,PHARMACOLOGY,,A patient on antimalarial therapy develops long QT / torsades de pointes. Which drug?,Quinine,,,,,A,
IMS-1793,PHARMACOLOGY,,A man with GERD is started on a PPI. Which is the main mechanism of action?,Inhibition of gastric H+/K+ ATPase (proton pump),,,,,A,
IMS-1794,PHARMACOLOGY,,A patient with acute decompensated heart failure presents with hypotension but adequate renal perfusion. Which drug is preferred to improve cardiac output?,Dopamine,,,,,A,
IMS-1795,PHARMACOLOGY,,"An asthmatic patient requires post-operative analgesia after a hysterectomy. Which analgesic is the safest choice, avoiding the risk of NSAID-induced bronchospasm?",Pethidine,,,,,A,
IMS-1796,PHARMACOLOGY,,A diabetic woman complains of burning micturition and recurrent genital infections after starting a new medication. Which drug is responsible?,Canagliflozin,,,,,A,
IMS-1797,PHARMACOLOGY,,"A young female with T1DM who is on regular insulin has post-prandial high glucose levels. As a physician, what would you recommend her:",Regular and intermediate insulin daily,,,,,A,
IMS-1798,PHARMACOLOGY,,A patient on an SGLT2 Inhibitor presents with urinary urgency and frequency. What is the mechanism?,Decreased glucose reabsorption,,,,,A,
IMS-1799,PHARMACOLOGY,,"A man with resistant hypertension is started on a new medication. Two weeks later, he reports breast tenderness and decreased libido. Lab tests show: Na 138 mEq/L, K 5.8 mEq/L, creatinine 1.4 mg/dL. Which medication was most likely added?",Spironolactone,,,,,A,
IMS-1800,PHARMACOLOGY,,"A male presents with headache, drowsiness, neck rigidity. CSF shows high TLC, low glucose. Empirical treatment?",Ceftriaxone,,,,,A,
IMS-1801,PHARMACOLOGY,,Hypotension with falling heart rate - drug to improve symptoms:,Dopamine,,,,,A,
IMS-1802,PHARMACOLOGY,,Patient on vancomycin for infective endocarditis develops decreased urine output after 2 days.,Send sample just before next dose (Trough level),,,,,A,
IMS-1803,PHARMACOLOGY,,Brought to the clinic with yellow discoloration of teeth. Hx of antibiotic use. Which drug is responsible?,Doxycycline / Tetracycline,,,,,A,
IMS-1804,PHARMACOLOGY,,"Patient using ATT, with INH as main drug, some of the patient show toxicity to the drug because of deficiency of which of the following enzyme:",Acetyltransferase (Slow acetylators),,,,,A,
IMS-1805,PHARMACOLOGY,,Patient has dry cough aggravated at night. Which drug will be given?,Dextromethorphan,,,,,A,
IMS-1806,PHARMACOLOGY,,A postoperative wound culture grows MRSA. Best empiric antibiotic?,Vancomycin,,,,,A,
IMS-1807,PHARMACOLOGY,,A child presents with yellow brown discoloration of permanent teeth. Mother reports long term antibiotic use during infancy. Which drug is responsible?,Doxycycline,,,,,A,
IMS-1808,PHARMACOLOGY,,A patient is started on gentamicin for Gram negative sepsis. What is its mechanism?,Inhibits protein synthesis by causing misreading of mRNA at 30S subunit,,,,,A,
IMS-1809,PHARMACOLOGY,,A patient with acne is prescribed doxycycline. Which of the following describes doxycycline primary antibacterial mechanism?,Binds 30S ribosomal subunit and blocks aminoacyl tRNA binding,,,,,A,
IMS-1810,PHARMACOLOGY,,"A comatose patient, hemodynamically unstable (BP 70 40 mmHg, HR 130 min) after an RTA, having massive internal abdominal bleeding, needs emergency laparotomy. Which anesthesia drug is appropriate?",Ketamine,,,,,A,
IMS-1811,PHARMACOLOGY,,Atropine acts primarily by:,Blocking muscarinic receptors,,,,,A,
IMS-1812,PHARMACOLOGY,,Which antihypertensive/anti-Parkinsonian drug is known to cause a Coombs-positive hemolytic anemia due to a proposed immune-mediated mechanism?,Methyldopa / L-DOPA,,,,,A,
IMS-1813,PHARMACOLOGY,,A patient suffering from a renal tumor was on chemotherapy and presented with bleeding in urine. The causative anticancer drug is:,Cyclophosphamide (Hemorrhagic cystitis),,,,,A,
IMS-1814,PHARMACOLOGY,,"A patient is having a chronic disease for which he is taking warfarin, now he is planned for a surgical procedure. Approx. how many days before the procedure should warfarin typically be stopped?",5 days,,,,,A,
IMS-1815,PHARMACOLOGY,,"A farmer presents with crepitus, severe pain, and foul-smelling discharge after leg trauma. Which antibiotic is part of first-line therapy?",Clindamycin or Penicillin,,,,,A,
IMS-1816,PHARMACOLOGY,,Which of the following is a post-op analgesic in asthmatics for pain management?,Pethidine (Fentanyl),,,,,A,
IMS-1817,PHARMACOLOGY,,"A young boy presents after a bee sting, with fever, rash, and redness of skin. Drug of choice:",Epinephrine,,,,,A,
IMS-1818,PHARMACOLOGY,,A patient on an antidiabetic drug presented with polyuria and frequency. Cause is:,SGLT2 Inhibitor (Gliflozin),,,,,A,
IMS-1819,PHARMACOLOGY,,"During surgery, a patient develops hyperthermia, muscle rigidity, and rising CO2. Which anesthetic agent most likely triggered this?",Succinylcholine / Halothane,,,,,A,
IMS-1820,PHARMACOLOGY,,Propylthiouracil is considered the drug of choice for treating hyperthyroidism during which specific patient state?,First Trimester of Pregnancy,,,,,A,
IMS-1821,PHARMACOLOGY,,Digoxin belongs to which pharmacological class?,Cardiac Glycoside,,,,,A,
IMS-1822,PHARMACOLOGY,,A farmer develops asthma-like symptoms when exposed to wheat dust. Which of the following drugs is appropriate for prophylaxis against this allergic response?,Montelukast / Cromolyn,,,,,A,
IMS-1823,PHARMACOLOGY,,Digoxin binds with high affinity to a specific structural group on the Na+/K+-ATPase pump. Which chemical class does it primarily bind to?,Alpha subunit (Glycoprotein),,,,,A,
IMS-1824,PHARMACOLOGY,,"A child admitted to ICU is suspected to have sepsis, and blood cultures return positive for S. aureus and methicillin-resistant strain. What is the immediate DOC for treatment?",Vancomycin,,,,,A,
IMS-1825,PHARMACOLOGY,,"A patient present to the emergency room with a compound fracture of the tibia, causing severe acute pain. Which analgesic is the most appropriate first-line choice for immediate, effective pain management?",Strong Opioids (Morphine / Oxycodone),,,,,A,
IMS-1826,PHARMACOLOGY,,A diabetic patient presented with diabetic gastropathy. An antibiotic that can be used to relieve the symptoms is:,Erythromycin (Motilin receptor agonist),,,,,A,
IMS-1827,PHARMACOLOGY,,Mechanism of action of LOCAL ANESTHETICS:,Blocks sodium channels in the ionized state,,,,,A,
IMS-1828,PHARMACOLOGY,,Bupivacaine acts through which ion channels?,Sodium channels,,,,,A,
IMS-1829,PHARMACOLOGY,,A male with headache and drowsy neck rigidity is present. CSF examination shows raised TLC and decreased glucose. Empirical treatment in this case:,Ceftriaxone,,,,,A,
IMS-1830,PHARMACOLOGY,,A woman undergoing chemotherapy develops severe nausea and vomiting. She is given ondansetron. Which of the following best describes the drug's mechanism of action?,5-HT3 receptor antagonist,,,,,A,
IMS-1831,PHARMACOLOGY,,Which Antidiabetic medication is least likely to cause hypoglycemia when used as monotherapy?,Metformin,,,,,A,
IMS-1832,PHARMACOLOGY,,"A woman secretary complains of fatigue that increases throughout the day. At the end of her workday, she says her eyes feel tired. Initial drug given for myasthenia gravis which decreases acetylcholine degradation is:",Neostigmine / Pyridostigmine,,,,,A,
IMS-1833,PHARMACOLOGY,,A patient with chronic liver disease presents with ascites and peripheral edema. Which is the drug of choice for initial management?,Spironolactone,,,,,A,
IMS-1834,PHARMACOLOGY,,A patient with supraventricular tachycardia is started on an antiarrhythmic that slows phase 0 depolarization in atrial and ventricular myocytes without significantly affecting repolarization. Which class does this drug belong to?,Class IC,,,,,A,
IMS-1835,PHARMACOLOGY,,"A patient with chloroquine-resistant malaria, started on a new drug, experiences lightheadedness and dizziness. ECG changes show QRS widening. Which antimalarial drug is the likely culprit?",Quinine,,,,,A,
IMS-1836,PHARMACOLOGY,,"A man, a known case of chronic liver disease, presents to the emergency department with hematemesis. He is stabilized. After controlling the acute bleed, you plan long-term secondary prophylaxis to prevent another episode of variceal bleeding. Which of the following is the drug of choice for prophylaxis?",Propranolol (Non-selective beta-blocker),,,,,A,
IMS-1837,PHARMACOLOGY,,"A patient with acute chest pain is given sublingual Nitroglycerin, which quickly relieves the pain. What is the primary mechanism by which Nitroglycerin achieves this therapeutic effect in angina?",Vasodilation of capacitance vessels (Veins),,,,,A,
IMS-1838,PHARMACOLOGY,,A diabetic and hypertensive has microalbuminuria on urine analysis. Which drug is preferred?,Captopril (ACE inhibitors),,,,,A,
IMS-1839,PHARMACOLOGY,,"The antiprotozoal drug Pyrimethamine, primarily used in the treatment of Toxoplasmosis and Malaria, exerts its effect by:",Inhibiting Dihydrofolate Reductase,,,,,A,
IMS-1840,PHARMACOLOGY,,Local anesthetics exert their effect by blocking specific ion channels. Identify the correct mechanism of action of a local anesthetic.,Blocks sodium channels in the ionized state,,,,,A,
IMS-1841,PHARMACOLOGY,,Which medication should be avoided in a patient with chronic kidney disease due to its nephrotoxic potential?,Gentamicin,,,,,A,
IMS-1842,PHARMACOLOGY,,A 50-year-old patient with chronic kidney disease needs antibiotic treatment. Which of the following cephalosporins is the best choice for this patient?,Ceftriaxone,,,,,A,
IMS-1843,PHARMACOLOGY,,A patient presents with sudden unilateral pitting edema of the right leg and inability to move it. Investigations confirm filariasis. Which of the following is the drug of choice?,Diethylcarbamazine,,,,,A,
IMS-1844,PHARMACOLOGY,,A patient with a long-term history of epigastric pain and vomiting is found to have an H. pylori infection. Which drug used to treat H. pylori should be avoided in patients who consume alcohol?,Metronidazole,,,,,A,
IMS-1845,PHARMACOLOGY,,What is the mechanism of action of bupivacaine in nerve conduction blockade?,Blocks sodium channels,,,,,A,
IMS-1846,PHARMACOLOGY,,Which medication is known to cause black discoloration of the teeth?,Doxycycline / Tetracyclines,,,,,A,
IMS-1847,PHARMACOLOGY,,"A 60-year-old patient presents with high-grade fever, headache, and positive Kernig sign. Cerebrospinal fluid analysis shows glucose of 40 mg/dL and elevated neutrophils. Which drug is the best treatment option?",Ceftriaxone,,,,,A,
IMS-1848,PHARMACOLOGY,,A patient reports knee pain that improves with aspirin use. What is the mechanism responsible for this effect?,Inhibition of Prostaglandin synthesis (COX inhibition),,,,,A,
IMS-1849,PHARMACOLOGY,,A patient with hypertension is taking multiple autonomic nervous system blockers. Which of the following signs helps distinguish a ganglionic blocker from an antimuscarinic agent?,Orthostatic hypotension,,,,,A,
IMS-1850,PHARMACOLOGY,,A patient with high blood sugar and a 15-pound weight gain above normal requires medication alongside diet and exercise. Which hypoglycemic agent should be started?,Metformin,,,,,A,
IMS-1851,PHARMACOLOGY,,"After local anesthesia administration during a dental procedure, a patient experiences altered sensation. Which type of nerve fibers is blocked first by the anesthetic?","C fibers (Unmyelinated, small diameter)",,,,,A,
IMS-1852,PHARMACOLOGY,,What is the mechanism of action of omeprazole in reducing gastric acid secretion?,Inhibits H+/K+ ATPase pump in parietal cells,,,,,A,
IMS-1853,PHARMACOLOGY,,Which antibiotic is the drug of choice for treating a severe Pseudomonas infection?,Ceftazidime / Piperacillin-tazobactam,,,,,A,
IMS-1854,PHARMACOLOGY,,Which of the following hyperthyroid drugs can safely cross the placenta and is used in the first trimester?,PTU (Propylthiouracil),,,,,A,
IMS-1855,PHARMACOLOGY,,"A patient with hyperthyroidism is started on antithyroid medication to manage symptoms. Which of the following drugs is commonly used as an additional therapy for autonomic symptom control (tremors, palpitations)?",Propranolol,,,,,A,
IMS-1856,PHARMACOLOGY,,Most orally administered drugs are absorbed from the gastrointestinal tract and eliminated following a specific kinetic pattern. Identify the correct type of kinetics.,First-order kinetics,,,,,A,
IMS-1857,PHARMACOLOGY,,Which medication is the preferred initial inotropic treatment for cardiogenic shock?,Dopamine / Dobutamine,,,,,A,
IMS-1858,PHARMACOLOGY,,A patient undergoing long-term antiepileptic treatment develops tuberculosis and starts antitubercular therapy. The patient then experiences worsening seizures. Which ATT drug is the most likely cause?,Rifampicin (CYP450 Inducer),,,,,A,
IMS-1859,PHARMACOLOGY,,A 40-year-old man being treated for tuberculosis develops red-green color blindness during follow-up. Which antitubercular drug is most likely responsible for this side effect?,Ethambutol,,,,,A,
IMS-1860,PHARMACOLOGY,,Which antituberculous therapy (ATT) drug is known to cause peripheral neuropathy as a side effect by depleting Vitamin B6?,Isoniazid (INH),,,,,A,
IMS-1861,PHARMACOLOGY,,Which medication is most effective in preventing peptic ulcers caused by NSAID use?,Proton Pump Inhibitors (PPIs),,,,,A,
IMS-1862,PHARMACOLOGY,,A 30-year-old patient presents with palpitations and an ECG shows supraventricular tachycardia (SVT). Carotid massage fails to relieve the symptoms; which drug should be administered next?,Adenosine,,,,,A,
IMS-1863,PHARMACOLOGY,,Which osmotic diuretic is commonly administered to lower intracranial pressure in patients with hydrocephalus or cerebral edema?,Mannitol,,,,,A,
IMS-1864,PHARMACOLOGY,,The chemotherapeutic agent Bleomycin most commonly damages which organ in the body?,Lungs (causing pulmonary fibrosis),,,,,A,
IMS-1865,PHARMACOLOGY,,Which cardiac structures are primarily affected by the calcium channel blocker verapamil's action?,SA node and AV node,,,,,A,
IMS-1866,PHARMACOLOGY,,A 60-year-old patient with type 2 diabetes and cardiovascular disease needs glycemic control. Which of the following medications is the preferred treatment due to cardiovascular benefit?,SGLT2 inhibitors (or GLP-1 agonists),,,,,A,
IMS-1867,PHARMACOLOGY,,Which antidiabetic medication (DPP-4 inhibitor) can be used without dose adjustment in patients with severe renal impairment?,Linagliptin,,,,,A,
IMS-1868,PHARMACOLOGY,,A patient is prescribed an SSRI for depression. Which side effect commonly occurs with this medication and leads to non-compliance?,Sexual dysfunction / Decreased libido,,,,,A,
IMS-1869,PHARMACOLOGY,,A patient receiving treatment for malaria develops megaloblastic anemia. Which antimalarial drug (a DHFR inhibitor) is the most likely cause of this condition?,Proguanil / Pyrimethamine,,,,,A,
IMS-1870,PHARMACOLOGY,,A patient presented with gas gangrene caused by Clostridium perfringens; what is the drug of choice?,Penicillin G (often combined with Clindamycin),,,,,A,
IMS-1871,PHARMACOLOGY,,What is the cellular mechanism of action of the alkylating agent cyclophosphamide?,Cross-linking of DNA strands,,,,,A,
IMS-1872,PHARMACOLOGY,,Patient is a known case of HIV diagnosed with Cryptococcus neoformans meningitis. How will you acutely treat this patient?,Amphotericin B + Flucytosine,,,,,A,
IMS-1873,PHARMACOLOGY,,A patient presents with abdominal pain and low-grade fever; multidrug-resistant abdominal tuberculosis is diagnosed. What should be the treatment plan?,"Second-line agents (e.g., Pyrazinamide + Amikacin + Moxifloxacin/Fluoroquinolones)",,,,,A,
IMS-1874,PHARMACOLOGY,,"Which cardiac drug undergoes the most extensive first-pass metabolism when taken orally, requiring sublingual administration?",Nitroglycerin,,,,,A,
IMS-1875,PHARMACOLOGY,,A patient presented with central chest pain that was relieved by nitroglycerin. This indicates that nitroglycerin acts primarily as a:,Vasodilator of capacitance vessels (venodilation reduces preload),,,,,A,
IMS-1876,PHARMACOLOGY,,"An athlete received an injection on the 14th day of her menstrual cycle, resulting in absent menstruation. The injection contains:",Beta-hCG (mimics LH to support corpus luteum),,,,,A,
IMS-1877,PHARMACOLOGY,,Tachyphylaxis refers to:,A rapidly diminished response to successive doses of a drug,,,,,A,
IMS-1878,PHARMACOLOGY,,A diabetic patient with CKD and a leg ulcer requires an antibiotic that is primarily metabolized by the liver and does not need renal dose adjustment.,Linezolid,,,,,A,
IMS-1879,PHARMACOLOGY,,The concentration or dose of a drug required to produce 50% of that drug's maximal effect indicates its:,Potency,,,,,A,
IMS-1880,PHARMACOLOGY,,"A diabetic and hypertensive patient has a blood sugar of 40 mg/dL. Which antihypertensive drug can mask the autonomic warning symptoms of hypoglycemia (tachycardia, tremors)?",Propranolol (Non-selective beta-blockers),,,,,A,
IMS-1881,PHARMACOLOGY,,"Isoniazid metabolism is impaired in certain individuals (""slow acetylators"") due to a genetic polymorphism affecting which liver enzyme?",N-acetyltransferase,,,,,A,
IMS-1882,PHARMACOLOGY,,Benzodiazepines and barbiturates exert their central depressant effects by enhancing the action of which neurotransmitter?,GABA,,,,,A,
IMS-1883,PHARMACOLOGY,,"A student presents with pale nasal mucosa, nasal congestion, and sneezing for the last 3 months (Allergic rhinitis). Which long-term maintenance treatment is most effective?",Intranasal Corticosteroids,,,,,A,
IMS-1884,PHARMACOLOGY,,A patient with chronic renal failure presents with ear discharge. The physician prescribes an aminoglycoside but advises a lower dose. Which drug is it?,Gentamicin,,,,,A,
IMS-1885,PHARMACOLOGY,,Which inhalational anesthetic agent is light-sensitive and must be stored in amber-colored bottles?,Halothane,,,,,A,
IMS-1886,PHARMACOLOGY,,"Which purine antimetabolite drug is commonly used for non-neoplastic purposes, such as immunosuppression in organ transplants?",Azathioprine,,,,,A,
IMS-1887,PHARMACOLOGY,,A patient is given an injection of penicillin and immediately develops shortness of breath and severe bronchoconstriction. What is the immediate life-saving drug of choice?,Intramuscular Adrenaline (Epinephrine),,,,,A,
IMS-1888,PHARMACOLOGY,,A child presents with a grey-white pharyngeal membrane. Diphtheria antitoxin is given. What is the mechanism of action of the native diphtheria toxin?,Inhibits protein synthesis (via EF-2 ADP-ribosylation),,,,,A,
IMS-1889,PHARMACOLOGY,,What is the mechanism of action of methyldopa in treating hypertension?,Alpha-2 adrenergic receptor agonist in the CNS,,,,,A,
IMS-1890,PHARMACOLOGY,,Which of the following drugs acts as a potassium-sparing diuretic by blocking ENaC channels in the collecting duct?,Amiloride,,,,,A,
IMS-1891,PHARMACOLOGY,,Thiazide and loop diuretics commonly cause which dangerous electrolyte imbalance?,Hypokalemia,,,,,A,
IMS-1892,PHARMACOLOGY,,"Two weeks after receiving a metallic mitral valve, a woman on routine medication reports to the ER with severe epistaxis. Labs: HB 6.5, TLC 7500, Platelets 75000, PT significantly prolonged, INR 5.5. The bleeding is caused by:",Drug-induced coagulopathy (Warfarin toxicity),,,,,A,
IMS-1893,PHARMACOLOGY,,A lactating mother complains of severe perineal pain at the episiotomy site on the first day postpartum. Which analgesic is the safest and most appropriate drug of choice?,Ibuprofen (or Paracetamol),,,,,A,
IMS-1894,PHARMACOLOGY,,Abciximab is a powerful antiplatelet drug used during percutaneous coronary interventions. What is its exact mechanism of action?,"Blocks the Glycoprotein IIb/IIIa receptor, preventing platelet aggregation",,,,,A,
IMS-1895,PHARMACOLOGY,,"A patient in the ICU develops profound distributive shock characterized by extreme peripheral vasodilation, bounding pulses, and severe hypotension. Which vasopressor is the drug of choice?",Norepinephrine,,,,,A,
IMS-1896,PHARMACOLOGY,,"An obese, conscious type 2 diabetic patient successfully lost weight after starting a first-line oral antidiabetic medication. Which drug is she most likely using?",Metformin,,,,,A,
IMS-1897,PHARMACOLOGY,,Propylthiouracil (PTU) is the antithyroid drug of choice for treating Graves' disease during which condition?,First trimester of pregnancy,,,,,A,
IMS-1898,PHARMACOLOGY,,Local anesthetics exert their immediate and most profound blocking effect on which type of nerve fibers?,Unmyelinated C fibers (Pain and temperature),,,,,A,
IMS-1899,PHARMACOLOGY,,What is the primary pharmacokinetic characteristic of drugs that are highly bound to plasma proteins?,They are pharmacologically inactive while bound to proteins,,,,,A,
IMS-1900,PHARMACOLOGY,,"The empiric drug of choice for bacterial meningitis in an elderly patient (covering S. pneumoniae, N. meningitidis, and L. monocytogenes) is:",Ceftriaxone + Vancomycin + Ampicillin,,,,,A,
IMS-1901,PHARMACOLOGY,,"By reducing aldosterone secretion, ACE inhibitors carry a significant risk of causing which electrolyte imbalance?",Hyperkalemia,,,,,A,
IMS-1902,PHARMACOLOGY,,A patient is induced with IV thiopental. His BP rapidly drops to 70/40 with reflex tachycardia. What is the primary pharmacological mechanism behind this cardiovascular collapse?,Severe venodilation causing decreased venous return and cardiac output,,,,,A,
IMS-1903,PHARMACOLOGY,,"A patient given halothane and succinylcholine develops fatal muscle rigidity and hyperthermia. This is caused by a massive, uncontrolled intracellular release of which ion from the sarcoplasmic reticulum?",Calcium (Ca2+),,,,,A,
IMS-1904,PHARMACOLOGY,,"A patient given succinylcholine (suxamethonium) for rapid sequence intubation experiences prolonged, life-threatening apnea and muscle paralysis. This idiosyncratic reaction is due to a genetic deficiency of:",Pseudocholinesterase (Plasma cholinesterase),,,,,A,
IMS-1905,PHYSIOLOGY,,CSF is primarily absorbed through:,Arachnoid granulations,,,,,A,
IMS-1906,PHYSIOLOGY,,Increased afferent arteriolar pressure inhibits renin release because:,Baroreceptors in the afferent arteriole detect high pressure,,,,,A,
IMS-1907,PHYSIOLOGY,,A ureteric stone affects GFR and filtration fraction by:,Both GFR and filtration fraction decrease; renal plasma flow unaffected,,,,,A,
IMS-1908,PHYSIOLOGY,,The SR protein that binds calcium for high-capacity storage in skeletal muscle is:,Calsequestrin,,,,,A,
IMS-1909,PHYSIOLOGY,,Trendelenburg position causes which respiratory change?,Decreased functional residual capacity,,,,,A,
IMS-1910,PHYSIOLOGY,,The parasympathetic function during sexual response is:,Erection,,,,,A,
IMS-1911,PHYSIOLOGY,,"During vigorous cough, which muscles RELAX?",External intercostals,,,,,A,
IMS-1912,PHYSIOLOGY,,Gastrin is primarily secreted by G-cells in the:,Gastric antrum,,,,,A,
IMS-1913,PHYSIOLOGY,,The speed of a withdrawal reflex from a hot stove is determined by:,Intensity of the sensory stimulus,,,,,A,
IMS-1914,PHYSIOLOGY,,The muscle involved in forced expiration is:,Internal intercostals,,,,,A,
IMS-1915,PHYSIOLOGY,,GFR is most accurately measured by clearance of:,Inulin,,,,,A,
IMS-1916,PHYSIOLOGY,,S2-S4 nerve root injury causes urinary retention because of:,Loss of parasympathetic supply to the detrusor,,,,,A,
IMS-1917,PHYSIOLOGY,,The knee jerk reflex is an example of:,Muscle stretch (myotatic) reflex,,,,,A,
IMS-1918,PHYSIOLOGY,,"In Trendelenburg position, the respiratory parameter that increases is:",Respiratory rate (compensatory),,,,,A,
IMS-1919,PHYSIOLOGY,,The natural pacemaker of the heart is:,SA node,,,,,A,
IMS-1920,PHYSIOLOGY,,The myogenic mechanism of autoregulation is triggered by:,Stretch-activated ion channels in vascular smooth muscle,,,,,A,
IMS-1921,PHYSIOLOGY,,A medical student witnessing surgery collapses with vasodilation and bradycardia. The mechanism is:,Vasovagal syncope,,,,,A,
IMS-1922,PHYSIOLOGY,,Activation of aortic arch chemoreceptors causes which of the following physiological changes?,Decreased pO2,,,,,A,
IMS-1923,PHYSIOLOGY,,"After a road traffic accident with massive blood loss, which nephron segment helps restore blood pressure to normal?",Proximal convoluted tubule (PCT),,,,,A,
IMS-1924,PHYSIOLOGY,,Which nerve fibers transmit fast (sharp) pain sensations?,A delta,,,,,A,
IMS-1925,PHYSIOLOGY,,Beta-adrenergic stimulation produces which of the following effects?,Cardiac acceleration,,,,,A,
IMS-1926,PHYSIOLOGY,,"In muscular dystrophy, which of the following substances cannot cross the muscle cell membrane because of its large size?",Albumin,,,,,A,
IMS-1927,PHYSIOLOGY,,Which neurotransmitter is released by parasympathetic postganglionic fibers?,Acetylcholine,,,,,A,
IMS-1928,PHYSIOLOGY,,Intestinal glucose absorption occurs primarily by which mechanism?,Active transport (SGLT1 and GLUT2),,,,,A,
IMS-1929,PHYSIOLOGY,,Which cardiac event produces the c wave on a jugular venous pressure tracing?,Closure of atrioventricular valves,,,,,A,
IMS-1930,PHYSIOLOGY,,A house officer accidentally gives a child a large intravenous infusion of sodium chloride. Which body fluid compartment will increase the most?,Extracellular fluid (ECF),,,,,A,
IMS-1931,PHYSIOLOGY,,A 30-year-old man lost about 1–2 liters of blood in a road traffic accident and was stabilized in the hospital. Which laboratory parameter is least affected immediately after the hemorrhage?,Hematocrit immediately after blood loss,,,,,A,
IMS-1932,PHYSIOLOGY,,"During exercise, which group of nuclei control respiration?",Ventral Respiratory Group,,,,,A,
IMS-1933,PHYSIOLOGY,,Growth hormone acts via transcription factors. Receptors for growth hormone are located in the:,Plasma membrane,,,,,A,
IMS-1934,PHYSIOLOGY,,A patient with RTA develops seizures. Labs: Na = 116 mmol/L. Hypertonic saline raises Na to 120 mmol/L in 4 hours. This triggers:,Release of ADH,,,,,A,
IMS-1935,PHYSIOLOGY,,Regarding Astrocytes action potential:,Action Potential is Generated with Increase in Extracellular Potassium,,,,,A,
IMS-1936,PHYSIOLOGY,,Which of the following statements best describes the primary physical function of the lymphatic system?,Drainage of excess interstitial fluid and return of lymph to the venous circulation,,,,,A,
IMS-1937,PHYSIOLOGY,,A patient with severe dehydration presents with intense thirst and low blood pressure. Which hormone is primarily responsible for stimulating thirst?,Angiotensin II,,,,,A,
IMS-1938,PHYSIOLOGY,,A woman notices the smell of perfume immediately upon entering a shop. Movement of perfume molecules through air into her nose occurs via:,Simple diffusion,,,,,A,
IMS-1939,PHYSIOLOGY,,Which statement accurately describes the process of osmosis?,Is passive movement,,,,,A,
IMS-1940,PHYSIOLOGY,,A patient shows abdominal breathing more than chest expansion during normal inspiration. Which muscle group is mainly responsible?,Diaphragm,,,,,A,
IMS-1941,PHYSIOLOGY,,Aortic and carotid body receptors respond primarily to:,Decreased O2,,,,,A,
IMS-1942,PHYSIOLOGY,,Which type of nutrients are primarily affected by pancreatic insufficiency due to reduced digestive enzyme secretion?,Fats,,,,,A,
IMS-1943,PHYSIOLOGY,,The major site of Bicarbonate reabsorption in the nephron is the:,Proximal Convoluted Tubule,,,,,A,
IMS-1944,PHYSIOLOGY,,Which of the following statements is true regarding the mechanism of osmosis?,Osmosis is a passive process,,,,,A,
IMS-1945,PHYSIOLOGY,,"A patient having peptic ulcer disease is using PPIs chronically. Due to the complete suppression of gastric acid production, which substance will show an elevated level in the patient's blood sample?",Gastrin,,,,,A,
IMS-1946,PHYSIOLOGY,,A patient presents with acidosis. Lab findings indicate a rightward shift of the hemoglobin-oxygen dissociation curve.,Decreased pH,,,,,A,
IMS-1947,PHYSIOLOGY,,A patient after an RTA has massive blood loss. The part of the nephron that is responsible to bring blood pressure back to normal is:,Early DCT,,,,,A,
IMS-1948,PHYSIOLOGY,,Athlete collapses during strenuous exercise. Likely cause?,Hypoxia (O2 consumption mismatch),,,,,A,
IMS-1949,PHYSIOLOGY,,A patient complains of impaired ability to detect deep pressure and vibration on examination. Which receptor is dysfunctional?,Pacinian corpuscle,,,,,A,
IMS-1950,PHYSIOLOGY,,Brain CSF production depends upon:,Oxygen supply to the brain / Choroid plexus active transport,,,,,A,
IMS-1951,PHYSIOLOGY,,A researcher is studying the action of steroid hormones. She notes that these hormones alter gene expression by binding to specific transcription factors. Where are the receptors for these transcription factors primarily located?,Nucleus / Cytoplasm,,,,,A,
IMS-1952,PHYSIOLOGY,,Renal plasma flow is typically measured using the clearance of:,Para-aminohippurate (PAH),,,,,A,
IMS-1953,PHYSIOLOGY,,"A marathon runner undergoes echo and is found to have cardiac hypertrophy. At rest, his Cardiac output is similar to a non-athlete, but the HR is lower than average because:","Decreased HR, increased Stroke volume",,,,,A,
IMS-1954,PHYSIOLOGY,,A lactating woman develops amenorrhea due to breastfeeding.,Prolactin-induced GnRH suppression,,,,,A,
IMS-1955,PHYSIOLOGY,,"A woman is breastfeeding. Suckling stimulates the let down reflex. Which hormones are primarily responsible for milk ejection and milk synthesis, respectively?",Oxytocin (milk ejection) and Prolactin (milk synthesis),,,,,A,
IMS-1956,PHYSIOLOGY,,"A patient undergoes testing for renal plasma flow (RPF) using para aminohippuric acid (PAH) clearance. Urine flow rate, urine PAH concentration, and plasma PAH concentration are measured. Which formula is used to calculate RPF?",RPF = (Urine PAH concentration × Urine flow) / Plasma PAH concentration,,,,,A,
IMS-1957,PHYSIOLOGY,,Which muscle layer of the intestine is responsible for relaxation during peristalsis?,Circular muscle,,,,,A,
IMS-1958,PHYSIOLOGY,,The increase in heart rate observed following a hemorrhage is a reflex response primarily aimed at compensating for the immediate decrease in:,Venous Return,,,,,A,
IMS-1959,PHYSIOLOGY,,"In a patient with BP 120 70 and pulse 72 bpm, the highest proportion of body fluid is in:",Intracellular Fluid (ICF),,,,,A,
IMS-1960,PHYSIOLOGY,,A physiologist studies glucose handling in kidneys. Which statement is correct regarding transport maximum (Tm)?,"Below threshold, all glucose is reabsorbed",,,,,A,
IMS-1961,PHYSIOLOGY,,Sudden removal of the hand from a hot object is an example of which neurophysiological process?,Flexor withdrawal reflex,,,,,A,
IMS-1962,PHYSIOLOGY,,Lymphatic obstruction is reduced in the setting of the following conditions:,"Increased tissue pressure / Resolution of tumors (Raw text poorly phrased; lymphatic edema is non-pitting, unlike hypoalbuminemia)",,,,,A,
IMS-1963,PHYSIOLOGY,,A lesion of the suprachiasmatic nucleus (SCN) would most likely affect which physiological process?,Circadian rhythm,,,,,A,
IMS-1964,PHYSIOLOGY,,A young female was prescribed PPIs for longstanding GERD which primarily acts on the H+/K+ ATPase pump. Its mechanism of action is:,Primary active transport,,,,,A,
IMS-1965,PHYSIOLOGY,,Patient having CCF develops edema due to:,Increased hydrostatic pressure,,,,,A,
IMS-1966,PHYSIOLOGY,,The administration of exogenous insulin can rapidly shift electrolytes into the cell. What is the acute effect of insulin administration on serum potassium levels?,Decreased serum potassium (Hypokalemia),,,,,A,
IMS-1967,PHYSIOLOGY,,"A patient has a plasma glucose of 250 mg/dL. GFR is known, urine flow is 1mL/min, and urinary glucose is zero. How can renal glucose reabsorption be calculated?",Reabsorption = Filtration rate - Excretion rate,,,,,A,
IMS-1968,PHYSIOLOGY,,A patient presents with proteinuria. Why does normal protein normally not cross the glomerular membrane?,Negative charge on the glomerular basement membrane,,,,,A,
IMS-1969,PHYSIOLOGY,,Which structure is responsible for detecting changes in sound frequency (normal physiology)?,Outer hair cells (Organ of Corti),,,,,A,
IMS-1970,PHYSIOLOGY,,"A trauma patient loses 1.5 liters of blood. To maintain GFR and concentrate urine, which nephron segment becomes MOST active?",Collecting duct (medullary),,,,,A,
IMS-1971,PHYSIOLOGY,,Gold-standard test to assess GFR?,Inulin clearance,,,,,A,
IMS-1972,PHYSIOLOGY,,"A doctor advises a patient with subfertility to time unprotected intercourse during the most fertile window. The surge of which hormone, which occurs just prior to ovulation, is the best indicator of the fertile period?",LH (Luteinizing Hormone),,,,,A,
IMS-1973,PHYSIOLOGY,,A patient with dehydration activates the thirst center in the hypothalamus. Which nuclei are involved in the subsequent ADH release?,Supraoptic and Paraventricular nuclei,,,,,A,
IMS-1974,PHYSIOLOGY,,Which of the following is an example of primary active transport?,H+/K+ ATPase pump,,,,,A,
IMS-1975,PHYSIOLOGY,,"Following a total gastrectomy, which of the following substances or enzymes is immediately decreased or absent due to the removal of the stomach?",Pepsin,,,,,A,
IMS-1976,PHYSIOLOGY,,"During perineal surgery, a patient is placed in the Trendelenburg position. Which respiratory parameter increases in this position?",Respiratory rate (to compensate for decreased FRC),,,,,A,
IMS-1977,PHYSIOLOGY,,"When the eye shifts focus from a distant object to a near one, which physiological change takes place?","Convergence, miosis, and accommodation",,,,,A,
IMS-1978,PHYSIOLOGY,,Which substance is responsible for mediating pain in the body?,Bradykinin / Prostaglandins,,,,,A,
IMS-1979,PHYSIOLOGY,,What changes occur in the respiratory system during moderate exercise?,Increased alveolar ventilation,,,,,A,
IMS-1980,PHYSIOLOGY,,A patient in the ICU develops lung infiltrates after a seizure caused by aspiration. Which airway protective mechanism primarily prevents aspiration?,Closure of true vocal cords,,,,,A,
IMS-1981,PHYSIOLOGY,,"What occurs when Na+/K+ ATPase is inhibited in myocardial cells (e.g., by Digoxin)?",Raised intracellular calcium (via Na+/Ca2+ exchanger),,,,,A,
IMS-1982,PHYSIOLOGY,,When does the migrating myoelectric complex function to aid digestion?,Works during the interdigestive period (fasting),,,,,A,
IMS-1983,PHYSIOLOGY,,What primarily controls the increased rate and depth of breathing during exercise?,Motor cortex collateral impulses and the Ventral respiratory group,,,,,A,
IMS-1984,PHYSIOLOGY,,Why is glucose usually absent from the urine in healthy individuals? What process prevents glucose loss in the kidneys?,Glucose is actively reabsorbed in the proximal convoluted tubules,,,,,A,
IMS-1985,PHYSIOLOGY,,Central and peripheral chemoreceptors respond to changes in which blood gas parameter?,Increased PCO2 (Central) and Decreased PO2 / Increased PCO2 (Peripheral),,,,,A,
IMS-1986,PHYSIOLOGY,,The heart functions as a syncytium due to structures that allow electrical coupling between cardiac cells. Which of the following is responsible for this property?,Gap junctions (in intercalated discs),,,,,A,
IMS-1987,PHYSIOLOGY,,What primarily regulates coronary blood flow? Identify the main determinant affecting coronary circulation.,"Local metabolites (Adenosine, NO) and tissue oxygen demand",,,,,A,
IMS-1988,PHYSIOLOGY,,"Which hormone is released after fatty meals, causing gallbladder contraction and slowing gastric emptying?",CCK (Cholecystokinin),,,,,A,
IMS-1989,PHYSIOLOGY,,At which vessel level does systemic circulation encounter the greatest resistance to blood flow?,Arterioles,,,,,A,
IMS-1990,PHYSIOLOGY,,Through which mechanism is IgA secreted across the epithelium into breast milk?,Transcytosis (Receptor-mediated),,,,,A,
IMS-1991,PHYSIOLOGY,,A patient with hypovolemia after significant trauma has a blood pressure of 80/60 and severely reduced urine output. What is the underlying mechanism causing the decreased urine production?,Decreased renal arterial blood flow and GFR,,,,,A,
IMS-1992,PHYSIOLOGY,,Which substance initiates the migrating motor complex (MMC) during fasting states?,Motilin,,,,,A,
IMS-1993,PHYSIOLOGY,,A patient’s heart rate rises from 75 beats per minute to 225 beats per minute. What is the cardiac cycle duration at this increased heart rate?,0.26 seconds (60 seconds / 225 bpm),,,,,A,
IMS-1994,PHYSIOLOGY,,What mechanism accounts for the directionally selective transmission and sharpening of signals in the DCML and spinothalamic tracts?,Lateral inhibition,,,,,A,
IMS-1995,PHYSIOLOGY,,Which hypothalamic nucleus is responsible for controlling thirst mechanisms?,Anterior hypothalamus (OSM receptors) / Supraoptic nucleus,,,,,A,
IMS-1996,PHYSIOLOGY,,"A 25-year-old man arrives at the ER after a road traffic accident with major blood loss, blood pressure 80/50 mmHg, and heart rate 130 bpm. After initial fluid stabilization, which parameter is most likely to normalize first?",Heart rate decreases (resolving tachycardia),,,,,A,
IMS-1997,PHYSIOLOGY,,Which statement correctly describes the concept of Tmax (Transport Maximum) in renal physiology?,It is the maximum transport rate at which a solute can be reabsorbed or secreted by the renal tubules,,,,,A,
IMS-1998,PHYSIOLOGY,,A patient arrives in the ER with signs of hypovolemic shock. What is the primary physiological effect of endogenous angiotensin II in this state?,Vasoconstriction and activation of aldosterone secretion,,,,,A,
IMS-1999,PHYSIOLOGY,,"In a jugular venous pressure (JVP) tracing, the 'a' wave corresponds to:",Atrial contraction,,,,,A,
IMS-2000,PHYSIOLOGY,,A patient's tidal volume is 500 mL and Respiratory rate is 12 breaths/min. Calculate minute pulmonary ventilation.,6.0 L/min (500 x 12 = 6000 mL/min),,,,,A,
IMS-2001,PHYSIOLOGY,,Which transport mechanism has a Vmax?,Facilitated diffusion (and Active transport),,,,,A,
IMS-2002,PHYSIOLOGY,,What does end-diastolic volume (EDV) primarily depend on?,Venous return,,,,,A,
IMS-2003,PHYSIOLOGY,,A patient with hemorrhage has a MAP of 50 mm Hg. What renal mechanism will help maintain his blood pressure?,Decreased urine flow (activation of RAAS and ADH),,,,,A,
IMS-2004,PHYSIOLOGY,,"During the pharyngeal phase of swallowing, which reflex action prevents aspiration?",Transient holding of breath (Deglutition apnea),,,,,A,
IMS-2005,PHYSIOLOGY,,"A patient is alert but relaxed with eyes closed. Upon giving a visual stimulus, the patient's eyes open. What is the likely change in EEG waves?",Alpha block (Alpha shifts to Beta waves),,,,,A,
IMS-2006,PHYSIOLOGY,,How does a severe drop in temperature affect nerve transmission?,"It slows the opening and closing of voltage-gated sodium channels, decreasing conduction velocity.",,,,,A,
IMS-2007,PHYSIOLOGY,,The kidney's ability to excrete highly concentrated urine increases if:,Medullary blood flow via the vasa recta remains sluggish (preventing washout of the medullary osmotic gradient),,,,,A,
IMS-2008,PHYSIOLOGY,,Cardiac changes that normally occur during inspiration include:,A slight decrease in systemic arterial pressure and an increase in venous return to the right heart,,,,,A,
IMS-2009,PHYSIOLOGY,,"If a patient has a renal plasma flow of 600 mL/min and a hematocrit of 0.40, what is the calculated renal blood flow?",1000 mL/min,,,,,A,
IMS-2010,PHYSIOLOGY,,Which intestinal movement primarily helps to mix chyme with digestive enzymes?,Segmentation contractions,,,,,A,
IMS-2011,PHYSIOLOGY,,"Following the intake of fatty food, which hormone is required to stimulate gallbladder contraction for digestion?",Cholecystokinin (CCK),,,,,A,
IMS-2012,PHYSIOLOGY,,"A medical student develops a ""red"" face after being asked a question during a lecture. Which statement best describes this vascular reaction?",Active hyperemia (vasodilation),,,,,A,
IMS-2013,PHYSIOLOGY,,"During exam preparation, a student's pupils dilate, eyes remain fixated, and heart rate increases. This response is driven by which system?",Sympathetic nervous system,,,,,A,
IMS-2014,PHYSIOLOGY,,"The second heart sound (S2) is produced by the closure of the semilunar valves, marking the beginning of:",Isovolumetric relaxation,,,,,A,
IMS-2015,PHYSIOLOGY,,"After a road traffic accident, a patient with excessive bleeding has a decreased GFR. The primary cause of this decreased GFR is:",Decreased renal arterial blood flow,,,,,A,
IMS-2016,PHYSIOLOGY,,Which of the following is a primary metabolic function of insulin?,Increases glycolysis and glycogenesis,,,,,A,
IMS-2017,PHYSIOLOGY,,"During a marathon race, blood flow to non-exercising muscles and splanchnic beds is constricted by:",Postganglionic sympathetic fibers,,,,,A,
IMS-2018,PHYSIOLOGY,,Gastric HCl secreted from parietal cells is necessary for which digestive step?,Conversion of pepsinogen to active pepsin,,,,,A,
IMS-2019,PHYSIOLOGY,,Cerebral blood flow increases most sensitively in response to:,Increased arterial PaCO2 (Hypercapnia),,,,,A,
IMS-2020,PHYSIOLOGY,,"An acute, severe increase in ECF potassium (hyperkalemia) has what ultimate physiological effect on the heart?",Diastolic cardiac arrest (loss of resting membrane potential),,,,,A,
IMS-2021,PHYSIOLOGY,,"In a severe burn patient, the excitability of cells is reduced, causing a decreased action potential upstroke slope. This is due to massive fluid shifts causing:",Hyponatremia,,,,,A,
IMS-2022,PHYSIOLOGY,,"A diabetic woman is given 0.1 g of insulin. One hour later, plasma insulin concentration is 1 mg/100 mL. Based on the dilution principle, what is her calculated extracellular fluid volume in liters?",10 Liters,,,,,A,
IMS-2023,PHYSIOLOGY,,"When a man attempts to stand up quickly from a seated position, which spinal reflex provides the extensor thrust required for this movement?",Positive supporting reaction / Extensor thrust reflex,,,,,A,
IMS-2024,PHYSIOLOGY,,"A patient has a total solute excretion requirement of 520 mOsm/day. If the kidneys can concentrate urine to a maximum osmolarity of 1040 mOsm/L, what is the absolute minimum volume of urine required to clear the waste?",0.5 Liters/day (520 / 1040),,,,,A,
IMS-2025,PHYSIOLOGY,,Cellular repolarization during an action potential occurs primarily due to the outward movement of which ion?,Potassium (K+),,,,,A,
IMS-2026,PHYSIOLOGY,,"While solving algebra or arithmetic problems with active mental concentration, which EEG wave pattern will predominantly appear?",Beta waves,,,,,A,
IMS-2027,PHYSIOLOGY,,"After an RTA with 2 liters of blood loss, compensatory renal mechanisms attempt to restore blood volume by acting on which nephron segments?",Distal convoluted tubule and Collecting duct (via Aldosterone and ADH),,,,,A,
IMS-2028,PHYSIOLOGY,,Which of the following statements is classically considered false regarding the propagation of an action potential?,Dendrites are important contributors to generating the action potential (Action potentials primarily initiate at the axon hillock),,,,,A,
IMS-2029,PHYSIOLOGY,,"When a tuning fork is placed over the bone, which mechanoreceptors are primarily responsible for detecting the high-frequency vibration?",Pacinian corpuscles,,,,,A,
IMS-2030,PHYSIOLOGY,,The reabsorption of cerebrospinal fluid (CSF) into the venous circulation occurs primarily through which structures?,Arachnoid villi / granulations,,,,,A,
IMS-2031,PHYSIOLOGY,,"A patient in DKA (glucose 400 mg/dL, pH 7.1) is brought to the ER unconscious. What is the most important primary buffer system operating in the plasma of this patient?",Bicarbonate (HCO3-) buffer system,,,,,A,
IMS-2032,PHYSIOLOGY,,Sensory receptors act as biological transducers by performing which primary function?,Converting environmental energy (stimuli) into electrical action potentials,,,,,A,
IMS-2033,PHYSIOLOGY,,Glucose is reabsorbed in the proximal convoluted tubule of the kidney via which cellular transport mechanism?,Secondary active transport (Na+/Glucose cotransporter - SGLT),,,,,A,
IMS-2034,PHYSIOLOGY,,Glucose is absorbed across the apical membrane of intestinal enterocytes via which mechanism?,Secondary active transport via Na+/Glucose cotransporter (SGLT1),,,,,A,
IMS-2035,PHYSIOLOGY,,Which of the following is a classic example of a polysynaptic superficial reflex involving the L1-L2 spinal segments?,Cremasteric reflex,,,,,A,
IMS-2036,PHYSIOLOGY,,"What toxic exposure causes an extreme left shift of the oxygen-hemoglobin dissociation curve, preventing O2 unloading in tissues?",Carbon Monoxide (CO) poisoning,,,,,A,
IMS-2037,PHYSIOLOGY,,"Among the major vessels in the body, which artery carries deoxygenated blood with the lowest oxygen saturation?",Pulmonary artery,,,,,A,
IMS-2038,PHYSIOLOGY,,Alveolar dead space significantly increases under which hemodynamic condition due to under-perfusion of the lung apices?,Severe hypotension / Hemorrhagic shock,,,,,A,
IMS-2039,PHYSIOLOGY,,A patient in severe shock has a MAP dropping below 60 mmHg. Which powerful autonomic reflex triggers massive sympathetic discharge to maintain cerebral blood flow?,CNS ischemic response,,,,,A,
IMS-2040,PHYSIOLOGY,,"The immediate, abrupt increase in pulmonary ventilation at the exact onset of strenuous exercise is primarily driven by:",Collateral motor impulses from the motor cortex to the respiratory center,,,,,A,
IMS-2041,PHYSIOLOGY,,"An EEG tracing shows an absence of Alpha waves, replaced by high-frequency Beta waves. This indicates the patient is:","Awake, alert, and actively concentrating",,,,,A,
IMS-2042,PHYSIOLOGY,,Pulmonary surfactant prevents alveolar collapse primarily by interspersing between which molecules to break their cohesive forces?,Water molecules lining the alveolar fluid,,,,,A,
IMS-2043,PHYSIOLOGY,,A hypertensive patient has exceptionally high plasma renin activity. The juxtaglomerular cells are strongly stimulated to release renin primarily due to:,"Decreased renal perfusion pressure (e.g., Renal artery stenosis/vasoconstriction)",,,,,A,
IMS-2044,PHYSIOLOGY,,The stereocilia on hair cells in the cochlea and vestibular apparatus are physically bent by fluid movement. These sensory transducers are classified functionally as:,Mechanoreceptors,,,,,A,
IMS-2045,PHYSIOLOGY,,"During intense exercise, exercising muscles demand massive oxygen unloading. This is facilitated by a right shift of the Oxygen-Hemoglobin dissociation curve, primarily caused by:","Increased pCO2, acidity (decreased pH), and temperature",,,,,A,
IMS-2046,PREVENTIVE MEDICINE,,"For the prevention of trachoma, what is the most important personal hygiene measure?",Washing of face and hands,,,,,A,
IMS-2047,PSYCHIATRY,,The objective test for assessing personality traits is:,Minnesota Multiphasic Personality Inventory (MMPI),,,,,A,
IMS-2048,PSYCHIATRY,,Which condition is caused by chronic alcohol use?,Wernicke encephalopathy,,,,,A,
IMS-2049,PSYCHIATRY,,"On initial patient interview, which behavior is the least likely to build rapport and should be avoided?",Projecting an image of authority,,,,,A,
IMS-2050,PSYCHIATRY,,"A woman with schizophrenia managed with antipsychotics complains of severe dry mouth, constipation, blurred vision, and urinary retention. Which typical antipsychotic drug is most likely causing these strong anticholinergic side effects?",Thioridazine (or Chlorpromazine),,,,,A,
IMS-2051,PSYCHIATRY,,"A patient with severe, inflexible personality conflicts is referred for psychological testing. Which objective diagnostic inventory is specifically designed to assess personality disorders?",Millon Clinical Multiaxial Inventory (MCMI),,,,,A,
IMS-2052,PULMONOLOGY,,A pregnant woman with femur fracture from a road accident collapses on day 4 with respiratory difficulty. The most likely cause is:,Fat embolism,,,,,A,
IMS-2053,PULMONOLOGY,,"A woman with chronic cough, bilateral hilar lymphadenopathy, and non-caseating granulomas has:",Sarcoidosis,,,,,A,
IMS-2054,PULMONOLOGY,,A 55-year-old shipyard worker has progressive dyspnea and bilateral pleural plaques on chest imaging. Which occupational exposure most likely caused these findings?,Asbestos,,,,,A,
IMS-2055,PULMONOLOGY,,Which type of pleural fluid is associated with congestive heart failure?,Transudate,,,,,A,
IMS-2056,PULMONOLOGY,,A 60-year-old patient with atrial fibrillation presents hemodynamically stable with sudden shortness of breath and hemoptysis. What is the most appropriate next investigation?,CT pulmonary angiography,,,,,A,
IMS-2057,PULMONOLOGY,,Which condition causes an increased ventilation–perfusion (V/Q) ratio?,Pulmonary embolism,,,,,A,
IMS-2058,PULMONOLOGY,,A soldier stationed at a glacier develops sudden shortness of breath. The most likely cause is:,Pulmonary edema,,,,,A,
IMS-2059,PULMONOLOGY,,"A male with a femur fracture develops dyspnea, confusion, and petechiae 48 hours after injury. Most likely diagnosis?",Fat embolism,,,,,A,
IMS-2060,PULMONOLOGY,,A woman who is bedridden having SOB develops a pulmonary thromboembolism. The most likely source is:,Femoral vein,,,,,A,
IMS-2061,PULMONOLOGY,,"A man presents with progressive dyspnea, dry cough, and fine basal crackles. Pulmonary function tests show reduced TLC, FVC, and normal FEV1/FVC ratio. Most likely diagnosis?",Pulmonary fibrosis,,,,,A,
IMS-2062,PULMONOLOGY,,A patient underwent a right hemicolectomy and was discharged on POD 3. He suddenly presented to the emergency with sudden onset SOB & collapse. What is the most likely diagnosis?,PE,,,,,A,
IMS-2063,PULMONOLOGY,,Common source of pulmonary embolism is:,Femoral vein,,,,,A,
IMS-2064,PULMONOLOGY,,A patient has a collapsed right lung. Which lung pathology might mimic radiologic findings?,Complete atelectasis,,,,,A,
IMS-2065,PULMONOLOGY,,"Due to defective chloride transport leading to thick, viscous secretions in the lungs, a patient with Cystic Fibrosis is highly prone to developing which chronic pulmonary condition?",Bronchiectasis,,,,,A,
IMS-2066,PULMONOLOGY,,"A resident travels from Karachi to an altitude of 15,000 ft and develops sudden shortness of breath. The most likely cause is:",Pulmonary edema,,,,,A,
IMS-2067,PULMONOLOGY,,Chronic smoker develops complete left lung atelectasis. Most likely pathology?,"Complete obstruction of airway (e.g., tumor)",,,,,A,
IMS-2068,PULMONOLOGY,,"Asthmatic patient presented to EAR with SOB spell and was prescribed medications, how to confirm diagnosis of asthma",Pre and post treatment spirometry (Reversibility test),,,,,A,
IMS-2069,PULMONOLOGY,,Which parameter is typically decreased in obstructive lung disease?,FEV1 / FVC ratio,,,,,A,
IMS-2070,PULMONOLOGY,,"Due to chronic airway inflammation, mucus plugging, and recurrent infections, a patient with Cystic Fibrosis is highly prone to developing what irreversible condition characterized by permanent, abnormal dilation of the bronchi?",Bronchiectasis,,,,,A,
IMS-2071,PULMONOLOGY,,A Patient presented with fever and lethargy. Investigations shows bilateral hilar lymphadenopathy and non caseating granulomas. What is the diagnosis?,Sarcoidosis,,,,,A,
IMS-2072,PULMONOLOGY,,"A hiker went on hike to Siachen, on oximetry pO2 of 60mmHg, type of hypoxia he likely going to suffer:",Hypoxic hypoxia,,,,,A,
IMS-2073,PULMONOLOGY,,Pleural plaques on X-ray in a construction worker:,Asbestosis,,,,,A,
IMS-2074,PULMONOLOGY,,A patient presents with a cough and fever. Chest X-ray shows bilateral hilar lymphadenopathy. Histology of a lymph node biopsy reveals non-caseating granulomas. What is the most likely diagnosis?,Sarcoidosis,,,,,A,
IMS-2075,PULMONOLOGY,,"Which part of the respiratory tree is primarily affected by the inflammation, bronchospasm, and hyperresponsiveness characteristic of Asthma?",Bronchioles and small bronchi,,,,,A,
IMS-2076,PULMONOLOGY,,"A woman admitted to the ICU on a ventilator after a road traffic accident initially had a clear chest x-ray. After several days, her condition worsened with fever and bilateral lung consolidation. What is the best diagnostic test to identify the cause in this patient?",Blood culture and endotracheal aspirate,,,,,A,
IMS-2077,PULMONOLOGY,,A patient presents with cough and a chest X-ray revealing hilar lymphadenopathy and noncaseating granulomas. What is the most likely diagnosis?,Sarcoidosis,,,,,A,
IMS-2078,PULMONOLOGY,,A patient with respiratory difficulty arrives at the clinic with shortness of breath and low oxygen saturation. The decreased oxygen perfusion is caused by an increase in which of the following?,Alveolar wall thickness (Diffusion barrier),,,,,A,
IMS-2079,PULMONOLOGY,,"A patient with COPD admitted to the ICU was stabilized on oxygen therapy with 56% O2. After removing the high-flow oxygen, he developed episodes of apnea. What is the most likely cause of his apnea?",High levels of O2 suppressed his peripheral chemoreceptors (Hypoxic drive),,,,,A,
IMS-2080,PULMONOLOGY,,A bedridden woman develops shortness of breath and is diagnosed with pulmonary thromboembolism. Identify the most probable source of the embolus in this patient.,Femoral / Deep veins of the legs,,,,,A,
IMS-2081,PULMONOLOGY,,A 28-year-old man presents after a road traffic accident with sudden sharp chest pain and shortness of breath. Examination shows absent breath sounds and hyperresonance on the left side. What is the most likely diagnosis?,Pneumothorax,,,,,A,
IMS-2082,PULMONOLOGY,,A patient with a history of smoking presents with a barrel-shaped chest and hyperresonant percussion. What is the likely underlying diagnosis?,COPD (Emphysema),,,,,A,
IMS-2083,PULMONOLOGY,,"A patient with a severe crush injury and an intramedullary tibial fracture develops chest petechiae, fever, and respiratory distress three days after the injury. What is the most likely diagnosis?",Fat embolism,,,,,A,
IMS-2084,PULMONOLOGY,,"A 32-year-old man has chronic cough, hemoptysis, night sweats, and weight loss. Examination reveals matted cervical lymph nodes, and chest x-ray shows upper lobe cavitary lesions. What is the most likely diagnosis?",Tuberculosis (Reactivation),,,,,A,
IMS-2085,PULMONOLOGY,,A patient experiences sudden shortness of breath and pleuritic chest pain after a long international flight. What is the most likely diagnosis?,Pulmonary Embolism (PE),,,,,A,
IMS-2086,PULMONOLOGY,,A male patient has a normal hemoglobin level of 13 g/dL but exhibits signs of hypoxia. His arterial PO2 is 70 mmHg. Identify the type of hypoxia present.,Hypoxic hypoxia (Low arterial pO2),,,,,A,
IMS-2087,PULMONOLOGY,,Which spirometry ratio factor increases or remains normal in restrictive lung diseases?,FEV1/FVC ratio,,,,,A,
IMS-2088,PULMONOLOGY,,"In restrictive lung disease, which parameter fundamentally decreases to define the condition?",Total lung capacity (TLC),,,,,A,
IMS-2089,PULMONOLOGY,,Obstructive lung disease (like emphysema) increases which lung capacity due to air trapping?,Functional Residual Capacity (FRC) and TLC,,,,,A,
IMS-2090,PULMONOLOGY,,A player hiked in the mountains and developed dyspnea with low PO2. The likely etiology is:,Hypoxic hypoxia,,,,,A,
IMS-2091,PULMONOLOGY,,"A girl has a bronchial obstruction, but the affected alveoli are still aerated. This collateral ventilation occurs due to:",Pores of Kohn,,,,,A,
IMS-2092,PULMONOLOGY,,A player hiked to a high-altitude mountain and developed dyspnea due to low atmospheric PO2. The likely etiology is:,Hypoxic hypoxia,,,,,A,
IMS-2093,PULMONOLOGY,,"A sea diver ascends to the surface too quickly and develops severe shortness of breath and excruciating joint pain (""the bends""). The cause is:",Nitrogen gas bubbles expanding in the blood and tissues,,,,,A,
IMS-2094,PULMONOLOGY,,"A patient working in a stone quarry or sandblasting mine presents with a positive tuberculin test, cough, fever, weight loss, and characteristic ""eggshell"" calcification of hilar lymph nodes. What is the primary occupational lung disease?",Silicosis,,,,,A,
IMS-2095,PULMONOLOGY,,A diabetic patient develops sudden dyspnea after undergoing a cholecystectomy. The most likely underlying pathology is:,Pulmonary embolism,,,,,A,
IMS-2096,PULMONOLOGY,,A patient presents with respiratory symptoms. Biopsy reveals non-caseating epithelioid granulomas without necrosis surrounding lymphatics and blood vessels. Diagnosis is:,Sarcoidosis,,,,,A,
IMS-2097,PULMONOLOGY,,"An elderly lady immobilized for two weeks due to a femur fracture develops calf tenderness, followed by sudden dyspnea and chest pain. What is the life-threatening complication?",Pulmonary Thromboembolism (secondary to DVT),,,,,A,
IMS-2098,PULMONOLOGY,,A patient in an RTA suffers a high cervical cord injury resulting in total apnea and requirement for mechanical ventilation. This is due to:,Bilateral phrenic nerve paralysis,,,,,A,
IMS-2099,PULMONOLOGY,,"A heart failure patient develops a pleural effusion. A diagnostic tap reveals a transudative fluid. Based on Light's criteria, what protein characteristic confirms this?",Pleural fluid-to-serum protein ratio < 0.5 (Low protein content),,,,,A,
IMS-2100,RADIOLOGY,,Which technique is used to confirm the patency of the portal venous system by injecting a contrast agent?,Injection into the Portal Vein,,,,,A,
IMS-2101,RADIOLOGY,,A patient presents with a unilateral swollen calf. Best initial imaging?,Compression Doppler ultrasound,,,,,A,
IMS-2102,RADIOLOGY,,"In a patient with an esophageal stricture or mass, what cardiovascular structure creates a normal physiological indentation on the esophagus visible on a PA barium swallow?",Arch of the aorta,,,,,A,
IMS-2103,RHEUMATOLOGY,,A female patient has a rash on her nose and cheeks that spares the nasolabial folds. What is the most likely diagnosis?,Systemic Lupus Erythematosus (SLE),,,,,A,
IMS-2104,RHEUMATOLOGY,,"A patient presenting with epistaxis, hematuria, nasal perforation, and granulomatous inflammation is diagnosed with:",Granulomatosis with polyangiitis (Wegener's),,,,,A,
IMS-2105,RHEUMATOLOGY,,"A female patient presents with dry mouth, dysphagia, severe dental caries, and bilateral parotid gland swelling. What is the mechanism behind this pathology?",Autoimmune destruction of exocrine glands (Sjogren's syndrome),,,,,A,
IMS-2106,RHEUMATOLOGY,,"A patient presents with jaw claudication, visual disturbances, and a severe headache. The temporal artery is firm and tender. Diagnosis?",Giant Cell (Temporal) Arteritis,,,,,A,
IMS-2107,STATISTICS,,"In a normal (Gaussian) distribution, which measures of central tendency are equal?","Mean, median, mode",,,,,A,
IMS-2108,STATISTICS,,"Calculate the median of these numbers: 20, 20, 25, 25, 30, 30, 35, and 40.",27.5,,,,,A,
IMS-2109,SURGERY,,"A patient with intense pain during defecation, perianal fluctuant swelling, and fever has:",Anorectal abscess,,,,,A,
IMS-2110,SURGERY,,Swelling and bruising over the mastoid area (Battle sign) after RTA indicates:,Base of skull fracture,,,,,A,
IMS-2111,SURGERY,,"Painful defecation, rectal bleeding, and an anal tag (sentinel pile) indicate:",Chronic anal fissure,,,,,A,
IMS-2112,SURGERY,,"In rectal cancer resection, the critical margin for assessing completeness is:",Circumferential resection margin (CRM),,,,,A,
IMS-2113,SURGERY,,"A swollen, tense limb with decreased capillary refill in the toes indicates:",Compartment syndrome,,,,,A,
IMS-2114,SURGERY,,An RTA patient with shortness of breath and abdominal viscera in the thorax has:,Diaphragmatic rupture,,,,,A,
IMS-2115,SURGERY,,The normal full Glasgow Coma Scale score is:,E4 V5 M6,,,,,A,
IMS-2116,SURGERY,,Lucid interval is classically associated with:,Epidural hematoma,,,,,A,
IMS-2117,SURGERY,,A patient with a hepatic flexure tumor involving the transverse colon requires:,Extended right hemicolectomy,,,,,A,
IMS-2118,SURGERY,,"A patient with altered bowel habits, constipation, and mixed density shadow on imaging has:",Gallstone ileus,,,,,A,
IMS-2119,SURGERY,,A liver laceration of 4cm with capsule disruption is classified as grade:,Grade 3,,,,,A,
IMS-2120,SURGERY,,Post-surgical peritonitis requiring re-exploration and ileostomy is Clavien-Dindo grade:,Grade IIIb,,,,,A,
IMS-2121,SURGERY,,"A chest stab victim has absent left breath sounds, hyperresonance on percussion, and chest X-ray shows a black area without lung markings plus fluid collection. After chest tube insertion, the diagnosis is:",Hydropneumothorax,,,,,A,
IMS-2122,SURGERY,,Increased gallstone formation after hemicolectomy is due to:,Impaired enterohepatic circulation of bile salts,,,,,A,
IMS-2123,SURGERY,,"In an elderly cardiac patient post-surgery, the factor increasing mortality is:",Increased tissue oxygen demand,,,,,A,
IMS-2124,SURGERY,,"To access the splenic hilum during laparotomy for splenic artery bleeding, the surgeon must dissect the:",Lienorenal (splenorenal) ligament,,,,,A,
IMS-2125,SURGERY,,A patient develops swelling at the nephrectomy site without fever 1 year post-surgery. This is likely:,Lumbar hernia (incisional),,,,,A,
IMS-2126,SURGERY,,The main side effect of post-MRM radiotherapy with level 3 lymph node dissection is:,Lymphedema of the arm,,,,,A,
IMS-2127,SURGERY,,An 82-year-old man with watery umbilical discharge and history of urethral obstruction from prostatic enlargement has:,Patent urachus,,,,,A,
IMS-2128,SURGERY,,The most common cause of hypovolemic shock in trauma is:,Pelvic fracture hemorrhage,,,,,A,
IMS-2129,SURGERY,,A painful swelling at the lower lumbar spine with a visible pit and pus discharge is:,Pilonidal sinus,,,,,A,
IMS-2130,SURGERY,,The most common complication of subclavian vein catheterization is:,Pneumothorax,,,,,A,
IMS-2131,SURGERY,,The most common site of congenital diaphragmatic hernia is:,Posterolateral (Bochdalek) triangle,,,,,A,
IMS-2132,SURGERY,,Preoperative antibiotics are used because:,Prophylaxis provides better surgical outcomes,,,,,A,
IMS-2133,SURGERY,,A young man with unilateral submandibular swelling that worsens with eating has:,Sialolithiasis,,,,,A,
IMS-2134,SURGERY,,Testicular torsion involves twisting of the:,Spermatic cord,,,,,A,
IMS-2135,SURGERY,,A 14-year-old girl falls with left abdominal pain radiating to the left shoulder. The injured organ is:,Spleen,,,,,A,
IMS-2136,SURGERY,,A hemodynamically unstable patient with blunt left upper abdominal trauma and free fluid on FAST has injury to:,Spleen,,,,,A,
IMS-2137,SURGERY,,A 26-year-old man with left upper quadrant bruising and tenderness after a high-speed accident most likely injured his:,Spleen,,,,,A,
IMS-2138,SURGERY,,The highest risk of pneumothorax during CVP line insertion is via the:,Subclavian vein,,,,,A,
IMS-2139,SURGERY,,CVP line insertion most associated with pneumothorax is via:,Subclavian vein,,,,,A,
IMS-2140,SURGERY,,"A 47-year-old man with sudden limb pain, pallor, and tissue necrosis from vascular occlusion has:",Thromboembolism,,,,,A,
IMS-2141,SURGERY,,"After gastrectomy, a patient develops peripheral numbness, fatigue, and muscle weakness. The deficiency is:",Vitamin B12,,,,,A,
IMS-2142,SURGERY,,"After gastrectomy, which supplements should be prescribed lifelong?",Water-soluble vitamins (especially B12),,,,,A,
IMS-2143,SURGERY,,A patient sustained a 3 cm vertical stab wound on the right lateral side of the linea alba. He was initially stable but later developed hypotension and shock; which vessel is most likely injured?,IVC,,,,,A,
IMS-2144,SURGERY,,A man sustained a stab wound to the neck one year ago. He now has a right-sided neck swelling that gradually appeared after the injury and enlarges with deep inspiration; what is the most likely cause?,Cervical lung herniation through a fascial defect,,,,,A,
IMS-2145,SURGERY,,A patient presents with a thyroid swelling that is suspicious for malignancy. Which investigation most appropriately evaluates the thyroid tumor?,Fine-needle aspiration cytology (FNAC),,,,,A,
IMS-2146,SURGERY,,"A 40-year-old patient with long-standing postprandial right upper-quadrant pain now has fever, leukocytosis, RUQ tenderness, and a positive Murphy sign. Ultrasound shows gallbladder wall thickening, multiple gallstones, and pericholecystic fluid; what is the most likely diagnosis?",Acute cholecystitis,,,,,A,
IMS-2147,SURGERY,,Which nerve is most commonly injured during an appendectomy?,Iliohypogastric nerve,,,,,A,
IMS-2148,SURGERY,,"An elderly woman has an incisional hernia at a previous abdominal incision and is taken for surgical exploration. After incising the skin and superficial layers, which structure is encountered immediately when the hernia sac is opened?",Fascia transversalis,,,,,A,
IMS-2149,SURGERY,,"A patient presents after a motor vehicle collision with left upper abdominal pain, hypotension, and signs of internal bleeding. Imaging shows hemoperitoneum; which organ is most likely injured?",Spleen (left side),,,,,A,
IMS-2150,SURGERY,,"During placement of a central venous catheter, which access site carries the highest risk of pneumothorax?",Subclavian vein,,,,,A,
IMS-2151,SURGERY,,Paradoxical movement of a chest wall segment after chest trauma indicates which diagnosis?,Flail chest,,,,,A,
IMS-2152,SURGERY,,"After a multi?victim road traffic accident, a conscious patient has fractures and moderate bleeding but remains hemodynamically stable. According to disaster triage color coding, which color tag should be assigned?",Yellow,,,,,A,
IMS-2153,SURGERY,,A groin hernia located below and lateral to the pubic tubercle indicates which type of hernia?,Femoral hernia,,,,,A,
IMS-2154,SURGERY,,A hernia bulges through Hesselbach's triangle. Which hernia type does this describe?,Direct inguinal,,,,,A,
IMS-2155,SURGERY,,"A patient with blunt left-sided chest trauma is hypotensive, tachycardic, has distended neck veins, and muffled heart sounds. Which type of shock caused by mechanical obstruction to circulation does this presentation indicate?",Obstructive shock,,,,,A,
IMS-2156,SURGERY,,"A patient has severe hypotension, a rapid weak pulse, cold clammy skin, and markedly reduced urine output; which stage of shock does this indicate?",Stage 3 – Decompensated,,,,,A,
IMS-2157,SURGERY,,"A female P2+0 has a small reducible non-painful lump around the umbilicus, otherwise normal. It is likely:",Para-umbilical hernia,,,,,A,
IMS-2158,SURGERY,,A surgeon performing varicose vein surgery does a flush ligation of the greater saphenous vein. There is a sudden gush of dark color blood. The source of bleeding is most probably from:,Femoral vein,,,,,A,
IMS-2159,SURGERY,,A middle-aged woman presents with an intermittent brownish-green nipple discharge that is not bloody and not associated with a palpable mass. The most likely diagnosis is:,Duct ectasia (periductal mastitis),,,,,A,
IMS-2160,SURGERY,,A woman presents with abdominal distension and vomiting. Bowel sounds are absent. X-ray shows generalized gas in both small and large bowel. What is the likely diagnosis?,Paralytic ileus,,,,,A,
IMS-2161,SURGERY,,A male after an RTA complains of lower chest and upper abdominal pain. What is the most likely injury?,Lower rib fracture,,,,,A,
IMS-2162,SURGERY,,What is the location for an ascitic tap?,"Right lower quadrant, 2 cm medial to anterior superior iliac spine",,,,,A,
IMS-2163,SURGERY,,A patient on clopidogrel and aspirin is scheduled for cardiac surgery. What blood product should be prepared?,Packed platelets,,,,,A,
IMS-2164,SURGERY,,A hernia presenting below the inguinal ligament in a female is most likely:,Femoral hernia,,,,,A,
IMS-2165,SURGERY,,An elderly constipated male develops acute abdominal pain and distension. X-ray shows a coffee-bean sign. What is the most common site of volvulus?,Sigmoid colon (sigmoid artery supply),,,,,A,
IMS-2166,SURGERY,,"A young RTA patient presented to the ER with blunt abdominal trauma, hemoperitoneum, disintegration of the liver capsule, and a liver parenchymal laceration of about 4 cm. What is the grading of this liver trauma?",Grade 3,,,,,A,
IMS-2167,SURGERY,,A child has an inguinal swelling which moves downward on traction of the testes. What is the diagnosis?,Indirect Inguinal Hernia,,,,,A,
IMS-2168,SURGERY,,"After an RTA, a patient has decreased breath sounds and dullness on percussion. Diagnosis?",Hemothorax,,,,,A,
IMS-2169,SURGERY,,"A 1.5 cm liver lesion shows arterial phase enhancement and washout on imaging, with patent portal and hepatic arteries. The most appropriate management is:",Surgical resection,,,,,A,
IMS-2170,SURGERY,,An RTA patient is assessed upon arrival at ER. They respond to a painful stimulus with incomprehensible words and exhibit limb withdrawal to pain. Assuming their eyes do not open spontaneously. What is the patient GCS score?,7,,,,,A,
IMS-2171,SURGERY,,How long before surgery should a patient stop smoking to reduce postoperative complications?,8 weeks,,,,,A,
IMS-2172,SURGERY,,A patient presents to the emergency department with blood pressure 60/40 mmHg and pulse 125/min. What is the type/stage of hypovolemic shock?,Type III,,,,,A,
IMS-2173,SURGERY,,A woman who underwent a hysterectomy several months ago now presents with symptoms of sphincter incompetence. Which diagnostic test is the most appropriate for evaluating the function and structure of the anal sphincter complex?,Anal manometry,,,,,A,
IMS-2174,SURGERY,,A patient develops secondary hemorrhage 5 days after a tonsillectomy. Which vessel is most commonly responsible?,Tonsillar branch of facial artery,,,,,A,
IMS-2175,SURGERY,,"In a road traffic accident, a patient presented with a fracture of the Sternoclavicular joint that is dislocated posteriorly; which vital structure deep to the joint is at the greatest risk of injury?",Trachea,,,,,A,
IMS-2176,SURGERY,,A middle-aged woman presents with an intermittent brownish-green nipple discharge that is not bloody and not associated with a palpable mass. The most likely diagnosis is:,Duct ectasia (periductal mastitis),,,,,A,
IMS-2177,SURGERY,,An older woman presents with bloody nipple discharge from the 3 o'clock position. Mammogram is normal. Most likely diagnosis?,Intraductal papilloma,,,,,A,
IMS-2178,SURGERY,,A man develops sudden severe groin pain and a tender irreducible swelling after lifting a heavy weight. Overlying skin is erythematous. Most likely diagnosis?,Strangulated inguinal hernia,,,,,A,
IMS-2179,SURGERY,,Hirschsprung disease is characterized by the absence of ganglion cells in the distal bowel. Which segment of the colon is always involved in this disease?,Rectum/Sigmoid colon,,,,,A,
IMS-2180,SURGERY,,"A patient on anticoagulation presents with sudden onset abdominal wall swelling and pain, which worsens with movement. On examination, there is a tender, firm mass in the abdominal wall. The most likely diagnosis is:",Rectus sheath hematoma,,,,,A,
IMS-2181,SURGERY,,"A child presents with right lower quadrant abdominal pain, mild fever, and nausea. On examination, there is tenderness at McBurney's point. Ultrasound shows multiple enlarged mesenteric lymph nodes near the terminal ileum with a normal appendix. What is the most likely diagnosis?",Mesenteric lymphadenitis,,,,,A,
IMS-2182,SURGERY,,"A man presents with trauma and blood loss estimated 1500-2000 mL (30-40% of blood volume). His HR is 120/min, BP 90/60 mmHg, RR 30/min, mental status anxious. Which class of hemorrhage does this correspond to?",Class III,,,,,A,
IMS-2183,SURGERY,,"During a right pneumonectomy, performed via an anterior approach, which structure is typically encountered and ligated first within the hilum?",Pulmonary vein,,,,,A,
IMS-2184,SURGERY,,A patient with ITP after RTA has a thigh laceration. Which factor will delay wound healing?,Steroids,,,,,A,
IMS-2185,SURGERY,,"A patient presents 3 weeks post-appendectomy with swelling. Biopsy shows macrophages, lymphocytes, and histiocytes. Cause?",Abscess / Chronic inflammation,,,,,A,
IMS-2186,SURGERY,,"A woman presents with recurrent right upper quadrant pain, vomiting, and abdominal distension. Abdominal X-ray shows small bowel obstruction with a radiopaque shadow in the right iliac fossa and pneumobilia. What is the most likely diagnosis?",Gallstone ileus,,,,,A,
IMS-2187,SURGERY,,Ulcer on back of calf of diabetic patient and numbness of foot. On which indicator surgeon will decide to do intervention?,30mmHg or less intra-compartment pressure than diastolic pressure,,,,,A,
IMS-2188,SURGERY,,"A male after a road-traffic accident is brought to ED. BP 80/60 mmHg, HR 125/min, urine output 10 mL/hr. What is the most appropriate immediate management?",0.9% normal saline rapid bolus and cross-match blood,,,,,A,
IMS-2189,SURGERY,,"An accident victim arrives with BP 60/40, pulse 115/min. What is the best initial management?",IV Fluids (Crystalloids),,,,,A,
IMS-2190,SURGERY,,A boxer receives a punch above the medial orbital margin near the nasal bridge. He develops diplopia and tenderness. Which bone is most likely fractured?,Frontal bone (orbital plate) / Ethmoid,,,,,A,
IMS-2191,SURGERY,,"An RTA patient with the fracture of long bone and multiple soft issue injuries, suddenly develops SOB, diaphoresis, confusion and a petechial rash. What is the likely cause?",Fat embolism,,,,,A,
IMS-2192,SURGERY,,A patient presents with profuse bleeding from a laceration near the mandible. Compression of which site will most effectively control hemorrhage?,Facial artery at anterior border of masseter,,,,,A,
IMS-2193,SURGERY,,"A surgeon performs a low anterior resection for rectal carcinoma. Postoperatively, the pathologist reports clear proximal and distal margins, but positive circumferential margins. Why is this concerning?",High risk of local recurrence,,,,,A,
IMS-2194,SURGERY,,3 stab wound 3 cm deep to right side of umbilicus. Initially patient vitals are normal. After 2 hours patient become hypotensive source of bleed:,IVC / Superior mesenteric,,,,,A,
IMS-2195,SURGERY,,Painful abdominal swelling with cough impulse; jejunal loops seen:,Richter hernia,,,,,A,
IMS-2196,SURGERY,,"A young man comes after chest trauma. He has hypotension, distended neck veins, and tracheal shift to the opposite side. What is the diagnosis?",Tension pneumothorax,,,,,A,
IMS-2197,SURGERY,,"During appendectomy, the surgeon finds a yellowish mass at the base of the appendix. What is the appropriate next step?",Right hemicolectomy (Carcinoid tumor at base),,,,,A,
IMS-2198,SURGERY,,"A patient presents with blunt trauma to the chest. Percussion is dull; breath sounds are decreased, but trachea is central. What is the diagnosis?",Hemothorax,,,,,A,
IMS-2199,SURGERY,,What is most effective to reduce infection during CVP line insertion?,Sterilizing with chlorhexidine solution,,,,,A,
IMS-2200,SURGERY,,"A male presents after a high speed RTA with periorbital ecchymosis (raccoon eyes), CSF rhinorrhea, and hemotympanum. Which is the most likely type of fracture?",Anterior and Middle cranial fossa fracture,,,,,A,
IMS-2201,SURGERY,,"A male presented with retching, but no vomiting. Attempts of NG tube insertion tried but failed, most probable cause of this obstruction?",Gastric volvulus,,,,,A,
IMS-2202,SURGERY,,Gunshot wound enters from right iliac fossa and exits from left lumbar region. Emergency laparotomy reveals peritoneal bleeding and tear at the root of small intestine mesentery. Which vessel is most likely damaged?,Superior mesenteric vein (SMV),,,,,A,
IMS-2203,SURGERY,,A young male patient had colonic adenocarcinoma underwent tumor resection. The pathology report confirms clear proximal and distal margins. The primary surgeon is concerned because the report is lacking information about which crucial factor related to local recurrence.,Circumferential margin of the tumor,,,,,A,
IMS-2204,SURGERY,,"A 30 year male after an RTA is presented to the emergency. He has a complete loss of motor power in both lower limbs. BP 90 60, HR 50 min. Type of shock is:",Neurogenic Shock,,,,,A,
IMS-2205,SURGERY,,"A person presented with right hypochondrial pain and progressive abdominal distension. Now, diffuse ascites is clinically evident, and a diagnostic paracentesis is planned. Which is the most appropriate site for ascitic fluid tap that minimizes risk of injury to inferior epigastric vessels?",2 3 cm medial and superior to Anterior Superior Iliac Spine,,,,,A,
IMS-2206,SURGERY,,A man presents with a pulsatile expansile swelling below the inguinal ligament along the femoral course. What is the most likely diagnosis?,Femoral aneurysm,,,,,A,
IMS-2207,SURGERY,,"During thyroidectomy, which structure poses the greatest risk for injury to the recurrent laryngeal nerve?",Ligament of Berry,,,,,A,
IMS-2208,SURGERY,,"A footballer had a knee laceration sutured. After 2 weeks, the wound is healing slower than expected. Cause?",Infection,,,,,A,
IMS-2209,SURGERY,,"A patient develops sudden right leg pain after prolonged flight. On exam, dorsalis pedis and posterior tibial pulses absent. Likely diagnosis?",Acute limb ischemia,,,,,A,
IMS-2210,SURGERY,,A patient presents with a submandibular mass and reports experiencing pain and swelling that intensify just before or during meals. Which of the following is the most likely diagnosis?,Sialolithiasis,,,,,A,
IMS-2211,SURGERY,,"A patient presents post-road traffic accident with hypotension, pulse 125/min, urine output 15 mL/hr, and confusion. What is the stage of shock?",Stage 3 Hemorrhagic Shock,,,,,A,
IMS-2212,SURGERY,,A female patient with a history of breast abscess that was treated with incision and drainage now presents with yellow greenish discharge from the periareolar region that stains her clothes. What is the most probable reason for this chronic discharge?,Mammary duct fistula,,,,,A,
IMS-2213,SURGERY,,"A young man comes after chest trauma. He has hypotension, distended neck veins, and tracheal shift to the opposite side. What is the diagnosis?",Tension pneumothorax,,,,,A,
IMS-2214,SURGERY,,A patient who has undergone a total gastrectomy should be given lifelong supplementation of which essential nutrient?,Vitamin B12,,,,,A,
IMS-2215,SURGERY,,"After RTA, a patient has paradoxical chest movements. Diagnosis?",Flail chest,,,,,A,
IMS-2216,SURGERY,,"An RTA patient with chest trauma has an open lacerated wound, reduced chest movements on the affected side, and there is a hyperresonant note on percussion; what type of pneumothorax is this?",Open pneumothorax,,,,,A,
IMS-2217,SURGERY,,"A trauma patient presents with hypotension, distended neck veins, and muffled heart sounds. Which diagnosis fits these findings?",Cardiac tamponade,,,,,A,
IMS-2218,SURGERY,,"A patient after RTA had a penetrating wound to the chest. On examination, there is tracheal deviation to the opposite side, distended neck veins, and hypotension. What is the type of pneumothorax?",Tension pneumothorax,,,,,A,
IMS-2219,SURGERY,,"A patient has intense pain during defecation, a small fluctuant swelling in the perianal region, and a history of fever. What is the most likely diagnosis?",Anorectal abscess,,,,,A,
IMS-2220,SURGERY,,"A male presents after a road traffic accident with severe chest pain. On examination, he has paradoxical chest wall movement and hypotension. What is the most likely diagnosis?",Flail chest,,,,,A,
IMS-2221,SURGERY,,"Burn patient, 35% body surface area.",Hypovolemic shock,,,,,A,
IMS-2222,SURGERY,,A patient undergoes a total gastrectomy for gastric carcinoma. Which deficiency is most likely?,Vitamin B12,,,,,A,
IMS-2223,SURGERY,,"A woman presents with subareolar nipple nodules and reports a bilateral, sticky, greenish-brown nipple discharge. Which of the following benign breast conditions is most likely responsible for her symptoms?",Duct ectasia,,,,,A,
IMS-2224,SURGERY,,"Patient presented with the sign of intestinal obstruction, labs show deranged LFTs and RFTs, and neutropenia. Immediate appropriate step in his management is:","Resuscitate with IV fluids, pass NG tube, and catheterize",,,,,A,
IMS-2225,SURGERY,,"A woman develops chronic swelling of the arm, months after undergoing modified radical mastectomy with axillary clearance. What is the most likely cause?",Axillary lymph node dissection causing lymphedema,,,,,A,
IMS-2226,SURGERY,,"A patient sustains a stab wound 3 cm deep to the right of the umbilicus. Initially stable, he becomes hypotensive after 2 hours. Likely source of bleeding?",Inferior Vena Cava (IVC),,,,,A,
IMS-2227,SURGERY,,"A male presents after a road traffic accident with severe chest pain. On examination, he has paradoxical chest wall movement and hypotension. What is the most likely diagnosis?",Flail chest,,,,,A,
IMS-2228,SURGERY,,A patient presents with liver injury following a road traffic accident. Which of the following findings would most likely and immediately indicate a breach of the liver capsule?,Hemorrhage in the peritoneal cavity,,,,,A,
IMS-2229,SURGERY,,"A patient with cholelithiasis presents with abdominal pain, vomiting. X-ray shows small bowel obstruction + pneumobilia.",Gallstone ileus,,,,,A,
IMS-2230,SURGERY,,"A person presented with right hypochondrial pain and progressive abdominal distension. Now, diffuse ascites is clinically evident, and a diagnostic paracentesis is planned. Which is the most appropriate site for an ascitic fluid tap that minimizes risk of injury to inferior epigastric vessels?","Right lower quadrant, 2 cm below and medial to anterior superior iliac spine (ASIS)",,,,,A,
IMS-2231,SURGERY,,"In the Glasgow Coma Scale, the highest eye-opening response score is:",4 (Spontaneous),,,,,A,
IMS-2232,SURGERY,,"A young male patient having unilateral submandibular swelling that is associated with pain, usually felt after eating or upon anticipation of food. What is the most likely diagnosis?",Sialolithiasis,,,,,A,
IMS-2233,SURGERY,,"When calculating the GCS, what verbal score is given to a patient who is able to speak but is clearly confused?",4,,,,,A,
IMS-2234,SURGERY,,A female with a history of smoking presents with a greenish discharge from her nipples and nipple retraction on examination. This common benign condition is?,Duct Ectasia,,,,,A,
IMS-2235,SURGERY,,"A patient presents with bleeding per rectum for several days and pain on defecation. On examination, there is a linear anal tear with a sentinel pile. What is the recommended treatment?",Lateral internal sphincterotomy,,,,,A,
IMS-2236,SURGERY,,A patient presents to the hospital with a state of shock following a hip/pelvic fracture. What is the most probable immediate cause of shock?,Hypovolemia (Hemorrhagic shock),,,,,A,
IMS-2237,SURGERY,,At which tracheal ring is a tracheostomy typically performed in a 6-year-old child?,"2nd, 3rd, and 4th tracheal rings",,,,,A,
IMS-2238,SURGERY,,"A patient sustained a 3 cm vertical stab wound lateral to the right side of the linea alba. Initially stable, the patient later developed hypotension and shock. Which vessel is most likely injured?",Inferior Vena Cava (IVC),,,,,A,
IMS-2239,SURGERY,,A 42-year-old woman is undergoing breast reconstruction using a flap from the lower abdominal suprapubic region after mastectomy. Which artery mainly supplies this flap and must be preserved or reconstructed to maintain its viability?,Inferior epigastric artery,,,,,A,
IMS-2240,SURGERY,,A woman had a mastectomy extended to the medial axillary wall. What is the most common complication of this surgery?,Winging of scapula (Long thoracic nerve injury),,,,,A,
IMS-2241,SURGERY,,A 35-year-old patient presents with severe left iliac fossa pain and constipation. Imaging shows a sigmoid volvulus requiring urgent surgery to prevent ischemia of which artery?,Sigmoidal arteries,,,,,A,
IMS-2242,SURGERY,,A patient scheduled for elective inguinal surgery has a hemoglobin level of 8 g/dL. Determine the most appropriate management regarding blood transfusion in this case.,"Postpone surgery, investigate, and correct the cause of anemia",,,,,A,
IMS-2243,SURGERY,,"A patient involved in a road traffic accident has multiple fractures including a tibial fracture, along with low hemoglobin, low blood pressure, and a heart rate of 134. What is the best immediate management?",IV crystalloids/electrolytes and blood cross-match,,,,,A,
IMS-2244,SURGERY,,"A 28-year-old man presents after a road traffic accident with sudden sharp chest pain and difficulty breathing. Examination shows absent breath sounds and hyperresonance on the left side, and chest X-ray reveals a large radiolucent area without lung markings on the left. What is the most likely diagnosis?",Pneumothorax,,,,,A,
IMS-2245,SURGERY,,Which type of hernia is anatomically located below and lateral to the pubic tubercle?,Femoral hernia,,,,,A,
IMS-2246,SURGERY,,"Operating on an inguinal hernia, the surgeon found that the hernia sac passes immediately lateral to the inferior epigastric artery. What type of hernia was the surgeon operating on?",Indirect inguinal hernia,,,,,A,
IMS-2247,SURGERY,,A 25-year-old male presents with swelling in the left inguinal region and a positive cough impulse. The swelling moves when the ipsilateral testis is pulled downward and is painful. This is likely:,Indirect Inguinal hernia,,,,,A,
IMS-2248,SURGERY,,"A patient is involved in a road traffic accident and was struck on the left side. On examination, there are diminished breath sounds on the left and bowel sounds heard in the chest. Where is the most likely site of diaphragmatic rupture?",Left posterolateral diaphragm (Bochdalek foramen),,,,,A,
IMS-2249,SURGERY,,"A patient presented with signs of a perforated appendix. One week after surgery, he developed fever, localized tenderness, and discharge from the wound. What is the management plan?",Open the sutures to allow drainage of the abscess,,,,,A,
IMS-2250,SURGERY,,A boy presents with fever and right iliac fossa pain with tenderness and rebound tenderness. What is the likely diagnosis?,Acute Appendicitis,,,,,A,
IMS-2251,SURGERY,,"A young boy presents to the emergency department after a stabbing injury to the inguinal region. He is pale, struggling to breathe, and bleeding profusely with pulsatile flow from the wound. He is conscious. What is the most appropriate initial step in management?",Control bleeding with direct pressure and apply a tourniquet if necessary,,,,,A,
IMS-2252,SURGERY,,What is the typical site for a tracheostomy?,2nd and 3rd tracheal rings,,,,,A,
IMS-2253,SURGERY,,"A newly married female presents with right iliac fossa pain, TLC of 12,000, fever, and vomiting. LMP was 3 weeks ago (negative hCG). Likely diagnosis:",Acute Appendicitis,,,,,A,
IMS-2254,SURGERY,,A patient presents with neck rigidity and fever. What is the ideal anatomical site for a lumbar puncture in an adult?,L3-L4 or L4-L5 interspinous space,,,,,A,
IMS-2255,SURGERY,,"A patient with a history of fracture develops crepitus, foul-smelling discharge, and low blood pressure. What is the cause?",Gas gangrene causing Septic Shock (Clostridium perfringens),,,,,A,
IMS-2256,SURGERY,,What is the correct anatomical site for a surgical tracheostomy in adults?,2nd and 3rd tracheal rings,,,,,A,
IMS-2257,SURGERY,,An abdominal hysterectomy is often performed through a transverse suprapubic skin incision known as:,Pfannenstiel incision,,,,,A,
IMS-2258,SURGERY,,"What is the most common severe, long-term physical complication of a full-thickness (3rd degree) burn?",Contracture formation,,,,,A,
IMS-2259,SURGERY,,"After a mastectomy and axillary lymph node dissection, a female patient develops winging of the scapula. This is due to damage to the:",Long thoracic nerve,,,,,A,
IMS-2260,SURGERY,,A patient with liver cirrhosis and coagulopathy requires surgery. Which blood product must be transfused preoperatively to correct the bleeding risk?,Fresh Frozen Plasma (FFP),,,,,A,
IMS-2261,SURGERY,,"During the surgical resection of a right-sided pheochromocytoma, which major vessel must the right suprarenal vein be carefully ligated from to prevent a massive catecholamine surge?",Inferior Vena Cava (IVC),,,,,A,
IMS-2262,SURGERY,,"A patient is brought to the ER with bilateral radioulnar and femoral fractures. BP is 90/60 mmHg, Pulse is 120 bpm. What is the absolute best initial management?",Aggressive IV volume replacement (Crystalloids),,,,,A,
IMS-2263,SURGERY,,"During lower abdominal surgery, the bladder requires emptying. The surgeon passes a needle through the superior surface of the bladder. Which vessel running along the anterior abdominal wall is at risk of damage?",Inferior epigastric artery,,,,,A,
IMS-2264,SURGERY,,A patient has a massive pericardial effusion causing tamponade. What is the safest anatomical approach for emergency pericardiocentesis?,Subcostal approach (left xiphochondrial junction) angling the needle towards the left shoulder,,,,,A,
IMS-2265,SURGERY,,A young male develops severe dyspnea and stridor specifically when lying flat (orthopnea). CT scan shows airway compression caused by an anterior mediastinal mass. What is a common thyroid-related cause?,Retrosternal goiter,,,,,A,
IMS-2266,SURGERY,,"After a complicated vaginal delivery or pelvic surgery, a female presents with fecal incontinence and decreased anal tone. What diagnostic test directly assesses sphincter resting and squeeze pressures?",Anorectal manometry,,,,,A,
IMS-2267,TOXICOLOGY,,Snake venom commonly contains:,Hyaluronidase and phospholipase A2,,,,,A,
IMS-2268,TOXICOLOGY,,"To enhance urinary excretion of aspirin in toxicity, administer:",Sodium bicarbonate,,,,,A,
IMS-2269,TOXICOLOGY,,Which symptom is the earliest manifestation of systemic bupivacaine toxicity?,Ringing in ears,,,,,A,
IMS-2270,TOXICOLOGY,,An unconscious patient with respiratory distress is brought to the ER and an empty aspirin bottle is found. Which intervention enhances salicylate (aspirin) elimination?,Bicarbonate administration,,,,,A,
IMS-2271,TOXICOLOGY,,What is the earliest manifestation of Bupivacaine toxicity?,Ringing in ears,,,,,A,
IMS-2272,TOXICOLOGY,,"A patient develops bradycardia, hypotension, and decreased pulse pressure after tooth extraction under local anaesthesia, which of the following is the most likely cause?",Bupivacaine toxicity,,,,,A,
IMS-2273,TOXICOLOGY,,Snake venom Contains which of the following enzymes?,Hyaluronidase + Phospholipase A2,,,,,A,
IMS-2274,TOXICOLOGY,,Bupivacaine toxicity earliest sign:,Ringing in ears (Tinnitus),,,,,A,
IMS-2275,TOXICOLOGY,,"A patient with psychiatric history brought to ER with history of ingestion of pills having bilateral pinpoint pupils and photophobia, antidote would be:",Naloxone,,,,,A,
IMS-2276,TOXICOLOGY,,"A patient was found unconscious with a bottle, whose tablets he ingested mentioned Alprazolam over it. Which of the following is its antidote:",Flumazenil,,,,,A,
IMS-2277,TOXICOLOGY,,A 60-year-old farm worker has ascites. Ascitic fluid was hemorrhagic and contained malignant cells. Liver biopsy shows angiosarcoma. Most likely cause is?,Arsenic or Vinyl chloride exposure,,,,,A,
IMS-2278,TOXICOLOGY,,Which snake venom commonly induces DIC?,Russell viper,,,,,A,
IMS-2279,TOXICOLOGY,,Microcytic anemia characterized by the presence of prominent basophilic stippling on a peripheral blood smear is most commonly associated with:,Lead Poisoning,,,,,A,
IMS-2280,TOXICOLOGY,,An unconscious patient with respiratory distress is brought to the ER; an empty aspirin bottle is found nearby. Which treatment will enhance the elimination of aspirin from the body?,Bicarbonate administration (Alkalinize urine),,,,,A,
IMS-2281,TOXICOLOGY,,"A patient experiences bradycardia, hypotension, and decreased pulse pressure after tooth extraction with local anesthesia. What is the most likely cause of these symptoms?",Systemic Bupivacaine/Lidocaine toxicity,,,,,A,
IMS-2282,TOXICOLOGY,,An unconscious patient with respiratory difficulty is found next to an empty bottle of aspirin. Which treatment will enhance elimination of aspirin from the body?,Bicarbonate administration (Alkalinize urine),,,,,A,
IMS-2283,TOXICOLOGY,,Hypervitaminosis A (chronic toxicity) can lead to:,"Hepatotoxicity, papilledema, bone pain, and teratogenicity",,,,,A,
IMS-2284,TOXICOLOGY,,What mechanism allows IV sodium bicarbonate to alleviate aspirin (salicylate) toxicity?,"Ion trapping (Alkalinizes the urine, trapping salicylate in ionized form to increase renal excretion)",,,,,A,
IMS-2285,TOXICOLOGY,,An unconscious patient with breathing difficulty is brought to the ER. An empty aspirin bottle is found. How does the antidote (IV sodium bicarbonate) act?,Increases renal tubular excretion of aspirin via ion trapping,,,,,A,
IMS-2286,TOXICOLOGY,,Intravenous sodium bicarbonate (urine alkalinization) is a highly effective treatment to accelerate the renal clearance of weak acids like Salicylates and:,Phenobarbital,,,,,A,
IMS-2287,UROLOGY,,Which region of the prostate is primarily assessed by a digital rectal examination?,Posterior lobe,,,,,A,
IMS-2288,UROLOGY,,A patient with trauma above the sacral spinal cord level has urinary retention and overflow dribbling. What is the diagnosis?,Neurogenic bladder - Spastic,,,,,A,
IMS-2289,UROLOGY,,A man presents with painless hematuria. Cystoscopy shows a large intramural mass. Biopsy reveals smooth muscle origin. Most likely diagnosis?,Leiomyosarcoma,,,,,A,
IMS-2290,UROLOGY,,"A young man presents with left flank pain, varicocele, and hematuria. Doppler ultrasound shows compression of the left renal vein between two structures. Which structures are responsible?",SMA & Aorta,,,,,A,
IMS-2291,UROLOGY,,"A boy presents after a straddle injury on a bicycle. Examination shows swelling of the scrotum with fluid accumulation due to rupture of the bulbospongiosus fascia, allowing urine to collect in the superficial perineal pouch. The fluid will most likely accumulate in which structure?",Scrotum,,,,,A,
IMS-2292,UROLOGY,,A patient presents with hematuria and night sweats. There is no fever. The most likely diagnosis you will make is:,Renal TB,,,,,A,
IMS-2293,UROLOGY,,"A patient requires renal transplant. Donor options: identical twin, stepbrother, sister, husband, daughter.",Identical twin,,,,,A,
IMS-2294,UROLOGY,,"What is the underlying vascular cause of the sudden, severe pain and subsequent hemorrhagic testicular infarction seen in the condition known as testicular torsion?",Venous obstruction,,,,,A,
IMS-2295,UROLOGY,,A young female with recurrent urinary tract infections (UTIs) presents with fever and dysuria. Imaging shows a Pelviureteric Junction defect leading to impaired urine drainage. The most likely diagnosis for the current acute episode is:,Acute pyelonephritis,,,,,A,
IMS-2296,UROLOGY,,"A woman with dysuria, frequency, no fever and no flank pain.",Acute cystitis,,,,,A,
IMS-2297,UROLOGY,,"A patient with spinal trauma above the sacral micturition center develops urinary frequency, urgency, and inability to control urination. What condition has developed?",Neurogenic overactive (spastic) bladder,,,,,A,
IMS-2298,UROLOGY,,Epispadias is classically associated with:,Exstrophy of bladder,,,,,A,
IMS-2299,UROLOGY,,A 26-year-old male's labs show low sperm count. When will we repeat the test?,After 10-12 weeks (74 days for spermatogenesis),,,,,A,
IMS-2300,UROLOGY,,A married male patient with normal secondary sexual characteristics complains of infertility so he was advised for semen analysis which shows normal fluid with azoospermia. Where is the defect?,Sertoli cell / Seminiferous tubule defect,,,,,A,
IMS-2301,UROLOGY,,Elderly male patient with recurrent UTIs. Most likely cause:,Obstruction due to BPH,,,,,A,
IMS-2302,UROLOGY,,"A 30-year-old patient with urinary symptoms underwent intravenous urography, which showed contrast reaching the right lumbar region but not the left, where a shadow was noted above the bladder. What is the most likely cause of this finding?",Pelvic kidney,,,,,A,
IMS-2303,UROLOGY,,An elderly man presents with trauma to the left flank and hematuria. Which investigation would best evaluate his condition?,CT scan of Abdomen/Pelvis with IV contrast (CT KUB is non-contrast),,,,,A,
IMS-2304,UROLOGY,,A 34-year-old man with normal secondary sexual characteristics presents with infertility. His semen analysis reveals normal fluid volume but azoospermia. Identify the defect causing this condition.,Sertoli cell / Seminiferous tubule defect,,,,,A,
IMS-2305,UROLOGY,,"A 70-year-old patient has difficulty urinating and weight loss. On examination, a hard nodule is detected in the prostate. Which part of the prostate gland is most likely involved?",Peripheral zone,,,,,A,
IMS-2306,UROLOGY,,A child has unilateral hydronephrosis visible on an X-ray. Identify the most likely obstructive cause.,Pelvic ureteric junction (PUJ) obstruction,,,,,A,
IMS-2307,UROLOGY,,"A 65-year-old man reports urinary frequency, nocturia, and trouble starting urination. On examination, his prostate is hard and irregular, and serum PSA is 49 ng/dL. What is the most likely diagnosis?",Prostatic carcinoma,,,,,A,
IMS-2308,UROLOGY,,"A couple presents with infertility. Semen analysis reveals 10 million sperm per mL, 10% motility, and 15% normal morphology. Which condition best explains these findings?",Oligoasthenoteratozoospermia,,,,,A,
IMS-2309,UROLOGY,,Blood and urine from a bulbar urethral rupture (below the urogenital diaphragm) will extravasate into:,"Superficial perineal pouch (Scrotum, penis, lower abdominal wall)",,,,,A,
IMS-2310,UROLOGY,,A man presents with hematuria and urinary frequency. DRE reveals a stony hard prostate mass. The primary lymphatic drainage of the prostate goes to:,Internal iliac and sacral nodes,,,,,A,
IMS-2311,UROLOGY,,A patient presents with unannounced voiding after a crush injury to the spinal cord paralyzing his lower limbs. The diagnosis is:,Neurogenic bladder (Spastic/Reflex bladder),,,,,A,
IMS-2312,UROLOGY,,"A patient undergoes a vasectomy where the vas deferens is ligated. Two months later, an ejaculate sample will contain:",Seminal and prostatic fluid (but no sperm),,,,,A,
IMS-2313,UROLOGY,,"A child presents with a suprapubic swelling that frequently leaks urine, along with epispadias and pubic bone diastasis. What is the embryological cause?",Incomplete closure of the anterior abdominal wall (Bladder Exstrophy),,,,,A,
IMS-2314,UROLOGY,,"An elderly male presents with a firm, irregular prostatic nodule on digital rectal exam, and his PSA level is 5 ng/mL. Biopsy confirms localized prostate carcinoma. What is the most definitive surgical treatment?",Radical Prostatectomy,,,,,A,
