QuestionID,Chapter,Topic,Question,OptionA,OptionB,OptionC,OptionD,OptionE,CorrectAnswer,Explanation
HE5FPWVQ,Nephrology,166,A man has lost 2L water by sweating and replaced by 2L pure water. What will happen?,Decrease ICF osmolarity,Increase ICF osmolarity,No change in ICF osmolarity,Decrease ECF volume,Increase ECF osmolarity,A,
L5C8X7S2,Nephrology,166,Total body water is approximately what percentage of body weight?,60%,40%,20%,80%,50%,A,
2N7YNFD6,Nephrology,166,What fraction of total body water is intracellular fluid?,2/3rd (40%),1/3rd (20%),1/4th,3/4th,,A,
975CJ5V4,Nephrology,166,What fraction of total body water is extracellular fluid?,1/3rd (20%),2/3rd (40%),1/4th,3/4th,,A,
RHQ73DWE,Nephrology,166,Intracellular fluid (ICF) constitutes what percentage of body weight?,40%,20%,60%,80%,10%,A,
78X7A4NE,Nephrology,166,Extracellular fluid (ECF) constitutes what percentage of body weight?,20%,40%,60%,80%,10%,A,
UMJBEHZZ,Nephrology,166,What is the total body water in litres in a 70kg person?,42 L,28 L,14 L,60 L,50 L,A,
7FTVA3E7,Nephrology,166,What is the volume of Intracellular Fluid (ICF) in a 70kg person?,28 L,14 L,42 L,10.5 L,3.5 L,A,
XX2V5ZLT,Nephrology,166,What is the volume of Extracellular Fluid (ECF) in a 70kg person?,14 L,28 L,42 L,10.5 L,3.5 L,A,
HGJBUS5X,Nephrology,166,Plasma constitutes what fraction of the extracellular fluid (ECF)?,46024,46025,46056,46026,46085,D,
AWPENV2W,Nephrology,166,Interstitial fluid constitutes what fraction of the extracellular fluid (ECF)?,3/4th,1/3rd,2/3rd,1/4th,2-Jan,A,
U5UY4XDT,Nephrology,166,What are the major cations of the Intracellular Fluid (ICF)?,K+ and Mg+,Na+ and Ca++,Na+ and K+,Mg+ and Ca++,Na+ and Mg+,A,
9LUFABMP,Nephrology,166,What is the major cation of the Extracellular Fluid (ECF)?,Na+,K+,Mg+,Ca++,H+,A,
AY73VQXG,Nephrology,166,What are the major anions of the Extracellular Fluid (ECF)?,Cl- and HCO3-,PO4- and Proteins,Cl- and PO4-,HCO3- and Proteins,SO4- and Cl-,A,
CL47MY5F,Nephrology,166,Total volume of ICF in 70kg adult man is:,28 Liters,14 Liters,42 Liters,10.5 Liters,3.5 Liters,A,
67FVY4V4,Nephrology,166,A 60-year male weighing 70 kg has total body water of 42L (60% of body weight). How much of this will be present in interstitial fluid?,10.5L,14L,28L,3.5L,42L,A,
Z3W33BER,Nephrology,166,One of the following fluid compartments contains approximately two-thirds of the total body water:,Intracellular,Extracellular,Interstitial,Plasma,Transcellular,A,
WF2LDAKK,Nephrology,166,About one third of total body water is:,Extracellular fluid,Intracellular fluid,Interstitial fluid,Plasma volume,Transcellular fluid,A,
T6WTDS6J,Nephrology,166,Plasma volume is approximately what percentage of the extracellular volume?,20% (20-25%),40%,60%,75%,10%,A,
LZNNA4XE,Nephrology,166,"If 600 ml of water is drunk rapidly, then the plasma volume will increase approximately by?",50 ml,150 ml,200 ml,400 ml,600 ml,A,
GDYTUP8E,Nephrology,166,"If 600 ml of water is drunk rapidly, how much is distributed to the ICF?",400 mL,200 mL,150 mL,50 mL,600 mL,A,
FNTPL588,Nephrology,166,"If 600 ml of water is drunk rapidly, how much is distributed to the ECF?",200 mL,400 mL,150 mL,50 mL,600 mL,A,
NZD96PZ7,Nephrology,166,"If 600 ml of water is drunk rapidly, how much is distributed to the interstitial fluid?",150 mL,400 mL,200 mL,50 mL,100 mL,A,
TFMTD27P,Nephrology,166,ECF is different from ICF in:,Inorganic anions,Organic anions,Inorganic cations,Proteins,Amino acids,A,
A7KDLQRW,Nephrology,166,ICF differs from ECF in:,Increased K+,Increased Na+,Increased Cl-,Decreased proteins,Increased Ca++,A,
WPTCWMUY,Nephrology,166,"Compared with intracellular fluid, extracellular fluid has:",A lower potassium ion concentration,A higher potassium ion concentration,A lower sodium ion concentration,A lower chloride ion concentration,A higher protein concentration,A,
DTKAV4P2,Nephrology,166,An ion which has a higher concentration in intracellular fluid than in extracellular fluid is:,K+,Na+,Cl-,Ca++,HCO3-,A,
UZRPF9PS,Nephrology,166,Difference between intracellular fluid and extracellular fluid is:,Decreased pH of intracellular fluid,Increased pH of intracellular fluid,Decreased pH of extracellular fluid,Equal pH in both compartments,No difference in protein content,A,
BKWVZVCX,Nephrology,166,Extracellular fluid differs from the intracellular fluid in that it:,Contains high Na+ and high Ca++,Contains high K+ and high Mg++,Contains high K+ and high PO4-,Contains low Na+ and low Cl-,Contains low Ca++ and high K+,A,
DMHNDL27,Nephrology,166,Difference between plasma volume and interstitial fluid is:,Protein,Sodium,Potassium,Chloride,Water,A,
3H2SP9TU,Nephrology,166,Regarding K+:,98% intracellular,50% intracellular,98% extracellular,50% extracellular,20% intracellular,A,
RMR63AKU,Nephrology,166,Cation present in higher concentration in ECF:,Sodium,Potassium,Magnesium,Calcium,Hydrogen,A,
CQTENVVD,Nephrology,166,Predominant cation of plasma is Na+ and it is balanced mostly by:,Cl-,HCO3-,Proteins,PO4-,SO4-,A,
ESBV25VV,Nephrology,166,Which electrolyte abnormality in ECF has a profound effect on the heart?,Potassium,Sodium,Chloride,Phosphate,Bicarbonate,A,
QV5U3FCX,Nephrology,166,The percentage of plasma in ECF is:,20%,40%,60%,80%,10%,A,
YAYNQH67,Nephrology,166,Which drug is most commonly distributed in the ECF?,Mannitol,Heparin,Warfarin,Digoxin,Amiodarone,A,
BWY84YTX,Nephrology,166,"In shock, what is given to compensate for lost ECF volume?",IV Sodium,IV Potassium,IV Calcium,IV Dextrose,IV Albumin,A,
JGLG4UAP,Nephrology,166,A young man of 30 year working in intense heat had profuse sweating resulting in severe dehydration. The electrolyte having a fundamental role in immediate compensation for loss of his extra-cellular fluid is:,Sodium,Potassium,Calcium,Magnesium,Chloride,A,
LRAH5SQQ,Nephrology,166,By increasing the specific gravity of urine which kidney function is being assessed?,Urine concentration,Glomerular filtration rate,Tubular secretion,Renal blood flow,Sodium reabsorption,A,
U8NGDSZP,Nephrology,166,Tears composition differ from plasma in:,Tears have more amino acids,Tears have less amino acids,Tears have more proteins,Tears have less potassium,Tears have more globulins,A,
VBZ4WMTF,Nephrology,166,The most prominent deficiency in lacrimal secretion when compared to plasma is:,Glucose,Proteins,Sodium,Potassium,Amino acids,A,
A7WCKB26,Nephrology,167,The substance used to measure total body water is:,Mannitol,Inulin,Antipyrene,RISA,Evans Blue,C,"<p>Titrated H2O, D2O and Antipyrene</p><p><br></p>"
F85YYKWT,Nephrology,167,Which of the following substances are used to measure Total Body Water (TBW)?,"Tritiated H2O, D2O, Antipyrene","Sulfate, Inulin, Mannitol","RISA, Evans Blue",ECF - Plasma Volume,TBW - ECF,A,
L5ZJEQEB,Nephrology,167,Which of the following substances are used to measure Extracellular Fluid (ECF)?,TBW - ECF,"RISA, Evans Blue",ECF - Plasma Volume,"Tritiated H2O, D2O, Antipyrene","Sulfate, Inulin, Mannitol",E,"<p><strong>M</strong>annitol, <strong>I</strong>nulin, <strong>S</strong>ulfate</p>"
WL8QJX8F,Nephrology,167,Which of the following substances are used to measure Plasma (1/4 of ECF)?,"RISA (radioiodinated serum albumin), Evans Blue","Sulfate, Inulin, Mannitol","Tritiated H2O, D2O, Antipyrene",ECF - Plasma Volume,TBW - ECF,A,
LDS9YS2V,Nephrology,167,How is Interstitial fluid (3/4 of ECF) measured?,ECF - Plasma Volume,TBW - ECF,"Sulfate, Inulin, Mannitol","Tritiated H2O, D2O, Antipyrene","RISA, Evans Blue",A,
DSDNK9QZ,Nephrology,167,How is Intracellular fluid (ICF) measured?,TBW - ECF,ECF - Plasma Volume,"Sulfate, Inulin, Mannitol","Tritiated H2O, D2O, Antipyrene","RISA, Evans Blue",A,
KK8ZBK5E,Nephrology,167,Total body water can be calculated by:,Tritium,Inulin,Mannitol,Evans Blue,Sulfate,A,
TXU8AD2C,Nephrology,167,Marker used to measure total body water:,Heavy water,Inulin,Mannitol,Evans Blue,Sulfate,A,
P73X87TW,Nephrology,167,Total body water can be calculated by:,Antipyrine,Inulin,Mannitol,Evans Blue,Sulfate,A,
D95NZHX6,Nephrology,167,The substance used to measure total body water is:,Tritiated H2O,Inulin,Mannitol,Evans Blue,Sulfate,A,
A7499T95,Nephrology,167,Interstitial fluid can be measured by:,Evan blue and Antipyrine,Inulin and Mannitol,Sulfate and RISA,D2O and Tritiated H2O,Heavy water and Mannitol,A,
K3D2HJY3,Nephrology,168,A patient presented with severe diarrhea. What infusion will be given to increase his ECF and decrease ICF causing plasma expansion after osmotic equilibrium?,1 liter of 3% NaCl solution,1 liter of 0.9% NaCl solution,1 liter of 0.45% NaCl solution,1 liter of 5% Dextrose,1 liter of Ringer's Lactate,A,
LXN63DC6,Nephrology,168,Which of the following is a hypertonic crystalloid solution?,3% NaCl,0.45% NaCl,0.9% NaCl,Ringer's Lactate,5% Dextrose (D5W),A,
97HXJCK3,Nephrology,168,Which of the following is a hypotonic crystalloid solution?,1/2 Normal Saline (0.45% NaCl),3% NaCl,0.9% NaCl,Ringer's Lactate,10% Dextrose,A,
46NR6PXG,Nephrology,168,Which of the following are isotonic crystalloid solutions?,"Normal Saline (0.9% NaCl), Ringer's Lactate, 5% Dextrose (D5W)","3% NaCl, 0.45% NaCl, 10% Dextrose","0.45% NaCl, 3% NaCl, Ringer's Lactate","10% Dextrose, 5% Dextrose (D5W), 3% NaCl","3% NaCl, Normal Saline (0.9% NaCl), 0.45% NaCl",A,
7Z9QK8TR,Nephrology,168,How does 5% Dextrose act in the body initially and subsequently?,Starts as isotonic but acts as hypotonic in the body,Starts as hypotonic but acts as isotonic in the body,Remains strictly isotonic in the body,Remains strictly hypotonic in the body,Acts as a hypertonic solution in the body,A,
PFCRWKPB,Nephrology,168,What is the fluid of choice for primary dehydration?,5% Dextrose,0.9% Normal Saline,Ringer's Lactate,3% Normal Saline,0.45% Saline,A,
BEMWHZR2,Nephrology,168,What is the fluid of choice for severe dehydration?,5% Dextrose,0.9% Normal Saline,Ringer's Lactate,10% Dextrose,3% Normal Saline,A,
JJMBZU4F,Nephrology,168,What is the fluid given in secondary dehydration?,Ringer's Lactate,5% Dextrose,0.9% Normal Saline,3% Normal Saline,0.45% Saline,A,
ZX5UWX9A,Nephrology,168,What is the fluid of choice for free water clearance dehydration?,5% Dextrose,Ringer's Lactate,0.9% Normal Saline,3% Normal Saline,0.45% Saline,A,
JXX5SPSS,Nephrology,168,What is the fluid of choice for pure water depletion?,5% Dextrose,0.9% Normal Saline,Ringer's Lactate,10% Dextrose,3% Normal Saline,A,
7GGBVL99,Nephrology,168,How is total water depletion replaced?,"Hypotonic solutions (e.g., 0.45% saline or 5% dextrose)","Isotonic solutions (e.g., 0.9% normal saline)","Hypertonic solutions (e.g., 3% saline)","Colloids (e.g., Albumin)",Blood transfusion,A,
Y4DQ6Z7G,Nephrology,168,What is the fluid of choice in paradoxical aciduria?,Darrow's solution > normal saline 0.9%,Ringer's Lactate > 5% Dextrose,3% Normal Saline > 0.45% Saline,5% Dextrose > 0.9% Normal Saline,Albumin > Darrow's solution,A,
PF99R2LP,Nephrology,168,What is the fluid of choice for 3rd space fluid loss?,Ringer lactate,5% Dextrose,0.45% Saline,3% Normal Saline,10% Dextrose,A,
QKJY9M8D,Nephrology,168,"Which fluid that is given in primary dehydration, initially decreases ICF and increases ECF and increases total body water?",3% Normal Saline,0.9% Normal Saline,Ringer's Lactate,5% Dextrose,0.45% Saline,A,
L2J87HGZ,Nephrology,168,"In a patient with diarrhea, which fluid should be given to increase ECF and decrease ICF?",3% Normal Saline,0.9% Normal Saline,5% Dextrose,Ringer's Lactate,Darrow's solution,A,
4ZAJ8D5P,Nephrology,168,Total water depletion is replaced by:,Hypotonic solutions,Isotonic solutions,Hypertonic solutions,Colloids,Blood products,A,
VTTFZ9LN,Nephrology,168,What replaces pure water loss?,5% Dextrose,0.9% Normal Saline,3% Normal Saline,Ringer's Lactate,0.45% Saline,A,
ADG36GPD,Nephrology,168,"In pure water depletion, the fluid to be administered intravenously is:",5% Dextrose,0.9% Normal Saline,3% Normal Saline,Ringer's Lactate,0.45% Saline,A,
DAPHJK4V,Nephrology,168,Dehydration of free water clearance. Fluid should be given:,5% Dextrose,0.9% Normal Saline,3% Normal Saline,Ringer's Lactate,10% Dextrose,A,
BCVPJK24,Nephrology,168,"In a case of 15-20% blood loss, what fluid should be given?",Ringer Lactate,5% Dextrose,3% Normal Saline,0.45% Saline,Packed Red Blood Cells only,A,
KLH8DEWM,Nephrology,168,"For up to 30% blood loss, what is the recommended fluid replacement?",Crystalloid (Ringer lactate > Normal saline),Blood + Crystalloid,5% Dextrose,Colloids only,Hypertonic saline,A,
2648VRG2,Nephrology,168,"For more than 30% blood loss, what is the recommended fluid replacement?",Blood + Crystalloid,Crystalloid only (Ringer lactate),Colloids only,5% Dextrose,3% Normal Saline,A,
9KNUYMKG,Nephrology,168,"In hypovolemia due to blood loss, to replace the fluid of intravascular compartment the fluid given should be:",Ringer lactate,5% Dextrose,0.45% Saline,3% Normal Saline,Sterile water,A,
CZ3MFXQ2,Nephrology,168,What is the initial fluid given due to hypovolemic shock in trauma?,Ringer Lactate,5% Dextrose,0.45% Saline,3% Normal Saline,Whole blood,A,
73NKUU5V,Nephrology,168,Which fluid should be given in dehydration to an acclimatized person?,Ringer lactate,5% Dextrose,0.45% Saline,3% Normal Saline,10% Dextrose,A,
PTT4PGK9,Nephrology,168,What is the fluid of choice in paradoxical aciduria if Darrow's solution is not present?,Normal saline 0.9%,Ringer's Lactate,5% Dextrose,3% Normal Saline,0.45% Saline,A,
2ZLJ6UD7,Nephrology,168,Which solution maximally increases ECF volume?,Hypertonic saline,Isotonic saline,Hypotonic saline,5% Dextrose,Ringer's Lactate,A,
E9UM5FPC,Nephrology,168,The largest increase in extracellular fluid is achieved by the intravenous infusion of one litre of:,Hypertonic NaCl,0.9% Normal Saline,Ringer's Lactate,5% Dextrose,0.45% Saline,A,
KFMMKMCM,Nephrology,168,"In primary dehydration, which of the following occurs?",Hypertonic ECF,Hypotonic ECF,Isotonic ECF,Hypertonic ICF,Isotonic ICF,A,
NXXCAR4H,Nephrology,168,"In primary dehydration, the ECF becomes:",Hypertonic,Hypotonic,Isotonic,Equally distributed,Intracellularly shifted,A,
QWCKKC7B,Nephrology,168,A young man of 30 years working in intense heat had profuse sweating resulting in severe dehydration. The electrolyte having a fundamental role in immediate compensation for loss of his extracellular fluid is:,Sodium,Potassium,Calcium,Magnesium,Chloride,A,
N4Z4SB3U,Nephrology,168,"In a person with dehydration, which ion from ECF immediately helps in compensation?",Na,K,Ca,Mg,Cl,A,
3GDZ3EPS,Nephrology,168,Ingestion of a meal containing 140 mEq of NaCl per 100 ml of water results in:,An increase in osmolarity of both the ICF and the ECF,A decrease in osmolarity of both the ICF and the ECF,An increase in ICF osmolarity and a decrease in ECF osmolarity,A decrease in ICF osmolarity and an increase in ECF osmolarity,No change in osmolarity of either compartment,A,
KU4CRGFK,Nephrology,169,A person loses 2L of sweat while working and he drinks 2L of pure water. What change will occur in the body?,increase ICF volume > dec ICF osmolarity > inc ECF volume,decrease ICF volume > inc ICF osmolarity > dec ECF volume,increase ECF volume > inc ECF osmolarity > dec ICF volume,decrease ECF volume > dec ECF osmolarity > inc ICF volume,No change in fluid volumes or osmolarities,A,
KTUR34ES,Nephrology,169,RBCs swell up when placed in:,250 mmol Urea,0.9% Normal Saline,3% Normal Saline,Ringer's Lactate,Hyperosmolar Mannitol,A,
YUWBU2KV,Nephrology,169,An RBC is kept in a hypertonic solution to which urea is added. What will be the effect on RBC?,"Swell, shrink and lyse",Shrink only,Swell only,Remain unchanged,Lyse immediately without shrinking,A,
PPG2K9PQ,Nephrology,169,Which of the following is almost equal to Plasma osmolality?,0.9% Normal Saline,3% Normal Saline,0.45% Saline,10% Dextrose,Distilled water,A,
3H6JXS7L,Nephrology,169,Which of the following ions is the main determinant of plasma osmolarity?,Sodium,Potassium,Calcium,Magnesium,Chloride,A,
EMBPXP2A,Nephrology,169,"A 50-year-old diabetic patient was presented to ER with DKA since he missed his insulin dose. Labs showed raised blood glucose, raised potassium, and deranged RFTs (increased). The likely approach in his management should be:",Insulin with saline,Insulin with dextrose,Saline only,Potassium replacement only,Bicarbonate with dextrose,A,
K4AM7EJ6,Nephrology,170,Which is more in dialyzing fluid as compared to plasma?,Glucose,Potassium,Urea,Creatinine,Phosphate,A,
HZFZT4F8,Nephrology,170,What is the Dialysate Composition compared to plasma?,"Glucose and bicarbonates ↑, while Rest ↓","Glucose and potassium ↑, while Rest ↓","Sodium and urea ↑, while Rest ↓","Bicarbonate and urea ↑, while Rest ↓","Proteins and glucose ↑, while Rest ↓",A,
2P7PAHGY,Nephrology,170,"A patient suffering from end stage renal disease was advised hemodialysis twice weekly. Compared with the composition of plasma, the dialyzing fluid for hemodialysis should be rich in:",Bicarbonate,Potassium,Urea,Creatinine,Phosphate,A,
VD88KT5R,Nephrology,170,Dialyzing fluid as compared to normal plasma contains:,Glucose more than plasma,Glucose less than plasma,Equal glucose to plasma,No glucose,Potassium more than plasma,A,
9LMR63ZP,Nephrology,170,Dialyzing fluid has a glucose content of:,More than normal plasma glucose,Less than normal plasma glucose,Equal to normal plasma glucose,Zero,Determined entirely by patient weight,A,
YBWXJH7V,Nephrology,170,Dialysis fluid contains:,More glucose than plasma,Less glucose than plasma,More urea than plasma,More creatinine than plasma,More potassium than plasma,A,
R5F27VFN,Nephrology,170,"Compared with plasma, the dialyzing fluid for hemodialysis should be rich in:",Bicarbonate,Calcium,Potassium,Urea,Sodium,A,
6LMZAW8C,Nephrology,170,An increase in which parameter in a patient undergoing dialysis would be alarming?,Potassium,Bicarbonate,Glucose,Calcium,Sodium,A,
KHAWSNKY,Nephrology,171,GFR is calculated clinically best with:,Creatinine,Urea,Inulin,PAH,Glucose,A,
CFWM6SYX,Nephrology,171,What is the best way to measured GFR clinically?,Creatinine clearance,Inulin clearance,PAH clearance,Urea clearance,Sodium clearance,A,
YM2PZL6S,Nephrology,171,What is the best way to check renal function?,Creatinine clearance,Inulin clearance,PAH clearance,Urea clearance,Uric acid clearance,A,
8VV7ME3R,Nephrology,171,What is the best way to measure GFR?,Inulin Clearance,Creatinine clearance,PAH clearance,Urea clearance,Glucose clearance,A,
S8JGBZDZ,Nephrology,171,What is the best way to measure renal plasma / blood flow?,PAH,Inulin,Creatinine,Urea,Glucose,A,
YN5LF86Y,Nephrology,171,What is the best way to calculate GFR clinically in a CKD patient awaiting a decision between transplant and dialysis?,Creatinine clearance,Inulin clearance,PAH clearance,Urea clearance,Sodium clearance,A,
F75NW6JH,Nephrology,171,GFR can be estimated by:,Creatinine clearance,Inulin clearance,PAH clearance,Urea clearance,Potassium clearance,A,
AENNWDNJ,Nephrology,171,GFR can be estimated in a clinical setting by:,Creatinine clearance,Inulin clearance,PAH clearance,Urea clearance,Ammonia clearance,A,
LA2C36FQ,Nephrology,171,Clinically GFR is calculated by:,Creatinine Clearance,Inulin Clearance,PAH Clearance,Urea Clearance,Glucose Clearance,A,
TLQ5VMRL,Nephrology,171,The best method to measure GFR is:,Inulin clearance,Creatinine clearance,PAH clearance,Urea clearance,Glucose clearance,A,
PXKWF483,Nephrology,171,Most accurate measure of GFR is by:,Inulin,Creatinine,PAH,Urea,Sodium,A,
9TE49H6X,Nephrology,171,Best test for measuring GFR is:,Inulin clearance,Creatinine clearance,PAH clearance,Urea clearance,Sodium clearance,A,
D5HGLHGC,Nephrology,171,Renal plasma flow is determined by:,PAH,Inulin,Creatinine,Urea,Glucose,A,
4FVZJWAL,Nephrology,171,Creatinine is used for clinical measurement of GFR over urea because it is:,Not reabsorbed in blood,Completely reabsorbed in blood,Freely secreted by the proximal tubule,Metabolized by the liver,Highly bound to plasma proteins,A,
YVVJKP8G,Nephrology,171,Which endogenous substance is used to measure GFR?,Creatinine,Inulin,PAH,Urea,Ammonia,A,
VQG8L3XZ,Nephrology,172,The highest renal clearance is of:,PAH,Inulin,Creatinine,Urea,Glucose,A,
N3CQCVC3,Nephrology,172,What is the correct order of clearances of substances from highest to lowest?,"PAH > K+ (high-K+ diet) > Inulin > Urea > Na+ > Glucose, Amino acids, and HCO3",Inulin > PAH > Urea > Na+ > Glucose > K+,Glucose > Na+ > Urea > Inulin > K+ > PAH,PAH > Inulin > Urea > K+ > Na+ > Glucose,K+ > PAH > Inulin > Na+ > Urea > Glucose,A,
R4R6J4ZM,Nephrology,172,What is the best indicator of renal clearance?,Inulin,PAH,Creatinine,Urea,Glucose,A,
2ZXEEZF6,Nephrology,172,Which of the following has the least renal clearance?,Glucose,Urea,Inulin,PAH,Creatinine,A,
84D6LPN4,Nephrology,172,Half-life of a drug depends on:,Renal clearance,Hepatic blood flow only,Plasma protein binding only,Volume of distribution exclusively,Gastrointestinal absorption rate,A,
TN525J9A,Nephrology,172,Which one of the following has the highest renal clearance?,PAH (Para-aminohippuric acid),Inulin,Creatinine,Urea,Glucose,A,
MVZ8MV9F,Nephrology,172,The volume of plasma from which all of a substance is removed (per unit time) and excreted into the urine is termed as:,Renal clearance,Glomerular filtration rate,Renal plasma flow,Filtration fraction,Tubular secretion rate,A,
VBKVXYER,Nephrology,172,"If a substance is found in the renal artery but not in the renal vein, its clearance is equal to:",Renal plasma flow,Glomerular filtration rate,Filtration fraction,Tubular reabsorption rate,Tubular secretion rate,A,
Y8JHKVVQ,Nephrology,172,The product of GFR and plasma concentration of a substance is known as the:,Filtration load,Renal clearance,Excretion rate,Tubular maximum,Secretion rate,A,
JVMQHD47,Nephrology,172,"If a substance has properties more than inulin, what will happen to it?",Secretion plus filtration,Reabsorption plus filtration,Filtration only,Secretion only,Reabsorption only,A,
NWKYJAN3,Nephrology,173,Both GFR and RPF will be increased due to:,Dilation of afferent arterioles,Constriction of afferent arterioles,Constriction of efferent arterioles,Dilation of efferent arterioles,Constriction of ureter,A,
3NSK4FBB,Nephrology,173,What is the effect of an increase in glomerular capillary hydrostatic pressure (Pgc) on GFR?,Increased GFR,Decreased GFR,No change in GFR,Decreased Filtration Fraction,Decreased Renal Plasma Flow,A,
E8CH59XT,Nephrology,173,"What is the effect of an increase in Bowman's space hydrostatic pressure (Pbs), such as from constriction of the ureter, on GFR?",Decreased GFR,Increased GFR,No change in GFR,Increased Filtration Fraction,Increased Renal Plasma Flow,A,
5YY2XV7S,Nephrology,173,"What is the effect of an increase in glomerular capillary oncotic pressure (πGC), such as from an increase in protein concentration, on GFR?",Decreased GFR,Increased GFR,No change in GFR,Increased Filtration Fraction,Increased Renal Plasma Flow,A,
7UXNMQNE,Nephrology,173,"How does afferent arteriole constriction affect GFR, RPF, and Filtration Fraction (FF)?","GFR decreases, RPF decreases, FF is unchanged (---)","GFR increases, RPF decreases, FF increases","GFR decreases, RPF is unchanged, FF decreases","GFR increases, RPF increases, FF is unchanged","GFR decreases, RPF increases, FF decreases",A,
QAFJQNWC,Nephrology,173,"How does efferent arteriole constriction affect GFR, RPF, and Filtration Fraction (FF)?","GFR increases, RPF decreases, FF increases","GFR decreases, RPF decreases, FF is unchanged","GFR decreases, RPF is unchanged, FF decreases","GFR increases, RPF increases, FF is unchanged","GFR decreases, RPF increases, FF decreases",A,
NYFXVTXY,Nephrology,173,"How does an increased plasma protein concentration affect GFR, RPF, and Filtration Fraction (FF)?","GFR decreases, RPF is unchanged (---), FF decreases","GFR increases, RPF decreases, FF increases","GFR decreases, RPF decreases, FF is unchanged","GFR increases, RPF is unchanged, FF increases","GFR decreases, RPF increases, FF decreases",A,
3PFEXKSK,Nephrology,173,"How does a decreased plasma protein concentration affect GFR, RPF, and Filtration Fraction (FF)?","GFR increases, RPF is unchanged (---), FF increases","GFR decreases, RPF is unchanged, FF decreases","GFR increases, RPF decreases, FF increases","GFR decreases, RPF decreases, FF is unchanged","GFR decreases, RPF increases, FF decreases",A,
L6YDTHHN,Nephrology,173,"How does constriction of the ureter affect GFR, RPF, and Filtration Fraction (FF)?","GFR decreases, RPF is unchanged (---), FF decreases","GFR increases, RPF decreases, FF increases","GFR decreases, RPF decreases, FF is unchanged","GFR increases, RPF is unchanged, FF increases","GFR decreases, RPF increases, FF decreases",A,
WNHEM6R4,Nephrology,173,"How does dehydration affect GFR, RPF, and Filtration Fraction (FF)?","GFR decreases, RPF decreases, FF increases","GFR decreases, RPF is unchanged, FF decreases","GFR increases, RPF decreases, FF increases","GFR decreases, RPF decreases, FF is unchanged","GFR increases, RPF is unchanged, FF increases",A,
8QXBBERL,Nephrology,173,The glomerular filtration rate will increase if:,The plasma protein concentration decreases,The plasma protein concentration increases,The afferent arteriole constricts,The ureter constricts,The oncotic pressure increases,A,
SHTVL23D,Nephrology,173,GFR increases with:,Decrease in plasma osmotic pressure,Increase in plasma osmotic pressure,Afferent arteriolar constriction,Efferent arteriolar dilation,Decrease in hydrostatic pressure,A,
T7PQH58V,Nephrology,173,GFR decreases by:,Increase in plasma osmotic pressure,Decrease in plasma osmotic pressure,Afferent arteriolar dilation,Efferent arteriolar constriction,Increase in hydrostatic pressure,A,
EQSNLWYL,Nephrology,173,One of the following would cause an increase in both glomerular filtration rate and renal plasma flow:,Dilatation of the afferent arteriole,Constriction of the afferent arteriole,Dilatation of the efferent arteriole,Constriction of the efferent arteriole,Increase in plasma oncotic pressure,A,
LU99TQXK,Nephrology,173,What causes an increase in GFR?,Moderate afferent dilation,Severe afferent constriction,Severe efferent dilation,Increased plasma oncotic pressure,Ureteric obstruction,A,
P6V88R9W,Nephrology,173,Increase in both renal blood flow and GFR are caused by:,Dilation of the afferent arterioles,Constriction of the afferent arterioles,Dilation of the efferent arterioles,Constriction of the efferent arterioles,Sympathetic stimulation,A,
AAXN23M4,Nephrology,173,The most likely condition to cause an increase in the glomerular filtration rate is:,Dilatation of the afferent arterioles,Constriction of the afferent arterioles,Dilatation of the efferent arterioles,Increase in capsular hydrostatic pressure,Increase in plasma oncotic pressure,A,
5CPLA2M9,Nephrology,173,GFR increase with:,Decrease afferent arteriole resistance,Increase afferent arteriole resistance,Decrease efferent arteriole resistance,Increase plasma protein concentration,Ureteral obstruction,A,
BYWJJ33W,Nephrology,173,The glomerular filtration rate (GFR) is decreased by:,Afferent arteriolar constriction,Afferent arteriolar dilation,Efferent arteriolar constriction,Decreased plasma oncotic pressure,Increased renal blood flow,A,
W74BULWD,Nephrology,173,Which will increase GFR?,Moderate constriction of efferent arterioles,Moderate dilation of efferent arterioles,Severe constriction of afferent arterioles,Increase in plasma oncotic pressure,Decrease in glomerular hydrostatic pressure,A,
34NPW52E,Nephrology,173,GFR increased by:,Efferent arteriole constriction,Efferent arteriole dilation,Afferent arteriole constriction,Increase in Bowman's capsule pressure,Increase in plasma proteins,A,
LXSVG2DK,Nephrology,173,Pressure in the glomerular capillaries is higher because:,Afferent arterioles are short,Efferent arterioles are short,Afferent arterioles have higher resistance,Efferent arterioles have lower resistance,Glomerular capillaries are fenestrated,A,
Z4QKSVKM,Nephrology,173,Decrease GFR leads to:,Decrease creatinine clearance,Increase creatinine clearance,Decrease urea retention,Increase PAH clearance,Increase inulin clearance,A,
ZU8SG3GN,Nephrology,173,Sympathetic stimulation causes:,Decreased blood flow and decreased GFR,Increased blood flow and increased GFR,Decreased blood flow and increased GFR,Increased blood flow and decreased GFR,No change in blood flow or GFR,A,
UU22XLYS,Nephrology,173,Ureteric obstruction causes:,Decreased GFR,Increased GFR,Decreased renal plasma flow,Increased filtration fraction,No change in GFR,A,
MBP6QHLN,Nephrology,173,"In RTA blood loss, GFR is decreased due to decrease in:",Arterial blood flow,Plasma oncotic pressure,Efferent arteriolar resistance,Bowman's space hydrostatic pressure,Glomerular permeability,A,
3E3FF4AK,Nephrology,173,"In hypovolemic shock, the decrease glomerular filtration is due to:",Decrease arterial blood flow,Increase arterial blood flow,Decrease plasma oncotic pressure,Increase glomerular hydrostatic pressure,Decrease sympathetic tone,A,
M9KSPX8U,Nephrology,173,"In chronic renal failure, there is increased urea due to:",Decreased GFR,Increased GFR,Increased tubular secretion of urea,Decreased tubular reabsorption of urea,Increased hepatic production of urea,A,
SQ3EH597,Nephrology,174,Which hormone causes smooth muscle constriction in arterioles?,ADH,ANP,BNP,Aldosterone,PTH,A,
NLH44VPT,Nephrology,174,Which hormone primarily maintains blood volume and BP?,Angiotensin-II,ANP,BNP,PTH,Glucagon,A,
DRCJ3QK9,Nephrology,174,Which hormone affects baroreceptor function and limits reflex bradycardia?,Angiotensin-II,ADH,Aldosterone,ANP,Epinephrine,A,
YQDE4KC9,Nephrology,174,Which of the following is a potent vasoconstrictor of both afferent and efferent arterioles?,Angiotensin-II,ANP,BNP,Prostaglandins,Bradykinin,A,
JDBZC5YZ,Nephrology,174,ANP and BNP are released from atria and ventricles respectively in response to:,Increased volume,Decreased volume,Increased osmolarity,Decreased osmolarity,Hypokalemia,A,
ENH4F22N,Nephrology,174,ANP and BNP inhibit RAAS and relax vascular smooth muscle via which second messenger?,cGMP,cAMP,IP3,DAG,Calcium,A,
6LZKT8CJ,Nephrology,174,What is the effect of ANP on the afferent arteriole?,Dilates afferent arteriole,Constricts afferent arteriole,Constricts efferent arteriole,Has no effect on afferent arteriole,Causes sclerosis of afferent arteriole,A,
ZR9PL7NQ,Nephrology,174,Which hormone primarily regulates serum osmolality and responds to low blood volume?,ADH,Aldosterone,Angiotensin II,ANP,Renin,A,
AVV8ZU5H,Nephrology,174,Where does ADH primarily stimulate water reabsorption?,Collecting ducts,Proximal convoluted tubule,Loop of Henle,Macula densa,Bowman's capsule,A,
9JWFSN7A,Nephrology,174,Which of the following is a powerful stimulant for ADH secretion?,Nausea,Hypervolemia,Decreased serum osmolarity,Hypertension,Alcohol consumption,A,
ZHW8DM98,Nephrology,174,ADH secretion is increased by:,Increased serum osmolarity,Decreased serum osmolarity,Increased blood volume,Increased blood pressure,Decreased sodium concentration,A,
JH9DX28U,Nephrology,174,ADH secretion is decreased by:,Decreased serum osmolarity,Increased serum osmolarity,Volume contraction,Nausea,Hypotension,A,
2CZB6YG9,Nephrology,174,Which hormone causes contraction of vascular smooth muscles and constriction of arterioles?,ADH,ANP,BNP,Bradykinin,Nitric Oxide,A,
TNTVYSPH,Nephrology,174,Which hormone primarily regulates ECF volume and Na+ content and responds to low blood volume states?,Aldosterone,ADH,ANP,PTH,Calcitonin,A,
B7PLAA5M,Nephrology,174,How does aldosterone respond to hyperkalemia?,By increasing K+ excretion,By decreasing K+ excretion,By increasing Na+ excretion,By decreasing H+ excretion,By increasing Ca2+ excretion,A,
LEDJLKY7,Nephrology,174,What is the most effective stimulant for aldosterone secretion?,K+ ions,Na+ ions,Ca2+ ions,Cl- ions,Mg2+ ions,A,
685MD9FL,Nephrology,174,The hormone which increases arteriolar resistance is:,Angiotensin II,ANP,Bradykinin,Prostaglandin E2,Nitric Oxide,A,
2CQ6PLY6,Nephrology,174,Circulating angiotensin II causes:,Most arterioles to constrict,Most arterioles to dilate,Most venules to dilate,Decreased peripheral resistance,Decreased aldosterone secretion,A,
WJDL3YMM,Nephrology,174,"In the renin-angiotensin-aldosterone mechanism, Angiotensin-II mainly causes:",Vasoconstriction of arterioles,Vasodilation of arterioles,Decreased aldosterone secretion,Increased renin secretion,Decreased ADH secretion,A,
X8UWDM85,Nephrology,174,Vasoconstriction is caused by:,Angiotensin,ANP,BNP,Bradykinin,Histamine,A,
29SRZ4PC,Nephrology,174,The major short-term action of angiotensin-II is:,Vasoconstriction of arterioles,Stimulation of aldosterone secretion,Stimulation of ADH secretion,Increased sodium reabsorption,Stimulation of thirst,A,
A5WYR787,Nephrology,174,Initial short-term action of angiotensin 2?,Vasoconstriction,Aldosterone release,ADH release,Thirst stimulation,Sodium reabsorption,A,
TCRTALCH,Nephrology,174,Angiotensin II does NOT cause:,Promotion of salt excretion by renal tubules,Vasoconstriction of arterioles,Stimulation of aldosterone secretion,Stimulation of thirst center,Inhibition of renin secretion,A,
XJF3EGXY,Nephrology,174,The renin-angiotensin-aldosterone system does NOT regulate:,Nitrogen balance,Blood pressure,Blood volume,Sodium balance,Potassium balance,A,
8NE4X4CL,Nephrology,174,"In Hemorrhage, the blood volume is brought back to normal by?",Angiotensin 2,ANP,BNP,Insulin,Glucagon,A,
8YSHY66Z,Nephrology,174,"In hemorrhage patient, aldosterone level is increased by:",Angiotensin 2,ANP,Renin inhibition,Bradykinin,Hypernatremia,A,
MUSN6WNG,Nephrology,174,Which of the following is activated in the lung?,Angiotensin 2,Angiotensinogen,Renin,Aldosterone,ADH,A,
3NB4PEYG,Nephrology,174,Factor inhibiting the secretion of renin is an increase in:,Angiotensin II,Sympathetic tone,Hypotension,Decreased NaCl delivery to macula densa,Hypovolemia,A,
3DB2SWQC,Nephrology,174,Renin secretion is inhibited by:,Angiotensin II,Sympathetic stimulation,Decreased renal perfusion,Decreased NaCl load to macula densa,Hypotension,A,
GJMHEPPR,Nephrology,174,Angiotensin II is responsible for:,Stimulation of thirst center,Inhibition of thirst center,Decreased ADH secretion,Vasodilation of arterioles,Promotion of salt excretion,A,
TD7KECG4,Nephrology,174,Aldosterone secretion is significantly increased by:,Angiotensin II,ANP,Hypernatremia,Hypokalemia,Increased renal perfusion,A,
7QQEAR2Z,Nephrology,174,Which of the following is the most active mineralocorticoid?,Aldosterone,Cortisol,Corticosterone,Deoxycorticosterone,Androstenedione,A,
64FA3P42,Nephrology,174,Angiotensin-II plays its role in long-term regulation of blood pressure mainly through:,Stimulation of aldosterone secretion,Direct vasoconstriction of arterioles,Stimulation of ADH secretion,Stimulation of thirst,Inhibition of renin secretion,A,
LWR82HKK,Nephrology,174,The most important stimulus increasing aldosterone secretion without affecting glucocorticoid secretion is:,Hyperkalaemia,Hyponatremia,Angiotensin II,ACTH,Hypovolemia,A,
6URGG2Z9,Nephrology,174,Adrenal cortex secretes which of the following?,Aldosterone,Epinephrine,Norepinephrine,Renin,ADH,A,
D9B9Y6AH,Nephrology,174,Aldosterone acts on:,Nucleus,Cell membrane receptor,Mitochondria,Lysosome,Golgi apparatus,A,
CXZVUA8G,Nephrology,174,How does aldosterone exert its effects?,Via intracellular mechanisms rather than acting directly on cell membranes,Via G-protein coupled receptors on the cell membrane,Via tyrosine kinase receptors on the cell membrane,By acting as a second messenger like cAMP,By directly opening ion channels on the cell membrane,A,
PRX2FUJ2,Nephrology,174,Total body electrolytes and water is regulated/maintained by kidney Which involved:,Aldosterone,PTH,Calcitonin,Glucagon,Insulin,A,
QKNUBJ8W,Nephrology,174,What is the mechanism of action of aldosterone at the cellular level?,Act on Nuclear receptor,Act on Membrane-bound receptor,Act on Cytoplasmic receptor,Activate Adenylate cyclase,Activate Phospholipase C,A,
T5DVVKQP,Nephrology,174,The strongest stimulus for aldosterone secretion is:,Increase potassium,Decrease potassium,Increase sodium,Increase volume,Decrease angiotensin II,A,
FVAAJM9Z,Nephrology,174,Aldosterone chiefly acts on:,Collecting tubules,Proximal convoluted tubule,Loop of Henle,Glomerulus,Bowman's capsule,A,
3926J3LK,Nephrology,174,What is the primary sequence of sites where aldosterone acts?,Cortical Collecting Tubules (CCT) > Distal Convoluted Tubules (DCT) > Collecting Ducts (CD),Proximal Convoluted Tubules (PCT) > Loop of Henle > Collecting Ducts (CD),Collecting Ducts (CD) > Loop of Henle > Cortical Collecting Tubules (CCT),Distal Convoluted Tubules (DCT) > Proximal Convoluted Tubules (PCT) > Loop of Henle,Loop of Henle > Distal Convoluted Tubules (DCT) > Collecting Ducts (CD),A,
ZCM6R3FL,Nephrology,174,What is the primary sequence of sites where ADH acts?,Collecting Ducts (CD) > Distal Convoluted Tubules (DCT),Cortical Collecting Tubules (CCT) > Proximal Convoluted Tubules (PCT),Proximal Convoluted Tubules (PCT) > Loop of Henle,Loop of Henle > Collecting Ducts (CD),Distal Convoluted Tubules (DCT) > Loop of Henle,A,
NMHB682Y,Nephrology,174,An increase in the osmolality of the extracellular compartment:,"Stimulates the volume and osmoreceptors, and stimulates ADH secretion","Inhibits the volume and osmoreceptors, and inhibits ADH secretion","Stimulates the volume and osmoreceptors, and inhibits ADH secretion","Inhibits the volume and osmoreceptors, and stimulates ADH secretion",Has no effect on ADH secretion,A,
QZL3QF65,Nephrology,174,ADH increases:,The permeability of the collecting tubules of the kidneys to water,The permeability of the proximal tubules to water,The reabsorption of sodium in the collecting tubules,The secretion of potassium in the collecting tubules,The glomerular filtration rate,A,
VHB5GT78,Nephrology,174,ADH secretion is increased in:,Early post-operative period,Late post-operative period,Hypervolemia,Decreased serum osmolarity,Alcohol intoxication,A,
BNT99BRP,Nephrology,174,ADH will be released from the posterior pituitary when there is a decrease in plasma:,Volume,Osmolarity,Sodium concentration,Potassium concentration,Urea concentration,A,
HMWY3RXV,Nephrology,174,Water loss from sweating causes an increase in:,ADH secretion,ANP secretion,Urine volume,Sweat sodium concentration,Insulin secretion,A,
NTJUJ4MW,Nephrology,174,ADH secretion by hypothalamus is inhibited by:,Decreased blood osmolarity,Increased blood osmolarity,Decreased blood volume,Nausea,Hypotension,A,
WJ95SN9A,Nephrology,174,"During summer, in a fasting man, the urine becomes concentrated because of:",Secretion of ADH,Secretion of ANP,Inhibition of Aldosterone,Inhibition of Renin,Increased GFR,A,
LD3S9D76,Nephrology,174,ADH is decreased by?,Alcohol,Nicotine,Nausea,Hypotension,Hyperosmolarity,A,
WULNQQT4,Nephrology,174,"In dehydration, ADH:",Increases permeability through CD,Decreases permeability through CD,Increases GFR,Decreases sodium reabsorption,Increases potassium secretion,A,
LMLD3NLZ,Nephrology,174,Vascular vasoconstriction is caused by:,ADH,ANP,Nitric Oxide,Bradykinin,Prostaglandin E2,A,
WYKNG58P,Nephrology,174,Cause of ADH suppression is:,Increase plasma volume,Decrease plasma volume,Increase plasma osmolarity,Nausea,Hypotension,A,
LCWMRGLQ,Nephrology,174,Which of the following causes smooth muscle contraction?,ADH,ANP,Nitric Oxide,Bradykinin,Prostacyclin,A,
82H4YQ3H,Nephrology,174,"Which of the following leads to vascular smooth muscle contraction and uses inositol 1,4,5-triphosphate (IP3) as a second messenger?",ADH,ANP,Aldosterone,Cortisol,Insulin,A,
YM5VW8EG,Nephrology,174,Hyponatremia is caused by:,Increase body water,Decrease body water,Increase sodium intake,Decrease ADH secretion,Hyperaldosteronism,A,
NV8TS56R,Nephrology,174,Which of the following decreases blood volume?,ANP,ADH,Aldosterone,Angiotensin II,Renin,A,
VH7N4J49,Nephrology,174,Renin secretion is inhibited by:,ANP > Angiotensin II,Angiotensin II > ANP,Aldosterone > ADH,ADH > Aldosterone,Sympathetic stimulation > Hypotension,A,
ZRCC45BD,Nephrology,174,Increased renal sodium excretion in Hyperaldosteronism due to:,Decreased capacity of renal tubules to absorb Na,Increased capacity of renal tubules to absorb Na,Increased GFR only,Decreased ANP secretion,Increased ADH secretion,A,
W7PGLK9D,Nephrology,175,Mole for mole Na absorption is greatest by which one of the following:,Aldosterone,ADH,PTH,ANP,Angiotensin II,A,
L3SZG9KF,Nephrology,175,What is the action of PTH on the kidneys regarding phosphate?,Decreases phosphate reabsorption in the proximal tubule,Increases phosphate reabsorption in the proximal tubule,Decreases phosphate reabsorption in the distal tubule,Increases phosphate reabsorption in the distal tubule,No effect on phosphate reabsorption,A,
Q99L84KA,Nephrology,175,What is the action of PTH on the kidneys regarding calcium?,Increases Ca2+ reabsorption in the distal tubule,Decreases Ca2+ reabsorption in the distal tubule,Increases Ca2+ reabsorption in the proximal tubule,Decreases Ca2+ reabsorption in the proximal tubule,No effect on calcium reabsorption,A,
T6YHKDGL,Nephrology,175,What enzyme does PTH stimulate in the proximal tubule?,1α-hydroxylase,25-hydroxylase,Renin,ACE,Carbonic anhydrase,A,
4KADZCPH,Nephrology,175,What is the action of ADH on the kidneys?,Increases H2O permeability in late distal tubule and collecting duct principal cells,Decreases H2O permeability in late distal tubule and collecting duct principal cells,Increases Na+ reabsorption in the loop of Henle,Decreases K+ secretion in the collecting duct,Increases GFR,A,
Z9CAFBSU,Nephrology,175,What is the action of Aldosterone on Na+ in the kidneys?,Increases Na+ reabsorption in distal tubule principal cells,Decreases Na+ reabsorption in distal tubule principal cells,Increases Na+ reabsorption in proximal tubule,Decreases Na+ reabsorption in proximal tubule,Has no effect on Na+ reabsorption,A,
YLPVPY9M,Nephrology,175,What is the action of Aldosterone on K+ in the kidneys?,Increases K+ secretion in distal tubule principal cells,Decreases K+ secretion in distal tubule principal cells,Increases K+ reabsorption in proximal tubule,Decreases K+ reabsorption in proximal tubule,Has no effect on K+ secretion,A,
BRXX9Z7E,Nephrology,175,What is the action of Aldosterone on H+ in the kidneys?,Increases H+ secretion in distal tubule α-intercalated cells,Decreases H+ secretion in distal tubule α-intercalated cells,Increases H+ reabsorption in proximal tubule,Decreases H+ reabsorption in proximal tubule,Has no effect on H+ secretion,A,
2JHCTPMY,Nephrology,175,What is the action of ANP on GFR?,Increases GFR,Decreases GFR,Has no effect on GFR,Increases filtration fraction only,Decreases renal plasma flow only,A,
4XTQFESZ,Nephrology,175,What is the action of ANP on Na+ in the kidneys?,Decreases Na+ reabsorption,Increases Na+ reabsorption,Increases Na+ secretion,Decreases Na+ secretion,Has no effect on Na+,A,
2ZA7NGL8,Nephrology,175,What is the action of Angiotensin II on the kidneys?,Increases Na+–H+ exchange and HCO3– reabsorption in the proximal tubule,Decreases Na+–H+ exchange and HCO3– reabsorption in the proximal tubule,Increases H2O permeability in the collecting duct,Decreases GFR directly via afferent dilation,Decreases aldosterone secretion,A,
L376FDKJ,Nephrology,175,"A patient admitted in endocrinology ward has:
Potassium: 3
Na: 150
pH 7.45
He is most likely having an excess of which hormone?",ADH,PTH,Insulin,Aldosterone,ANP,D,
Q6SV8ST6,Nephrology,175,Aldosterone causes:,Na and Cl reabsorption,Na and K reabsorption,K and Cl reabsorption,Na secretion and K reabsorption,Water secretion and Na reabsorption,A,
YSEC3SL8,Nephrology,175,Aldosterone causes a decrease in the renal tubular secretion of:,Sodium,Potassium,Hydrogen,Creatinine,Urea,A,
6H9D4WKE,Nephrology,175,The aldosterone:,Increases sodium reabsorption by the nephron,Decreases sodium reabsorption by the nephron,Increases potassium reabsorption by the nephron,Decreases water reabsorption by the nephron,Has no effect on sodium,A,
DM7E8G7L,Nephrology,175,The hormone responsible for sodium reabsorption in the distal and collecting tubule is:,Aldosterone,ADH,ANP,Renin,PTH,A,
D97Q4XJC,Nephrology,175,Sodium absorption increases at DCT due to:,Aldosterone,ADH,ANP,PTH,Calcitonin,A,
7GC8F99S,Nephrology,175,Aldosterone decreases secretion of:,Sodium,Potassium,Hydrogen,Creatinine,Uric acid,A,
6D7ZNG8C,Nephrology,175,Most potent sodium-retaining hormone is:,Aldosterone,Cortisol,Estrogen,Progesterone,ADH,A,
9NPLPZQA,Nephrology,175,Short term function of aldosterone:,Decreases permeability of H2O in collecting duct,Increases permeability of H2O in collecting duct,Decreases permeability of Na and K in cortical collecting tubule,Increases GFR,Increases permeability of NA and K in cortical collecting tubule,E,
A55ATMN4,Nephrology,175,Maximum water and Na are absorbed by the effect of:,Aldosterone,ADH,ANP,PTH,Angiotensin II,A,
LXSBHKH3,Nephrology,175,"A person who is fasting does not take water for many hours, excretes concentrated urine due to secretion of increased amount of:",Antidiuretic hormone,Aldosterone,ANP,Renin,Angiotensin II,A,
Y8GTY3UN,Nephrology,176,What is the most effective stimulant for aldosterone secretion?,K+ ions,Na+ ions,Ca2+ ions,Cl- ions,Mg2+ ions,A,
EJYDDEYD,Nephrology,176,How does hyperkalemia affect aldosterone secretion?,It increases aldosterone secretion,It decreases aldosterone secretion,It has no effect on aldosterone secretion,It initially decreases then increases aldosterone secretion,It directly inhibits the adrenal cortex,A,
K9FWRLS2,Nephrology,176,An increase in the concentration of plasma potassium causes increase in:,Secretion of aldosterone,Secretion of ADH,Secretion of ANP,Secretion of renin,Secretion of cortisol,A,
4H4KQRHR,Nephrology,176,Potassium secretion in renal tubules is primarily under the control of:,Aldosterone,ADH,ANP,PTH,Calcitonin,A,
UNM8NEXL,Nephrology,176,The most potent stimulus for aldosterone is:,Increased potassium,Decreased potassium,Increased sodium,Increased volume,Decreased angiotensin II,A,
J6K2R5JD,Nephrology,176,The most potent stimulus for aldosterone release is:,Hyperkalemia,Hypokalemia,Hypernatremia,Hyponatremia,Hypercalcemia,A,
R2M2PFA8,Nephrology,176,Main stimulus for aldosterone release is:,Hyperkalemia,Hypokalemia,Hypernatremia,Hyponatremia,Hypovolemia,A,
9K2M47E2,Nephrology,176,An increase in the concentration of plasma potassium causes an increase in:,Secretion of aldosterone,Secretion of renin,Secretion of ADH,Secretion of ANP,Secretion of cortisol,A,
UKF7J8AJ,Nephrology,176,Aldosterone secretion increases with:,Increased plasma concentration of potassium,Decreased plasma concentration of potassium,Increased plasma concentration of sodium,Increased blood volume,Decreased angiotensin II,A,
HBXHXCD6,Nephrology,176,Aldosterone is the most potent mineralocorticoid; its secretion is greatly stimulated by a rise in:,Plasma K+ concentration,Plasma Na+ concentration,Plasma Ca2+ concentration,Plasma volume,Plasma osmolarity,A,
J36RCGU4,Nephrology,177,Thirst is stimulated in activation of renin-angiotensin system due to:,Angiotensin 2,Renin,Aldosterone,ADH,ANP,A,
JMJZ8PVF,Nephrology,177,Thirst is stimulated by which of the following?,"Angiotensin II, increased plasma osmolarity, and decreased plasma volume","ANP, decreased plasma osmolarity, and increased plasma volume","Aldosterone, decreased plasma osmolarity, and decreased plasma volume","Renin, decreased plasma osmolarity, and increased plasma volume","ADH, increased plasma osmolarity, and increased plasma volume",A,
2JMKLFES,Nephrology,177,Thirst is reduced by which of the following?,Increased extracellular fluid volume and gastrointestinal distention,Decreased extracellular fluid volume and gastrointestinal distention,Increased extracellular fluid volume and empty stomach,Decreased extracellular fluid volume and empty stomach,Decreased plasma osmolarity and empty stomach,A,
Q39H5GZW,Nephrology,177,Thirst is reduced by:,Increased volume of extracellular fluid,Decreased volume of extracellular fluid,Increased plasma osmolarity,Angiotensin II,Extracellular dehydration,A,
ADDZANJK,Nephrology,177,Thirst is mainly caused by:,Extracellular dehydration,Intracellular overhydration,Hypervolemia,Decreased plasma osmolarity,Gastrointestinal distention,A,
HSVSUAWA,Nephrology,177,Thirst is stimulated by:,An increase in plasma osmolarity and a decrease in plasma volume,A decrease in plasma osmolarity and an increase in plasma volume,An increase in plasma osmolarity and an increase in plasma volume,A decrease in plasma osmolarity and a decrease in plasma volume,An increase in gastrointestinal distention,A,
QK4MGD8K,Nephrology,177,Thirst is partially alleviated by:,GIT distention,GIT emptying,Extracellular dehydration,Increased plasma osmolarity,Angiotensin 2,A,
WP6EK4KC,Nephrology,177,Thirst is decreased by:,Baroreceptor afferent,Chemoreceptor afferent,Osmoreceptor afferent,Pain receptor afferent,Thermoreceptor afferent,A,
XTP6LNC4,Nephrology,178,Renin is secreted by JG cells in response to:,Decreased renal perfusion pressure,Increased renal perfusion pressure,Increased NaCl delivery to macula densa,Decreased sympathetic discharge,Hypervolemia,A,
YMR7KU94,Nephrology,178,Renin secretion is increased by:,Renal sympathetic discharge and decreased NaCl delivery to macula densa cells,Renal parasympathetic discharge and increased NaCl delivery to macula densa cells,Decreased sympathetic discharge and increased NaCl delivery to macula densa cells,Renal sympathetic discharge and increased NaCl delivery to macula densa cells,Renal parasympathetic discharge and decreased NaCl delivery to macula densa cells,A,
7VZKD9AT,Nephrology,178,"In Renal Artery Stenosis (RAS), decreased renal perfusion leads to secondary hypertension via:",Increased Renin and Angiotensin,Decreased Renin and Angiotensin,Increased ANP and BNP,Decreased Aldosterone and ADH,Increased Bradykinin and Prostaglandins,A,
9WJUSEY8,Nephrology,178,What is the most common cause of proximal Renal Artery Stenosis in older male smokers?,Atherosclerosis,Fibromuscular dysplasia,Polyarteritis nodosa,Takayasu arteritis,Thromboembolism,A,
FEA5KL6P,Nephrology,178,What is the most common cause of distal Renal Artery Stenosis in young/middle-aged females?,Fibromuscular dysplasia,Atherosclerosis,Polyarteritis nodosa,Takayasu arteritis,Thromboembolism,A,
X8NQVJED,Nephrology,178,"In unilateral Renal Artery Stenosis, what happens to renin levels?","Increased renin in affected kidney, decreased renin in unaffected kidney","Decreased renin in affected kidney, increased renin in unaffected kidney",Increased renin in both kidneys,Decreased renin in both kidneys,Normal renin in both kidneys,A,
QS9PWLP6,Nephrology,178,What happens when ACE inhibitors are given to a patient with bilateral Renal Artery Stenosis?,Sudden creatinine rise,Sudden creatinine fall,Sudden blood pressure rise,Sudden hypokalemia,Sudden hypernatremia,A,
67U3YX8S,Nephrology,178,Which of the following is a symptom of Renal Artery Stenosis?,Flash pulmonary edema,Hypotension,Bradycardia,Hypokalemia-induced paralysis,Polyuria,A,
TSG97Y4Z,Nephrology,178,A decrease in the effective circulating volume will result in an increase in:,Renin secretion,ANP secretion,Urine output,GFR,Sodium excretion,A,
RS2LX55D,Nephrology,178,The most important change in renal function that tends to conserve blood volume includes:,Increased renin secretion,Decreased renin secretion,Increased ANP secretion,Increased GFR,Decreased ADH secretion,A,
8JUPPAPQ,Nephrology,178,The main outcome of a decrease in effective circulating volume is:,Increase in renin secretion,Decrease in renin secretion,Increase in ANP secretion,Increase in GFR,Decrease in aldosterone secretion,A,
JEZ9GUXG,Nephrology,178,A young patient with high renin levels likely has increased renin due to:,Sympathetic stimulation via renal nerve,Parasympathetic stimulation via vagus nerve,Increased NaCl delivery to macula densa,Increased renal perfusion pressure,Hypervolemia,A,
RVH8MPFX,Nephrology,178,The most potent stimulus for secretion of renin from kidney is:,Hypotension,Hypertension,Hypernatremia,Hyperkalemia,Hypervolemia,A,
R63YZUB2,Nephrology,178,Which of the following stimulate renin secretion?,Increased Cl concentration,Increased Na concentration,Increased K concentration,Decreased K concentration,Increased Ca concentration,C,
77DF7YJL,Nephrology,178,Renin secretion by the kidney is increased by increasing:,Sympathetic nerve activity,Parasympathetic nerve activity,NaCl delivery to macula densa,Renal perfusion pressure,Atrial stretch,A,
46RPUU6D,Nephrology,178,Decrease Na delivery to macula densa causes release of?,Renin,ANP,ADH,Aldosterone,Angiotensin II,A,
YQTQSHRN,Nephrology,178,Diminished sodium chloride delivery to the macula densa stimulates the release of:,Renin,ANP,ADH,Aldosterone,Angiotensin II,A,
XVCSB64P,Nephrology,178,What is the order of potency for stimuli causing renin secretion?,Hypotension > Sympathetic stimulation > Decreased NaCl tubular load,Sympathetic stimulation > Hypotension > Decreased NaCl tubular load,Decreased NaCl tubular load > Hypotension > Sympathetic stimulation,Hypotension > Decreased NaCl tubular load > Sympathetic stimulation,Decreased NaCl tubular load > Sympathetic stimulation > Hypotension,A,
AXMNCZE4,Nephrology,178,Renin release from the juxtaglomerular apparatus is inhibited by:,Increased pressure within the afferent arterioles,Decreased pressure within the afferent arterioles,Increased sympathetic stimulation,Decreased NaCl delivery to macula densa,Hypotension,A,
84JLJ68C,Nephrology,178,Renin is inhibited by:,Increased pressure in afferent arterioles,Decreased pressure in afferent arterioles,Increased sympathetic tone,Decreased NaCl load,Hypovolemia,A,
9SGDGPT9,Nephrology,178,Renin in the circulation originates mainly from:,Juxtaglomerular cells,Macula densa cells,Mesangial cells,Podocytes,Proximal tubular cells,A,
GFA3SPV3,Nephrology,178,Increased Renin level is caused by:,Decreased stretch in right atrial mechanoreceptors,Increased stretch in right atrial mechanoreceptors,Increased stretch in left atrial mechanoreceptors,Increased stretch in carotid sinus baroreceptors,Increased stretch in aortic arch baroreceptors,A,
V2ZVQMW9,Nephrology,178,Renin secretion is increased by:,Decreased stretch in right atrial mechanoreceptors,Increased stretch in right atrial mechanoreceptors,Increased renal perfusion pressure,Increased NaCl delivery to macula densa,Decreased sympathetic tone,A,
YHHLA5UX,Nephrology,178,Persistent increase renin occurs in:,Secondary Hypertension,Primary Hypertension,Essential Hypertension,Hypotension,Cardiogenic shock,A,
U2F2DCXM,Nephrology,178,Which of the following structures in the kidney is responsible for sensing inadequate perfusion and secreting renin?,Juxtaglomerular cells,Macula densa cells,Mesangial cells,Podocytes,Proximal tubular cells,A,
QZDJNQYQ,Nephrology,178,Increased hormone secretion in renal artery stenosis is from:,JG cells,Macula densa cells,Mesangial cells,Podocytes,Proximal tubular cells,A,
MGCQLQP3,Nephrology,178,"BP of pt 180/110 and erythropoietin was decreased, creatinine raised, possible site of defect is:",Juxtaglomerular cells,Macula densa cells,Mesangial cells,Podocytes,Proximal tubular cells,A,
DRTGBLAP,Nephrology,178,"A young patient with decrease urine output, BP 210/160 taking antihypertensives and creatinine raised. Defect is in:",Juxtaglomerular cells,Macula densa cells,Mesangial cells,Podocytes,Proximal tubular cells,A,
4DEGB6UM,Nephrology,178,Patients with renal artery stenosis may present with very high blood pressures due to:,Increased renin secretion,Decreased renin secretion,Increased ANP secretion,Decreased aldosterone secretion,Increased ADH secretion,A,
TWRTW2D7,Nephrology,178,"A 30-year-old pt presented with headache BP: 170/120, he has high aldosterone, left renin level is high and right renin level is normal. What is your diagnosis?",Left renal artery stenosis,Right renal artery stenosis,Bilateral renal artery stenosis,Primary hyperaldosteronism,Pheochromocytoma,A,
5HR88TG9,Nephrology,178,"In a 50-year-old diabetic male with renal artery obstruction and resultant increased renin secretion, it will cause:",Angiotensin 2 induced vasoconstriction,Angiotensin 2 induced vasodilation,ANP induced vasoconstriction,ANP induced vasodilation,Bradykinin induced vasodilation,A,
XP57YDJY,Nephrology,178,"A female with pH 7.5, hypokalemia, normal sodium, normal cortisol but raised Renin level. Diagnosis is:",Renal artery stenosis,Primary hyperaldosteronism,Cushing's syndrome,Addison's disease,Liddle's syndrome,A,
9P9QYQL8,Nephrology,178,Decreasing the resistance of the afferent arteriole in the kidney will decrease:,Secretion of renin,Secretion of ANP,GFR,Renal blood flow,Urine output,A,
XU27PGMQ,Nephrology,178,"In denervation of kidney, which of the following occurs:",Increase renal blood flow,Decrease renal blood flow,Decrease GFR,Increase renin secretion,Increase sodium reabsorption,A,
W73FGE6E,Nephrology,178,"Denervation reduces sympathetic vasoconstriction, causing:",Vasodilation and increased renal blood flow,Vasoconstriction and decreased renal blood flow,Vasodilation and decreased renal blood flow,Vasoconstriction and increased renal blood flow,No change in vascular tone or blood flow,A,
VVBMRGPM,Nephrology,178,"In a live donor for transplantation of a kidney, one of the following tests is NOT mandatory:",Serum renin levels,Blood typing,HLA crossmatching,Renal ultrasound,Urinalysis,A,
QZYTHQMF,Nephrology,178,Most important change in kidney to preserve blood volume is:,Increased renin secretion,Decreased renin secretion,Increased ANP secretion,Increased GFR,Decreased ADH secretion,A,
SNHQT77X,Nephrology,179,"In an athlete, after heavy exercise what will help to conserve Na/Water?",Renin angiotensin aldosterone mechanism,ADH mechanism,ANP mechanism,Sympathetic nervous system,Parasympathetic nervous system,A,
TLH3YX95,Nephrology,179,"In well-trained athletes at rest, there is a permanent increase in:",Stroke volume,Heart rate,Blood pressure,Respiratory rate,Body temperature,A,
GK9ZAFFK,Nephrology,179,A trained athlete at rest has increased:,Stroke volume,Heart rate,Peripheral resistance,Sympathetic tone,Vasoconstriction,A,
N3VETHQD,Nephrology,179,"During rest, in a well-trained athlete, there is an increase in:",Stroke volume,Heart rate,Cardiac output,Oxygen consumption,Body mass index,A,
M6SCSFQZ,Nephrology,179,Athlete has more than normal person:,Stroke volume,Heart rate,Blood pressure,Respiratory rate,Resting energy expenditure,A,
KX7AKGH5,Nephrology,179,Athlete heart differs from non-athlete heart in:,Increased stroke volume and decreased heart rate,Decreased stroke volume and increased heart rate,Increased stroke volume and increased heart rate,Decreased stroke volume and decreased heart rate,No difference in stroke volume or heart rate,A,
XL6FYTVQ,Nephrology,179,Person with HR 42 and stroke volume 110 ml. Diagnosis:,Professional athlete,Heart block,Cardiomyopathy,Hypothyroidism,Myocardial infarction,A,
FSF7VJNU,Nephrology,179,"Two athletes are sitting in a room, one professional and one new. The professional has a greater:",Cardiac output,Heart rate,Blood pressure,Respiratory rate,Body temperature,A,
ZHCVDDTA,Nephrology,179,Post-exercise mechanism to conserve Na/water:,Renin-angiotensin-aldosterone mechanism,ADH mechanism,ANP mechanism,Sympathetic nervous system,Parasympathetic nervous system,A,
DSEV8FH4,Nephrology,179,"In athletes, increased Sodium absorption in DCT is due to:",RAAS,ADH,ANP,Aldosterone only,Renin only,A,
PCHF7XT2,Nephrology,179,Condition in an athlete drinking distilled water post-marathon:,Decreased urine osmolarity,Increased urine osmolarity,No change in urine osmolarity,Decreased urine volume,Increased specific gravity,A,
SDCLGCMK,Nephrology,179,Athlete taking anabolics with Hb 19.6 g/dL and hematocrit 58%. Cancer risk:,Hepatocellular carcinoma,Prostate cancer,Testicular cancer,Renal cell carcinoma,Lung cancer,A,
7ZTNX362,Nephrology,179,Athlete with redness and indurated lines spreading up the leg. Cause:,Strep pyogenes,Staph aureus,Pseudomonas aeruginosa,E. coli,Clostridium perfringens,A,
BJ9LLH3G,Nephrology,179,A Black athlete presented with 3rd degree burn; he is likely to develop:,Keloid,Hypertrophic scar,Contracture,Marjolin's ulcer,Squamous cell carcinoma,A,
EGLV9FUV,Nephrology,179,Athletes differ from normal individuals in having:,A higher maximum oxygen consumption,A lower maximum oxygen consumption,The same maximum oxygen consumption,A higher resting heart rate,A lower resting stroke volume,A,
9MVU4FDA,Nephrology,179,"In athletes, maximum heat loss occurs through:",Sweating,Radiation,Conduction,Convection,Respiration,A,
PMW7T2GN,Nephrology,179,"A 36-year-old athlete who works out excessively. During her exercise, increased water loss will be through:",Sweating,Urine,Feces,Respiration,Insensible perspiration,A,
DNKMEKUV,Nephrology,180,<p>HCO3 reabsorption occurs through which segments of nephron?</p>,PCT + Loop of Henle,DCT + Collecting Ducts,PCT + Collecting Ducts,PCT + DCT,Loop of Henle + DCT,C,
98F79VW7,Nephrology,180,"What percentage of filtered Na+, H2O, and K+ is reabsorbed in the Proximal Tubule (PCT)?",67%,25%,50%,85%,100%,A,
Z5BZWHSR,Nephrology,180,What percentage of filtered Urea is reabsorbed in the Proximal Tubule (PCT)?,50%,67%,25%,85%,100%,A,
2BF72SHE,Nephrology,180,What percentage of filtered Phosphate is reabsorbed in the Proximal Tubule (PCT)?,85%,67%,50%,25%,100%,A,
39KLEPWW,Nephrology,180,"Glomerulotubular Balance means that even if GFR increases, it maintains constant fractional reabsorption of what percentage of the filtered Na+ and H2O?","Two-thirds, or 67%","One-half, or 50%","One-quarter, or 25%","Three-quarters, or 75%","One-third, or 33%",A,
ZZ7WLBA7,Nephrology,180,What percentage of NaCl is reabsorbed in the Loop of Henle?,25%,67%,50%,85%,100%,A,
TWX2PEV2,Nephrology,180,What percentage of K+ is reabsorbed in the Loop of Henle?,20%,67%,25%,50%,85%,A,
W2TUGG3M,Nephrology,180,<p>By which transporter is K+ reabsorbed in the Loop of Henle?</p>,Na<sup>+</sup>-glucose cotransporter,Na<sup>+</sup>-K<sup>+</sup>-2Cl<sup>-</sup> cotransporter,Na+-H+ exchanger,Na+-Cl- cotransporter,Na+-K+ ATPase,B,
EA5A99S5,Nephrology,180,Which substance is secreted in the Loop of Henle?,Urea,Creatinine,Potassium,Hydrogen,Bicarbonate,A,
EU4YCSA7,Nephrology,180,Which part of the Loop of Henle is impermeable to water and is called the diluting segment?,Thick ascending limb,Thin descending limb,Thin ascending limb,Thick descending limb,Hairpin turn,A,
WPCZX5QE,Nephrology,180,What percentage of the filtered Na+ is reabsorbed by the Distal Tubule and Collecting Duct together?,8%,25%,67%,50%,100%,A,
TJZB3D44,Nephrology,180,Which part of the distal tubule is impermeable to water and is called the cortical diluting segment?,Early DT,Late DT,Collecting Duct,Macula densa,Connecting tubule,A,
ECFKHV9H,Nephrology,180,What percentage of NaCl is reabsorbed in the Early DT?,8%,25%,67%,50%,100%,A,
ZH4KNGQL,Nephrology,180,"In the Late DT and Collecting Duct, what do Principal cells do?","Reabsorb Na+ and H2O, secrete K+","Secrete Na+ and H2O, reabsorb K+",Reabsorb H+ and HCO3-,Secrete H+ and HCO3-,Reabsorb Urea and Cl-,A,
9LG493WK,Nephrology,180,"<p>In the Late DT and Collecting Duct, what do α-Intercalated cells do?</p>",Secrete Urea and Cl-,Secrete K<sup><sup>+</sup></sup>,"Secrete H<sup>+</sup>, or reabsorb K<sup>+</sup> by an H<sup>+</sup>, K<sup>+</sup>-ATPase",Reabsorb Na<sup>+</sup> and H<sub>2</sub>O,Reabsorb HCO<sub>3</sub><sup>-</sup> and Cl<sup>-</sup>,C,
VX9DECZ8,Nephrology,180,The part of the nephron where the greatest fraction of water is reabsorbed:,Proximal convoluted tubule,Loop of Henle,Distal convoluted tubule,Collecting duct,Bowman's capsule,A,
N8GSYKUL,Nephrology,180,"In dehydration, water is mainly absorbed from:",Proximal convoluted tubule (PCT),Loop of Henle,Distal convoluted tubule (DCT),Collecting duct,Macula densa,A,
L4RF2C9R,Nephrology,180,60-80% water is absorbed from?,PCT,Loop of Henle,DCT,Collecting duct,Bowman's capsule,A,
SR2BLGN2,Nephrology,180,"In the presence of ADH, water is maximally reabsorbed from:",PCT,Loop of Henle,DCT,Collecting duct,Macula densa,A,
RJV7PL9Z,Nephrology,180,In which part of the kidney does 60-80% of the filtered water gets reabsorbed within 24 hours:,PCT,Loop of Henle,DCT,Collecting duct,Bowman's capsule,A,
N6A3AEV6,Nephrology,180,65% water reabsorption without ADH is done in:,PCT,Loop of Henle,DCT,Collecting duct,Macula densa,A,
UANE77KB,Nephrology,180,Glucose is mostly absorbed by which segment of nephron?,PCT,Loop of Henle,DCT,Collecting duct,Bowman's capsule,A,
QWTZ2VR9,Nephrology,180,Tubular reabsorption of glucose and amino acids in nephrons occurs in:,PCT,Loop of Henle,DCT,Collecting duct,Macula densa,A,
MUUUUF4Y,Nephrology,180,Which of the following is absorbed to maximum from PCT:,Glucose,Urea,Creatinine,Sodium,Water,A,
5G6B6QM2,Nephrology,180,<p>Most of the glucose that is filtered through the glomerulus undergoes reabsorption in the:</p>,Proximal Tubule,Bowman's Capsule,Loop of Henle,Distal Tubule,Collecting Duct.,A,
5RDN7KE2,Nephrology,180,<p>Absorption of Bicarbonate occurs in:</p>,PCT,Macula densa,Collecting duct,Loop of Henle,DCT,A,
Q2WVK3A5,Nephrology,180,Bicarbonate ions are reabsorbed from nephrons in:,Proximal and distal tubules,Proximal tubule and Loop of Henle,Loop of Henle and distal tubule,Distal tubule and collecting duct,Proximal tubule and collecting duct,A,
2LE3HFA4,Nephrology,180,Bicarbonate is absorbed in which segment of nephron:,PCT and collecting duct,PCT and Loop of Henle,Loop of Henle and DCT,DCT and collecting duct,PCT and DCT,A,
FARNV9WA,Nephrology,180,<p>Renal tubules normally reabsorb:</p>,No HCO<sub>3</sub> in metabolic acidosis,All filtered HCO<sub>3</sub> in respiratory acidosis,All filtered HCO<sub>3</sub> in metabolic alkalosis,Half of filtered HCO<sub>3</sub> in respiratory acidosis,No HCO<sub>3</sub> in respiratory acidosis,B,
GFBZ9QFH,Nephrology,180,Glucose absorption in tubules (PCT) occurs by which mechanism?,Secondary active transport with sodium (co-transport),Primary active transport,Facilitated diffusion,Simple diffusion,Osmosis,A,
HHCY6TDJ,Nephrology,180,Glucose and amino acids are reabsorbed in the proximal tubule by:,Active transport (specifically secondary active transport),Primary active transport,Facilitated diffusion,Simple diffusion,Osmosis,A,
5N3B3UM9,Nephrology,180,Luminal side of the nephron reabsorbs glucose by:,Co-transport,Counter-transport,Primary active transport,Facilitated diffusion,Simple diffusion,A,
LDQ5QWGP,Nephrology,180,Glucose are absorbed in PCT by:,Secondary active transport,Primary active transport,Facilitated diffusion,Simple diffusion,Osmosis,A,
U56EV2JY,Nephrology,180,Active glucose absorption occurs in which part of nephron:,PCT,Loop of Henle,DCT,Collecting duct,Bowman's capsule,A,
GHF2B6AV,Nephrology,180,The co-transport mechanism for glucose occurs on which side of the cell?,Luminal side.,Basolateral side.,Apical side.,Lateral side.,Basal side.,A,
3VKTCER8,Nephrology,180,The active transport mechanism for glucose occurs on which side to move glucose into the blood?,Basolateral side.,Luminal side.,Apical side.,Lateral side.,Basal side.,A,
BQFEYWRD,Nephrology,180,Reabsorption of sodium in the kidney:,Occurs by active transport in the proximal tubule,Occurs by passive transport in the proximal tubule,Occurs by active transport in the descending loop of Henle,Occurs by passive transport in the ascending loop of Henle,Does not occur in the proximal tubule,A,
F8RFFPYL,Nephrology,180,The substance maximally reabsorbed from renal tubules into plasma is:,Glucose,Urea,Creatinine,Sodium,Water,A,
6JR93FYM,Nephrology,180,"Tubular reabsorption of glucose, bicarbonate, and amino acids occurs in which part of the nephron?",PCT,Loop of Henle,DCT,Collecting duct,Bowman's capsule,A,
A4VNAZ2K,Nephrology,180,Most glucose and amino acid absorption occur in nephron region:,PCT,Loop of Henle,DCT,Collecting duct,Macula densa,A,
9WN8CLSM,Nephrology,180,Most glucose absorption occur in which part of nephron:,PCT,Loop of Henle,DCT,Collecting duct,Macula densa,A,
R7LUKVAU,Nephrology,180,"Regarding Nephron, which part has more microvilli?",More microvilli in PCT,More microvilli in DCT,More microvilli in Loop of Henle,More microvilli in Collecting duct,More microvilli in Macula densa,A,
6BX4XHXT,Nephrology,180,The brush border on PCT are formed by:,Microvilli,Cilia,Stereocilia,Flagella,Pseudopodia,A,
3SPJVCS2,Nephrology,180,"As fluid moves from the proximal PCT to the distal PCT, the concentration of which substance increases?",Creatinine,Glucose,Amino acids,Bicarbonate,Sodium,A,
PT9M6J48,Nephrology,180,Substance concentration increased in lower PCT compared to upper PCT:,Creatinine,Glucose,Amino acids,Bicarbonate,Sodium,A,
35H5PKF2,Nephrology,180,Frothy urine with pink cytoplasm in PCT cells is likely due to:,Reabsorption of protein,Reabsorption of glucose,Reabsorption of lipids,Reabsorption of red blood cells,Reabsorption of white blood cells,A,
BU6CH8HA,Nephrology,180,Mechanism of Cl reabsorption in later segment of PCT is:,Passively due to concentration gradient,Actively due to Na+ cotransport,Actively due to K+ cotransport,Passively due to electrical gradient,Actively due to H+ countertransport,A,
KZT6HNSN,Nephrology,180,Osmotic diuretic acts on which of the following parts of nephron?,Proximal tubules,Loop of Henle,Distal tubules,Collecting ducts,Bowman's capsule,A,
PZF5KHHW,Nephrology,180,"Women, hemorrhage, which part affected:",PCT,Loop of Henle,DCT,Collecting duct,Macula densa,A,
PU22ZTFZ,Nephrology,180,Maximum sodium is absorbed in which part of nephron:,PCT,Loop of Henle,DCT,Collecting duct,Macula densa,A,
WSUS6N36,Nephrology,180,The fluid in the distal part of the proximal convoluted tubule has:,A higher urea concentration than the fluid in Bowman's capsule,A lower urea concentration than the fluid in Bowman's capsule,The same urea concentration as the fluid in Bowman's capsule,A higher glucose concentration than the fluid in Bowman's capsule,A lower creatinine concentration than the fluid in Bowman's capsule,A,
33XHPUGQ,Nephrology,180,The pH of the tubular fluid in the distal nephron can be lower than that in the proximal tubule because:,The tight junctions of the distal nephron are less leaky to solute than those of the proximal tubule,The tight junctions of the proximal tubule are less leaky to solute than those of the distal nephron,The distal nephron secretes more bicarbonate than the proximal tubule,The proximal tubule secretes more hydrogen ions than the distal nephron,The distal nephron reabsorbs more hydrogen ions than the proximal tubule,A,
2P7CN983,Nephrology,180,Tubular fluid has a low pH than PCT due to:,More H ions are secreted in DCT,More H ions are secreted in PCT,More HCO3 ions are reabsorbed in DCT,More HCO3 ions are reabsorbed in PCT,More K ions are secreted in DCT,A,
BK72AHBL,Nephrology,180,H+ secretion from PCT is in exchange of:,NH3.,Na+,K+,Cl-,HCO3-,A,
7BZL43KF,Nephrology,180,"While H+ is primarily secreted in exchange for Na', secreted H+ reacts with NH3 in the tubular lumen to form what?","NH4+ (ammonium), which is then excreted in the urine.","NH4+ (ammonium), which is then reabsorbed in the proximal tubule.","NH2- (amide), which is then excreted in the urine.","NH2- (amide), which is then reabsorbed in the proximal tubule.","Urea, which is then excreted in the urine.",A,
BRNPBEJ7,Nephrology,180,H+ ion secretion in the kidney causes:,Bicarbonate reabsorption,Bicarbonate secretion,Sodium secretion,Potassium reabsorption,Chloride secretion,A,
XT6D8T7S,Nephrology,180,The secretion of H+ in the proximal tubule is primarily associated with:,reabsorption of bicarbonate ion.,reabsorption of sodium ion.,secretion of potassium ion.,secretion of chloride ion.,reabsorption of urea.,A,
ANL8ZR8H,Nephrology,180,"Following dietary irregularity, K+ is secreted at which part:",DCT,PCT,Loop of Henle,Collecting duct,Macula densa,A,
KHLSF8HL,Nephrology,180,The segment of the nephron which contributes most to potassium excretion because of altered dietary potassium is:,Distal tubule,Proximal tubule,Loop of Henle,Collecting duct,Bowman's capsule,A,
BJ8L2RJ8,Nephrology,180,"In a dehydrated patient, diluted fluid is found in which segment of kidney:",DCT,PCT,Loop of Henle,Collecting duct,Macula densa,A,
8CL9SD59,Nephrology,180,"A female with the problem of concentrated urine, the kidney secretes hyperosmotic urine by decreasing water content in:",Distal convoluted tubule (DCT),Proximal convoluted tubule (PCT),Loop of Henle,Collecting duct,Bowman's capsule,A,
HWJ3KPZU,Nephrology,180,"In dehydration, concentration of which of these is decreased:",Pure water,Sodium,Potassium,Urea,Creatinine,A,
6A6L5YDA,Nephrology,180,On structural basis how will you differentiate between PCT and DCT:,Brush border,Cilia,Flagella,Microvilli,Pseudopodia,A,
T4SQ8RGD,Nephrology,180,Difference between PCT and DCT is:,PCT has extensive brush borders,DCT has extensive brush borders,PCT has no brush borders,DCT has extensive cilia,PCT has extensive cilia,A,
MM9HE4V9,Nephrology,180,Brush border is associated with:,PCT,DCT,Loop of Henle,Collecting duct,Macula densa,A,
ZX4GEMLQ,Nephrology,180,The part of the nephron known as the diluting segment is the:,Early distal convoluted tubule.,Late distal convoluted tubule.,Proximal convoluted tubule.,Thick ascending limb of Loop of Henle.,Collecting duct.,A,
BZTYT3B6,Nephrology,180,"Under the influence of antidiuretic hormone (ADH), the largest volume of water is reabsorbed by:",Medullary collecting duct,Cortical collecting tubule,Proximal convoluted tubule,Loop of Henle,Distal convoluted tubule,A,
JP4QHU5P,Nephrology,180,"In the presence of ADH, maximum absorption of water takes place in?",PCT,DCT,Loop of Henle,Collecting duct,Macula densa,A,
PUCRF9FZ,Nephrology,180,"Water reabsorption in the PCT is obligatory and occurs regardless of ADH levels. While in Collecting Duct, significant water reabsorption occurs here under ADH influence, but the total volume is less than that in the:",PCT,DCT,Loop of Henle,Collecting duct,Macula densa,A,
JSR7ZRWG,Nephrology,180,"In the presence of ADH, the filtrate will be isotonic to plasma in the:",Cortical collecting tubule,Medullary collecting duct,Proximal convoluted tubule,Loop of Henle,Distal convoluted tubule,A,
7MC39XPU,Nephrology,180,True about thin loop of Henle:,Flattened cells,Cuboidal cells,Columnar cells,Squamous cells,Transitional cells,A,
4RF2JFW5,Nephrology,180,Segment impermeable to water in nephron:,Thick Ascending Loop of Henle,Thin Descending Loop of Henle,Proximal convoluted tubule,Distal convoluted tubule,Collecting duct,A,
4B5SANTZ,Nephrology,180,The blood vessels that run in the kidney especially along the loop of Henle:,Vasa recta,Peritubular capillaries,Glomerular capillaries,Afferent arterioles,Efferent arterioles,A,
VQV7B3F6,Nephrology,180,Fluid entering the loop of Henle from the proximal convoluted tubule:,has a higher urea than plasma.,has a lower urea than plasma.,has the same urea as plasma.,has a higher glucose than plasma.,has a lower glucose than plasma.,A,
VC89X5LC,Nephrology,180,A young female had post-partum hemorrhage and developed acute renal failure. What structure is most likely affected?,PCT,DCT,Loop of Henle,Collecting duct,Macula densa,A,
LP9AECEF,Nephrology,180,"In a hypotensive patient due to severe blood loss, which part of the kidney is damaged the most?",PCT,DCT,Loop of Henle,Collecting duct,Macula densa,A,
96UP466W,Nephrology,180,A type II diabetes patient has weakness and increased frequency of urination for two weeks. The mechanism of polyuria is:,Decreased reabsorption of glucose in PCT,Increased secretion of glucose in PCT,Decreased reabsorption of water in PCT,Increased secretion of water in PCT,Decreased reabsorption of sodium in PCT,A,
WC7YBEN2,Nephrology,180,A person had 1.5L hemorrhage and has decreased GFR and urine output. Which of the following will help more in returning the GFR to normal:,DCT,PCT,Loop of Henle,Collecting duct,Macula densa,A,
WWVWHG2U,Nephrology,180,A person has lost blood. He has decreased GFR and urinary output. The part of renal tubules most involved in bringing back the GFR and urinary output to the normal is:,Distal convoluted tubules,Proximal convoluted tubules,Loop of Henle,Collecting duct,Macula densa,A,
NWWCMQW7,Nephrology,180,"In a person with 2L of blood loss, the blood volume will be replaced back by?",DCT,PCT,Loop of Henle,Collecting duct,Macula densa,A,
C9KLWKVU,Nephrology,180,"As a result of dehydration, hypotonic fluid is present in:",DCT,PCT,Loop of Henle,Collecting duct,Macula densa,A,
XCR97YEE,Nephrology,180,"After dehydration, in which part of nephron the most hypotonic urine will be present:",DCT,PCT,Loop of Henle,Collecting duct,Macula densa,A,
RKLPSR2V,Nephrology,180,"After dehydration, the most hypotonic urine will be in the:",DCT,PCT,Loop of Henle,Collecting duct,Macula densa,A,
CCPTZ23W,Nephrology,180,Diluted fluid in the kidney in a dehydrated patient is found in?,DCT,PCT,Loop of Henle,Collecting duct,Macula densa,A,
WSJG2LQE,Nephrology,180,The nephron is able to make concentrated urine due to:,Increased permeability in the thick limb of the loop of Henle,Decreased permeability in the thick limb of the loop of Henle,Increased permeability in the thin limb of the loop of Henle,Decreased permeability in the thin limb of the loop of Henle,Increased permeability in the collecting duct,A,
NVNCQRND,Nephrology,181,Thiazide diuretics acts on:,DT,PCT,Loop of Henle,Collecting duct,Macula densa,A,
ZMN7CES8,Nephrology,181,"Where do Carbonic Anhydrase Inhibitors (e.g., Acetazolamide) act?",Early PCT,Late PCT,Thick ascending limb of Henle,Early DT,Collecting ducts,A,
DP6ASMAQ,Nephrology,181,"What is the mechanism of Carbonic Anhydrase Inhibitors (e.g., Acetazolamide)?","Inhibit carbonic anhydrase, reduce HCO3- reabsorption",Inhibit cotransport system (Na+/K+/2Cl-),Inhibit Na and Cl absorption,Dec Na+ reabsorption and Dec K+ excretion,Osmotic diuresis,A,
4EQA8UHT,Nephrology,181,"Where do Loop Diuretics (e.g., Furosemide) act?",Thick ascending limb of Henle,Early PCT,Early DT,Collecting ducts,PCT,A,
6YRWULHA,Nephrology,181,"What is the mechanism of Loop Diuretics (e.g., Furosemide)?",Inhibit cotransport system (Na+/K+/2Cl-) of thick ascending limb of loop of Henle,"Inhibit carbonic anhydrase, reduce HCO3- reabsorption",Inhibit Na and Cl absorption,Dec Na+ reabsorption and Dec K+ excretion,Osmotic diuresis,A,
RMU52QKG,Nephrology,181,Where do Thiazide Diuretics act?,Early DT,Early PCT,Thick ascending limb of Henle,Collecting ducts,PCT,A,
P8HP543R,Nephrology,181,What is the mechanism of Thiazide Diuretics?,Inhibits Na and Cl absorption.,"Inhibit carbonic anhydrase, reduce HCO3- reabsorption",Inhibit cotransport system (Na+/K+/2Cl-),Dec Na+ reabsorption and Dec K+ excretion,Osmotic diuresis,A,
UZTEKQ4L,Nephrology,181,"Where do K+-Sparing Diuretics (e.g., Spironolactone) act?",Collecting ducts,Early PCT,Thick ascending limb of Henle,Early DT,PCT,A,
VALLG8J5,Nephrology,181,"What is the mechanism of K+-Sparing Diuretics (e.g., Spironolactone)?",Dec Na+ reabsorption and Dec K+ excretion,"Inhibit carbonic anhydrase, reduce HCO3- reabsorption",Inhibit cotransport system (Na+/K+/2Cl-),Inhibits Na and Cl absorption.,Osmotic diuresis,A,
QHHZTCJQ,Nephrology,181,"Where do Osmotic Diuretics (e.g., Mannitol) act?",PCT,Early PCT,Thick ascending limb of Henle,Early DT,Collecting ducts,A,
HXV56YL2,Nephrology,181,"Loop Diuretics (furosemide), acts on:",Thick ascending limb of the loop of Henle,Early PCT,Early DT,Collecting ducts,PCT,A,
PSLQ25K9,Nephrology,181,The diuretic acting on the ascending loop of Henle is:,Furosemide,Acetazolamide,Thiazide,Spironolactone,Mannitol,A,
5MFKZVHV,Nephrology,181,Mechanism of action of loop diuretic is:,Inhibit co-transport system (Na/K/2Cl) of thick ascending limb of loop of Henle,"Inhibit carbonic anhydrase, reduce HCO3- reabsorption",Inhibit Na and Cl absorption.,Dec Na+ reabsorption and Dec K+ excretion,Osmotic diuresis,A,
DEZFT3WJ,Nephrology,181,Synergistic effect of thiazide and loop diuretics on diuresis comes from:,Ascending limb of loop of Henle,Early PCT,Early DT,Collecting ducts,PCT,A,
9ARNX8CH,Nephrology,181,Furosemide MOA:,Inhibit Na+-K+-2Cl-,Inhibit carbonic anhydrase,Inhibit Na and Cl absorption,Dec Na+ reabsorption and Dec K+ excretion,Osmotic diuresis,A,
VLZTE8AL,Nephrology,181,<p>An important therapeutic or toxic effect of loop diuretics is:</p>,Decreased urine output,Decreased blood volume,Increased blood volume,Increased sodium reabsorption,Increased potassium reabsorption,B,"<p><h3 style=""color: black;"">Correct Answer:</h3></p><p><p><strong style=""color: #008000;"">Decreased blood volume</strong> - Loop diuretics inhibit the Na<sup>+</sup>-K<sup>+</sup>-2Cl<sup>−</sup> cotransporter in the thick ascending limb, causing marked sodium and water excretion. This reduces extracellular fluid and blood volume.</p></p><p><br></p><p><h3 style=""color: black;"">Wrong Answers</h3></p><p><p><strong style=""color: #CC0000;"">Decreased urine output</strong> - Loop diuretics are potent diuretics and cause a marked increase in urine output.</p></p><p><p><strong style=""color: #CC0000;"">Increased blood volume</strong> - Loss of sodium and water decreases blood volume rather than increasing it.</p></p><p><p><strong style=""color: #CC0000;"">Increased sodium reabsorption</strong> - Loop diuretics block sodium reabsorption in the thick ascending limb, producing natriuresis.</p></p><p><p><strong style=""color: #CC0000;"">Increased potassium reabsorption</strong> - Increased distal sodium delivery promotes potassium secretion, which can cause hypokalemia.</p></p><p><br></p><p><h3 style=""color: #0066CC;"">Key Concept:</h3></p><p><p>Loop diuretics are the <strong>most potent diuretics</strong>. They inhibit NKCC2 in the thick ascending limb, causing loss of Na<sup>+</sup>, K<sup>+</sup>, Cl<sup>−</sup> and water.</p></p><p><br></p><p><h3 style=""color: #8A2BE2;"">Mnemonic:</h3></p><p><p><strong>LOOP = Lose Na, K, Ca + Volume</strong></p></p><p><br></p><p><h3 style=""color: #CC6600;"">Exam Trap:</h3></p><p><p>Loop diuretics cause <strong>hypokalemia</strong> and <strong>increased calcium excretion</strong>, unlike thiazides.</p></p>"
7GBWRGTC,Nephrology,181,Thiazide drug mechanism?,Inhibit Na/Cl in early DT,Inhibit Na/K/2Cl in thick ascending limb,Inhibit carbonic anhydrase in early PCT,Dec Na+ reabsorption and Dec K+ excretion in collecting ducts,Osmotic diuresis in PCT,A,
WL6KQVMJ,Nephrology,181,Thiazide diuretics act upon:,Early distal tubule,Thick ascending limb of Henle,Early PCT,Collecting ducts,PCT,A,
FPUUHPXM,Nephrology,181,Regarding DCT which of the following is correct?,Site of action of thiazide diuretics,Site of action of loop diuretics,Site of action of osmotic diuretics,Site of action of carbonic anhydrase inhibitors,Site of action of K-sparing diuretics,A,
DACF8MAM,Nephrology,181,Which amongst the following is a Potassium sparing diuretic:,Amiloride,Furosemide,Hydrochlorothiazide,Acetazolamide,Mannitol,A,
DLF9256L,Nephrology,181,K-sparing diuretic like spironolactone acts by?,Inhibiting Na/K exchange,Inhibiting Na/K/2Cl cotransport,Inhibiting Na/Cl absorption,Inhibiting carbonic anhydrase,Osmotic diuresis,A,
VDRYWTGR,Nephrology,181,K+ sparing diuretics acts on:,collecting ducts,Early distal tubule,Thick ascending limb of Henle,Early PCT,PCT,A,
DSAXFAJ8,Nephrology,181,Mechanism of action of osmotic diuretic?,Increased Na/K excretion,Decreased Na/K excretion,Inhibit Na/Cl absorption,Inhibit carbonic anhydrase,Inhibit Na/K/2Cl cotransport,A,
YGNENLPT,Nephrology,181,Osmotic diuretic acts on:,Proximal tubules,Early distal tubule,Thick ascending limb of Henle,Collecting ducts,Distal convoluted tubule,A,
5QYJMMEY,Nephrology,181,<p>Mechanism of Action of Acetazolamide:</p>,Inhibit Na/K/2Cl cotransport,"Decrease H+ secretion and increase Na+, K+ excretion",Inhibit Na/Cl absorption,Osmotic diuresis,"Increase H+ secretion and decrease Na+, K+ excretion",B,"<p><h3 style=""color: black;"">Correct Answer:</h3></p><p><p><strong style=""color: #008000;"">Decrease H<sup>+</sup> secretion and increase Na<sup>+</sup>, K<sup>+</sup> excretion</strong> - Acetazolamide inhibits <strong>carbonic anhydrase</strong> in the proximal tubule. This decreases H<sup>+</sup> secretion and reduces NaHCO<sub>3</sub> reabsorption, so Na<sup>+</sup>, K<sup>+</sup>, HCO<sub>3</sub><sup>−</sup> and water are excreted.</p></p><p><br></p><p><h3 style=""color: black;"">Wrong Answers</h3></p><p><p><strong style=""color: #CC0000;"">Inhibit Na/K/2Cl cotransport</strong> - This is the mechanism of <strong>loop diuretics</strong>, which inhibit NKCC2 in the thick ascending limb.</p></p><p><p><strong style=""color: #CC0000;"">Inhibit Na/Cl absorption</strong> - This is the mechanism of <strong>thiazide diuretics</strong>, which inhibit the Na<sup>+</sup>/Cl<sup>−</sup> cotransporter in the distal convoluted tubule.</p></p><p><p><strong style=""color: #CC0000;"">Osmotic diuresis</strong> - Osmotic diuretics such as <strong>mannitol</strong> increase tubular osmolarity and retain water in the renal tubule.</p></p><p><p><strong style=""color: #CC0000;"">Increase H<sup>+</sup> secretion and decrease Na<sup>+</sup>, K<sup>+</sup> excretion</strong> - The opposite occurs with acetazolamide: H<sup>+</sup> secretion falls, while Na<sup>+</sup> and K<sup>+</sup> excretion increase.</p></p><p><br></p><p><h3 style=""color: #0066CC;"">Key Concept:</h3></p><p><p><strong>Acetazolamide = carbonic anhydrase inhibitor</strong> acting mainly in the proximal tubule. It decreases HCO<sub>3</sub><sup>−</sup> reabsorption and produces <strong>bicarbonaturia</strong>, making the urine alkaline and causing <strong>metabolic acidosis</strong>.</p></p><p><br></p><p><h3 style=""color: #8A2BE2;"">Mnemonic:</h3></p><p><p><strong>Acetazolamide → CA ↓ → H<sup>+</sup> ↓ → HCO<sub>3</sub><sup>−</sup> ↓ reabsorption → alkaline urine</strong></p></p><p><br></p><p><h3 style=""color: #CC6600;"">Exam Trap:</h3></p><p><p>Acetazolamide causes <strong>metabolic acidosis</strong>. The high-yield association is <strong>carbonic anhydrase inhibition in the proximal tubule</strong>.</p></p>"
HEB2MP63,Nephrology,181,Acetazolamide exerts diuresis by:,Decreased H+ secretion with resultant increase in Na+ and K+ excretion,Increased H+ secretion with resultant decrease in Na+ and K+ excretion,Inhibit Na/Cl absorption,Inhibit Na/K/2Cl cotransport,Osmotic diuresis,A,
QLDVGRDK,Nephrology,181,Carbonic anhydrase inhibitors promote diuresis by acting mainly upon:,Proximal convoluted tubule,Early distal tubule,Thick ascending limb of Henle,Collecting ducts,Distal convoluted tubule,A,
8CMQE893,Nephrology,181,"Carbonic anhydrase inhibitors (e.g., acetazolamide) = act on the:",early PCT,late PCT,Early distal tubule,Thick ascending limb of Henle,Collecting ducts,A,
HBQDB9QN,Nephrology,181,"<p>In a person taking carbonic anhydrase inhibitors for 4 weeks now, what changes will occur?</p>",Decrease Na+ in urine,Decrease HCO3 in blood,Decrease K+ in urine,Increase H+ secretion,Increase HCO3 in blood,B,"<p><h3 style=""color: black;"">Correct Answer:</h3></p><p><p><strong style=""color: #008000;"">Decrease HCO<sub>3</sub><sup>−</sup> in blood</strong> - Carbonic anhydrase inhibitors block HCO<sub>3</sub><sup>−</sup> reabsorption in the proximal tubule, causing persistent bicarbonate loss in urine. With continued use, this produces <strong>metabolic acidosis</strong>, so blood HCO<sub>3</sub><sup>−</sup> decreases.</p></p><p><br></p><p><h3 style=""color: black;"">Wrong Answers</h3></p><p><p><strong style=""color: #CC0000;"">Decrease Na<sup>+</sup> in urine</strong> - Acetazolamide decreases Na<sup>+</sup> reabsorption in the proximal tubule, so <strong>urinary Na<sup>+</sup> excretion increases</strong>.</p></p><p><p><strong style=""color: #CC0000;"">Decrease K<sup>+</sup> in urine</strong> - Increased Na<sup>+</sup> delivery to the distal nephron promotes <strong>K<sup>+</sup> secretion</strong>, so urinary K<sup>+</sup> excretion increases.</p></p><p><p><strong style=""color: #CC0000;"">Increase H<sup>+</sup> secretion</strong> - Carbonic anhydrase inhibition reduces intracellular H<sup>+</sup> generation in proximal tubular cells, causing <strong>decreased H<sup>+</sup> secretion</strong>.</p></p><p><p><strong style=""color: #CC0000;"">Increase HCO<sub>3</sub><sup>−</sup> in blood</strong> - The opposite occurs. Bicarbonate is lost in urine, causing <strong>decreased plasma HCO<sub>3</sub><sup>−</sup></strong>.</p></p><p><br></p><p><h3 style=""color: #0066CC;"">Key Concept:</h3></p><p><p>Carbonic anhydrase inhibitors cause <strong>bicarbonaturia → alkaline urine → decreased plasma HCO<sub>3</sub><sup>−</sup> → metabolic acidosis</strong>. With prolonged use, their diuretic effect becomes weaker because bicarbonate stores are depleted.</p></p><p><br></p><p><h3 style=""color: #8A2BE2;"">Mnemonic:</h3></p><p><p><strong>CA Inhibitor = HCO<sub>3</sub><sup>−</sup> OUT → HCO<sub>3</sub><sup>−</sup> DOWN</strong></p></p><p><br></p><p><h3 style=""color: #CC6600;"">Exam Trap:</h3></p><p><p>After chronic use, think <strong>bicarbonate depletion</strong>. The classic blood change is <strong>↓ HCO<sub>3</sub><sup>−</sup></strong>, not increased bicarbonate.</p></p>"
JM4RUDJW,Nephrology,181,<p>Zinc is an essential constituent in one of the following:</p>,Osmotic diuresis,Na/Cl cotransporter,Na/K/2Cl cotransporter,Carbonic anhydrase,Na/K exchange pump,D,"<p><h3 style=""color: black;"">Correct Answer:</h3></p><p><p><strong style=""color: #008000;"">Carbonic anhydrase</strong> - Carbonic anhydrase contains <strong>Zn<sup>2+</sup></strong> at its active site. Zinc allows the enzyme to rapidly convert CO<sub>2</sub> + H<sub>2</sub>O ↔ H<sup>+</sup> + HCO<sub>3</sub><sup>−</sup>.</p></p><p><br></p><p><h3 style=""color: black;"">Wrong Answers</h3></p><p><p><strong style=""color: #CC0000;"">Osmotic diuresis</strong> - Osmotic diuresis is a <strong>physiological mechanism</strong>, not a zinc-containing enzyme or transporter.</p></p><p><p><strong style=""color: #CC0000;"">Na/Cl cotransporter</strong> - This is a membrane transporter in the <strong>distal convoluted tubule</strong>; it does not contain zinc as an essential cofactor.</p></p><p><p><strong style=""color: #CC0000;"">Na/K/2Cl cotransporter</strong> - This is the <strong>NKCC2 transporter</strong> in the thick ascending limb. Zinc is not an essential constituent of this transporter.</p></p><p><p><strong style=""color: #CC0000;"">Na/K exchange pump</strong> - Na<sup>+</sup>/K<sup>+</sup>-ATPase is an ATP-dependent membrane pump and does not require zinc as its essential metal cofactor.</p></p><p><br></p><p><h3 style=""color: #0066CC;"">Key Concept:</h3></p><p><p><strong>Zinc is an essential cofactor of carbonic anhydrase.</strong> It catalyzes the rapid interconversion of CO<sub>2</sub> and HCO<sub>3</sub><sup>−</sup>, which is important in acid-base balance and renal HCO<sub>3</sub><sup>−</sup> reabsorption.</p></p><p><br></p><p><h3 style=""color: #8A2BE2;"">Mnemonic:</h3></p><p><p><strong>Zn = CA</strong> → <strong>Zinc is in Carbonic Anhydrase</strong>.</p></p><p><br></p><p><h3 style=""color: #CC6600;"">Exam Trap:</h3></p><p><p>When you see <strong>zinc + enzyme</strong>, think <strong>carbonic anhydrase</strong>. Acetazolamide works by inhibiting this zinc-containing enzyme.</p></p>"
A2RR6SYS,Nephrology,182,<p>Thiazide diuretic cause:</p>,Hypervolemia,Hyperkalemia,Hypokalemia,Hypernatremia,Hypouricemia,C,"<p><h3 style=""color: black;"">Correct Answer:</h3></p><p><p><strong style=""color: #008000;"">Hypokalemia</strong> - Thiazides inhibit the Na<sup>+</sup>/Cl<sup>−</sup> cotransporter in the distal convoluted tubule, increasing sodium delivery to the collecting duct. This increases K<sup>+</sup> secretion and causes <strong>hypokalemia</strong>.</p></p><p><br></p><p><h3 style=""color: black;"">Wrong Answers</h3></p><p><p><strong style=""color: #CC0000;"">Hypervolemia</strong> - Thiazides increase Na<sup>+</sup> and water excretion, causing a decrease in extracellular fluid volume.</p></p><p><p><strong style=""color: #CC0000;"">Hyperkalemia</strong> - Thiazides increase distal Na<sup>+</sup> delivery and K<sup>+</sup> secretion, so they cause <strong>hypokalemia</strong>.</p></p><p><p><strong style=""color: #CC0000;"">Hypernatremia</strong> - Thiazides increase sodium excretion and may cause <strong>hyponatremia</strong>.</p></p><p><p><strong style=""color: #CC0000;"">Hypouricemia</strong> - Thiazides decrease uric acid excretion, causing <strong>hyperuricemia</strong> and potentially precipitating gout.</p></p><p><br></p><p><h3 style=""color: #0066CC;"">Key Concept:</h3></p><p><p>Thiazides inhibit the Na<sup>+</sup>/Cl<sup>−</sup> cotransporter in the <strong>distal convoluted tubule</strong>. Their important metabolic effects are <strong>hyperglycemia, hyperlipidemia, hyperuricemia, and hypercalcemia</strong>, with hypokalemia and hyponatremia.</p></p><p><br></p><p><h3 style=""color: #8A2BE2;"">Mnemonic:</h3></p><p><p><strong>HyperGLUC = Glycemia ↑, Lipidemia ↑, Uricemia ↑, Calcemia ↑</strong></p></p><p><br></p><p><h3 style=""color: #CC6600;"">Exam Trap:</h3></p><p><p><strong>GLUC</strong> helps you remember the metabolic effects, but when an MCQ asks for the classic electrolyte abnormality of thiazides, think <strong>hypokalemia</strong>.</p></p>"
WL5BTM2E,Nephrology,182,Thiazide and loop diuretics causes:,"hypokalemia, hyponatremia","hyperkalemia, hypernatremia","hypokalemia, hypernatremia","hyperkalemia, hyponatremia","normokalemia, normonatremia",A,
XZGLKPVR,Nephrology,182,While K-sparing diuretics causes:,hyperkalemia,hypokalemia,hypernatremia,hyponatremia,hypercalcemia,A,
W52XAV9N,Nephrology,182,<p>Thiazide diuretics causes:</p>,Hypokalemia> Hyperuricemia >Hypercalcemia,Hypokalemia> Hypouricemia >Hypercalcemia,Hypokalemia> Hyperuricemia >Hypocalcemia,Hyperkalemia> Hyperuricemia >Hypocalcemia,Hyperkalemia> Hypouricemia >Hypocalcemia,A,"<p><h3 style=""color: black;"">Correct Answer:</h3></p><p><p><strong style=""color: #008000;"">Hypokalemia &gt; Hyperuricemia &gt; Hypercalcemia</strong> - Thiazides increase distal Na<sup>+</sup> delivery, causing increased K<sup>+</sup> secretion and hypokalemia. They decrease uric acid excretion, causing hyperuricemia, and increase Ca<sup>2+</sup> reabsorption, causing hypercalcemia.</p></p><p><br></p><p><h3 style=""color: black;"">Wrong Answers</h3></p><p><p><strong style=""color: #CC0000;"">Hypokalemia &gt; Hypouricemia &gt; Hypercalcemia</strong> - Thiazides cause hyperuricemia, not hypouricemia, because uric acid excretion decreases.</p></p><p><p><strong style=""color: #CC0000;"">Hypokalemia &gt; Hyperuricemia &gt; Hypocalcemia</strong> - Thiazides increase Ca<sup>2+</sup> reabsorption, so serum calcium tends to increase.</p></p><p><p><strong style=""color: #CC0000;"">Hyperkalemia &gt; Hyperuricemia &gt; Hypocalcemia</strong> - Thiazides increase K<sup>+</sup> excretion and Ca<sup>2+</sup> reabsorption, so they cause hypokalemia and hypercalcemia.</p></p><p><p><strong style=""color: #CC0000;"">Hyperkalemia &gt; Hypouricemia &gt; Hypocalcemia</strong> - These are opposite to the characteristic effects of thiazides: K<sup>+</sup> ↓, uric acid ↑, and Ca<sup>2+</sup> ↑.</p></p><p><br></p><p><h3 style=""color: #0066CC;"">Key Concept:</h3></p><p><p>Thiazides cause <strong>K<sup>+</sup> ↓, uric acid ↑, and Ca<sup>2+</sup> ↑</strong>. Their metabolic effects can be remembered with <strong>GLUC</strong>: Glycemia ↑, Lipidemia ↑, Uricemia ↑, Calcemia ↑.</p></p><p><br></p><p><h3 style=""color: #8A2BE2;"">Mnemonic:</h3></p><p><p><strong>GLUC = Glycemia ↑ + Lipidemia ↑ + Uricemia ↑ + Calcemia ↑</strong></p></p><p><br></p><p><h3 style=""color: #CC6600;"">Exam Trap:</h3></p><p><p><strong>Thiazides retain Ca<sup>2+</sup></strong>, while loop diuretics increase Ca<sup>2+</sup> excretion.</p></p>"
PMPKBTSX,Nephrology,182,Loop diuretics causes:,Hypokalemia,Hyperkalemia,Hypernatremia,Hypercalcemia,Hyperuricemia,A,
YXDUU3H9,Nephrology,182,A known diabetic hypertensive patient presents with bilateral pedal edema. Which drug can alter his glycemic control?,Hydrochlorothiazide,Furosemide,Spironolactone,Acetazolamide,Mannitol,A,
BYEH8425,Nephrology,182,<p>Chlorothiazide diuretics most likely produce:</p>,Hypernatremia,Hyperkalemia,Hypocalcemia,Hypouricemia,Hyperuricemia,E,"<p><h3 style=""color: black;"">Correct Answer:</h3></p><p><p><strong style=""color: #008000;"">Hyperuricemia</strong> - Chlorothiazide is a thiazide diuretic. Thiazides decrease uric acid excretion by increasing its proximal tubular reabsorption, leading to <strong>hyperuricemia</strong> and potentially precipitating gout.</p></p><p><br></p><p><h3 style=""color: black;"">Wrong Answers</h3></p><p><p><strong style=""color: #CC0000;"">Hypernatremia</strong> - Thiazides increase Na<sup>+</sup> excretion and may cause <strong>hyponatremia</strong>, not hypernatremia.</p></p><p><p><strong style=""color: #CC0000;"">Hyperkalemia</strong> - Increased distal Na<sup>+</sup> delivery promotes K<sup>+</sup> secretion, causing <strong>hypokalemia</strong>.</p></p><p><p><strong style=""color: #CC0000;"">Hypocalcemia</strong> - Thiazides increase Ca<sup>2+</sup> reabsorption in the distal convoluted tubule, causing a tendency toward <strong>hypercalcemia</strong>.</p></p><p><p><strong style=""color: #CC0000;"">Hypouricemia</strong> - The opposite occurs. Thiazides reduce uric acid excretion, so serum uric acid <strong>increases</strong>.</p></p><p><br></p><p><h3 style=""color: #0066CC;"">Key Concept:</h3></p><p><p>Thiazides classically cause <strong>hypokalemia, hyperuricemia, and hypercalcemia</strong>. They also cause the metabolic abnormalities remembered by <strong>GLUC</strong>.</p></p><p><br></p><p><h3 style=""color: #8A2BE2;"">Mnemonic:</h3></p><p><p><strong>GLUC = Glycemia ↑, Lipidemia ↑, Uricemia ↑, Calcemia ↑</strong></p></p><p><br></p><p><h3 style=""color: #CC6600;"">Exam Trap:</h3></p><p><p>For thiazides, remember <strong>Uricemia ↑</strong>. For loop diuretics, uric acid can also increase, so the drug class and other options must be used to distinguish the answer.</p></p>"
6G9H6MQE,Nephrology,182,<p>Thrombocytopenia is a side effect of:</p>,Thiazides,Loop diuretics,Osmotic diuretics,K-sparing diuretics,Carbonic anhydrase inhibitors,A,"<p><h3 style=""color: black;"">Correct Answer:</h3></p><p><p><strong style=""color: #008000;"">Thiazides</strong> - Thiazide diuretics can rarely cause <strong>thrombocytopenia</strong> as a hematologic adverse effect, usually through an immune-mediated mechanism.</p></p><p><br></p><p><h3 style=""color: black;"">Wrong Answers</h3></p><p><p><strong style=""color: #CC0000;"">Loop diuretics</strong> - Loop diuretics can cause other important adverse effects such as hypokalemia, hypocalcemia, ototoxicity, and hyperuricemia. Thrombocytopenia is not the classic association tested here.</p></p><p><p><strong style=""color: #CC0000;"">Osmotic diuretics</strong> - Mannitol mainly causes volume-related effects and electrolyte disturbances; thrombocytopenia is not a characteristic adverse effect.</p></p><p><p><strong style=""color: #CC0000;"">K-sparing diuretics</strong> - The major adverse effect is <strong>hyperkalemia</strong>. Spironolactone can also cause gynecomastia and menstrual disturbances.</p></p><p><p><strong style=""color: #CC0000;"">Carbonic anhydrase inhibitors</strong> - Acetazolamide mainly causes metabolic acidosis, bicarbonaturia, hypokalemia, and renal stone formation.</p></p><p><br></p><p><h3 style=""color: #0066CC;"">Key Concept:</h3></p><p><p>Thiazides can rarely cause <strong>hematologic adverse effects</strong>, including thrombocytopenia. For exams, thrombocytopenia is a recognized adverse effect of thiazides.</p></p><p><br></p><p><h3 style=""color: #8A2BE2;"">Mnemonic:</h3></p><p><p><strong>T = Thiazide = T = Thrombocytopenia</strong></p></p><p><br></p><p><h3 style=""color: #CC6600;"">Exam Trap:</h3></p><p><p>Remember this as a rare adverse effect. The common thiazide effects are <strong>hypokalemia, hyponatremia, hyperuricemia, hyperglycemia, hyperlipidemia, and hypercalcemia</strong>.</p></p>"
AMSA6N8S,Nephrology,182,Thiazides often reduce the excretion of:,Lithium ion,Sodium ion,Potassium ion,Chloride ion,Magnesium ion,A,
L4Z4YW2D,Nephrology,182,The most useful agent in the treatment of recurrent calcium stones is:,Hydrochlorothiazide,Furosemide,Spironolactone,Acetazolamide,Mannitol,A,
V9TL4BVF,Nephrology,182,An antihypertensive drug that increases triglyceride levels?,Thiazides,Loop diuretics,K-sparing diuretics,Osmotic diuretics,Carbonic anhydrase inhibitors,A,
DJN22T2Q,Nephrology,182,Digoxin toxicity is increased by:,Hydrochlorothiazide,Spironolactone,Acetazolamide,Mannitol,Amiloride,A,
FLVFWUS3,Nephrology,182,Therapeutic and toxic side effect of Loop diuretics is:,Low blood volume,High blood volume,Low blood pressure,High blood pressure,Hyperkalemia,A,
FGN2WGV3,Nephrology,183,Most imp buffer in blood:,HCO3,Phosphate,Proteins,Hemoglobin,Organic phosphates,A,
TJT6N7U7,Nephrology,183,What is the major Extracellular Buffer?,Bicarbonate (HCO3-),Phosphate,Proteins,Hemoglobin,Organic phosphates,A,
98P7D3BF,Nephrology,183,What is the minor Extracellular buffer (important in urine)?,Phosphate,Bicarbonate (HCO3-),Proteins,Hemoglobin,Organic phosphates,A,
TFP2BYUC,Nephrology,183,What is the major Intracellular buffer?,"Proteins (e.g., hemoglobin; deoxyhemoglobin > oxyhemoglobin)",Bicarbonate (HCO3-),Phosphate,Organic phosphates,Amino acids,A,
KNPXCWH2,Nephrology,183,What are other Intracellular buffers?,"Organic phosphates (AMP, ADP, ATP)",Bicarbonate (HCO3-),Proteins,Hemoglobin,Phosphate,A,
TA77L3RY,Nephrology,183,What is the primary blood/plasma buffer?,Bicarbonate (HCO3-),Phosphate (HPO4 2-),Ammonia (NH3),Proteins,Hemoglobin,A,
5LZM3XBM,Nephrology,183,What is the primary renal tubular/urinary buffer?,Phosphate (HPO4 2-),Bicarbonate (HCO3-),Ammonia (NH3),Proteins,Hemoglobin,A,
5G7AGFW5,Nephrology,183,Which buffer holds qualitative importance in the renal tubules?,Phosphate,Ammonia,Bicarbonate,Proteins,Hemoglobin,A,
UERVAJLC,Nephrology,183,Which buffer holds quantitative importance in the renal tubules?,Ammonia (NH3/NH4+),Phosphate,Bicarbonate,Proteins,Hemoglobin,A,
E2DYHZYZ,Nephrology,183,What is the exclusive renal buffer?,Ammonia,Phosphate,Bicarbonate,Proteins,Hemoglobin,A,
CWRPA9CP,Nephrology,183,Most important blood buffer:,HCO3,Phosphate,Ammonia,Protein,Hemoglobin,A,
QGHL7U2J,Nephrology,183,Main buffer of the blood:,HCO3,Phosphate,Ammonia,Protein,Hemoglobin,A,
H9BBXW6D,Nephrology,183,Highest proportion of which buffer is present in plasma:,HCO3,Phosphate,Ammonia,Protein,Hemoglobin,A,
T5UYNUAE,Nephrology,183,Highest proportion of which buffer is present in blood:,HCO3,Phosphate,Ammonia,Protein,Hemoglobin,A,
RL9XRQ9V,Nephrology,183,The most important buffer in blood is:,Bicarbonate,Phosphate,Ammonia,Protein,Hemoglobin,A,
NRWQ2MRC,Nephrology,183,Important Interstitial buffer:,Bicarbonate (HCO3),Phosphate,Ammonia,Protein,Hemoglobin,A,
4MAZMB93,Nephrology,183,Most important ECF buffer:,HCO3,Phosphate,Ammonia,Protein,Hemoglobin,A,
VF48S85U,Nephrology,183,Most important ICF buffer:,Protein,Bicarbonate,Phosphate,Ammonia,Hemoglobin,A,
U6HUYK5U,Nephrology,183,The body's intracellular buffer consists primarily of:,Protein,Bicarbonate,Phosphate,Ammonia,Hemoglobin,A,
MFREWBGB,Nephrology,183,Which buffer acts in DKA:,Bicarbonate,Phosphate,Ammonia,Protein,Hemoglobin,A,
QN6ZNLRT,Nephrology,183,"Buffer, exclusively of the renal tubule is:",Ammonia,Phosphate,Bicarbonate,Protein,Hemoglobin,A,
T9FKRAFR,Nephrology,183,The buffer system present exclusively in renal tubules is:,Ammonia buffer system,Phosphate buffer system,Bicarbonate buffer system,Protein buffer system,Hemoglobin buffer system,A,
WVPLZWBT,Nephrology,183,Ammonia is the best buffer in urine because:,NH4 is impermeable to tubules,NH3 is highly soluble,NH4 is easily reabsorbed,NH3 stimulates renin secretion,NH4 is actively transported into blood,A,
UJDAN5AL,Nephrology,183,Buffer of renal system:,Phosphate,Hemoglobin,Protein,Bicarbonate,Acetate,A,
EUJY7PW5,Nephrology,183,Hb acts as a buffer because:,It accepts H+,It donates H+,It accepts HCO3-,It donates HCO3-,It converts to methemoglobin,A,
XSVQFTQ6,Nephrology,183,Hemoglobin is a conjugated protein present in red blood cells. It functions as an important buffer as it accepts:,H+,HCO3-,CO2,O2,OH-,A,
GXUUTDEQ,Nephrology,183,The daily production of hydrogen ions from CO2 is primarily buffered by:,Red blood cell hemoglobin,Plasma bicarbonate,Renal ammonia,Bone phosphate,Plasma proteins,A,
DFWZ7PQM,Nephrology,183,Which amino acid of hemoglobin acts as buffer to acids and accepts H+ ions:,Histidine,Leucine,Valine,Glutamine,Arginine,A,
8AEM9VWV,Nephrology,183,Oxygen buffer function:,Negative feedback,Positive feedback,Feed-forward mechanism,Allosteric inhibition,Competitive antagonism,A,
LV9TY3YS,Nephrology,183,Oxygen buffering system mechanism:,Chemoreceptors,Baroreceptors,Osmoreceptors,Mechanoreceptors,Thermoreceptors,A,
7FWL2K7C,Nephrology,183,Buffer which is PRESENT in kidney but not in body fluids:,Ammonia,Phosphate,Bicarbonate,Protein,Hemoglobin,A,
NV8C3VKV,Nephrology,183,Which buffer is IMPORTANT in kidney but not in plasma:,Phosphate,Ammonia,Bicarbonate,Protein,Hemoglobin,A,
3VFXZ7SC,Nephrology,184,"A PT WITH CO2=44, PH= 7.33, HCO3=19, WHAT ACID BASE ABNORMALITY?",METABOLIC ACIDOSIS,METABOLIC ALKALOSIS,RESPIRATORY ACIDOSIS,RESPIRATORY ALKALOSIS,MIXED ACIDOSIS,A,
JMAYR9B5,Nephrology,184,Normal pH values range is:,7.35-7.45 (below 7.35 is acidic and above 7.45 is alkalosis),7.25-7.35 (below 7.25 is acidic and above 7.35 is alkalosis),7.40-7.50 (below 7.40 is acidic and above 7.50 is alkalosis),7.15-7.25 (below 7.15 is acidic and above 7.25 is alkalosis),7.30-7.50 (below 7.30 is acidic and above 7.50 is alkalosis),A,
4CZSM843,Nephrology,184,Normal CO2 values range is:,"35-45 (less than 35 alkalosis, and above 45 acidosis)","25-35 (less than 25 alkalosis, and above 35 acidosis)","45-55 (less than 45 alkalosis, and above 55 acidosis)","20-30 (less than 20 alkalosis, and above 30 acidosis)","40-50 (less than 40 alkalosis, and above 50 acidosis)",A,
23CVAAWD,Nephrology,184,Normal HCO3 values range is:,22-26 (below 22 acidosis and above 26 alkalosis),18-22 (below 18 acidosis and above 22 alkalosis),26-30 (below 26 acidosis and above 30 alkalosis),15-20 (below 15 acidosis and above 20 alkalosis),24-28 (below 24 acidosis and above 28 alkalosis),A,
XKL9R6Y8,Nephrology,184,"In Metabolic Acidosis, what are the pH, primary defect, and compensatory response?","pH ↓, Primary defect ↓HCO3, Compensatory response ↓PCO2","pH ↑, Primary defect ↑HCO3, Compensatory response ↑PCO2","pH ↓, Primary defect ↑PCO2, Compensatory response ↑HCO3","pH ↑, Primary defect ↓PCO2, Compensatory response ↓HCO3","pH ↓, Primary defect ↓PCO2, Compensatory response ↓HCO3",A,
32QWD2G4,Nephrology,184,"In Metabolic Alkalosis, what are the pH, primary defect, and compensatory response?","pH ↑, Primary defect ↑HCO3, Compensatory response ↑PCO2","pH ↓, Primary defect ↓HCO3, Compensatory response ↓PCO2","pH ↓, Primary defect ↑PCO2, Compensatory response ↑HCO3","pH ↑, Primary defect ↓PCO2, Compensatory response ↓HCO3","pH ↑, Primary defect ↑PCO2, Compensatory response ↑HCO3",A,
5XM4A8YK,Nephrology,184,"In Acute Respiratory Acidosis, what are the pH, primary defect, and compensatory response?","pH ↓, Primary defect ↑PCO2, Compensatory response ↑HCO3","pH ↑, Primary defect ↓PCO2, Compensatory response ↓HCO3","pH ↓, Primary defect ↓HCO3, Compensatory response ↓PCO2","pH ↑, Primary defect ↑HCO3, Compensatory response ↑PCO2","pH ↓, Primary defect ↓PCO2, Compensatory response ↓HCO3",A,
HJ3B4CRL,Nephrology,184,"In Chronic Respiratory Acidosis, what are the pH, primary defect, and compensatory response?","pH ↓, Primary defect ↑PCO2, Compensatory response ↑HCO3","pH ↑, Primary defect ↓PCO2, Compensatory response ↓HCO3","pH ↓, Primary defect ↓HCO3, Compensatory response ↓PCO2","pH ↑, Primary defect ↑HCO3, Compensatory response ↑PCO2","pH ↓, Primary defect ↓PCO2, Compensatory response ↓HCO3",A,
UGL3LRQM,Nephrology,184,"In Acute Respiratory Alkalosis, what are the pH, primary defect, and compensatory response?","pH ↑, Primary defect ↓PCO2, Compensatory response ↓HCO3","pH ↓, Primary defect ↑PCO2, Compensatory response ↑HCO3","pH ↓, Primary defect ↓HCO3, Compensatory response ↓PCO2","pH ↑, Primary defect ↑HCO3, Compensatory response ↑PCO2","pH ↑, Primary defect ↑PCO2, Compensatory response ↑HCO3",A,
2WA8G5XZ,Nephrology,184,"In Chronic Respiratory Alkalosis, what are the pH, primary defect, and compensatory response?","pH ↑, Primary defect ↓PCO2, Compensatory response ↓HCO3","pH ↓, Primary defect ↑PCO2, Compensatory response ↑HCO3","pH ↓, Primary defect ↓HCO3, Compensatory response ↓PCO2","pH ↑, Primary defect ↑HCO3, Compensatory response ↑PCO2","pH ↑, Primary defect ↑PCO2, Compensatory response ↑HCO3",A,
FZ9MGBL3,Nephrology,184,"In a state, where there is fall in pH of plasma, increase in Bicarbonate and increase in PCO2, there is:",Partially compensated respiratory acidosis,Uncompensated respiratory acidosis,Compensated metabolic acidosis,Uncompensated metabolic alkalosis,Partially compensated respiratory alkalosis,A,
GJWEWGNH,Nephrology,184,"(↓Ph, ↑Co2= respiratory acidosis, with compensation from renal by increasing bicarbonate, but as it fails to bring pH, towards normal so:",partially compensated respiratory acidosis),uncompensated respiratory acidosis),fully compensated respiratory acidosis),partially compensated metabolic acidosis),uncompensated metabolic acidosis),A,
WVFAAA4E,Nephrology,184,"Ph=7.32, Pco2=50, HCO3=24, increased anion gap. Diagnosis:",Respiratory acidosis,Respiratory alkalosis,Metabolic alkalosis,Mixed metabolic alkalosis and respiratory acidosis,Normal acid-base status,A,
JZAFAAJ5,Nephrology,184,"Patient came in ill condition. His ABGs shows pH 7.32, Pco2 60, HCO3 24, normal anion gap. Diagnosis:",Uncompensated respiratory acidosis,Partially compensated respiratory acidosis,Compensated metabolic acidosis,Uncompensated metabolic acidosis,Compensated respiratory acidosis,A,
U7525RD4,Nephrology,184,"Asthmatic patient with pH 7.31, HCO3 25, Pco2 48. Which is your diagnosis:",Respiratory acidosis uncompensated,Respiratory acidosis partially compensated,Respiratory alkalosis uncompensated,Metabolic acidosis uncompensated,Metabolic alkalosis partially compensated,A,
LXD4L9GT,Nephrology,184,"The most likely biochemical diagnosis for a patient with pH 7.37, PCO2 48 mmHg, and HCO3 30 mEq/l is:",Compensated respiratory acidosis,Uncompensated respiratory acidosis,Partially compensated respiratory acidosis,Compensated metabolic acidosis,Compensated respiratory alkalosis,A,
9XWF99MN,Nephrology,184,"ABGs showing pH 7.32, HCO3 35, PCO2 70 indicate:",Compensated respiratory acidosis,Uncompensated respiratory acidosis,Compensated metabolic alkalosis,Partially compensated metabolic acidosis,Uncompensated respiratory alkalosis,A,
9C29F953,Nephrology,184,"A 38 years old male patient presents to the medical clinic with cough, difficulty in breathing, and wheeze. He gives a history of asthmatic attacks in the past. His arterial blood gases showed pH = 7.32, [HCO3-] = 25 mEq/L, PCO2 = 50 mmHg. The most likely diagnosis is:",respiratory acidosis without renal compensation.,respiratory acidosis with complete renal compensation.,metabolic acidosis without respiratory compensation.,respiratory alkalosis without renal compensation.,metabolic alkalosis with complete respiratory compensation.,A,
KVGNTHDD,Nephrology,184,Which remains normal in chronic respiratory acidosis:,H+ concentration remains normal,HCO3 concentration remains normal,PCO2 remains normal,Alveolar ventilation remains normal,Anion gap remains normal,A,
RFSXND7X,Nephrology,184,"Patient has chronic respiratory acidosis. For every 10 rises in CO2, the compensatory rise in HCO3:",4,1,2,3,5,A,
FANBAMYQ,Nephrology,184,"In a patient with CO2=44, pH=7.30, and HCO3=19, the acid-base abnormality is:",Metabolic acidosis,Metabolic alkalosis,Respiratory acidosis,Respiratory alkalosis,Mixed acidosis,A,
U78GH4G6,Nephrology,184,"A patient with CO2 = 44, pH = 7.30, HCO3 = 19. What acid-base abnormality?",Metabolic acidosis,Metabolic alkalosis,Respiratory acidosis,Respiratory alkalosis,Mixed acidosis,A,
UDU2NTKZ,Nephrology,184,"A patient with CO2 39, pH = 7.30, HCO3 = 14. The acid-base abnormality is:",Metabolic acidosis,Metabolic alkalosis,Respiratory acidosis,Respiratory alkalosis,Mixed acidosis,A,
L66K2PDV,Nephrology,184,"ABGs showing pH 7.3, pCO2 38, HCO3 17 suggest:",Partially compensated metabolic acidosis,Uncompensated metabolic acidosis,Compensated metabolic acidosis,Partially compensated respiratory acidosis,Uncompensated respiratory acidosis,A,
4QFYVKZR,Nephrology,184,"ABGs show pH 7.32, pCO2 20, pO2 90, HCO3 18. The acid-base disorder is:",Partially compensated metabolic acidosis,Uncompensated metabolic acidosis,Compensated metabolic acidosis,Partially compensated respiratory alkalosis,Uncompensated respiratory alkalosis,A,
LWMDR6KL,Nephrology,184,"A patient enters the emergency room exhibiting signs of hypoxia. Lab values while breathing room air are PaO2 95 mmHg, PaCO2 30 mmHg, pH 7.36, HCO3 16 mEq/L, Hb 15 gm%, SaO2 40%, PCO2 40 mmHg, Cardiac Output 6 liters/min. The most likely acid-base status of the patient is:",Compensated metabolic acidosis,Uncompensated metabolic acidosis,Partially compensated metabolic acidosis,Compensated respiratory alkalosis,Uncompensated respiratory alkalosis,A,
4QT69CPQ,Nephrology,184,PH 7.36; HCO3 16 and pCO2 30. Which condition:,Compensated metabolic acidosis,Uncompensated metabolic acidosis,Partially compensated metabolic acidosis,Compensated respiratory alkalosis,Uncompensated respiratory alkalosis,A,
3HLM8HNN,Nephrology,184,"Blood gas analysis of patient showing PH 7.5, HCO3 32 and pCO2 40. What is the condition he is in:",Uncompensated metabolic alkalosis,Compensated metabolic alkalosis,Partially compensated metabolic alkalosis,Uncompensated respiratory alkalosis,Compensated respiratory alkalosis,A,
DVYMJNJ6,Nephrology,184,"ABGs showing pH 7.50, pCO2 50, pO2 95, and HCO3 30 indicates:",Partially compensated metabolic alkalosis,Uncompensated metabolic alkalosis,Compensated metabolic alkalosis,Partially compensated respiratory acidosis,Uncompensated respiratory acidosis,A,
F23TDH7J,Nephrology,184,"ABG with pH 7.5, pCO2 40, HCO3 30 indicates:",Uncompensated metabolic alkalosis,Partially compensated metabolic alkalosis,Compensated metabolic alkalosis,Uncompensated respiratory alkalosis,Partially compensated respiratory alkalosis,A,
E3WZ3JVT,Nephrology,184,Cut off value for metabolic alkalosis is HCO3:,More than 26,More than 24,More than 22,More than 28,More than 30,A,
PAANZKLS,Nephrology,184,Diagnostic Value for metabolic alkalosis is:,HCO3 > 24 (normal midvalue of HCO3),HCO3 > 26 (upper limit value of HCO3),HCO3 > 22 (lower limit value of HCO3),HCO3 > 20 (severe alkalosis limit),HCO3 > 28 (chronic alkalosis limit),A,
BL2YWWYX,Nephrology,184,"In chronic respiratory acidosis, what is almost equal to normal in blood?",Alveolar ventilation,Bicarbonate concentration,Hydrogen ion concentration,Partial pressure of carbon dioxide,Anion gap,A,
HBVEDKZN,Nephrology,184,"In chronic respiratory acidosis, how much HCO3 rises occurs for every 10 mmHg rise in pCO2?",3 mmol/L,1 mmol/L,2 mmol/L,4 mmol/L,5 mmol/L,A,
REDVYUD6,Nephrology,184,Respiratory acidosis is primarily caused by:,Hypoventilation,Hyperventilation,Renal tubular dysfunction,Diarrhea,Vomiting,A,
YEFH4M2V,Nephrology,184,"Hyperventilation, normal CT head, ABG shows pH 7.4, pCO2 30, HCO3 18. Diagnosis?",Compensatory respiratory alkalosis,Uncompensated respiratory alkalosis,Compensated metabolic acidosis,Uncompensated metabolic acidosis,Mixed respiratory and metabolic acidosis,A,
T646FHSH,Nephrology,184,"The most likely biochemical state in a patient with pH 7.4, PO2 62 mmHg, and PCO2 31 mmHg is:",Compensated respiratory alkalosis,Uncompensated respiratory alkalosis,Compensated metabolic acidosis,Uncompensated metabolic acidosis,Partially compensated respiratory alkalosis,A,
WJDBGGAF,Nephrology,184,"A patient had a car accident but didn't get any external injuries. His pH is 7.5, PCO2 is 20mmHg, and HCO3 is 20mmHg:",Respiratory alkalosis,Respiratory acidosis,Metabolic alkalosis,Metabolic acidosis,Mixed alkalosis,A,
ESSDARWR,Nephrology,184,A resident living at 12000 feet altitude complains of illness. What is the diagnosis:,Respiratory alkalosis,Respiratory acidosis,Metabolic alkalosis,Metabolic acidosis,Mixed acidosis,A,
8KAEKUSA,Nephrology,184,"The ABGs of a patient in ICU are as follows: pH 7.25, pCO2 60, HCO3 16, pO2 70. Diagnosis:",Mixed respiratory metabolic acidosis,Compensated respiratory acidosis,Uncompensated metabolic acidosis,Compensated metabolic acidosis,Partially compensated respiratory acidosis,A,
TLF68TLJ,Nephrology,184,"A patient with pH 7.2, HCO3 16, and PCO2 50mmHg likely has:",Mixed metabolic acidosis with respiratory acidosis,Compensated respiratory acidosis,Uncompensated metabolic acidosis,Compensated metabolic acidosis,Partially compensated respiratory acidosis,A,
XVXRX7XB,Nephrology,184,"ABGs of a patient are pH 6.73, HCO3 10, PCO2 66. The possible diagnosis is:",Mixed acidosis (metabolic and respiratory both),Severe uncompensated metabolic acidosis,Severe uncompensated respiratory acidosis,Compensated metabolic acidosis,Compensated respiratory acidosis,A,
7YWFFHWA,Nephrology,184,"COPD patient with acute diarrhea and ABGs showing pH 7.12, CO2 50, and HCO3 7 has:",Mixed acidosis,Compensated respiratory acidosis,Uncompensated metabolic acidosis,Compensated metabolic acidosis,Uncompensated respiratory acidosis,A,
GLGGEMEC,Nephrology,184,"A pt with severe vomiting and diarrhea for 1 day presented with tachypnea and respiratory rate 22, hypotension. Labs showed hypochloremia, hyponatremia, and hypokalemia. What is the diagnosis:",Metabolic acidosis,Metabolic alkalosis,Respiratory acidosis,Respiratory alkalosis,Mixed respiratory and metabolic alkalosis,A,
P97GDATM,Nephrology,184,"A patient with severe vomiting, diarrhea, and electrolyte imbalance with hypochloremia and hyponatremia has:",Metabolic acidosis,Metabolic alkalosis,Respiratory acidosis,Respiratory alkalosis,Mixed alkalosis,A,
48LUF6FC,Nephrology,184,"Long scenario, but PCO2 will be decreased to compensate for:",Metabolic acidosis,Metabolic alkalosis,Respiratory acidosis,Respiratory alkalosis,Mixed acidosis,A,
DELLF9JZ,Nephrology,184,A person breathing into a paper bag. What will cause hyperventilation:,Increase arterial CO2,Decrease arterial CO2,Increase arterial O2,Decrease arterial O2,Increase arterial HCO3,A,
Y2C7DPYH,Nephrology,184,Blood for Arterial pH is taken from:,Arterial blood in heparinized tube,Venous blood in EDTA tube,Arterial blood in citrate tube,Venous blood in plain tube,Capillary blood in fluoride tube,A,
VHMYP6TV,Nephrology,184,"Effect of acidosis on body, body will counteract to it by:",Hyperventilation,Hypoventilation,Decreased renal acid excretion,Increased renal bicarbonate excretion,Decreased cardiac output,A,
FM6RMGCW,Nephrology,184,What is the body response to acidosis:,Increase respiration,Decrease respiration,Increase heart rate exclusively,Decrease renal ammonia synthesis,Increase renal bicarbonate excretion,A,
DC2AGHYV,Nephrology,184,Which of the following is the effect of acidosis on the body:,Increased respiration,Decreased respiration,Increased bicarbonate excretion,Decreased ammonia synthesis,Increased urine pH,A,
6932YMCA,Nephrology,184,The major effect of acidosis on the body is:,Depression of central nervous system,Excitation of central nervous system,Increased gastric acid secretion,Decreased bone resorption,Increased muscle contractility,A,
MPVXXRFX,Nephrology,184,"In metabolic acidosis, how is renal compensation done:",Inc. Glutamine absorption,Dec. Glutamine absorption,Inc. Glucose absorption,Dec. Glucose absorption,Inc. Bicarbonate secretion,A,
DS6CUX8R,Nephrology,184,"In metabolic acidosis, the kidneys absorb more glutamine from the bloodstream, facilitating its breakdown to:",Ammonium and bicarbonate,Urea and bicarbonate,Ammonium and chloride,Urea and chloride,Ammonium and phosphate,A,
GHRQKFE5,Nephrology,184,"In metabolic acidosis, the kidneys break down glutamine into:",Ammonium (NH4+) and bicarbonate (HCO3-),Urea and bicarbonate (HCO3-),Ammonia (NH3) and chloride (Cl-),Urea and hydrogen (H+),Ammonium (NH4+) and phosphate (PO4 3-),A,
EN32WCT5,Nephrology,184,Ammonium (NH4+) is excreted in the urine to remove:,Excess H+ ions,Excess Na+ ions,Excess K+ ions,Excess HCO3- ions,Excess Cl- ions,A,
JAVLSRAQ,Nephrology,184,Bicarbonate (HCO3-) is reabsorbed into the blood to:,Buffer the acidosis,Buffer the alkalosis,Increase the anion gap,Decrease the anion gap,Increase urinary pH,A,
KRCRFQ2R,Nephrology,184,Metabolic acidosis regulation of kidneys is by:,H+ loss,H+ retention,HCO3- loss,Na+ loss,K+ retention,A,
L7UZ89A7,Nephrology,184,"During chronic metabolic acidosis caused by persistent diarrhea, the condition that does NOT occur is:",The urinary pH will be increased,The urinary pH will be decreased,Ammonium excretion will be increased,Titratable acid excretion will be increased,Plasma bicarbonate will be decreased,A,
6VKF7V7Q,Nephrology,184,"In metabolic acidosis, urinary pH decreases because:",The kidneys excrete more H+ ions,The kidneys reabsorb more H+ ions,The kidneys excrete more HCO3- ions,The kidneys reabsorb more HCO3- ions,The kidneys excrete more Na+ ions,A,
RD23N6WC,Nephrology,184,Renal correction of acute hyperkalemia will result in:,Acidosis,Alkalosis,Hyponatremia,Hypernatremia,Hypocalcemia,A,
XB3P375X,Nephrology,184,The vital renal defense against respiratory alkalosis is:,Increased secretion of NaHCO3,Decreased secretion of NaHCO3,Increased secretion of H+,Decreased secretion of H+,Increased secretion of NH4+,A,
MCL7GZGZ,Nephrology,184,Volatile acid compensation involves:,Bicarbonate system of kidney,Phosphate system of kidney,Ammonia system of kidney,Protein system of liver,Hemoglobin system of RBCs,A,
Y9JJECKG,Nephrology,184,Metabolic acidosis is associated with:,Hyperkalemia,Hypokalemia,Hypernatremia,Hyponatremia,Hypercalcemia,A,
FT37CPGC,Nephrology,184,"In a diabetic patient, acidosis is produced due to:",Decreased HCO3,Increased HCO3,Decreased PCO2,Increased PCO2,Decreased H+,A,
QDZBBETK,Nephrology,184,Decreased HCO3 is associated with:,Metabolic acidosis,Metabolic alkalosis,Respiratory acidosis,Respiratory alkalosis,Normal acid-base balance,A,
8Z9UGQV3,Nephrology,185,Anion Gap is the difference between:,Measured cation and measured anion,Unmeasured cation and unmeasured anion,Measured cation and unmeasured anion,Unmeasured cation and measured anion,Measured sodium and measured potassium,A,
7LW2J7C3,Nephrology,185,What is the formula for Anion Gap (without K)?,Na - (Cl + HCO3),Na + (Cl + HCO3),Na - (Cl - HCO3),(Na + K) - (Cl + HCO3),(Na - Cl) + HCO3,A,
V4GF25ZE,Nephrology,185,What is the formula for Anion Gap (with K)?,(Na + K) - (Cl + HCO3),Na - (Cl + HCO3),(Na + K) + (Cl + HCO3),(Na - K) - (Cl + HCO3),(Na + Cl) - (K + HCO3),A,
SX6A8DXA,Nephrology,185,"Calculate the anion gap HCO3 15, Na 135, Cl 100 and K+ 4:",24,20,16,12,28,A,
SHRTCXKM,Nephrology,185,Also remember that in diarrhea:,Metabolic acidosis with normal anion gap occurs,Metabolic acidosis with high anion gap occurs,Metabolic alkalosis with normal anion gap occurs,Metabolic alkalosis with high anion gap occurs,Respiratory acidosis occurs,A,
UYAY3BMM,Nephrology,185,Severe diarrhea leads to:,Metabolic acidosis with normal anion gap,Metabolic acidosis with high anion gap,Metabolic alkalosis with normal anion gap,Metabolic alkalosis with high anion gap,Respiratory acidosis,A,
LPXXZ56U,Nephrology,185,A patient with severe diarrhea may develop:,Metabolic acidosis with normal anion gap,Metabolic acidosis with high anion gap,Metabolic alkalosis with normal anion gap,Metabolic alkalosis with high anion gap,Respiratory acidosis,A,
GGEET95X,Nephrology,186,Respiratory acidosis cause:,Barbiturates poisoning,Salicylate poisoning,Methanol poisoning,Ethylene glycol poisoning,Carbon monoxide poisoning,A,
G8TQNSBJ,Nephrology,186,Which of the following causes Metabolic Acidosis with increased Anion gap (> 12 mEq/L)?,Methanol (formic acid),Carbonic anhydrase inhibitor,Hyperalimentation,Addison disease,Diarrhea,A,
UZPLQLPM,Nephrology,186,Which of the following causes Metabolic Acidosis with increased Anion gap (> 12 mEq/L)?,Uremia,Renal tubular acidosis,Acetazolamide,Spironolactone,Saline infusion,A,
YWEXFBDG,Nephrology,186,Which of the following causes Metabolic Acidosis with increased Anion gap (> 12 mEq/L)?,Diabetic ketoacidosis,Carbonic anhydrase inhibitor,Hyperalimentation,Addison disease,Diarrhea,A,
GMCTUVMP,Nephrology,186,Which of the following causes Metabolic Acidosis with increased Anion gap (> 12 mEq/L)?,Propylene glycol,Renal tubular acidosis,Acetazolamide,Spironolactone,Saline infusion,A,
2CXDPUYQ,Nephrology,186,Which of the following causes Metabolic Acidosis with increased Anion gap (> 12 mEq/L)?,Iron tablets or INH,Carbonic anhydrase inhibitor,Hyperalimentation,Addison disease,Diarrhea,A,
EVJ5QH2D,Nephrology,186,Which of the following causes Metabolic Acidosis with increased Anion gap (> 12 mEq/L)?,Lactic acidosis,Renal tubular acidosis,Acetazolamide,Spironolactone,Saline infusion,A,
LDSEH3EP,Nephrology,186,Which of the following causes Metabolic Acidosis with increased Anion gap (> 12 mEq/L)?,Ethylene glycol,Carbonic anhydrase inhibitor,Hyperalimentation,Addison disease,Diarrhea,A,
3WQAH5VM,Nephrology,186,Which of the following causes Metabolic Acidosis with increased Anion gap (> 12 mEq/L)?,Salicylates (late),Renal tubular acidosis,Acetazolamide,Spironolactone,Saline infusion,A,
LPL2J48U,Nephrology,186,Which of the following causes Metabolic Acidosis with normal anion gap (8-12 mEq/L)?,Carbonic anhydrase inhibitor,Methanol (formic acid),Uremia,Diabetic ketoacidosis,Propylene glycol,A,
ZU38R6V6,Nephrology,186,Which of the following causes Metabolic Acidosis with normal anion gap (8-12 mEq/L)?,Hyperalimentation,Iron tablets or INH,Lactic acidosis,Ethylene glycol,Salicylates (late),A,
ULRZKL6E,Nephrology,186,Which of the following causes Metabolic Acidosis with normal anion gap (8-12 mEq/L)?,Addison disease,Methanol (formic acid),Uremia,Diabetic ketoacidosis,Propylene glycol,A,
2T9LQB5H,Nephrology,186,Which of the following causes Metabolic Acidosis with normal anion gap (8-12 mEq/L)?,Renal tubular acidosis,Iron tablets or INH,Lactic acidosis,Ethylene glycol,Salicylates (late),A,
5TLYVXGS,Nephrology,186,Which of the following causes Metabolic Acidosis with normal anion gap (8-12 mEq/L)?,Diarrhea,Methanol (formic acid),Uremia,Diabetic ketoacidosis,Propylene glycol,A,
FZCDZFQF,Nephrology,186,Which of the following causes Metabolic Acidosis with normal anion gap (8-12 mEq/L)?,Acetazolamide,Iron tablets or INH,Lactic acidosis,Ethylene glycol,Salicylates (late),A,
QCNAGPJL,Nephrology,186,Which of the following causes Metabolic Acidosis with normal anion gap (8-12 mEq/L)?,Spironolactone,Methanol (formic acid),Uremia,Diabetic ketoacidosis,Propylene glycol,A,
SXVGRDK3,Nephrology,186,Which of the following causes Metabolic Acidosis with normal anion gap (8-12 mEq/L)?,Saline infusion,Iron tablets or INH,Lactic acidosis,Ethylene glycol,Salicylates (late),A,
CNEYQQX6,Nephrology,186,Which of the following causes Metabolic Alkalosis?,Loop diuretics,Airway obstruction,Hysteria,Methanol (formic acid),Diarrhea,A,
AYNU8ZXS,Nephrology,186,Which of the following causes Metabolic Alkalosis?,Vomiting (hyperemesis gravidarum),Acute lung disease,"Hypoxemia (e.g., high altitude)",Uremia,Acetazolamide,A,
VJM8MU8X,Nephrology,186,Which of the following causes Metabolic Alkalosis?,Antacid use,Chronic lung disease,Salicylates (early),Diabetic ketoacidosis,Spironolactone,A,
DNBM2TJ6,Nephrology,186,Which of the following causes Metabolic Alkalosis?,Conn's syndrome (Primary Hyperaldosteronism),"Opioids, sedatives",Tumor,Propylene glycol,Saline infusion,A,
YSYYL6ER,Nephrology,186,Which of the following causes Respiratory Acidosis?,Airway obstruction,Loop diuretics,Hysteria,Methanol (formic acid),Diarrhea,A,
62EXY8F4,Nephrology,186,Which of the following causes Respiratory Acidosis?,Acute lung disease,Vomiting (hyperemesis gravidarum),"Hypoxemia (e.g., high altitude)",Uremia,Acetazolamide,A,
CQ358948,Nephrology,186,Which of the following causes Respiratory Acidosis?,Chronic lung disease,Antacid use,Salicylates (early),Diabetic ketoacidosis,Spironolactone,A,
JQY6CL9D,Nephrology,186,Which of the following causes Respiratory Acidosis?,"Opioids, sedatives",Conn's syndrome (Primary Hyperaldosteronism),Tumor,Propylene glycol,Saline infusion,A,
ALG8BUH5,Nephrology,186,Which of the following causes Respiratory Acidosis?,Weakening of respiratory muscles,Loop diuretics,Pulmonary embolism,Iron tablets or INH,Carbonic anhydrase inhibitor,A,
EMEXXYS9,Nephrology,186,Which of the following causes Respiratory Alkalosis?,Hysteria,Loop diuretics,Airway obstruction,Methanol (formic acid),Diarrhea,A,
LK4QDN69,Nephrology,186,Which of the following causes Respiratory Alkalosis?,"Hypoxemia (e.g., high altitude)",Vomiting (hyperemesis gravidarum),Acute lung disease,Uremia,Acetazolamide,A,
JG48WHCL,Nephrology,186,Which of the following causes Respiratory Alkalosis?,Salicylates (early),Antacid use,Chronic lung disease,Diabetic ketoacidosis,Spironolactone,A,
AYRX2BFA,Nephrology,186,Which of the following causes Respiratory Alkalosis?,Tumor,Conn's syndrome (Primary Hyperaldosteronism),"Opioids, sedatives",Propylene glycol,Saline infusion,A,
QY9WEUET,Nephrology,186,Which of the following causes Respiratory Alkalosis?,Pulmonary embolism,Weakening of respiratory muscles,Loop diuretics,Iron tablets or INH,Carbonic anhydrase inhibitor,A,
4TBNWS5Y,Nephrology,186,Which of the following occurs in severe diarrhea?,Hyponatremia (no option of metabolic acidosis),Hypernatremia,Hyperkalemia,Metabolic alkalosis,Respiratory acidosis,A,
SKGK9C6L,Nephrology,186,"In severe diarrhea, what happens to electrolytes in the body:",Decreased Na+,Increased Na+,Increased K+,Increased Cl-,Decreased Ca2+,A,
QNH9L8QB,Nephrology,186,A 39-year-old patient suffering from severe diarrhea characteristically has:,Decreased sodium content of body,Increased sodium content of body,Decreased potassium content of body,Increased potassium content of body,No change in sodium content of body,A,
F8RJT6FS,Nephrology,186,Metabolic acidosis is due to:,Excessive use of carbonic anhydrase inhibitor,Excessive use of loop diuretics,Excessive use of thiazide diuretics,Excessive vomiting,Conn's syndrome,A,
FSS2J8TW,Nephrology,186,Acidosis with normal anion gap can be caused by:,Carbonic anhydrase inhibitor,Methanol toxicity,Diabetic ketoacidosis,Lactic acidosis,Salicylate overdose,A,
PPCKHPEE,Nephrology,186,Hyperchloremic metabolic acidosis is caused by:,Acetazolamide,Furosemide,Hydrochlorothiazide,Spironolactone,Mannitol,A,
JVU858VL,Nephrology,186,Regarding Muscle fatigue will lead to:,Lactic acidosis,Respiratory acidosis,Metabolic alkalosis,Respiratory alkalosis,Diabetic ketoacidosis,A,
FVG597KN,Nephrology,186,Which drug should be stopped 24 hours before surgery to prevent lactic acidosis:,Metformin,Glipizide,Insulin,Acarbose,Pioglitazone,A,
47FETB4Q,Nephrology,186,The anti-hyperglycemic drug that can lead to lactic acidosis if not stopped before surgery is?,Metformin,Glibenclamide,Sitagliptin,Exenatide,Dapagliflozin,A,
ZHAFTU6Y,Nephrology,186,Which of these can cause acidosis:,Diabetes,Hypothyroidism,Hyperthyroidism,Cushing's syndrome,Acromegaly,A,
NZ6T4LX8,Nephrology,186,Hypokalemic metabolic alkalosis along with expansion of extracellular fluid volume is seen due to:,Conn's syndrome,Addison's disease,Diabetic ketoacidosis,Renal tubular acidosis,Diarrhea,A,
YXW563UF,Nephrology,186,Metabolic alkalosis caused by?,CRF,Diarrhea,Renal tubular acidosis,Acetazolamide,Spironolactone,A,
TXA8EB8B,Nephrology,186,A pregnant lady presented to you with hyperemesis gravidarum and Alkalosis. Which electrolyte abnormality is she likely to have:,Hypokalemia,Hyperkalemia,Hyponatremia,Hypernatremia,Hypercalcemia,A,
C9T5B7XV,Nephrology,186,Hyperemesis gravidarum along with hypokalemia leads to:,Metabolic alkalosis,Metabolic acidosis,Respiratory alkalosis,Respiratory acidosis,Mixed acidosis,A,
LSXJWVZ8,Nephrology,186,"Hyper emesis gravidum, metabolic alkalosis. What is the outcome:",Hypokalemia,Hyperkalemia,Hyponatremia,Hypernatremia,Hypercalcemia,A,
AF9ESRHD,Nephrology,186,"A 25-year-old woman is admitted to the hospital with a 4 months history of malaise and generalized muscle cramps. Laboratory investigations reveal serum sodium = 145 mmol/L, serum potassium = 2.0 mmol/L, serum bicarbonate = 40 mmol/L, and arterial pH = 7.5. The most likely cause of this patient's hypokalemia and alkalosis would be:",hyperaldosteronism.,hypoaldosteronism.,diabetic ketoacidosis.,renal tubular acidosis.,chronic diarrhea.,A,
M9MPK6EX,Nephrology,186,Metabolic alkalosis occurs in:,Hyperaldosteronism,Hypoaldosteronism,Addison's disease,Renal tubular acidosis,Diarrhea,A,
JVEESHMQ,Nephrology,186,Drug causing Metabolic alkalosis:,Thiazide,Acetazolamide,Spironolactone,Metformin,Insulin,A,
P749Y3H5,Nephrology,186,Which of the following is a common cause of respiratory alkalosis:,High altitude,Airway obstruction,COPD,Opioid overdose,Myasthenia gravis,A,
SJ8QUBJE,Nephrology,186,Respiratory acidosis occurs in body during:,Drowning,High altitude exposure,Hyperventilation syndrome,Panic attack,Salicylate toxicity (early),A,
KAVJT3UY,Nephrology,186,Asthma causes:,Respiratory acidosis,Respiratory alkalosis,Metabolic acidosis,Metabolic alkalosis,Mixed metabolic and respiratory alkalosis,A,
GD72H7WZ,Nephrology,186,Hyperchloremic metabolic acidosis is associated with:,Acetazolamide,Thiazide,Loop diuretics,Spironolactone,Amiloride,A,
VC8LYB25,Nephrology,186,Hypochloremic Metabolic Alkalosis is associated with:,Thiazide and Loop,Acetazolamide and Spironolactone,Mannitol and Urea,Metformin and Insulin,ACE inhibitors and ARBs,A,
TBPCFVS9,Nephrology,187,A PATIENT AFTER TAKING AN ANALGESIC OVERDOSE EXPERIENCED HYPERVENTILATION TACHYCARDIA AND METABOLIC ACIDOSIS. THE MOST LIKELY DRUG IS:,ACETYL SALICYLIC,PARACETAMOL,IBUPROFEN,MORPHINE,CODEINE,A,
V75UWHBB,Nephrology,187,"In the early stage of salicylate toxicity, what is observed?",Respiratory alkalosis (due to hyperventilation).,Metabolic acidosis (due to hyperventilation).,Respiratory acidosis (due to hypoventilation).,Metabolic alkalosis (due to vomiting).,Mixed respiratory and metabolic acidosis.,A,
5JZHRQU6,Nephrology,187,"In the late stage of salicylate toxicity, what is observed?",Metabolic acidosis (due to salicylate accumulation and lactic acid production).,Respiratory alkalosis (due to hyperventilation).,Metabolic alkalosis (due to vomiting).,Respiratory acidosis (due to respiratory depression).,Mixed respiratory and metabolic alkalosis.,A,
9GRC4W56,Nephrology,187,Aspirin overdose results in:,Alkalosis,Acidosis exclusively,Neutral pH,Hypokalemia alone,Hypernatremia alone,A,
R3RUHGDB,Nephrology,187,Aspirin overdose causes?,Respiratory alkalosis,Respiratory acidosis,Metabolic alkalosis,Hypoventilation,Bradycardia,A,
WXSDUXG3,Nephrology,187,"A 30-year-old patient was brought to the medical emergency with the symptoms of nausea, vomiting, hyperventilation, and acidosis. There was a history of analgesic overdoses. The analgesic most likely is:",Salicylates,Paracetamol,Ibuprofen,Naproxen,Diclofenac,A,
SKHGD8XD,Nephrology,187,"A patient after taking an analgesic overdose experienced hyperventilation, tachycardia, and metabolic acidosis. The most likely drug is:",Acetylsalicylic acid,Paracetamol,Ibuprofen,Naproxen,Diclofenac,A,
NFA2WTZW,Nephrology,188,"In diabetic nephropathy, what will be indicate that nephropathy has occurred?",Micro albuminuria,Macro albuminuria,Hematuria,Pyuria,Glucosuria,A,
X23D2X3P,Nephrology,188,What is the most common cause of nephrotic syndrome in children?,Minimal change disease,Membranous glomerulonephritis,Focal segmental glomerulosclerosis,Diabetic nephropathy,IgA nephropathy,A,
FRVYXCWZ,Nephrology,188,Which nephrotic syndrome has an excellent response to corticosteroids?,Minimal change disease,Membranous glomerulonephritis,Focal segmental glomerulosclerosis,Diabetic nephropathy,Renal Amyloidosis,A,
GG98AWHU,Nephrology,188,Which nephrotic syndrome is characterized by selective proteinuria?,Minimal change disease,Membranous glomerulonephritis,Focal segmental glomerulosclerosis,Diabetic nephropathy,Renal Amyloidosis,A,
FEFZTCNV,Nephrology,188,What is the most common cause of nephrotic syndrome in adults?,Membranous glomerulonephritis,Minimal change disease,Focal segmental glomerulosclerosis,Diabetic nephropathy,IgA nephropathy,A,
X8DXRCLV,Nephrology,188,Which nephrotic syndrome has a poor response to corticosteroids?,Membranous glomerulonephritis,Minimal change disease,Acute post streptococcal glomerulonephritis,IgA nephropathy,Alport syndrome,A,
E7WGS365,Nephrology,188,Which nephrotic syndrome is more common in African Americans and is associated with HIV?,Focal segmental glomerulosclerosis,Minimal change disease,Membranous glomerulonephritis,Diabetic nephropathy,Renal Amyloidosis,A,
DRBWT5NP,Nephrology,188,Kimmelstiel-Wilson nodules are characteristic of:,Diabetic nephropathy,Minimal change disease,Membranous glomerulonephritis,Focal segmental glomerulosclerosis,Renal Amyloidosis,A,
QEATC4KW,Nephrology,188,What is the diagnostic test for diabetic nephropathy?,Urine albumin (microalbuminuria),Urine glucose,Urine ketones,Urine red blood cells,Urine white blood cells,A,
XZA55A69,Nephrology,188,What condition refers to the accumulation of insoluble fibrillar proteins that form β-pleated sheaths?,Renal Amyloidosis,Diabetic nephropathy,Minimal change disease,Membranous glomerulonephritis,Focal segmental glomerulosclerosis,A,
8DMNHCUS,Nephrology,188,"Under Light Microscopy, what does Congo red stain show in Renal Amyloidosis?",Apple-green birefringence,Red-orange fluorescence,Blue-black deposits,Yellow-green fluorescence,Brown-black granules,A,
3KKRYSQG,Nephrology,188,What is the most common type of post-infectious glomerulonephritis in children's?,Acute post streptococcal glomerulonephritis,Rapidly progressive glomerulonephritis,IgA nephropathy,Membranous glomerulonephritis,Minimal change disease,A,
2PCVYDDT,Nephrology,188,Acute post streptococcal glomerulonephritis occurs 1-4 weeks after a sore throat caused by:,Group A β-hemolytic streptococci,Staphylococcus aureus,Haemophilus influenzae,Streptococcus pneumoniae,Neisseria meningitidis,A,
X8W7HBQZ,Nephrology,188,"Which syndrome presents with sudden onset of fever, oliguria, hematuria (cocoa-colored urine)?",Acute post streptococcal glomerulonephritis,Minimal change disease,Membranous glomerulonephritis,Diabetic nephropathy,Renal Amyloidosis,A,
85JVJF2F,Nephrology,188,"In Acute post streptococcal glomerulonephritis, what are the characteristic lab findings regarding C3 and ASO?","Serum C3 decreased, ASO titers elevated","Serum C3 elevated, ASO titers decreased","Serum C3 normal, ASO titers normal","Serum C3 decreased, ASO titers normal","Serum C3 elevated, ASO titers elevated",A,
YJRGRRRR,Nephrology,188,Rapidly progressive (crescentic) glomerulonephritis is characterized by:,Crescent shape glomerulonephritis,Spike and dome appearance,Kimmelstiel-Wilson nodules,Apple-green birefringence,Effacement of podocyte foot processes,A,
G2BN5UZ8,Nephrology,188,"Which disease pattern involves antibodies against GBM and alveolar basement membrane, IgG deposits on renal biopsy, and involves lung and renal vessels?",Goodpasture syndrome,Wegener's glomerulonephritis,IgA nephropathy,Alport syndrome,Acute post streptococcal glomerulonephritis,A,
T5DA9LLB,Nephrology,188,"Which disease pattern involves necrotizing medium sized small vessel vasculitis and involves upper respiratory tract, lung, and renal vessels?",Wegener's glomerulonephritis,Goodpasture syndrome,IgA nephropathy,Alport syndrome,Acute post streptococcal glomerulonephritis,A,
R4T8ETAB,Nephrology,188,"Which condition presents with recurrent episodes of hematuria following upper RTI or GI infections, occurring 1-2 days after infection?",IgA nephropathy (Berger disease),Acute post streptococcal glomerulonephritis,Rapidly progressive glomerulonephritis,Alport syndrome,Minimal change disease,A,
WKE93CDG,Nephrology,188,Alport syndrome is due to an abnormal:,Collagen type IV,Collagen type I,Collagen type II,Collagen type III,Fibrillin-1,A,
8XGV5XHH,Nephrology,188,"Which condition is associated with the mnemonic: ""can't see, can't pee, and can't hear a bee,"" representing eye problems, glomerulonephritis, and sensorineural deafness?",Alport syndrome,IgA nephropathy,Goodpasture syndrome,Wegener's glomerulonephritis,Renal Amyloidosis,A,
EK2QS734,Nephrology,188,The microscopic findings of Minimal change disease are:,Effacement of podocyte foot processes,Subepithelial humps,Mesangial IgA deposits,Linear IgG deposits on GBM,Crescent formation,A,
66ECDGU4,Nephrology,188,Features of minimal change disease include:,Proteinuria >3.5g/day,Hematuria,Hypertension,Renal failure,Low serum complement,A,
YUAZFAXM,Nephrology,188,Minimal change disease of kidney primarily presents with:,Proteinuria,Hematuria,Pyuria,Glucosuria,Ketonuria,A,
25S3RRX3,Nephrology,188,Selective proteinuria occurs in which of the following diseases?,Minimal change disease,Membranous glomerulonephritis,Focal segmental glomerulosclerosis,Diabetic nephropathy,Renal Amyloidosis,A,
F5APGHGQ,Nephrology,188,Proteinuria in a child that improves with steroids is due to:,Fusion of foot processes,Immune complex deposition in mesangium,Linear IgG deposits on basement membrane,Antibodies against type IV collagen,Amyloid deposition,A,
TZ8YZKGN,Nephrology,188,A 14-year-old boy had acute onset of fever and sore throat. He probably has:,Post streptococcal glomerulonephritis,Minimal change disease,IgA nephropathy,Membranous glomerulonephritis,Alport syndrome,A,
329PPK52,Nephrology,188,"Child with post-strep sore throat develops edema, hematuria, hypertension. Diagnosis?",Acute post-streptococcal glomerulonephritis,Minimal change disease,IgA nephropathy,Membranous glomerulonephritis,Alport syndrome,A,
DAZACYN9,Nephrology,188,"A 7 years old school-going boy develops a sore throat. He received antibiotics for it, which resolved it, following 2 weeks later he developed generalized body edema, hypertension, and hematuria. The most likely diagnosis is:",Acute post-streptococcal glomerulonephritis,Minimal change disease,IgA nephropathy,Membranous glomerulonephritis,Alport syndrome,A,
X2Q6NLJV,Nephrology,188,"A 4-year-old boy is brought in by his mother after she discovers that his urine is now a dark Coca-Cola color. He reports that he saw a doctor 10 days ago because he was complaining of a sore throat, but he has otherwise been well. What is the most likely diagnosis?",Post-streptococcal glomerulonephritis,Minimal change disease,IgA nephropathy,Membranous glomerulonephritis,Alport syndrome,A,
QSGJBJ2T,Nephrology,188,Young girl with shortness of breath. Pitting edema. Edema of eyelids. Had severe throat infections a few weeks back. What is the cause?,PSGN,Minimal change disease,IgA nephropathy,Membranous glomerulonephritis,Alport syndrome,A,
KGG4WWJJ,Nephrology,188,Crescent formation is the characteristic of which of the following glomerular diseases?,Rapidly progressive glomerulonephritis,Minimal change disease,Membranous glomerulonephritis,Diabetic nephropathy,IgA nephropathy,A,
ZJASWAA8,Nephrology,188,"Scenario of nephritic syndrome, microscopy shows Crescent in basement membrane. Diagnosis:",RPGN (Rapidly progressive glomerulonephritis),Minimal change disease,Membranous glomerulonephritis,Diabetic nephropathy,IgA nephropathy,A,
UNFS272J,Nephrology,188,"In certain pathologies, Crescents in glomeruli are formed by:",Parietal cells,Podocytes,Mesangial cells,Endothelial cells,Macula densa cells,A,
6DFDNHWN,Nephrology,188,Crescents formation in kidney is most closely associated with:,Fibrin leakage,Albumin leakage,Red blood cell casts,White blood cell casts,Hyaline casts,A,
E86MFCVK,Nephrology,188,"A patient has hemoptysis, hematuria & glomerulonephritis. The most probable diagnosis is:",Goodpasture Syndrome,Wegener's granulomatosis,IgA nephropathy,Alport syndrome,Post-streptococcal glomerulonephritis,A,
57ECG7AH,Nephrology,188,"A 30yr old female with saddle nose, granulomatous perforating lesion of nasal septum, vasculitis & proteinuria. The most likely lesion is:",Wegener granulomatosis,Goodpasture Syndrome,IgA nephropathy,Alport syndrome,Post-streptococcal glomerulonephritis,A,
TUMVRW95,Nephrology,188,"Pt presents with hematuria, haemoptysis and nasal lesion. Likely diagnosis is:",Wegener granuloma,Goodpasture Syndrome,IgA nephropathy,Alport syndrome,Post-streptococcal glomerulonephritis,A,
38FGZ8YU,Nephrology,188,A 31-year-old female had a necrotic lesion in the nose. The urine examination of the patient revealed proteinuria. The biopsy showed granulomata with necrosis and vasculitis. The most likely diagnosis in this case is:,Wegener's granulomatosis,Goodpasture Syndrome,IgA nephropathy,Alport syndrome,Post-streptococcal glomerulonephritis,A,
LKP54W9W,Nephrology,188,"In diabetic nephropathy, what will indicate that nephropathy has occurred?",Urinary Microalbuminuria,Urinary Macroalbuminuria,Hematuria,Pyuria,Glucosuria,A,
YV6TFZG9,Nephrology,188,Diagnostic test for diabetic nephropathy is:,Microalbuminuria,Urine glucose,Urine ketones,Urine osmolality,Urine specific gravity,A,
99NXC4YB,Nephrology,188,A 60-year-old man known case of diabetes for the last 20 years now presented with rapidly progressive renal failure. The most likely feature in this patient would be:,Kimmelstiel-Wilson nodules,Crescent formation,Effacement of podocyte foot processes,Spike and dome appearance,Mesangial IgA deposits,A,
V5YNRAZ9,Nephrology,188,A renal biopsy examination shows a granular pattern of immunofluorescence staining with an antibody to complement component C1q and splitting of the basement membrane. This pattern is associated with:,Membranoproliferative glomerulonephritis type 2,Membranoproliferative glomerulonephritis type 1,Membranous glomerulonephritis,Minimal change disease,IgA nephropathy,A,
C7Q2PGZU,Nephrology,188,A patient with high BP and decreased complement levels likely has:,Sclerosing glomerulonephritis,Minimal change disease,Diabetic nephropathy,IgA nephropathy,Alport syndrome,A,
NBKYG8S5,Nephrology,188,Most common glomerular disease in HIV patients is:,Focal segmental glomerulosclerosis,Minimal change disease,Membranous glomerulonephritis,Diabetic nephropathy,IgA nephropathy,A,
UT6TP2DB,Nephrology,188,"A 15-year-old boy suffering from a renal disease that affects the males in his family presents with hematuria. He also has a vestibular nerve defect causing deafness and corneal dystrophy. Urine examination shows protein 1+. Renal biopsy on EM reveals GBM attenuation, with splitting and lamination of lamina densa. The most probable diagnosis is:",Alport syndrome,IgA nephropathy,Goodpasture syndrome,Wegener's granulomatosis,Post-streptococcal glomerulonephritis,A,
KUTL4Y3K,Nephrology,188,Lambda light chain deposits by immunofluorescence is most closely associated with:,Amyloidosis,Minimal change disease,Membranous glomerulonephritis,Diabetic nephropathy,IgA nephropathy,A,
66LMJ47N,Nephrology,188,A patient with amyloidosis is found to have a plasma cell disorder. Which is the most likely type of protein responsible for his amyloidosis?,Amyloid light chain protein,Amyloid associated protein,Transthyretin,Beta-2 microglobulin,Abeta protein,A,
53JZ58T5,Nephrology,188,Diagnosis of Amyloidosis is made by:,Rectal biopsy,Renal biopsy,Liver biopsy,Bone marrow biopsy,Skin biopsy,A,
825F9AG7,Nephrology,188,Amyloidosis most commonly affects which organ:,Kidney,Heart,Liver,Spleen,Nervous system,A,
U6C24AP6,Nephrology,188,A 5 years' child presented with generalized edema. Investigation of choice should be:,Urine protein,Serum albumin,Renal biopsy,Ultrasound KUB,Serum creatinine,A,
V7BM4TUL,Nephrology,188,An adult with generalized edema and urinary protein 6gm. Damage is done to:,Basement membrane,Podocytes,Mesangial cells,Endothelial cells,Macula densa,A,
B4YTFZLA,Nephrology,188,"In a case of nephrotic syndrome, the most likely cause of oedema feet is:",Hypoproteinemia,Hypernatremia,Hyperkalemia,Increased hydrostatic pressure,Lymphatic obstruction,A,
27KSRQ8P,Nephrology,188,The most common cause of oedema in nephrotic syndrome is:,Hypoalbuminemia,Hypernatremia,Hyperkalemia,Increased hydrostatic pressure,Lymphatic obstruction,A,
H8LJ4JQV,Nephrology,188,A 4 yr boy presents with periorbital edema Mechanism of edema is:,Hypoalbuminemia with salt retention,Increased hydrostatic pressure,Lymphatic obstruction,Increased capillary permeability,Allergic reaction,A,
ZWHFJHBW,Nephrology,188,Movement of fluid through the capillary wall between the blood and interstitial spaces is controlled by the plasma:,Albumin,Globulin,Fibrinogen,Sodium,Potassium,A,
WSZ2R8DJ,Nephrology,188,"A child who is Apathic, has edema and skin lesion. The cause of edema is decrease levels of:",Albumin,Globulin,Fibrinogen,Sodium,Potassium,A,
2ZHKLBCK,Nephrology,188,The primary force moving water molecules from the blood plasma to the interstitial fluid is:,Filtration,Osmosis,Diffusion,Active transport,Facilitated diffusion,A,
HWPWEA6P,Nephrology,188,"A female with purpura, proteinuria, dry mouth, and burning sensation in hands and feet likely has:",Mixed cryoglobulinemia,Systemic lupus erythematosus,Sjogren's syndrome,Rheumatoid arthritis,Polyarteritis nodosa,A,
MW2SYZST,Nephrology,188,Patient's CHF is worsening. What is the cause:,Na and H2O retention,Hypoalbuminemia,Increased capillary permeability,Lymphatic obstruction,Proteinuria,A,
DZSN8VDP,Nephrology,189,Goodpasture syndrome =:,LINEAR DEPOSITION,GRANULAR DEPOSITION,NO DEPOSITION,MESANGIAL DEPOSITION,SUBEPITHELIAL DEPOSITION,A,
WU5GPJ6M,Nephrology,189,Selective proteinuria =:,Minimal change disease,Membranous glomerulonephritis,Focal segmental glomerulosclerosis,Diabetic nephropathy,Renal Amyloidosis,A,
G4LTQHYN,Nephrology,189,IgA nephropathy =:,Mesangial deposits in glomerular basement membrane,Linear deposits in glomerular basement membrane,Subepithelial deposits,Subendothelial deposits,No deposits,A,
GMRGRN8J,Nephrology,189,IgM and C3 deposits in FSGS (focal segmental glomerulosclerosis) are associated with:,HIV,HCV,HBV,Streptococcus,Staphylococcus,A,
RXF82XFR,Nephrology,189,Linear deposits =:,Goodpasture syndrome,Wegener's granulomatosis,IgA nephropathy,Post streptococcal GN,Membranous glomerulonephritis,A,
P9XSMA42,Nephrology,189,Subepithelial deposits/humps =:,post streptococcal GN,Goodpasture syndrome,IgA nephropathy,Membranous glomerulonephritis,Minimal change disease,A,
B7TWG9S9,Nephrology,189,Subendothelial deposits = SLE and:,Membranoproliferative glomerulonephritis (MPGN) type-1,Membranoproliferative glomerulonephritis (MPGN) type-2,Membranous glomerulonephritis,Focal segmental glomerulosclerosis,Minimal change disease,A,
HHG65UHY,Nephrology,189,Spike and Dome are seen in Membranous glomerulonephritis - (associated with SLE and:,Hep B),Hep C),HIV),Streptococcus),Staphylococcus),A,
Q5TZ5HHN,Nephrology,189,Finding in post streptococcal glomerulonephritis is?,Subepithelial deposits,Subendothelial deposits,Mesangial deposits,Linear deposits,No deposits,A,
B3655JRM,Nephrology,189,Post streptococcal glomerulus-nephropathy scenario =:,Subepithelial deposits,Subendothelial deposits,Mesangial deposits,Linear deposits,No deposits,A,
MEMMMQWC,Nephrology,189,The most characteristic feature of post-streptococcal glomerulonephritis is:,Subepithelial deposits,Subendothelial deposits,Mesangial deposits,Linear deposits,No deposits,A,
2CKQK7SU,Nephrology,189,Selective proteinuria occurs in which of the following diseases:,Minimal change disease,Membranous glomerulonephritis,Focal segmental glomerulosclerosis,Diabetic nephropathy,Renal Amyloidosis,A,
QFHZ4AG2,Nephrology,189,"A 7-year-old child was brought to the physician with the condition of periorbital edema and lethargy. On investigation, he was having massive proteinuria on Urine R/E. Which of the following features on Electron Microscopy will confirm the suspected diagnosis (A case of minimal change disease)?",Effacement of foot processes,Subepithelial humps,Linear IgG deposits,Mesangial IgA deposits,Spike and dome appearance,A,
6BQD66EL,Nephrology,189,"In IgA nephropathy, the histopathological report will be consistent with:",Increased mesangial matrix,Effacement of foot processes,Subepithelial humps,Linear IgG deposits,Spike and dome appearance,A,
5V7WKS3E,Nephrology,189,IgA nephropathy =:,Mesangial deposits in glomerular basement membrane,Subepithelial deposits,Subendothelial deposits,Linear deposits,No deposits,A,
88FL3CQH,Nephrology,189,Nephrotic syndrome. Basement membrane damage will lead to:,Hypoalbuminemia,Hyperalbuminemia,Hypernatremia,Hyponatremia,Hyperkalemia,A,
FNWXYJ3Y,Nephrology,189,Proteins normally don't leak out in tubular fluid due to endothelium is fenestrated and Basement membrane is:,negatively charged,positively charged,neutral,highly permeable,impermeable to water,A,
NLMJPLTK,Nephrology,189,46 years male presented with nephrotic syndrome. Immunofluorescence microscope of renal biopsy showed sclerosis with deposition of IgM and C3. What is the most likely diagnosis:,Focal segmental glomerulosclerosis,Minimal change disease,Membranous glomerulonephritis,Diabetic nephropathy,Renal Amyloidosis,A,
9GRWC8FV,Nephrology,189,Focal segmental glomerulosclerosis is characterized by:,Massive proteinuria,Hematuria,Hypertension,Renal failure,Low serum complement,A,
DYW7F5PS,Nephrology,189,Goodpasture's syndrome is closely associated with:,Peripheral linear IgG deposits by immunofluorescence,Mesangial IgA deposits by immunofluorescence,Subepithelial IgG deposits by immunofluorescence,Subendothelial IgG deposits by immunofluorescence,No deposits by immunofluorescence,A,
57XS24PG,Nephrology,190,Proteinuria is due to =,GLOMERULAR BASEMENT MEMBRANE DAMAGE,PODOCYTE DAMAGE,MESANGIAL CELL DAMAGE,ENDOTHELIAL CELL DAMAGE,MACULA DENSA DAMAGE,A,
SDJSVUP7,Nephrology,190,Proteinuria occurs due to damage in:,Glomerular basement membrane,Podocytes,Mesangial cells,Endothelial cells,Macula densa,A,
YM3VQL4Z,Nephrology,190,"A child having 6g/dl proteinuria, where will be the defect:",Basement membrane,Podocytes,Mesangial cells,Endothelial cells,Macula densa,A,
LJRGVREJ,Nephrology,190,A young patient with generalized edema and proteinuria of 6 g/day presents in the outpatient department. The renal structure most likely damaged is:,Basement membrane,Podocytes,Mesangial cells,Endothelial cells,Macula densa,A,
JYTUHTWJ,Nephrology,190,"Albumin, RBC cast, and cells in urine, possible site of damage:",Glomerulus,Proximal convoluted tubule,Loop of Henle,Distal convoluted tubule,Collecting duct,A,
4HVEMJHE,Nephrology,190,Proteins cannot pass through basement membrane due to which characteristic of protein:,Negative charge,Positive charge,Large size,Small size,Lipid solubility,A,
SJLAB2JT,Nephrology,190,Albumin does not get freely filtered in glomeruli due to:,Negative charge of particle,Positive charge of particle,Large size of particle,Small size of particle,High lipid solubility,A,
PZN27TSR,Nephrology,190,Albumin not filtered from the basement membrane due to:,Negative charge,Positive charge,Large size,Small size,High lipid solubility,A,
TAN8JBSQ,Nephrology,190,"A patient has renal problem with proteins in urine, which of the following mechanisms normally prevents these proteins from coming out in urine:",Negative charge on membrane pores,Positive charge on membrane pores,Small size of membrane pores,Large size of membrane pores,High lipid solubility of membrane pores,A,
HMP58EE2,Nephrology,190,Negative charge of basement membrane is due to:,Heparin sulphate,Proteoglycans,Laminin,Type IV collagen,Fibronectin,A,
28A3H2ZL,Nephrology,190,What is the correct order of components contributing to the negative charge of the basement membrane?,Heparin sulphate > Proteoglycans > Laminin,Proteoglycans > Heparin sulphate > Laminin,Laminin > Proteoglycans > Heparin sulphate,Heparin sulphate > Laminin > Proteoglycans,Proteoglycans > Laminin > Heparin sulphate,A,
EK2KBN2M,Nephrology,190,"Regarding histology of normal kidney, Podocyte is on the visceral layer of:",Bowman capsule,Proximal convoluted tubule,Loop of Henle,Distal convoluted tubule,Collecting duct,A,
ZPNER95R,Nephrology,190,The capillary pressure in renal glomeruli is:,Increases as cardiac output increases,Decreases as cardiac output increases,Remains constant regardless of cardiac output,Increases as blood pressure decreases,Decreases as blood volume increases,A,
U5QUU7BH,Nephrology,190,Regarding glomerular capillary pressure:,Decrease by 10% when BP decreases by 10%,Decrease by 20% when BP decreases by 10%,Increase by 10% when BP decreases by 10%,Remains unchanged when BP decreases by 10%,Decrease by 5% when BP decreases by 10%,A,
4H95FBHB,Nephrology,191,Commonest organism causing UTI =:,E. COLI,STAPHYLOCOCCUS SAPROPHYTICUS,KLEBSIELLA,PROTEUS MIRABILIS,PSEUDOMONAS AERUGINOSA,A,
3V3V3QTM,Nephrology,191,What is the most common cause of UTI?,E coli,Staphylococcus saprophyticus,Klebsiella,Proteus mirabilis,Pseudomonas aeruginosa,A,
ADLGBUYT,Nephrology,191,"Which organism causing UTI is seen in sexually active young women, although E. coli is still more common in this group?",Staphylococcus saprophyticus,Klebsiella,Proteus mirabilis,Pseudomonas aeruginosa,Enterococcus faecalis,A,
R8A2W3LQ,Nephrology,191,Which UTI-causing organism produces urine with an ammonia scent?,Proteus mirabilis,E coli,Staphylococcus saprophyticus,Klebsiella,Pseudomonas aeruginosa,A,
GDFPKZWK,Nephrology,191,Acute Pyelonephritis pathology involves:,"Neutrophil infiltration in renal interstitium, spares glomeruli/vessels.","Lymphocytic infiltration in renal interstitium, affects glomeruli/vessels.","Eosinophilic infiltration in renal interstitium, spares glomeruli/vessels.","Neutrophil infiltration in glomeruli, spares renal interstitium.","Macrophage infiltration in renal interstitium, affects glomeruli/vessels.",A,
4HKY6K6C,Nephrology,191,What is the most common cause of Acute Pyelonephritis?,Ascending UTI (E. coli most common).,Hematogenous spread of S. aureus.,Descending UTI from the bladder.,Fungal infection (Candida).,Viral infection (Adenovirus).,A,
JXZQH9GG,Nephrology,191,Risk factors for Acute Pyelonephritis include:,"DM, pregnancy, catheter, obstruction.","Hypertension, smoking, alcohol use.","Male gender, young age, physical activity.","High protein diet, low water intake.",Immunocompromised state only.,A,
GW844UEU,Nephrology,191,Complications of Acute Pyelonephritis include:,"Chronic pyelonephritis, papillary necrosis, abscess, urosepsis.","Glomerulonephritis, nephrotic syndrome, acute renal failure.","Renal cell carcinoma, transitional cell carcinoma.","Nephrolithiasis, hydronephrosis.","Renal artery stenosis, renal vein thrombosis.",A,
DYYVMRDX,Nephrology,191,Gram negative organism can cause septic shock after infection in which tract:,Urinary tract,Respiratory tract,Gastrointestinal tract,Central nervous system,Skin and soft tissue,A,
8PSKC546,Nephrology,191,Most common organism causing UTI is:,E. coli,Staphylococcus saprophyticus,Klebsiella,Proteus mirabilis,Pseudomonas aeruginosa,A,
TBCBDXPN,Nephrology,191,The most common lactose fermenting gram negative organism causing UTI is:,E. coli,Klebsiella,Proteus mirabilis,Pseudomonas aeruginosa,Enterobacter,A,
UMTPVDTS,Nephrology,191,UTI scenario gram negative rod =:,E. coli,Staphylococcus saprophyticus,Streptococcus agalactiae,Enterococcus faecalis,Candida albicans,A,
E2FMHQKQ,Nephrology,191,"UTI case with gram-negative motile rods, urease +ve, lactose non-fermenting organism?",Proteus mirabilis,E. coli,Klebsiella pneumoniae,Pseudomonas aeruginosa,Enterobacter cloacae,A,
EXGGYTCN,Nephrology,191,"Female patient with increased frequency and urgency diagnosed as UTI. Microscopy shows gram-negative motile rods, with swarming motility on agar, likely organism is:",Proteus mirabilis,E. coli,Klebsiella pneumoniae,Pseudomonas aeruginosa,Serratia marcescens,A,
JAKZQP2Y,Nephrology,191,Organism with swarming motility on agar causing UTI?,Proteus mirabilis,E. coli,Klebsiella pneumoniae,Pseudomonas aeruginosa,Enterobacter cloacae,A,
7YAGXSSF,Nephrology,191,70-year-old man with frequent complaints of UTI. Cause:,Obstruction to urine flow,Prostate cancer,Bladder cancer,Renal stones,Diabetes mellitus,A,
D5MC6NRC,Nephrology,191,"Lady with 12-week amenorrhea presents with increased frequency, burning of micturition along with a high-grade fever. The most probable diagnosis is:",UTI,Pelvic inflammatory disease,Ectopic pregnancy,Appendicitis,Vaginitis,A,
7F6Q9FH2,Nephrology,191,Pregnant lady with increased frequency and burning of micturition along with high-grade fever. The most probable diagnosis is:,UTI,Pelvic inflammatory disease,Ectopic pregnancy,Appendicitis,Vaginitis,A,
LN8PCARZ,Nephrology,191,"A person with a UTI caused by oxidase-positive, non-lactose fermenting organism likely has:",Pseudomonas infection,E. coli infection,Proteus infection,Klebsiella infection,Staphylococcus saprophyticus infection,A,
7EGCD98E,Nephrology,191,A person developed urine infection. Urine culture plate yielded a greenish growth having fruity smell. This organism was oxidase positive and non-lactose fermenting. The most appropriate drug in this case would be:,Ciprofloxacin (Prefer Ciprofloxacin over ceftazidime),Amoxicillin,Nitrofurantoin,Trimethoprim-sulfamethoxazole,Fosfomycin,A,
3MN3ER8U,Nephrology,191,"Female has burning pain during urination etc. She is diagnosed with having UTI. The organism on culture is identified as oxidase positive, non-lactose fermenting, greenish color, and fruity smell. Likely agent is:",Pseudomonas,E. coli,Proteus,Klebsiella,Staphylococcus saprophyticus,A,
ML4DMTUM,Nephrology,191,A 26-year sexually active female presented with burning micturition and abdominal pain. Investigation confirmed UTI caused by a gram-positive organism. This could likely be caused by:,Saprophyticus,E. coli,Proteus,Klebsiella,Pseudomonas,A,
QW8FQARU,Nephrology,191,Common cause of acute pyelonephritis =:,E. Coli,Staphylococcus saprophyticus,Klebsiella,Proteus mirabilis,Pseudomonas aeruginosa,A,
NACSVZ95,Nephrology,191,Long scenario of newly wed female with fever and pain at adnexa and suprapubic tenderness. Her labs showed raised lymphocytes >15000. Organism involved =:,E. coli,Staphylococcus saprophyticus,Klebsiella,Proteus mirabilis,Pseudomonas aeruginosa,A,
4PFRSABD,Nephrology,191,"A 30-year female presented with rigors and chills, high-grade fever, and not responding to treatment for more than 2 weeks. USG shows renal parenchymal changes. The diagnosis is:",Acute pyelonephritis,Chronic pyelonephritis,Renal abscess,Nephrolithiasis,Glomerulonephritis,A,
C86MV787,Nephrology,191,"A 20-year-old female with fever, lumbar pain, pus in urine, no response to antibiotics. Likely diagnosis =",Acute pyelonephritis,Chronic pyelonephritis,Renal abscess,Nephrolithiasis,Glomerulonephritis,A,
A2SZ794B,Nephrology,191,The most common infectious agent associated with chronic pyelonephritis is =,Escherichia coli,Staphylococcus aureus,Klebsiella pneumoniae,Proteus mirabilis,Pseudomonas aeruginosa,A,
GQAZH67N,Nephrology,192,A 10 years old child died. Autopsy was performed which was otherwise normal except numerous cysts in kidney and liver. Pattern of inheritance of this disease is =,AUTOSOMAL RECESSIVE,AUTOSOMAL DOMINANT,X-LINKED RECESSIVE,X-LINKED DOMINANT,MITOCHONDRIAL,A,
WJXUNTSQ,Nephrology,192,What is the definition of Autosomal Dominant Polycystic Kidney Disease?,"Autosomal dominant, in which renal parenchyma is replaced by cyst",Autosomal recessive cystic dilation of collecting ducts,Autosomal dominant cystic dilation of collecting ducts,"Autosomal recessive, in which renal parenchyma is replaced by cyst","X-linked dominant, in which renal parenchyma is replaced by cyst",A,
SXU6N7D7,Nephrology,192,When does Autosomal Dominant Polycystic Kidney Disease typically manifest?,"Manifests between 15 and 30 years of age, even though the genetic defect is present at birth.",Often presents in infancy.,Manifests only in males.,Manifests only in females.,Manifests after 60 years of age.,A,
6ZRFZHCD,Nephrology,192,What are the associated conditions with Autosomal Dominant Polycystic Kidney Disease?,"Liver cysts (70%), Berry aneurysms of the circle of Willis (8%), Cardiovascular system: MVP, aortic dilation and dissection","Congenital hepatic fibrosis, Significant oliguric renal failure in utero can lead to Potter sequence","Retinal angiomas, Hemangioblastomas of the cerebellum","Acoustic neuromas, Meningiomas","Cafe-au-lait spots, Neurofibromas",A,
QTNHNJA6,Nephrology,192,What is the definition of Autosomal Recessive Polycystic Kidney Disease?,Autosomal Recessive Cystic dilation of collecting ducts.,"Autosomal dominant, in which renal parenchyma is replaced by cyst.",Autosomal dominant cystic dilation of collecting ducts.,"Autosomal recessive, in which renal parenchyma is replaced by cyst.",X-linked recessive cystic dilation of collecting ducts.,A,
NUWNN59R,Nephrology,192,When does Autosomal Recessive Polycystic Kidney Disease typically present?,Often presents in infancy.,Manifests between 15 and 30 years of age.,Manifests only in males.,Manifests only in females.,Manifests after 60 years of age.,A,
4AALV8BM,Nephrology,192,What are the associated conditions with Autosomal Recessive Polycystic Kidney Disease?,Congenital hepatic fibrosis. Significant oliguric renal failure in utero can lead to Potter sequence,"Liver cysts (70%), Berry aneurysms of the circle of Willis (8%)","Retinal angiomas, Hemangioblastomas of the cerebellum","Acoustic neuromas, Meningiomas","Cafe-au-lait spots, Neurofibromas",A,
YWS9J342,Nephrology,192,Mode of inheritance of adult polycystic kidney is =,Autosomal dominant,Autosomal recessive,X-linked recessive,X-linked dominant,Mitochondrial,A,
DUSE3KCK,Nephrology,192,Adult polycystic disease of the kidney is familial. Both males and females are involved in every generation. 50% of every generation are unaffected and do not transmit the trait to their offspring. This disease is inherited as =,Autosomal dominant trait,Autosomal recessive trait,X-linked recessive trait,X-linked dominant trait,Mitochondrial trait,A,
5ZAWJP29,Nephrology,192,"In the transmission of adult polycystic kidney disease, one of the following statements is correct:",It is an autosomal dominant disorder,It is an autosomal recessive disorder,It is an X-linked dominant disorder,It is an X-linked recessive disorder,It is a mitochondrial disorder,A,
ZZTCYM5G,Nephrology,192,Pattern of inheritance of adult polycystic kidney:,Autosomal dominant,Autosomal recessive,X-linked recessive,X-linked dominant,Mitochondrial,A,
63SRPH7Z,Nephrology,192,ADPKD is associated with:,Subarachnoid hemorrhage,Subdural hematoma,Epidural hematoma,Intracerebral hemorrhage,Intraventricular hemorrhage,A,
CSFS3RWN,Nephrology,192,Adult polycystic kidney disease is most closely associated with:,Cerebral hemorrhage,Pulmonary embolism,Deep vein thrombosis,Myocardial infarction,Ischemic stroke,A,
5ME7XQ8V,Nephrology,192,ADPKD is caused by mutations in the PKD1 gene located on which chromosome?,Chromosome 16,Chromosome 4,Chromosome 6,Chromosome 11,Chromosome 22,A,
WYJQ85E3,Nephrology,192,Mode of inheritance of childhood polycystic kidney is:,Autosomal recessive,Autosomal dominant,X-linked recessive,X-linked dominant,Mitochondrial,A,
RRL3K92E,Nephrology,192,Inheritance pattern in childhood polycystic kidney where 50% of the generation is not affected:,Autosomal recessive,Autosomal dominant,X-linked dominant,X-linked recessive,Mitochondrial,A,
KJX66ZUC,Nephrology,192,A 10-year-old child died. Autopsy was performed which was otherwise normal except numerous cysts in kidney and liver. Pattern of inheritance of this disease is:,Autosomal recessive,Autosomal dominant,X-linked dominant,X-linked recessive,Mitochondrial,A,
ZNJQ7BYN,Nephrology,192,"A 30-year-old male died suddenly after a sudden rise in blood pressure. At autopsy, the ruptured vessel completely lacks the tunica media at the of an aneurysm. The most likely aneurysm is:",Berry aneurysm,Charcot-Bouchard aneurysm,Fusiform aneurysm,Mycotic aneurysm,Pseudoaneurysm,A,
4G9Y2RDH,Nephrology,193,Type 2 tubular acidosis due to:,DEFECT IN HCO3 REABSORPTION,DEFECT IN H+ SECRETION,ALDOSTERONE DEFICIENCY,DEFECT IN NA+/K+/2CL- COTRANSPORTER,DEFECT IN NA+/CL- COTRANSPORTER,A,
TPMR42Q4,Nephrology,193,Renal Tubular Acidosis is a disorder of the renal tubules that leads to:,Normal anion gap (hyperchloremic) metabolic acidosis,High anion gap metabolic acidosis,Normal anion gap respiratory acidosis,High anion gap respiratory acidosis,Metabolic alkalosis,A,
MR2CPLMB,Nephrology,193,What is the defect in Distal renal tubular acidosis (type 1)?,Defect in ability of a intercalated cells to secrete H+ -> no new HCO3,Defect in PCT HCO3 reabsorption,Decreased aldosterone production -> hyperkalemia -> decreased NH3 synthesis,Defect in Na+/K+/2Cl- cotransporter,Defect in Na+/Cl- cotransporter,A,
RVN8X96S,Nephrology,193,What is the typical Urine pH in Distal renal tubular acidosis (type 1)?,> 5.5,< 5.5,< 5.0,< 4.5,> 7.5,A,
BX4P9RFG,Nephrology,193,What is the typical Serum K+ in Distal renal tubular acidosis (type 1)?,Hypokalemia,Hyperkalemia,Normal potassium,Hypernatremia,Hyponatremia,A,
WBNYVT48,Nephrology,193,Which of the following are causes of Distal renal tubular acidosis (type 1)?,"Amphotericin B toxicity, congenital anomalies (obstruction) of urinary tract",Fanconi syndrome and carbonic anhydrase inhibitors,"Diabetes, ACE inhibitors, ARBs, NSAIDs",Loop diuretics and thiazides,Aminoglycosides and contrast dye,A,
UDQSVF48,Nephrology,193,What is the defect in Proximal renal tubular acidosis (type 2)?,Defect in PCT HCO3 reabsorption,Defect in ability of a intercalated cells to secrete H+,Decreased aldosterone production -> hyperkalemia -> decreased NH3 synthesis,Defect in Na+/K+/2Cl- cotransporter,Defect in Na+/Cl- cotransporter,A,
MUPCEGAV,Nephrology,193,What is the typical Urine pH in Proximal renal tubular acidosis (type 2)?,< 5.5,> 5.5,> 6.5,> 7.0,> 7.5,A,
6BDXNDMV,Nephrology,193,What is the typical Serum K+ in Proximal renal tubular acidosis (type 2)?,Hypokalemia,Hyperkalemia,Normal potassium,Hypernatremia,Hyponatremia,A,
HTF9SS55,Nephrology,193,Which of the following are causes of Proximal renal tubular acidosis (type 2)?,Fanconi syndrome and carbonic anhydrase inhibitors,"Amphotericin B toxicity, congenital anomalies (obstruction) of urinary tract","Diabetes, ACE inhibitors, ARBs, NSAIDs",Loop diuretics and thiazides,Aminoglycosides and contrast dye,A,
KM7DRCBX,Nephrology,193,What is the defect in Hyperkalemic renal tubular acidosis (type 4)?,Decreased aldosterone production -> hyperkalemia -> decreased NH3 synthesis in PCT -> decreased NH4+ excretion,Defect in ability of a intercalated cells to secrete H+ -> no new HCO3,Defect in PCT HCO3 reabsorption,Defect in Na+/K+/2Cl- cotransporter,Defect in Na+/Cl- cotransporter,A,
N4U8ZES3,Nephrology,193,What is the typical Urine pH in Hyperkalemic renal tubular acidosis (type 4)?,< 5.5,> 5.5,> 6.5,> 7.0,> 7.5,A,
ZU4U9259,Nephrology,193,What is the typical Serum K+ in Hyperkalemic renal tubular acidosis (type 4)?,Hyperkalemia,Hypokalemia,Normal potassium,Hypernatremia,Hyponatremia,A,
4XDAEQ5P,Nephrology,193,Which of the following are causes of Hyperkalemic renal tubular acidosis (type 4)?,"Diabetes, ACE inhibitors, ARBs, NSAIDs","Amphotericin B toxicity, congenital anomalies (obstruction) of urinary tract",Fanconi syndrome and carbonic anhydrase inhibitors,Loop diuretics and thiazides,Aminoglycosides and contrast dye,A,
P356LVD3,Nephrology,193,"Urine pH >5, despite low plasma NH3, type of acidosis:",RTA-1 (Distal Renal Tubular Acidosis),RTA-2 (Proximal Renal Tubular Acidosis),RTA-4 (Hyperkalemic Renal Tubular Acidosis),Diabetic Ketoacidosis,Lactic Acidosis,A,
D7BHX92L,Nephrology,193,Inability to produce a urine pH less than 5.4 even when challenged with ammonium is found in:,Distal renal tubular acidosis (type-1),Proximal renal tubular acidosis (type-2),Hyperkalemic renal tubular acidosis (type-4),Metabolic alkalosis,Respiratory acidosis,A,
2EKL6QJA,Nephrology,193,"A patient is suffering from renal tubular acidosis, his urine pH is 5.4. The patient urine cannot be made alkaline even by giving Bicarbonate. Which type of RTA it is?",Type 1,Type 2,Type 3,Type 4,Mixed Type 1 and 2,A,
YEHWHUU9,Nephrology,193,Type 2 tubular acidosis is due to:,Defect in HCO3 reabsorption,Defect in H+ secretion,Decreased aldosterone production,Defect in Na+/K+/2Cl- cotransporter,Defect in Na+/Cl- cotransporter,A,
UAKCGFS9,Nephrology,193,"A 3-month-old baby presented in a critically ill condition, pH: 7.2, PCO2: 32, HCO3: 14, Na: 142, K: 2.5. Diagnosis?",Renal tubular acidosis,Diabetic ketoacidosis,Lactic acidosis,Salicylate poisoning,Methanol poisoning,A,
5PXU6TKB,Nephrology,193,"4-month-old child in ER with acidic pH, Na 145, and potassium 2.5. Diagnosis:",Renal tubular acidosis,Diabetic ketoacidosis,Lactic acidosis,Salicylate poisoning,Methanol poisoning,A,
P35SRLD4,Nephrology,193,Renal tubular acidosis type 4 feature:,Hyperkalemia,Hypokalemia,Hypernatremia,Hyponatremia,Hypercalcemia,A,
Y4J77BGM,Nephrology,193,Cause of Vit D resistant rickets is:,Fanconi syndrome,Alport syndrome,Goodpasture syndrome,Wegener's granulomatosis,Minimal change disease,A,
VFJFA4GW,Nephrology,193,"In Fanconi syndrome, decrease ATP at the PCT is linked with:",Glycosuria,Proteinuria,Hematuria,Pyuria,Ketonuria,A,
NHHHFQ3S,Nephrology,193,The characteristic feature of Fanconi syndrome is:,Glycosuria,Hematuria,White blood cell casts,Red blood cell casts,Hyaline casts,A,
GUDTSEWT,Nephrology,193,"Autosomal recessive disorders like Fanconi anemia, Ataxia telangiectasia are labelled as 'chromosome breakage syndrome' this means:",Defective DNA repair,Defective RNA synthesis,Defective protein translation,Defective lipid metabolism,Defective carbohydrate metabolism,A,
26ALJAZT,Nephrology,193,Most likely regarding renal tubular acidosis:,Hypokalemia,Hyperkalemia,Hypernatremia,Hyponatremia,Hypercalcemia,A,
C9XHDHC7,Nephrology,193,Acidosis usually associated with:,Hyperkalemia,Hypokalemia,Hypernatremia,Hyponatremia,Hypercalcemia,A,
BN63E64F,Nephrology,193,But Renal Tubular acidosis is associated with Hypokalemia in which types?,Type 1 & 2,Type 2 & 4,Type 1 & 4,Type 3 & 4,"Type 1, 2, & 4",A,
PWZ467DE,Nephrology,193,Only Type 4 Renal tubular acidosis is with:,Hyperkalemia,Hypokalemia,Hypernatremia,Hyponatremia,Hypercalcemia,A,
QFAEAT55,Nephrology,194,"A 30-YEAR LADY OTHERWISE NORMAL WITH HIGH PTH, LOW CA, HIGH PO4, AND NORMAL ALKALINE PHOSPHATE. WHAT IS DIAGNOSIS?",CHRONIC RENAL FAILURE,PRIMARY HYPERPARATHYROIDISM,VITAMIN D DEFICIENCY,ACUTE RENAL FAILURE,PSEUDOHYPOPARATHYROIDISM,A,
Y9V7DS6J,Nephrology,194,Definition of Acute Kidney Injury (AKI):,"Acute, reversible renal dysfunction (increased creatinine/BUN, oliguria)",GFR <60 or kidney damage >3 months,Irreversible renal dysfunction,Chronic progressive renal decline,"Decreased creatinine/BUN, polyuria",A,
Z4S3DK93,Nephrology,194,Prerenal causes of Acute Kidney Injury (AKI) include:,"Hypovolemia, HF, renal artery stenosis","ATN, glomerulonephritis, interstitial nephritis","Obstruction (stones, tumors, prostate)","Polycystic kidney disease, Alport syndrome","DM, HTN, pyelonephritis",A,
RMA5RY49,Nephrology,194,Intrinsic causes of Acute Kidney Injury (AKI) include:,"ATN, glomerulonephritis, interstitial nephritis","Hypovolemia, HF, renal artery stenosis","Obstruction (stones, tumors, prostate)","Polycystic kidney disease, Alport syndrome","DM, HTN, pyelonephritis",A,
8ZAELPY8,Nephrology,194,Postrenal causes of Acute Kidney Injury (AKI) include:,"Obstruction (stones, tumors, prostate)","Hypovolemia, HF, renal artery stenosis","ATN, glomerulonephritis, interstitial nephritis","Polycystic kidney disease, Alport syndrome","DM, HTN, pyelonephritis",A,
FWXMXG3Q,Nephrology,194,Definition of Chronic Kidney Disease (CKD):,GFR <60 or kidney damage >3 months,"Acute, reversible renal dysfunction (increased creatinine/BUN, oliguria)",GFR >90 with no kidney damage,Sudden onset oliguria < 1 month,Transient increase in serum creatinine,A,
TH9ENZEK,Nephrology,194,Inherited causes of Chronic Kidney Disease (CKD) include:,"Polycystic kidney disease, Alport syndrome","DM, HTN, pyelonephritis, glomerulonephritis","Hypovolemia, HF, renal artery stenosis","ATN, glomerulonephritis, interstitial nephritis","Obstruction (stones, tumors, prostate)",A,
UUWESKWV,Nephrology,194,Acquired causes of Chronic Kidney Disease (CKD) include:,"DM, HTN, pyelonephritis, glomerulonephritis","Polycystic kidney disease, Alport syndrome","Hypovolemia, HF, renal artery stenosis","ATN, interstitial nephritis","Obstruction (stones, tumors, prostate)",A,
4PL93NVU,Nephrology,194,Which type of anemia is typically seen in Chronic Kidney Disease (CKD) labs?,"Normochromic, normocytic anemia","Microcytic, hypochromic anemia","Macrocytic, megaloblastic anemia",Hemolytic anemia,Aplastic anemia,A,
YLCR8GW7,Nephrology,194,"In Chronic Kidney Disease (CKD), what are the typical Calcium/Phosphate lab findings?","Decreased Ca2+, increased PO4 3-, increased alk phos (osteodystrophy)","Increased Ca2+, decreased PO4 3-, normal alk phos","Decreased Ca2+, decreased PO4 3-, normal alk phos","Increased Ca2+, increased PO4 3-, increased alk phos","Normal Ca2+, normal PO4 3-, normal alk phos",A,
B6CM8CRX,Nephrology,194,"In Chronic Kidney Disease (CKD Stage 3+), what happens to PTH levels?",Increased PTH,Decreased PTH,Normal PTH,Undetectable PTH,Fluctuating PTH,A,
NM8UMPHW,Nephrology,194,"Laboratory investigations of a 35-year-old female show: Low total and ionized serum calcium, high serum phosphate, high serum parathyroid hormone concentration, and normal alkaline phosphatase. She is most likely suffering from:",Chronic renal failure,Primary hyperparathyroidism,Vitamin D deficiency,Acute renal failure,Pseudohypoparathyroidism,A,
HRBPWAAE,Nephrology,194,"In chronic renal failure, the most likely change:",Phosphate level rises,Calcium level rises,PTH level falls,Vitamin D level rises,Alkaline phosphatase level falls,A,
MHE74HLK,Nephrology,194,Consistently present finding in chronic renal failure?,Hyperphosphatemia,Hypercalcemia,Hypokalemia,Hypouricemia,Hypomagnesemia,A,
5Q2T6AJE,Nephrology,194,In chronic renal failure most likely:,Phosphate level rises,Calcium level rises,PTH level falls,Vitamin D level rises,Alkaline phosphatase level falls,A,
P8KXDLWL,Nephrology,194,A hypertensive patient has been diagnosed with chronic renal failure. The change most unlikely to be present in him will be:,Hypophosphatemia,Hyperphosphatemia,Hypocalcemia,Hyperkalemia,Normochromic normocytic anemia,A,
D4FB7ZLU,Nephrology,194,Vitamin D formation decreases in:,Chronic renal failure,Primary hyperparathyroidism,Hyperthyroidism,Cushing's syndrome,Acromegaly,A,
6K4QZ5DL,Nephrology,194,"Disease where 25 cholecalciferol is not converted to 1,25 cholecalciferol?",Renal failure,Hepatic failure,Pancreatic insufficiency,Celiac disease,Crohn's disease,A,
FL5QZ67G,Nephrology,194,"In chronic renal failure, the most likely cause of shortness of breath is:",Metabolic acidosis,Respiratory acidosis,Metabolic alkalosis,Respiratory alkalosis,Pulmonary embolism,A,
84ZKD97X,Nephrology,194,"A 59-year-old female known hypertensive on medication, brought in a semi-collapsed state. Her K= 6.1. The most likely cause in this patient is:",Acute Renal Failure,Primary hyperaldosteronism,Conn's syndrome,Cushing's syndrome,Pheochromocytoma,A,
4X3ERNLS,Nephrology,194,"After 6 months of renal transplant, the patient presents with signs of renal failure. His symptoms are resolved by giving immunosuppressive therapy. What is the likely cause?",Acute cellular rejection,Hyperacute rejection,Chronic rejection,Cyclosporine toxicity,Recurrence of primary disease,A,
9FDW45AN,Nephrology,194,A patient presented with renal failure symptoms and a deranged BUN/Creatinine Ratio > 20 with BUN greater than creatinine likely has:,Pre-renal azotemia,Intrinsic renal failure,Post-renal azotemia,Acute tubular necrosis,Acute interstitial nephritis,A,
LJ735P8P,Nephrology,194,In chronic renal failure (equivalent to a reduction in the total number of nephrons):,Plasma PCO2 tends to be low,Plasma PCO2 tends to be high,Plasma HCO3 tends to be high,Urine pH tends to be highly alkaline,Anion gap tends to be normal,A,
QLKZ54HD,Nephrology,194,Which condition causes decreased potassium excretion?,Renal failure,Primary hyperaldosteronism,Cushing's syndrome,Diuretic therapy,Vomiting,A,
NNRZ23KR,Nephrology,194,Decreased reticulocytes are seen in:,Chronic renal failure.,Hemolytic anemia.,Acute blood loss.,Sickle cell trait.,Thalassemia minor.,A,
EJ8Q8LBY,Nephrology,194,One of the following antibiotics is contraindicated in a patient with renal failure:,Gentamycin,Amoxicillin,Azithromycin,Ceftriaxone,Doxycycline,A,
MYR8YGKP,Nephrology,194,Least nephrotoxic used in infant with renal failure:,Neomycin,Gentamycin,Amikacin,Tobramycin,Streptomycin,A,
NLB8EYKK,Nephrology,194,Pararenal fascia is an extension of:,Renal fascia,Transversalis fascia,Psoas fascia,Iliac fascia,Quadratus lumborum fascia,A,
T67UXR94,Nephrology,194,"In a chronic CRF patient on dialysis for 20 years, autopsy would most likely show hypertrophy of the:",PTH gland,Thyroid gland,Adrenal gland,Pituitary gland,Pineal gland,A,
YT8YPWM9,Nephrology,194,The X-ray lower limb of an old diabetic/CKD-on dialysis patient shows loss of trabecular bone from the femur head. Which hormone is responsible for such finding?,PTH,Calcitonin,Aldosterone,Cortisol,Growth hormone,A,
5XYC3X2V,Nephrology,195,What is the best way to calculate GFR clinically in a CKD pt awaiting decision between transplant and dialysis?,CREATININE CLEARANCE,INULIN CLEARANCE,PAH CLEARANCE,UREA CLEARANCE,CYSTATIN C CLEARANCE,A,
VPND8A3Y,Nephrology,195,A chronic CRF patient on dialysis. Most probable autopsy finding will be:,Hypertrophied PTH gland,Atrophied PTH gland,Hypertrophied Thyroid gland,Atrophied Thyroid gland,Hypertrophied Adrenal gland,A,
KKWADP4B,Nephrology,195,"In a chronic CRF patient on dialysis for 20 years, autopsy would most likely show hypertrophy of the:",PTH gland,Thyroid gland,Adrenal gland,Pituitary gland,Pineal gland,A,
9T4C8HJF,Nephrology,195,Patient has ESRD and is on long-term dialysis. Which of the following amyloidosis-related proteins is found?,Beta 2 microglobulin,Amyloid light chain protein,Amyloid associated protein,Transthyretin,Abeta protein,A,
HYNFFZHX,Nephrology,195,Dialysis for maintenance of normal body functions is indicated when the glomerular filtration rate is less than:,20%,30%,40%,50%,60%,A,
PE2HNNUU,Nephrology,195,The X-ray lower limb of an old diabetic/CKD-on dialysis patient shows loss of trabecular bone from the femur head. Which hormone is responsible for such finding?,PTH,Calcitonin,Aldosterone,Cortisol,Growth hormone,A,
FZNWS887,Nephrology,195,"Old woman with multiple fractures, hypertensive and is on dialysis. Reason is:",Deficiency of Vit D,Excess of Vit D,Deficiency of Calcium,Excess of Calcium,Deficiency of PTH,A,
FXNYFTE7,Nephrology,195,Patient on dialysis having oral ulcers due to deficiency of:,Vitamin B,Vitamin A,Vitamin C,Vitamin D,Vitamin E,A,
ZSJV7VLC,Nephrology,195,"A significant proportion of ESRD patients have physiological vitamin B12 deficiency, which can lead to:",Mouth ulcers,Night blindness,Scurvy,Rickets,Bleeding gums,A,
H94EW58F,Nephrology,195,"A patient has end-stage renal disease and is on dialysis for 6 months. Has received multiple blood transfusions. Her Hb 8, MCV 86, and low MCH. What type of anemia does she have?",Normocytic hypochromic anemia,Microcytic hypochromic anemia,Macrocytic normochromic anemia,Normocytic normochromic anemia,Microcytic normochromic anemia,A,
H9MS3P82,Nephrology,195,"60-year-old with on-off fever, lethargy, dyspnea on exertion. Hb 7.8, urea 140, creatinine 3:",Erythropoietin deficiency,Iron deficiency,Vitamin B12 deficiency,Folate deficiency,Hemolytic anemia,A,
6RAMW4AZ,Nephrology,195,A middle-aged known case of ESRD on the list for hemodialysis. He has normochromic anemia. Which is the most appropriate therapy to be given?,IV Erythropoietin,Oral Iron,IV Iron,Blood transfusion,Vitamin B12 injections,A,
KDRR4H5G,Nephrology,195,The preferred initial form of therapy for anemia of chronic kidney disease is the use of:,Erythropoiesis-stimulating agents,Oral iron supplements,Intravenous iron supplements,Blood transfusions,Folic acid supplements,A,
UKVMGAYP,Nephrology,195,A patient has end-stage renal failure. He is undergoing hemodialysis and has developed normocytic normochromic anemia. The most appropriate therapy would be:,Erythropoietin,Oral Iron,IV Iron,Blood transfusion,Vitamin B12 injections,A,
4YVE4HWJ,Nephrology,195,"A patient with end-stage renal failure complains of pallor, fatigability, and lethargy for the past 3 months. Blood tests show Creat 4, Hb 7 with a normal smear. What is the most likely cause of anemia?",Erythropoietin deficiency,Iron deficiency,Vitamin B12 deficiency,Folate deficiency,Hemolytic anemia,A,
BVQEM2WQ,Nephrology,195,A pt with end-stage renal failure has had multiple blood transfusions for anemia. Which of the following will be helpful to reduce the number of transfusions?,Subcutaneous Erythropoietin,Oral Iron,IV Iron,Vitamin B12 injections,Folic acid supplements,A,
N82PXBKQ,Nephrology,196,A chemical factory worker was diagnosed with transitional cell carcinoma of bladder what is the likely cause:,ANILINE DYE,ASBESTOS,BENZENE,VINYL CHLORIDE,AFLATOXIN,A,
58BRB2GE,Nephrology,196,What is the most common tumor of the urinary tract system?,Transitional cell carcinoma,Squamous cell carcinoma,Adenocarcinoma,Renal cell carcinoma,Wilms tumor,A,
FNEFCZSZ,Nephrology,196,What is the key feature of Transitional Cell Carcinoma?,Painless hematuria (no casts),Painful hematuria (with casts),Oliguria,Polyuria,Proteinuria >3.5g/day,A,
RHEXQSHF,Nephrology,196,Which of the following are associations for Transitional Cell Carcinoma (Mnemonic: Pee SAC)?,"Phenacetin, Smoking, Aniline dyes, Cyclophosphamide","Phenytoin, Smoking, Asbestos, Cisplatin","Penicillin, Sarcoidosis, Arsenic, Cyclosporine","Paracetamol, Silica, Aflatoxin, Cyclophosphamide","Phenacetin, Syphilis, Aniline dyes, Cimetidine",A,
MSJ3Q4RC,Nephrology,196,What is the pathogenesis of Squamous Cell Carcinoma (SCC) of the bladder?,Chronic irritation -> Squamous metaplasia -> Dysplasia -> SCC,Acute inflammation -> Hyperplasia -> SCC,Genetic mutation -> Dysplasia -> SCC,Viral infection -> Metaplasia -> SCC,Chemical exposure -> Direct transformation -> SCC,A,
7G4KY2KW,Nephrology,196,Which of the following are risk factors for Squamous Cell Carcinoma of the bladder?,"Schistosoma haematobium infection, Smoking, Chronic nephrolithiasis","Phenacetin, Smoking, Aniline dyes","E. coli infection, Hypertension, Diabetes","Adenovirus infection, Obesity, Family history","Schistosoma mansoni infection, Alcohol, Acute nephrolithiasis",A,
DCPW4T4P,Nephrology,196,What is the typical presentation of Squamous Cell Carcinoma of the bladder?,Painless hematuria,Painful hematuria,Oliguria,Polyuria,Urinary retention,A,
92SKCXLK,Nephrology,196,What is the origin of Renal Cell Carcinoma (RCC)?,Proximal convoluted tubule (PCT) cells,Distal convoluted tubule (DCT) cells,Loop of Henle cells,Collecting duct cells,Macula densa cells,A,
A5UGH4ZZ,Nephrology,196,What is the genetic association for Renal Cell Carcinoma (RCC)?,Chromosome 3 deletion,Chromosome 11 deletion,Chromosome 16 deletion,Chromosome 22 deletion,Chromosome 5 deletion,A,
UWDELBMW,Nephrology,196,What is the classic triad of features for Renal Cell Carcinoma (RCC)?,"Flank pain, palpable mass, hematuria","Fever, weight loss, night sweats","Hypertension, proteinuria, edema","Oliguria, hematuria, hypertension","Flank pain, dysuria, frequency",A,
EDXCGRBC,Nephrology,196,Which of the following are features of Renal Cell Carcinoma (RCC)?,"Fever, secondary polycythemia","Hypothermia, anemia","Hypertension, hypokalemia","Hypotension, hyperkalemia","Bradycardia, hypercalcemia",A,
NW8X6Z8S,Nephrology,196,Which paraneoplastic syndromes are associated with Renal Cell Carcinoma (RCC)?,"Ectopic EPO, ACTH, PTHrP, renin","Ectopic ADH, oxytocin, insulin","Ectopic TSH, FSH, LH","Ectopic gastrin, secretin, CCK","Ectopic glucagon, somatostatin",A,
JWHQJCWB,Nephrology,196,A middle-aged man came back from Cairo & developed painless hematuria. Likely diagnosis is:,Squamous cell carcinoma of the urinary bladder,Transitional cell carcinoma of the urinary bladder,Adenocarcinoma of the urinary bladder,Renal cell carcinoma,Wilms tumor,A,
XZFMS3HK,Nephrology,196,"A 50-year-old man from Cairo presented with hematuria. Cystoscopy showed a tumor mass. On histopathological examination, the most likely diagnosis would be:",Squamous cell carcinoma,Transitional cell carcinoma,Adenocarcinoma,Renal cell carcinoma,Wilms tumor,A,
A72CEFRS,Nephrology,196,Squamous cell carcinoma of the bladder with a history of granulomatous bladder lesions is caused by:,Schistosomiasis,Tuberculosis,Syphilis,Gonorrhea,Chlamydia,A,
CGMSLPNX,Nephrology,196,The parasite associated with urinary bladder carcinoma is:,Schistosoma haematobium,Schistosoma mansoni,Schistosoma japonicum,Clonorchis sinensis,Fasciola hepatica,A,
SJ7YKW92,Nephrology,196,Schistosoma haematobium causes:,Urinary bladder abnormalities,Liver cirrhosis,Portal hypertension,Biliary tract carcinoma,Pulmonary hypertension,A,
FHALLUUJ,Nephrology,196,Squamous cell carcinoma of bladder caused by:,Schistosoma,E. coli,Klebsiella,Proteus,Pseudomonas,A,
Z3D2EE8T,Nephrology,196,A 45-year man suffering from hematuria later develops carcinoma of bladder. His urine sample shows the presence of ova with large terminal spine. He is infected by which of following parasite:,Schistosoma haematobium,Schistosoma mansoni,Schistosoma japonicum,Clonorchis sinensis,Fasciola hepatica,A,
4HRDR3LZ,Nephrology,196,A chemical factory worker was diagnosed with transitional cell carcinoma of the bladder. What is the likely cause?,Aniline dye,Asbestos,Benzene,Vinyl chloride,Aflatoxin,A,
VTV6KE4G,Nephrology,196,Which of the following is the most common cause of bladder carcinoma:,Smoking,Aniline dye exposure,Schistosomiasis,Cyclophosphamide use,Phenacetin use,A,
HMPZZZE9,Nephrology,196,A chronic smoker from 30 year working in tire factory presented with painless hematuria. Histopathology show transitional cell carcinoma of bladder. Causative agent in his case is:,Tobacco smoking,Aniline dye,Asbestos,Benzene,Schistosomiasis,A,
ZACUA5GN,Nephrology,196,"A 50-year-old man having aching pain in the right flank, hematuria, and weight loss. Blood urea, nitrogen, serum electrolytes, and RFTs were normal. Hb 18 and serum Ca 11. On imaging, there is a mass in the right flank. Diagnosis?",Renal cell carcinoma,Transitional cell carcinoma,Squamous cell carcinoma,Polycystic kidney disease,Wilms tumor,A,
P59FLUFY,Nephrology,196,A 60-year-old patient with increased hematocrit and creatinine. Diagnosis:,Renal cell carcinoma,Transitional cell carcinoma,Squamous cell carcinoma,Polycystic kidney disease,Wilms tumor,A,
TRSG893T,Nephrology,196,"A nephrectomy specimen on cutting shows a circumscribed, well-defined, grey-white color areas near the upper pole. It measures 5 x 3 x 2.5 cm. It has few areas of hemorrhages and cystic/necrotic spaces. Renal vein and ureter are normal. The most likely diagnosis is:",Renal cell carcinoma,Transitional cell carcinoma,Squamous cell carcinoma,Wilms tumor,Angiomyolipoma,A,
MZP223W9,Nephrology,196,Usual route of spread of renal cell carcinoma is through:,Renal vein,Renal artery,Lymphatics,Ureter,Direct extension to adrenal gland,A,
XHU8HDTR,Nephrology,196,"A man with decreased urine, hematuria, and a mass in the right flank likely has:",Renal cell carcinoma,Transitional cell carcinoma,Squamous cell carcinoma,Polycystic kidney disease,Wilms tumor,A,
Z4VTV87J,Nephrology,196,The most likely diagnosis for a circumscribed renal mass with variegated appearance is:,Renal cell carcinoma,Transitional cell carcinoma,Squamous cell carcinoma,Wilms tumor,Angiomyolipoma,A,
A2MPFELU,Nephrology,196,"Biopsy specimen showing Vementin positive, cytokeratin positive and CD45 negative with cells showing spindle shaped cells with Pleomorphism. Which tumor is likely to match these findings:",Renal cell Carcinoma,Transitional cell carcinoma,Squamous cell carcinoma,Wilms tumor,Angiomyolipoma,A,
DEC7LEVQ,Nephrology,196,Paraneoplastic syndrome associated with renal cell carcinoma:,Polycythemia,Anemia,Thrombocytopenia,Leukopenia,Pancytopenia,A,
W7BSMYJG,Nephrology,197,The most significant feature in acute tubular necrosis is:,HYPERKALEMIA,HYPOKALEMIA,HYPERNATREMIA,HYPONATREMIA,HYPOCALCEMIA,A,
N6DRPTH3,Nephrology,197,"A student was given a drug by a quack for muscle gain. He developed body ache and oliguria. Investigation showed raised Serum Calcium, ALT, and BUN slightly raised with normal urine findings. The likely diagnosis is:",Acute tubular necrosis,Acute interstitial nephritis,Glomerulonephritis,Renal tubular acidosis,Polycystic kidney disease,A,
9UXEJKYW,Nephrology,197,"A PT took some medicine from a quack for muscle strength, then developed general weakness and oliguria, his urine was pale yellow, urea was slightly high, serum ALT was slightly high, ""HB NORMAL"" urea raised what's the cause:",Acute tubular necrosis,Acute interstitial nephritis,Glomerulonephritis,Renal tubular acidosis,Polycystic kidney disease,A,
QKVG4GPF,Nephrology,197,"In ATN (acute tubular necrosis), which part of the nephron is most likely affected?",PCT,DCT,Loop of Henle,Collecting duct,Macula densa,A,
HNPPAUDW,Nephrology,197,"A 3-year-old child with flank pain and unilateral hydronephrosis, most likely cause:",Constriction at PUJ,Vesicoureteral reflux,Posterior urethral valves,Renal stones,Wilms tumor,A,
UGFQB2SX,Nephrology,197,A long-standing case of urinary incontinence in an elderly man is likely due to:,Benign prostatic hyperplasia,Prostate cancer,Bladder cancer,Renal stones,Urinary tract infection,A,
