QuestionID,Chapter,Topic,Question,OptionA,OptionB,OptionC,OptionD,OptionE,CorrectAnswer,Explanation,Hint
RWR-Cardiovascular System-001,Cardiovascular System,,"A 60-year-old man with a history of hypertension presents to the emergency department with severe chest pain radiating to the epigastrium for the past 2 hours, associated with sweating and nausea. His blood pressure is 90/60 mmHg, and pulse is 48/min. On examination, he appears pale and diaphoretic. ECG shows ST-segment elevation in leads II, III, and aVF with reciprocal ST depression in leads I and aVL.Which coronary artery is most likely involved in this patient's myocardial infarction?",Left anterior descending artery (LAD),Left circumflex artery (LCX),Right coronary artery (RCA),Obtuse marginal artery,Diagonal branch of LAD,C,"<span style=""color:green""><b>Right coronary artery (RCA):</b></span> ST elevation in II, III, aVF → inferior MI, RCA occlusion; also explains bradycardia/hypotension.<br><br><span style=""color:red""><b>Left anterior descending artery (LAD):</b></span> Causes anterior MI (V1-V4).<br><br><span style=""color:red""><b>Left circumflex artery (LCX):</b></span> Causes lateral MI (I, aVL, V5-V6).<br><br><span style=""color:red""><b>Obtuse marginal artery:</b></span> Branch of LCX, lateral wall.<br><br><span style=""color:red""><b>Diagonal branch of LAD:</b></span> Anterolateral wall.<br><br><span style=""color:goldenrod""><b>💡 Tip: </b></span>""Inferior leads → RCA.""","<span style=""color:darkorange""><b>🔍 Hint:</b></span> The ECG shows ST elevation in II, III, aVF. What part of the heart do these leads look at, and which artery feeds it?"
RWR-Gastrointestinal System-001,Gastrointestinal System,,"A 27-year-old male presents with a history of progressive right lower quadrant abdominal pain, intermittent fever, and nausea for the past 10 days. On examination, he is febrile (38.2°C), pulse 105/min, BP 110/70 mmHg. Abdominal exam reveals a palpable, ill-defined tender mass in the right iliac fossa with localized guarding but no generalized peritonitis.Laboratory investigations show WBC count of 14,800/μL with neutrophilia. Ultrasound abdomen demonstrates an 8 cm heterogeneous inflammatory mass in the right iliac fossa, consistent with an appendicular phlegmon.What is the next best step in management?",Immediate appendectomy,Intravenous antibiotics,Laparoscopic drainage of abscess,Percutaneous aspiration under US guidance,Emergency right hemicolectomy,B,"<span style=""color:green""><b>Intravenous antibiotics:</b></span> Appendicular phlegmon (no pus) → conservative management, interval appendectomy.<br><br><span style=""color:red""><b>Immediate appendectomy:</b></span> Risky with phlegmon.<br><br><span style=""color:red""><b>Laparoscopic drainage of abscess:</b></span> For abscess, not phlegmon.<br><br><span style=""color:red""><b>Percutaneous aspiration under US guidance:</b></span> For fluid collections.<br><br><span style=""color:red""><b>Emergency right hemicolectomy:</b></span> Too radical.<br><br><span style=""color:goldenrod""><b>💡 Tip: </b></span>""Mass = antibiotics, abscess = drain.""","<span style=""color:darkorange""><b>🔍 Hint:</b></span> The ultrasound calls the mass an “appendicular phlegmon.” What does the presence of a phlegmon (not a drainable abscess) tell you about the safety of immediate surgery?"
RWR-Cardiovascular System-002,Cardiovascular System,,"A 56-year-old man with a history of hypertension and smoking presents to the emergency department with acute-onset chest pain radiating to his left arm. He is found to be tachycardic with a heart rate of 140/min. His blood pressure is 130/85 mmHg, and ECG shows ST-segment elevation in the anterior leads. In this patient, which of the following hemodynamic changes due to tachycardia most likely predisposes him to myocardial ischemia?",Decreased duration of diastole,Increased preload,Increased afterload,Increased myocardial contractility,Increased cardiac output,A,"<span style=""color:green""><b>Decreased duration of diastole:</b></span> Tachycardia shortens diastole → ↓ coronary perfusion.<br><br><span style=""color:red""><b>Increased preload:</b></span> Actually decreases.<br><br><span style=""color:red""><b>Increased afterload:</b></span> Not directly.<br><br><span style=""color:red""><b>Increased myocardial contractility:</b></span> ↑ O2 demand but not primary mechanism.<br><br><span style=""color:red""><b>Increased cardiac output:</b></span> Loss of diastolic time key.<br><br><span style=""color:goldenrod""><b>💡 Tip: </b></span>""Faster heart = less coronary fill.""","<span style=""color:darkorange""><b>🔍 Hint:</b></span> He is tachycardic at 140/min. During which phase of the cardiac cycle do the coronary arteries fill—and what happens to that phase when heart rate rises?"
RWR-Cardiovascular System-003,Cardiovascular System,,"A 62-year-old man with a history of long-standing hypertension is undergoing elective abdominal surgery under general anesthesia. During the procedure, his blood pressure suddenly rises to 190/110 mmHg. The anesthetist promptly administers antihypertensive medication to control his blood pressure. What is the primary reason for controlling hypertension in this patient during surgery?",To prevent intraoperative stroke due to hypertension,To reduce the risk of myocardial infarction caused by increased oxygen demand,To avoid impaired cardiac output secondary to increased afterload,To minimize excessive bleeding from the surgical site,To prevent reflex bradycardia due to baroreceptor stimulation,B,"<span style=""color:green""><b>To minimize excessive bleeding from the surgical site:</b></span> Hypertension → ↑ capillary pressure → oozing.<br><br><span style=""color:red""><b>To prevent intraoperative stroke:</b></span> Longer-term.<br><br><span style=""color:red""><b>To reduce risk of MI:</b></span> Secondary.<br><br><span style=""color:red""><b>To avoid impaired cardiac output:</b></span> Secondary.<br><br><span style=""color:red""><b>To prevent reflex bradycardia:</b></span> Not primary.<br><br><span style=""color:goldenrod""><b>💡 Tip: </b></span>""Dry surgical field first.""","<span style=""color:darkorange""><b>🔍 Hint:</b></span> During surgery, his BP shoots up to 190/110 mmHg. Why would the surgeon want the pressure lowered quickly—what immediate problem does hypertension cause in the operative field?"
RWR-Endocrine System-001,Endocrine System,,"A 17-year-old boy with type 1 diabetes mellitus presents with polyuria, polydipsia, vomiting, and abdominal pain, and laboratory findings show a blood glucose level of 420 mg/dL, serum sodium of 135 mEq/L, serum potassium of 4.5 mEq/L, and arterial blood gas indicating metabolic acidosis. He is started on IV fluids and insulin infusion, and after several hours, his blood glucose drops below 250 mg/dL, but metabolic acidosis persists. Which of the following is the next appropriate step in management?",Bicarbonate,Potassium,Dextrose,Normal saline,Dextrose saline,C,"<span style=""color:green""><b>Dextrose saline:</b></span> Glucose <250 mg/dL in DKA → add dextrose to prevent hypoglycemia while insulin clears ketones.<br><br><span style=""color:red""><b>Bicarbonate:</b></span> For pH <6.9.<br><br><span style=""color:red""><b>Potassium:</b></span> Replace as needed.<br><br><span style=""color:red""><b>Normal saline:</b></span> Without dextrose risks hypoglycemia.<br><br><span style=""color:red""><b>Dextrose:</b></span> D5W alone hypotonic.<br><br><span style=""color:goldenrod""><b>💡 Tip: </b></span>""Sugar <250? Add dextrose.""","<span style=""color:darkorange""><b>🔍 Hint:</b></span> Blood glucose has fallen below 250 mg/dL, but the acidosis is not yet resolved. You still need insulin, but you also need to avoid hypoglycemia. What should you add to the IV fluids?"
RWR-Gastrointestinal System-002,Gastrointestinal System,,"A 55-year-old woman presents to the emergency department with sudden onset right upper quadrant abdominal pain radiating to the right shoulder. The pain started 12 hours ago and is associated with fever, nausea, and vomiting. On examination, she has tenderness and guarding in the right upper quadrant, with a positive Murphy's sign. Laboratory investigations reveal leukocytosis and mildly elevated liver enzymes. Ultrasound of the abdomen shows a thickened gallbladder wall with pericholecystic fluid, and multiple gallstones are seen. What is the most appropriate next step in management?",Urgent cholecystectomy,IV antibiotics and observation,Elective cholecystectomy in 6 weeks,Percutaneous cholecystostomy,Endoscopic retrograde cholangiopancreatography (ERCP),A,"<span style=""color:green""><b>Urgent cholecystectomy:</b></span> Acute cholecystitis → operate within 72h.<br><br><span style=""color:red""><b>IV antibiotics and observation:</b></span> Not definitive.<br><br><span style=""color:red""><b>Elective cholecystectomy in 6 weeks:</b></span> For late/high-risk.<br><br><span style=""color:red""><b>Percutaneous cholecystostomy:</b></span> For critically ill.<br><br><span style=""color:red""><b>ERCP:</b></span> For choledocholithiasis/cholangitis.<br><br><span style=""color:goldenrod""><b>💡 Tip: </b></span>""Early cholecystectomy within 72h.""","<span style=""color:darkorange""><b>🔍 Hint:</b></span> Symptoms started 12 hours ago, and ultrasound shows a thickened gallbladder wall with pericholecystic fluid. Does modern practice favor operating now or waiting 6 weeks?"
RWR-Gastrointestinal System-003,Gastrointestinal System,,"A 62-year-old man presents with a painless swelling in the lower abdomen just above the inguinal ligament. The swelling increases on coughing and standing and reduces when lying down. On examination, the swelling is medial to the inferior epigastric vessels. Which type of hernia is most likely?",Direct inguinal hernia,Indirect inguinal hernia,Femoral hernia,Umbilical hernia,Spigelian hernia,A,"<span style=""color:green""><b>Direct inguinal hernia:</b></span> Medial to inferior epigastric vessels = direct.<br><br><span style=""color:red""><b>Indirect inguinal hernia:</b></span> Lateral to vessels.<br><br><span style=""color:red""><b>Femoral hernia:</b></span> Below inguinal ligament.<br><br><span style=""color:red""><b>Umbilical hernia:</b></span> At umbilicus.<br><br><span style=""color:red""><b>Spigelian hernia:</b></span> Lateral rectus edge.<br><br><span style=""color:goldenrod""><b>💡 Tip: </b></span>""Medial = Direct, Lateral = Indirect.""","<span style=""color:darkorange""><b>🔍 Hint:</b></span> The swelling is “medial to the inferior epigastric vessels.” Which type of inguinal hernia is defined by a neck medial to those vessels?"
RWR-Nervous System-001,Nervous System,,"A 12-year-old boy presents to the clinic with multiple café-au-lait spots, freckling in the axillary region, and several cutaneous nodules on the trunk and limbs. On examination, some nodules are soft, and the patient reports that a few have been gradually increasing in size. Family history reveals that his mother has similar skin findings. Based on the clinical presentation and the attached image, what is the most likely diagnosis?",Neurofibromatosis,Cowden's disease,Rheumatoid arthritis,Legius syndrome,,A,"<span style=""color:green""><b>Neurofibromatosis:</b></span> Café-au-lait, axillary freckling, neurofibromas + family history = NF1.<br><br><span style=""color:red""><b>Cowden's disease:</b></span> Hamartomas, trichilemmomas.<br><br><span style=""color:red""><b>Rheumatoid arthritis:</b></span> Joint disease.<br><br><span style=""color:red""><b>Legius syndrome:</b></span> No neurofibromas.<br><br><span style=""color:goldenrod""><b>💡 Tip: </b></span>""CALM, freckles, fibromas = NF1.""","<span style=""color:darkorange""><b>🔍 Hint:</b></span> Multiple café‑au‑lait spots, axillary freckling, and cutaneous nodules—plus a parent with the same findings. Which inherited neurocutaneous syndrome matches this triad?"
RWR-Gastrointestinal System-004,Gastrointestinal System,,"A 65-year-old man presents with massive lower gastrointestinal bleeding. Initial investigations including colonoscopy and CT angiography localize the bleeding site. Angioembolization is performed to control the hemorrhage. Despite the procedure, the patient continues to have active bleeding, with ongoing transfusion requirements.What is the most appropriate next step in management?",Laparotomy with colectomy,Repeat angioembolization,Observation and supportive care,Endoscopic hemostasis,Rectal packing,A,"<span style=""color:green""><b>Laparotomy with colectomy:</b></span> Failed angioembolization → surgical resection.<br><br><span style=""color:red""><b>Repeat angioembolization:</b></span> Unlikely to succeed.<br><br><span style=""color:red""><b>Observation:</b></span> Unsafe active bleed.<br><br><span style=""color:red""><b>Endoscopic hemostasis:</b></span> Already attempted.<br><br><span style=""color:red""><b>Rectal packing:</b></span> Not for proximal GI.<br><br><span style=""color:goldenrod""><b>💡 Tip: </b></span>""Radiology fails → surgery.""","<span style=""color:darkorange""><b>🔍 Hint:</b></span> Angioembolization was performed but active bleeding continues. When a radiologic method fails to stop the hemorrhage, what surgical step is left?"
RWR-Trauma-001,Trauma,,"A 28-year-old man presents to the emergency department after a motor vehicle accident. He is hemodynamically stable, with normal blood pressure and heart rate. He requires IV access for fluid resuscitation and laboratory investigations. Which of the following is the most appropriate initial choice for vascular access?",Peripheral 14-gauge cannula,Peripheral 24-gauge cannula,Central line,Intraosseous line,Peripherally inserted central catheter (PICC),A,"<span style=""color:green""><b>Peripheral 14‑gauge cannula:</b></span> Large-bore IV for rapid volume resuscitation.<br><br><span style=""color:red""><b>24‑gauge:</b></span> Pediatric, low flow.<br><br><span style=""color:red""><b>Central line:</b></span> Not first step.<br><br><span style=""color:red""><b>Intraosseous line:</b></span> If IV fails.<br><br><span style=""color:red""><b>PICC:</b></span> High resistance.<br><br><span style=""color:goldenrod""><b>💡 Tip: </b></span>""Big catheter = 14/16 G for trauma.""","<span style=""color:darkorange""><b>🔍 Hint:</b></span> You need rapid volume infusion in a trauma patient. Which gauge of peripheral IV allows the highest flow rate—14 or 24?"
RWR-Trauma-002,Trauma,,"A 35-year-old man presents to the emergency department after a motor vehicle accident. He sustained multiple injuries with massive blood loss. He was immediately resuscitated and transfused 10 units of packed red blood cells, and the active bleeding was surgically controlled. However, despite adequate transfusion, his hemoglobin remains low, and he continues to ooze from minor sites.Which of the following is the most likely cause?",Dilutional thrombocytopenia,Hemophilia,Factor V Leiden mutation,Vitamin K deficiency,Acute hemolytic transfusion reaction,A,"<span style=""color:green""><b>Dilutional thrombocytopenia:</b></span> Massive PRBC transfusion → platelet dilution → oozing.<br><br><span style=""color:red""><b>Hemophilia:</b></span> Congenital.<br><br><span style=""color:red""><b>Factor V Leiden:</b></span> Prothrombotic.<br><br><span style=""color:red""><b>Vitamin K deficiency:</b></span> Develops slowly.<br><br><span style=""color:red""><b>Acute hemolytic reaction:</b></span> Fever, hypotension, hemoglobinuria.<br><br><span style=""color:goldenrod""><b>💡 Tip: </b></span>""Transfusion washes out platelets.""","<span style=""color:darkorange""><b>🔍 Hint:</b></span> He received 10 units of PRBCs. Stored red cells lack functional platelets and clotting factors. What blood component deficiency does this cause?"
RWR-Nervous System-002,Nervous System,,"A 28-year-old man undergoes general anesthesia for elective surgery. During the procedure, he develops sudden hyperthermia, muscle rigidity, and tachycardia. Laboratory investigations reveal hyperkalemia and metabolic acidosis.Which type of cerebral edema is most likely to develop in this patient?",Vasogenic,Interstitial,Hydrostatic,Osmotic,Cytotoxic,A,"<span style=""color:green""><b>Cytotoxic:</b></span> Malignant hyperthermia → ATP loss, ion pump failure → cellular edema.<br><br><span style=""color:red""><b>Vasogenic:</b></span> BBB breakdown.<br><br><span style=""color:red""><b>Interstitial:</b></span> Hydrocephalus.<br><br><span style=""color:red""><b>Hydrostatic:</b></span> Not a standard type.<br><br><span style=""color:red""><b>Osmotic:</b></span> Hyponatremia/hyperglycemia.<br><br><span style=""color:goldenrod""><b>💡 Tip: </b></span>""MH energy crisis → cytotoxic edema.""","<span style=""color:darkorange""><b>🔍 Hint:</b></span> Malignant hyperthermia causes a hypermetabolic state with ATP depletion and ion pump failure inside cells. What type of brain swelling results from cellular energy failure?"
RWR-Anesthesia-001,Anesthesia,,"A 35-year-old man undergoes general anesthesia for an elective procedure. Postoperatively, he is unable to move his limbs or breathe adequately despite the expected duration of surgery being completed. He is hemodynamically stable, and there are no signs of hypoxia.Which anesthetic drug is the most likely cause of this prolonged muscle relaxation?",Suxamethonium,Rocuronium,Vecuronium,Atracurium,Propofol,A,"<span style=""color:green""><b>Suxamethonium:</b></span> Depolarizing, broken by pseudocholinesterase; deficiency → prolonged paralysis.<br><br><span style=""color:red""><b>Rocuronium:</b></span> Non-depolarizing.<br><br><span style=""color:red""><b>Vecuronium:</b></span> Non-depolarizing.<br><br><span style=""color:red""><b>Atracurium:</b></span> Hofmann elimination.<br><br><span style=""color:red""><b>Propofol:</b></span> Induction agent.<br><br><span style=""color:goldenrod""><b>💡 Tip: </b></span>""Suxamethonium + low enzyme = long paralysis.""","<span style=""color:darkorange""><b>🔍 Hint:</b></span> Post‑op the patient cannot move or breathe despite the surgery being over. Which muscle relaxant depends on pseudocholinesterase for breakdown, and if that enzyme is deficient, paralysis is prolonged?"
RWR-Gastrointestinal System-005,Gastrointestinal System,,"A 19-year-old male presents with 18 hours of abdominal pain, initially periumbilical but later shifting to the right lower quadrant, accompanied by anorexia, nausea, and fever. On examination, he has temperature 38°C, localized tenderness, rebound, and guarding at McBurney's point with positive Rovsing's sign. His WBC count is 14,200/mm³ with neutrophilia, and ultrasound shows a non-compressible tubular structure of 8 mm in diameter with surrounding fat stranding. What is the best next step in management?",Immediate appendectomy,IV antibiotics alone with observation,Oral antibiotics and outpatient follow-up,Laparotomy with right hemicolectomy,CT-guided drainage of the appendix,A,"<span style=""color:green""><b>Immediate appendectomy:</b></span> Classic acute appendicitis → surgery to prevent perforation.<br><br><span style=""color:red""><b>IV antibiotics alone:</b></span> Not definitive for clear appendicitis.<br><br><span style=""color:red""><b>Oral antibiotics:</b></span> Not appropriate.<br><br><span style=""color:red""><b>Right hemicolectomy:</b></span> Too extensive.<br><br><span style=""color:red""><b>CT-guided drainage:</b></span> No drainable collection.<br><br><span style=""color:goldenrod""><b>💡 Tip: </b></span>""Appendicitis = appendectomy.""","<span style=""color:darkorange""><b>🔍 Hint:</b></span> Classic McBurney’s point tenderness, rebound, guarding, and an 8 mm non‑compressible appendix on ultrasound. What is the definitive treatment for uncomplicated acute appendicitis?"
RWR-Endocrine System-002,Endocrine System ,,"A 55-year-old man with a history of type 2 diabetes presents to the emergency department with nausea, vomiting, and generalized weakness for the past 2 days.On examination, he is dehydrated and tachypneic. Basic laboratory investigations show elevated blood glucose and mild ketonuria, while arterial blood gas analysis reveals a pH of 7.2, HCO3⁻ of 17 mEq/L, and PaCO2 of 24 mmHg. Which acid-base disorder does this patient most likely have?",Uncompensated metabolic acidosis,Partially compensated metabolic acidosis,Respiratory acidosis,Metabolic alkalosis,Mixed metabolic and respiratory alkalosis,B,"<span style=""color:green""><b>Partially compensated metabolic acidosis:</b></span> pH low, HCO3- low, PaCO2 low (compensation incomplete).<br><br><span style=""color:red""><b>Uncompensated:</b></span> Normal PaCO2.<br><br><span style=""color:red""><b>Respiratory acidosis:</b></span> High PaCO2.<br><br><span style=""color:red""><b>Metabolic alkalosis:</b></span> High pH, HCO3-.<br><br><span style=""color:red""><b>Mixed alkalosis:</b></span> Alkaline pH.<br><br><span style=""color:goldenrod""><b>💡 Tip: </b></span>""Low pH + low CO2, still acidic = partial compensation.""","<span style=""color:darkorange""><b>🔍 Hint:</b></span> pH is 7.2 (low), HCO₃⁻ is 17 (low), and PaCO₂ is 24 (low). The lungs are trying to blow off CO₂, but pH is still abnormal. Is this compensation complete or only partial?"
RWR-Endocrine System-003,Endocrine System,,"A 22-year-old man with known type 1 diabetes mellitus presents to the emergency department with nausea, vomiting, and abdominal pain for the past 2 days.On examination, he is dehydrated, tachycardic, and tachypneic. Laboratory investigations reveal a blood glucose level of 480 mg/dL, positive serum ketones, and arterial blood gas showing a pH of 7.18, PaCO2 of 25 mmHg, and HCO3⁻ of 12 mEq/L. Which acid-base disorder does this patient most likely have?",Uncompensated metabolic acidosis,Compensated metabolic acidosis,Mixed metabolic and respiratory acidosis,High anion gap metabolic acidosis,Normal acid-base,D,"<span style=""color:green""><b>High anion gap metabolic acidosis:</b></span> DKA → ketoacids (unmeasured anions) → ↑ gap.<br><br><span style=""color:red""><b>Uncompensated:</b></span> Not specific.<br><br><span style=""color:red""><b>Compensated:</b></span> pH still 7.18.<br><br><span style=""color:red""><b>Mixed metabolic/respiratory acidosis:</b></span> PaCO2 low, not high.<br><br><span style=""color:red""><b>Normal:</b></span> Clearly abnormal.<br><br><span style=""color:goldenrod""><b>💡 Tip: </b></span>""DKA = wide anion gap.""","<span style=""color:darkorange""><b>🔍 Hint:</b></span> DKA produces ketoacids, which are unmeasured anions. What is the name for a metabolic acidosis where the anion gap is increased?"
RWR-Gastrointestinal System-006,Gastrointestinal System,,"A 68-year-old man with a history of atrial fibrillation, well-controlled on antiarrhythmic medications, presents to the emergency department with sudden onset severe abdominal pain for the last few hours. He describes the pain as out of proportion to examination findings. On physical exam, the abdomen is soft with mild tenderness. The pain partially improves after defecation. Labs show mild leukocytosis.What is the most likely diagnosis?",Acute mesenteric ischemia,Chronic mesenteric ischemia,Gastroenteritis,Small bowel obstruction,Peptic ulcer disease,A,"<span style=""color:green""><b>Acute mesenteric ischemia:</b></span> AFib → embolism, pain out of proportion, soft abdomen.<br><br><span style=""color:red""><b>Chronic mesenteric ischemia:</b></span> Post-prandial pain, weight loss.<br><br><span style=""color:red""><b>Gastroenteritis:</b></span> Diarrhea, diffuse tenderness.<br><br><span style=""color:red""><b>SBO:</b></span> Distension, vomiting.<br><br><span style=""color:red""><b>PUD:</b></span> Epigastric meal-related pain.<br><br><span style=""color:goldenrod""><b>💡 Tip: </b></span>""AFib + severe pain out of proportion = mesenteric ischemia.""","<span style=""color:darkorange""><b>🔍 Hint:</b></span> He has atrial fibrillation, sudden severe abdominal pain, and a soft belly with pain “out of proportion” to exam. Which vascular emergency starts this way?"
RWR-Gastrointestinal System-007,Gastrointestinal System,,"A 10-year-old boy presented to the clinic with right lower quadrant pain one week ago, which was mild and self-limiting. Today, he has a tender, firm mass in the right lower quadrant, mild fever, and leukocytosis. Ultrasound shows a well-defined appendicular mass.What is the most appropriate next step in management?",Emergency appendectomy,IV antibiotics with conservative management,Observe without treatment,Percutaneous drainage immediately,Laparoscopic exploration now,B,"<span style=""color:green""><b>IV antibiotics with conservative management:</b></span> Appendicular mass → Ochsner-Sherren regimen, interval appendectomy.<br><br><span style=""color:red""><b>Emergency appendectomy:</b></span> Hazardous with mass.<br><br><span style=""color:red""><b>Observe without treatment:</b></span> Needs antibiotics.<br><br><span style=""color:red""><b>Percutaneous drainage:</b></span> For abscess.<br><br><span style=""color:red""><b>Laparoscopic exploration:</b></span> Same risk as surgery.<br><br><span style=""color:goldenrod""><b>💡 Tip: </b></span>""Mass = hands off, antibiotics first.""","<span style=""color:darkorange""><b>🔍 Hint:</b></span> A tender mass one week after mild RLQ pain, with fever and leukocytosis. Should you rush to the OR, or is there a safer non‑surgical first step?"
RWR-Endocrine System-004,Endocrine System,,"A 58-year-old man with a 15-year history of type 2 diabetes presents for a routine eye check-up. He reports no visual complaints. On fundoscopic examination, there are microaneurysms, dot and blot hemorrhages, and hard exudates in both eyes.What is the most likely diagnosis?",Hypertensive retinopathy,Diabetic retinopathy,Retinal vein occlusion,Age-related macular degeneration,Central retinal artery occlusion,B,"<span style=""color:green""><b>Diabetic retinopathy:</b></span> Microaneurysms, dot-blot hemorrhages, hard exudates in long-term DM.<br><br><span style=""color:red""><b>Hypertensive retinopathy:</b></span> AV nicking, cotton-wool spots.<br><br><span style=""color:red""><b>Retinal vein occlusion:</b></span> Sudden vision loss, blood and thunder.<br><br><span style=""color:red""><b>AMD:</b></span> Drusen, pigment changes.<br><br><span style=""color:red""><b>Central retinal artery occlusion:</b></span> Cherry-red spot.<br><br><span style=""color:goldenrod""><b>💡 Tip: </b></span>""DM + microaneurysms = NPDR.""","<span style=""color:darkorange""><b>🔍 Hint:</b></span> Fundoscopy shows microaneurysms, dot‑blot hemorrhages, and hard exudates in a 58‑year‑old with 15‑year type 2 diabetes. Which retinal complication of diabetes does this describe?"
RWR-Trauma-003,Trauma,,"A 25-year-old man is brought to the emergency department after being stabbed in the neck. He is bleeding profusely, and the bleeding appears arterial (bright red, spurting). The patient is conscious but anxious.What is the most appropriate immediate step to control the bleeding?",Remove the penetrating object,Apply direct pressure on the wound,Dress the wound lightly,Elevate the neck,Start IV fluids first,B,"<span style=""color:green""><b>Apply direct pressure on the wound:</b></span> First step for external arterial bleed.<br><br><span style=""color:red""><b>Remove object:</b></span> Never.<br><br><span style=""color:red""><b>Dress lightly:</b></span> Won't stop spurting.<br><br><span style=""color:red""><b>Elevate neck:</b></span> Ineffective.<br><br><span style=""color:red""><b>IV fluids first:</b></span> Control bleeding first.<br><br><span style=""color:goldenrod""><b>💡 Tip: </b></span>""Direct pressure, don't pull the knife.""","<span style=""color:darkorange""><b>🔍 Hint:</b></span> Bright red, spurting blood from a neck stab wound. What is the very first hands‑on action to control life‑threatening external hemorrhage?"
RWR-Nervous System-003,Nervous System,,"A 6-year-old boy is brought to the emergency department after a fall from a tree. On examination, he is responsive only to painful stimuli with his eyes, makes mumbling sounds, and is able to localize pain by moving his hands toward the source.Calculate the Glasgow Coma Scale (GCS) for this patient.",7,8,9,10,11,C,"<span style=""color:green""><b>9</b></span> Eyes to pain = 2, verbal mumbling = 2, motor localizes = 5 → total 9.<br><br><span style=""color:red""><b>7</b></span> Too low; would require lower scores.<br><br><span style=""color:red""><b>8</b></span> Miscalculation.<br><br><span style=""color:red""><b>10</b></span> Too high; localizing is 5, not 6.<br><br><span style=""color:red""><b>11</b></span> Normal or near normal; not consistent with exam.<br><br><span style=""color:goldenrod""><b>💡 Tip: </b></span>""E4 V5 M6 – pain is 2, mumble is 2, localize is 5.""","<span style=""color:darkorange""><b>🔍 Hint:</b></span> Eyes open to pain, mumbling sounds, and localizing pain — what do those three numbers add up to?"
RWR-Gastrointestinal System-008,Gastrointestinal System,,"A 3-month-old infant is brought for surgical evaluation due to cleft lip, cleft palate, cleft nose, and cleft alveolar ridge. The parents are concerned about feeding and cosmetic appearance. Which structure should be surgically repaired first as part of the standard protocol.",Cleft nose repair,Cleft palate repair,Cleft alveolar ridge repair,Cleft lip repair,Combined lip and palate repair in a single stage,D,"<span style=""color:green""><b>Cleft lip repair</b></span> Standard protocol repairs the lip first at ~3 months (rule of 10s), then palate later.<br><br><span style=""color:red""><b>Cleft nose repair</b></span> Done later, often with lip revision.<br><br><span style=""color:red""><b>Cleft palate repair</b></span> Repaired ~9-12 months to allow maxillary growth.<br><br><span style=""color:red""><b>Cleft alveolar ridge repair</b></span> Bone grafting in mixed dentition.<br><br><span style=""color:red""><b>Combined lip and palate repair in a single stage</b></span> Not standard in a 3-month-old.<br><br><span style=""color:goldenrod""><b>💡 Tip: </b></span>""Lip first by 3 months, palate around 9-12 months.""","<span style=""color:darkorange""><b>🔍 Hint:</b></span> The rule of 10s guides timing — which structure meets those criteria for earliest repair?"
RWR-Endocrine System-005,Endocrine System,,"A 40-year-old woman underwent a total thyroidectomy for multinodular goiter. On the 2nd postoperative day, she reports that her voice is weaker and fatigues quickly, especially when speaking for longer periods. She does not have hoarseness or stridor. Laryngoscopy shows normal movement of both vocal cords.Which nerve was most likely injured during surgery?",Recurrent laryngeal nerve,External branch of superior laryngeal nerve,Internal branch of superior laryngeal nerve,Glossopharyngeal nerve,Hypoglossal nerve,B,"<span style=""color:green""><b>External branch of superior laryngeal nerve</b></span> Injury causes cricothyroid weakness → voice fatigue, no hoarseness, normal cord movement.<br><br><span style=""color:red""><b>Recurrent laryngeal nerve</b></span> Hoarseness and cord paralysis.<br><br><span style=""color:red""><b>Internal branch of superior laryngeal nerve</b></span> Sensory; impairs cough, not voice.<br><br><span style=""color:red""><b>Glossopharyngeal nerve</b></span> Not involved in voice.<br><br><span style=""color:red""><b>Hypoglossal nerve</b></span> Tongue muscles.<br><br><span style=""color:goldenrod""><b>💡 Tip: </b></span>""External branch = tense the voice; injury = weak, fatigable voice, no hoarseness.""","<span style=""color:darkorange""><b>🔍 Hint:</b></span> She has voice weakness and fatigue but normal vocal cord movement — which nerve tenses the cords without opening/closing them?"
RWR-Hematologic System-001,Hematologic System,,"A 55-year-old woman undergoes total knee replacement and has an epidural catheter placed for postoperative analgesia. She is started on low molecular weight heparin (enoxaparin) 40 mg once daily for DVT prophylaxis. On postoperative day 2, the surgical team plans to remove the epidural catheter.Which of the following is the most appropriate timing for catheter removal according to current guidelines?",Immediately before the next scheduled LMWH dose,4 hours after the last LMWH dose,At least 12 hours after the last LMWH dose,24 hours after the first LMWH dose,"Any time, as long as patient is stable",C,"<span style=""color:green""><b>At least 12 hours after the last LMWH dose</b></span> Guidelines: wait 12h after prophylactic enoxaparin before epidural catheter removal.<br><br><span style=""color:red""><b>Immediately before the next dose</b></span> Risk of spinal hematoma at peak effect.<br><br><span style=""color:red""><b>4 hours after the last dose</b></span> Insufficient time.<br><br><span style=""color:red""><b>24 hours after the first dose</b></span> Unnecessary delay for prophylactic dosing.<br><br><span style=""color:red""><b>Any time if stable</b></span> Ignores pharmacokinetics, dangerous.<br><br><span style=""color:goldenrod""><b>💡 Tip: </b></span>""Prophylactic LMWH = wait 12h, therapeutic = wait 24h before pulling catheter.""","<span style=""color:darkorange""><b>🔍 Hint:</b></span> She is on a once-daily prophylactic dose of enoxaparin — how many hours must pass to safely remove the epidural catheter?"
RWR-Respiratory System-001,Respiratory System,,"A 40-year-old woman is undergoing diagnostic hysteroscopy under anesthesia. She is breathing spontaneously through an oxygen face mask. Ten minutes into the procedure, her oxygen saturation drops from 98% to 92%.What is the most likely cause of the desaturation?",Fluid overload leading to pulmonary edema,Atelectasis due to sedation and supine positioning,Bronchospasm from airway irritation,Aspiration of gastric contents,Equipment malfunction (oxygen disconnection or kinking of tubing),B,"<span style=""color:green""><b>Atelectasis due to sedation and supine positioning</b></span> Sedation + supine = reduced FRC → dependent atelectasis, V/Q mismatch.<br><br><span style=""color:red""><b>Fluid overload</b></span> Unlikely early in hysteroscopy with minimal fluids.<br><br><span style=""color:red""><b>Bronchospasm</b></span> Would have wheezing.<br><br><span style=""color:red""><b>Aspiration</b></span> More acute onset with signs.<br><br><span style=""color:red""><b>Equipment malfunction</b></span> Possible, but check physiology first.<br><br><span style=""color:goldenrod""><b>💡 Tip: </b></span>""Sedation + supine = collapsing alveoli (atelectasis) = desaturation.""","<span style=""color:darkorange""><b>🔍 Hint:</b></span> She's breathing spontaneously under sedation while lying flat — what happens to lung bases in that position?"
RWR-Cardiovascular System-004,Cardiovascular System,,"A 28-year-old man is brought to the emergency department after a motor vehicle accident. He is pale, tachycardic (HR 130/min), and has evidence of intra-abdominal bleeding on FAST scan. Initial airway and breathing are secured. The next step is fluid resuscitation.What is the fluid of choice in the initial trauma setting?","Crystalloid (e.g., Ringer's lactate or normal saline)","Colloid (e.g., albumin, hetastarch)",Fresh frozen plasma (FFP),Whole blood transfusion as first step,Hypertonic saline,A,"<span style=""color:green""><b>Crystalloid (e.g., Ringer's lactate or normal saline)</b></span> ATLS: 1 L warmed isotonic crystalloid is the first step in hemorrhagic shock.<br><br><span style=""color:red""><b>Colloid</b></span> No survival benefit, may harm coagulation.<br><br><span style=""color:red""><b>FFP</b></span> Part of massive transfusion, not initial bolus.<br><br><span style=""color:red""><b>Whole blood</b></span> Used later in massive transfusion, not as first ED bolus.<br><br><span style=""color:red""><b>Hypertonic saline</b></span> Not first-line; no proven advantage.<br><br><span style=""color:goldenrod""><b>💡 Tip: </b></span>""ATLS initial bolus = warm isotonic crystalloid.""","<span style=""color:darkorange""><b>🔍 Hint:</b></span> In the emergency room, what is the very first type of fluid given to a trauma patient with suspected internal bleeding?"
RWR-Medical Ethics-001,Medical Ethics,,A 7-year-old child is scheduled for an elective inguinal hernia repair. The surgeon needs to obtain legal and ethical consent before proceeding with the surgery.What is the most appropriate approach in this situation?,Informed consent from the parents/ guardians,Assent from the child only,Rely on Gillick competence of the child,Proceed under coercion if the child resists,No consent is required for minors,A,"<span style=""color:green""><b>Informed consent from the parents/ guardians</b></span> A 7-year-old cannot legally consent; parents/guardians must provide consent, with child assent sought.<br><br><span style=""color:red""><b>Assent from the child only</b></span> Encouraged but does not replace parental consent.<br><br><span style=""color:red""><b>Gillick competence</b></span> Rarely applicable to a 7-year-old.<br><br><span style=""color:red""><b>Proceed under coercion</b></span> Unethical and illegal.<br><br><span style=""color:red""><b>No consent required for minors</b></span> False; minors need parental consent except in emergencies.<br><br><span style=""color:goldenrod""><b>💡 Tip: </b></span>""Parents give consent, children give assent.""","<span style=""color:darkorange""><b>🔍 Hint:</b></span> The patient is 7 years old — who legally provides permission for an elective operation?"
RWR-Gastrointestinal System-009,Gastrointestinal System,,"A newborn male, born at term via spontaneous vaginal delivery, develops excessive frothy oral secretions, coughing, and choking shortly after his first feeding. He becomes cyanotic during feeding but improves when feeding is stopped. Attempts to pass a nasogastric (NG) tube are unsuccessful, with the tube repeatedly coiling in the upper chest. On chest X-ray, the NG tube is seen coiled in the proximal esophageal pouch, and there is gas present in the stomach and intestines.What is the most likely diagnosis?",Esophageal atresia with distal tracheoesophageal fistula,Pure esophageal atresia without fistula,H-type tracheoesophageal fistula without esophageal atresia,Laryngomalacia,Congenital diaphragmatic hernia,A,"<span style=""color:green""><b>Esophageal atresia with distal tracheoesophageal fistula</b></span> Frothy secretions, choking, NG tube coils in upper pouch + gas in stomach = distal TEF.<br><br><span style=""color:red""><b>Pure esophageal atresia</b></span> No gas in stomach.<br><br><span style=""color:red""><b>H-type TEF</b></span> NG tube passes; later recurrent aspiration.<br><br><span style=""color:red""><b>Laryngomalacia</b></span> Stridor, no NG tube issue.<br><br><span style=""color:red""><b>Congenital diaphragmatic hernia</b></span> Scaphoid abdomen, no esophageal pouch.<br><br><span style=""color:goldenrod""><b>💡 Tip: </b></span>""NG tube coiled in pouch + gas in stomach = EA with distal TEF.""","<span style=""color:darkorange""><b>🔍 Hint:</b></span> The NG tube coiled in the chest, yet there's gas in the intestines — what connection allows air to reach the stomach?"
RWR-Cardiovascular System-005,Cardiovascular System,,"A 55-year-old man with type 2 diabetes presents with pain in his left leg, which worsens as the day progresses. On examination, there is thickening and induration of the skin along the medial aspect of the leg, and a painful ulcer just above the medial malleolus. Peripheral pulses are palpable, and there is no history of trauma.Which of the following is the most likely diagnosis?",Venous insufficiency,Lymphedema,Peripheral arterial disease,Diabetic neuropathy,Cellulitis,A,"<span style=""color:green""><b>Venous insufficiency</b></span> Day-worsening pain, pigmentation, induration, medial malleolar ulcer + palpable pulses = venous stasis.<br><br><span style=""color:red""><b>Lymphedema</b></span> Non-pitting swelling without ulceration.<br><br><span style=""color:red""><b>Peripheral arterial disease</b></span> Distal, painful rest ulcer, absent pulses.<br><br><span style=""color:red""><b>Diabetic neuropathy</b></span> Painless ulcer over pressure points.<br><br><span style=""color:red""><b>Cellulitis</b></span> Erythema, warmth, no ulcer.<br><br><span style=""color:goldenrod""><b>💡 Tip: </b></span>""Medial malleolus ulcer + edema + pulses = venous stasis.""","<span style=""color:darkorange""><b>🔍 Hint:</b></span> The ulcer is just above the medial malleolus, pulses are felt, and the pain gets worse as the day goes on — which vascular system is failing?"
RWR-Hematologic System-002,Hematologic System,,Which of the following laboratory tests is the most appropriate to monitor warfarin therapy?,Prothrombin Time (PT),Activated Partial Thromboplastin Time (aPTT),INR (International Normalized Ratio),Thrombin Time (TT),Platelet Count,C,"<span style=""color:green""><b>INR (International Normalized Ratio)</b></span> INR standardizes PT results across labs, used to monitor warfarin therapy.<br><br><span style=""color:red""><b>Prothrombin Time (PT)</b></span> Measures extrinsic pathway but INR is the standardized monitoring test.<br><br><span style=""color:red""><b>aPTT</b></span> For heparin monitoring.<br><br><span style=""color:red""><b>Thrombin Time</b></span> Assesses fibrinogen; not for warfarin.<br><br><span style=""color:red""><b>Platelet Count</b></span> Does not reflect warfarin effect.<br><br><span style=""color:goldenrod""><b>💡 Tip: </b></span>""Warfarin = INR.""","<span style=""color:darkorange""><b>🔍 Hint:</b></span> Which lab value is specifically designed to standardize oral anticoagulant monitoring across different labs?"
RWR-Cardiovascular System-006,Cardiovascular System,,A 56-year-old man with hypertension and hyperlipidemia presents for evaluation of exertional chest discomfort. He has no history of myocardial infarction. Resting ECG is normal. You want to assess for inducible ischemia. What is the next best step in evaluating this patient?,Exercise treadmill stress test,Dipyridamole (pharmacologic) stress test,Coronary angiography immediately,Echocardiography without stress,Troponin I level,A,"<span style=""color:green""><b>Exercise treadmill stress test</b></span> Exertional chest pain, normal resting ECG, able to exercise → treadmill stress test first.<br><br><span style=""color:red""><b>Pharmacologic stress test</b></span> For patients unable to exercise.<br><br><span style=""color:red""><b>Coronary angiography</b></span> Not first-line without high-risk features.<br><br><span style=""color:red""><b>Echocardiography without stress</b></span> Resting echo may be normal.<br><br><span style=""color:red""><b>Troponin I</b></span> Rules out acute MI, not stable angina.<br><br><span style=""color:goldenrod""><b>💡 Tip: </b></span>""Can exercise + normal ECG = treadmill stress test first.""","<span style=""color:darkorange""><b>🔍 Hint:</b></span> He has exertional pain and normal baseline ECG — what is the simplest way to look for exercise-induced ischemia?"
RWR-Integumentary System-001,Integumentary System,,"A 65-year-old man with multiple comorbidities is admitted to the ICU after prolonged mechanical ventilation. On examination, he has a large sacral bedsore with necrotic tissue and foul-smelling discharge. The wound is deep, with exposed muscle. What is the most appropriate initial step in management?",Immediate removal of necrotic tissue and reconstructive surgery,Debridement of necrotic tissue and start broad-spectrum antibiotics,Start reconstructive surgery without debridement,Continue local dressing only until patient stabilizes,Hyperbaric oxygen therapy as first-line management,B,"<span style=""color:green""><b>Debridement of necrotic tissue and start broad-spectrum antibiotics</b></span> Necrotic tissue harbors bacteria; debridement and antibiotics before reconstruction.<br><br><span style=""color:red""><b>Immediate debridement and reconstruction</b></span> Reconstruction in infected wound fails.<br><br><span style=""color:red""><b>Reconstruction without debridement</b></span> Guarantees failure.<br><br><span style=""color:red""><b>Local dressing only</b></span> Inadequate; infection progresses.<br><br><span style=""color:red""><b>Hyperbaric oxygen first</b></span> Adjunctive, not primary.<br><br><span style=""color:goldenrod""><b>💡 Tip: </b></span>""Debride the dead, treat infection, then rebuild.""","<span style=""color:darkorange""><b>🔍 Hint:</b></span> The wound is necrotic and foul-smelling — what must be done to the dead tissue before any flap or surgery?"
RWR-Integumentary System-002,Integumentary System,,"A 65-year-old bed-ridden man with uncontrolled diabetes presents with a large pressure ulcer over the sacral region. On examination, the ulcer is deep, exposing underlying muscle fibers. The skin and subcutaneous tissue are completely destroyed. There is no bone exposure.What is the stage of this pressure ulcer?",Stage 1 – Non-blanchable erythema of intact skin,Stage 2 – Partial thickness skin loss involving epidermis/dermis,"Stage 3 – Full thickness skin loss involving subcutaneous tissue, but not through fascia","Stage 4 – Full thickness tissue loss with involvement of muscle, bone, or supporting structures",Unstageable – Eschar/slough covering wound base,D,"<span style=""color:green""><b>Stage 4 – Full thickness tissue loss with involvement of muscle, bone, or supporting structures</b></span> Exposed muscle defines Stage 4.<br><br><span style=""color:red""><b>Stage 1</b></span> Intact skin, non-blanchable erythema.<br><br><span style=""color:red""><b>Stage 2</b></span> Partial thickness, no subcut exposed.<br><br><span style=""color:red""><b>Stage 3</b></span> Full thickness into subcut, not muscle/bone.<br><br><span style=""color:red""><b>Unstageable</b></span> Eschar/slough obscures depth; here depth is visible.<br><br><span style=""color:goldenrod""><b>💡 Tip: </b></span>""Muscle exposed = Stage 4.""","<span style=""color:darkorange""><b>🔍 Hint:</b></span> The ulcer goes down to muscle but not bone — which stage includes muscle involvement?"
RWR-Reproductive System-001,Reproductive System,,"A 52-year-old woman presented with a painless lump in her right breast for 3 months. She underwent a modified radical mastectomy. Histopathology revealed invasive ductal carcinoma, estrogen receptor (ER) and progesterone receptor (PR) negative, HER2 negative. Surgical margins were clear, but 1 out of 19 axillary lymph nodes was positive for metastasis. She has no significant comorbidities and has recovered well from surgery.On follow-up, the oncologist is planning further management.What is the most appropriate next step in management?",Multidrug chemotherapy and radiotherapy,Single drug chemotherapy and radiotherapy,"Multidrug chemotherapy, radiotherapy, and tamoxifen",Observation only,Tamoxifen alone,A,"<span style=""color:green""><b>Multidrug chemotherapy and radiotherapy</b></span> Triple-negative, node-positive breast cancer requires multiagent chemo and radiotherapy; hormonal therapy useless.<br><br><span style=""color:red""><b>Single drug chemo + radiation</b></span> Multiagent standard.<br><br><span style=""color:red""><b>Chemo, radiation, tamoxifen</b></span> Tamoxifen ineffective in ER-negative.<br><br><span style=""color:red""><b>Observation only</b></span> Inadequate with positive node.<br><br><span style=""color:red""><b>Tamoxifen alone</b></span> No hormonal receptor target.<br><br><span style=""color:goldenrod""><b>💡 Tip: </b></span>""Triple-negative, node-positive = chemo + radiation, no hormones.""","<span style=""color:darkorange""><b>🔍 Hint:</b></span> ER-/PR-/HER2- negative and one positive lymph node — what systemic therapy can attack this type of cancer?"
RWR-Urinary System-001,Urinary System,,"A 35-year-old man presents to the emergency department with sudden onset severe left flank pain radiating to the groin, associated with nausea and restlessness. He has no history of trauma. On examination, there is left costovertebral angle tenderness, but vital signs are stable. Urinalysis shows microscopic hematuria.What is the best initial investigation to confirm the diagnosis?",Intravenous urography (IVU),CT KUB without contrast,Ultrasound abdomen,MRI abdomen,CT KUB with contrast,B,"<span style=""color:green""><b>CT KUB without contrast</b></span> Non-contrast CT is the gold standard for detecting renal calculi.<br><br><span style=""color:red""><b>Intravenous urography</b></span> Older modality; CT has replaced it.<br><br><span style=""color:red""><b>Ultrasound</b></span> Less sensitive, may miss small stones.<br><br><span style=""color:red""><b>MRI</b></span> Poor for stones.<br><br><span style=""color:red""><b>CT KUB with contrast</b></span> Can obscure stones and not required initially.<br><br><span style=""color:goldenrod""><b>💡 Tip: </b></span>""Renal colic = CT KUB non-contrast.""","<span style=""color:darkorange""><b>🔍 Hint:</b></span> He has flank pain and hematuria — what is the non-contrast imaging study that best shows stones?"
RWR-Cardiovascular System-007,Cardiovascular System,,"A 62-year-old man with a 15-year history of diabetes mellitus presents with a painless, sudden loss of vision in his left eye. Fundus examination shows retinal hemorrhages in all four quadrants, dilated tortuous veins, and cotton-wool spots.Which of the following is the most likely diagnosis?",Branch Retinal Vein Occlusion (BRVO),Branch Retinal Artery Occlusion (BRAO),Central Retinal Artery Occlusion (CRAO),Central Retinal Vein Occlusion (CRVO),Diabetic Retinopathy with vitreous hemorrhage,D,"<span style=""color:green""><b>Central Retinal Vein Occlusion (CRVO)</b></span> Sudden painless vision loss with hemorrhages in all four quadrants, dilated tortuous veins, cotton-wool spots.<br><br><span style=""color:red""><b>Branch Retinal Vein Occlusion</b></span> Hemorrhages confined to one sector.<br><br><span style=""color:red""><b>Branch Retinal Artery Occlusion</b></span> Sectoral pale retina, no venous dilation.<br><br><span style=""color:red""><b>Central Retinal Artery Occlusion</b></span> Cherry-red spot, attenuated vessels.<br><br><span style=""color:red""><b>Diabetic Retinopathy</b></span> Microaneurysms, dot-blot hemorrhages, not sudden diffuse venous engorgement.<br><br><span style=""color:goldenrod""><b>💡 Tip: </b></span>""All four quadrants = central vein, not branch.""","<span style=""color:darkorange""><b>🔍 Hint:</b></span> The fundus shows widespread retinal hemorrhages in all quadrants and dilated veins — which major vein is blocked?"
RWR-Trauma-004,Trauma,,"A 28-year-old male is brought to the emergency department after a high-speed road traffic accident. On arrival, he is restless, confused, and pale. His blood pressure is 80/50 mmHg, pulse 140/min, and respiratory rate 35/min. There is active bleeding from a scalp laceration, multiple bruises over the chest and abdomen, and deformity of the right thigh.As the attending surgeon, what should be the initial step in management?",Secure the airway with cervical spine protection,Establish two large-bore IV lines and start fluid resuscitation,Apply pelvic binder and splint long bone fractures,Perform FAST (Focused Assessment with Sonography in Trauma),Administer oxygen by face mask only,A,"<span style=""color:green""><b>Secure the airway with cervical spine protection</b></span> First step in ATLS (ABCDE) is airway with C-spine immobilization.<br><br><span style=""color:red""><b>Establish IV lines</b></span> Circulation step, after airway/breathing.<br><br><span style=""color:red""><b>Apply pelvic binder</b></span> Disability/exposure, later.<br><br><span style=""color:red""><b>Perform FAST</b></span> Adjunct to primary survey.<br><br><span style=""color:red""><b>Oxygen by face mask only</b></span> Breathing, but airway security first.<br><br><span style=""color:goldenrod""><b>💡 Tip: </b></span>""A (Airway + C-spine) before B and C.""","<span style=""color:darkorange""><b>🔍 Hint:</b></span> He's confused, pale, and tachycardic — what is the very first priority in the ATLS sequence, especially after a high-speed crash?"
RWR-Respiratory System-002,Respiratory System,,"A 30-year-old male is brought to the emergency department following a road traffic accident. He is restless, tachypneic, and has blood pressure 80/60 mmHg, pulse 130/min. On examination, there are decreased breath sounds on the right side, trachea is deviated to the left, and neck veins appear distended. The airway has already been secured.What is the next best step in management?",Immediate endotracheal intubation,Needle decompression in the 2nd intercostal space mid-clavicular line,Tube thoracostomy in 5th intercostal space mid-axillary line,IV fluid resuscitation first,Urgent chest X-ray to confirm diagnosis,B,"<span style=""color:green""><b>Needle decompression in the 2nd intercostal space mid-clavicular line</b></span> Tension pneumothorax (absent breath sounds, tracheal shift, distended neck veins) requires immediate needle decompression before imaging.<br><br><span style=""color:red""><b>Intubation</b></span> Airway already secured.<br><br><span style=""color:red""><b>Tube thoracostomy</b></span> Definitive, but needle decompression first.<br><br><span style=""color:red""><b>IV fluids first</b></span> Tension pneumo won't respond to fluids alone.<br><br><span style=""color:red""><b>Urgent chest X-ray</b></span> Delays life-saving decompression.<br><br><span style=""color:goldenrod""><b>💡 Tip: </b></span>""One-way valve air trap = needle first, then tube.""","<span style=""color:darkorange""><b>🔍 Hint:</b></span> He has absent breath sounds, trachea pushed away, and neck veins bulging — what immediate action releases trapped air?"
RWR-Cardiovascular System-008,Cardiovascular System,,A 62-year-old man with a history of myocardial infarction (MI) 3 months ago is now diagnosed with symptomatic gallstones and requires elective cholecystectomy. He is currently on dual antiplatelet therapy (aspirin + clopidogrel).What is the most appropriate next step in management?,Proceed with surgery while continuing dual antiplatelet therapy with minor dose adjustments,"Stop clopidogrel and continue aspirin, then operate immediately",Postpone surgery and wait at least 6 months after MI,Delay surgery for at least 1 year after MI,"Discontinue both aspirin and clopidogrel, then perform surgery within a week",C,"<span style=""color:green""><b>Postpone surgery and wait at least 6 months after MI</b></span> Guidelines: delay elective non-cardiac surgery ≥6 months post-MI to reduce reinfarction risk.<br><br><span style=""color:red""><b>Proceed on DAPT</b></span> High bleeding risk, not ideal.<br><br><span style=""color:red""><b>Stop clopidogrel, continue aspirin, operate immediately</b></span> Still too soon.<br><br><span style=""color:red""><b>Delay 1 year</b></span> Unnecessarily long; 6 months is adequate.<br><br><span style=""color:red""><b>Stop both antiplatelets and operate within a week</b></span> Very high thrombotic risk.<br><br><span style=""color:goldenrod""><b>💡 Tip: </b></span>""Elective surgery post-MI: wait at least 6 months.""","<span style=""color:darkorange""><b>🔍 Hint:</b></span> He had a heart attack 3 months ago and now needs elective gallbladder surgery — what is the minimum recommended waiting period?"
RWR-Nervous System-004,Nervous System,,"A 48-year-old woman underwent craniotomy for glioblastoma multiforme. On postoperative examination, she is unable to close her right eye completely, has drooping of the angle of her mouth, and cannot smile or blow her cheeks. Sensation over the face remains intact. Which cranial nerve is most likely injured during surgery?",Trigeminal nerve (CN V),Oculomotor nerve (CN III),Trochlear nerve (CN IV),Facial nerve (CN VII),Glossopharyngeal nerve (CN IX),D,"<span style=""color:green""><b>Facial nerve (CN VII)</b></span> Motor to muscles of facial expression: inability to close eye, drooping mouth, cannot smile, with intact sensation.<br><br><span style=""color:red""><b>Trigeminal nerve (CN V)</b></span> Sensory to face.<br><br><span style=""color:red""><b>Oculomotor nerve (CN III)</b></span> Eye movements, eyelid elevation.<br><br><span style=""color:red""><b>Trochlear nerve (CN IV)</b></span> Superior oblique only.<br><br><span style=""color:red""><b>Glossopharyngeal nerve (CN IX)</b></span> Swallowing, taste.<br><br><span style=""color:goldenrod""><b>💡 Tip: </b></span>""Face motor = CN VII.""","<span style=""color:darkorange""><b>🔍 Hint:</b></span> She can't close her right eye or move the corner of her mouth, but facial sensation is normal — which nerve purely controls muscles of facial expression?"
RWR-Gastrointestinal System-010,Gastrointestinal System,,"A 60-year-old man undergoes emergency laparotomy for perforated appendicitis. Postoperatively, he is placed on broad-spectrum antibiotics. The surgical team is concerned about the risk of nosocomial fungal infections.Which of the following strategies is most effective in preventing postoperative fungal infections?",Early initiation of antifungal prophylaxis,Minimize use of broad-spectrum antibiotics,Routine central line removal,Strict hand hygiene only,Postoperative hyperalimentation,B,"<span style=""color:green""><b>Minimize use of broad-spectrum antibiotics</b></span> Broad‑spectrum antibiotics disrupt normal flora, promoting fungal overgrowth; the most effective preventive strategy is to narrow or stop antibiotics as soon as possible.<br><br><span style=""color:red""><b>Early initiation of antifungal prophylaxis</b></span> Not routinely recommended; prophylaxis is reserved for high‑risk immunocompromised patients.<br><br><span style=""color:red""><b>Routine central line removal</b></span> Reduces catheter‑related infections but is not the primary preventive measure for fungal infections after abdominal surgery.<br><br><span style=""color:red""><b>Strict hand hygiene only</b></span> Important but insufficient alone to prevent endogenous fungal overgrowth.<br><br><span style=""color:red""><b>Postoperative hyperalimentation</b></span> No role in preventing fungal infections.<br><br><span style=""color:goldenrod""><b>💡 Tip: </b></span>""Fungi thrive when antibiotics wipe out bacteria – minimise antibiotics to lower fungal risk.""","<span style=""color:darkorange""><b>🔍 Hint:</b></span> The patient is on broad‑spectrum antibiotics after laparotomy – what change in antimicrobial use would best prevent fungal overgrowth?"
RWR-Trauma-005,Trauma,,"A 25-year-old man is brought to the emergency department after sustaining a stab wound to the anterior thigh during an accident. There is profuse bleeding, and the patient is pale, diaphoretic, and tachycardic. On examination, there is active arterial spurting from the wound site.What is the initial step to control the bleeding in this patient?",Apply a proximal tourniquet,Apply direct pressure over the femoral artery,Perform wound packing,Take the patient immediately to the operating room for vessel repair,Give IV fluids and wait for surgical team,B,"<span style=""color:green""><b>Apply direct pressure over the femoral artery</b></span> Direct manual pressure on the bleeding vessel is the first step in controlling life‑threatening external hemorrhage, per ATLS.<br><br><span style=""color:red""><b>Apply a proximal tourniquet</b></span> Used if direct pressure fails or is not feasible; not the first step.<br><br><span style=""color:red""><b>Perform wound packing</b></span> Adjunct for deep wounds, but direct pressure takes priority.<br><br><span style=""color:red""><b>Take the patient immediately to the OR</b></span> Without prior hemorrhage control, the patient may exsanguinate.<br><br><span style=""color:red""><b>Give IV fluids and wait</b></span> Does not address the active bleeding source.<br><br><span style=""color:goldenrod""><b>💡 Tip: </b></span>""Direct pressure first, tourniquet if it fails.""","<span style=""color:darkorange""><b>🔍 Hint:</b></span> Bright red spurting from the thigh – what is the immediate hands‑on action to stop visible arterial bleeding?"
RWR-Musculoskeletal System-001,Musculoskeletal System,,"An 82-year-old woman with a history of osteoporosis presents to the emergency department after slipping in her bathroom. She complains of severe pain in her right hip and is unable to stand or walk. On examination, her right lower limb is shortened and externally rotated. There is localized tenderness over the hip joint, and any attempt at passive movement is painful. Which of the following is the most likely diagnosis?",Intertrochanteric fracture of femur,Shaft of femur fracture,Neck of femur fracture,Acetabular fracture,Posterior hip dislocation,C,"<span style=""color:green""><b>Neck of femur fracture</b></span> Classic presentation in an elderly osteoporotic female after a low‑energy fall: shortened and externally rotated leg, hip pain, inability to bear weight.<br><br><span style=""color:red""><b>Intertrochanteric fracture</b></span> Also causes external rotation, but neck of femur fracture is the most likely given the classic teaching.<br><br><span style=""color:red""><b>Shaft of femur fracture</b></span> Usually from high‑energy trauma, not a simple fall.<br><br><span style=""color:red""><b>Acetabular fracture</b></span> Pain in the groin/hip but no characteristic limb deformity.<br><br><span style=""color:red""><b>Posterior hip dislocation</b></span> Limb is shortened, internally rotated, and adducted, not externally rotated.<br><br><span style=""color:goldenrod""><b>💡 Tip: </b></span>""Osteoporosis + fall + shortened externally rotated leg = femoral neck fracture.""","<span style=""color:darkorange""><b>🔍 Hint:</b></span> She fell and now has a shortened, externally rotated leg – which part of the femur is most commonly broken in this age group?"
RWR-Integumentary System-003,Integumentary System,,"A 45-year-old man presents with progressive swelling and pain in his left leg after a puncture wound 3 days ago. Examination reveals woody edema, severe tenderness, erythema, and fever (39 °C). He appears toxic, with leukocytosis on labs. Wound cultures have been sent, but results are not yet available.What is the most appropriate empiric antibiotic therapy to start immediately?",Amoxicillin,Cefuroxime,Tetracycline,Ceftriaxone alone,Vancomycin + Piperacillin-Tazobactam,E,"<span style=""color:green""><b>Vancomycin + Piperacillin‑Tazobactam</b></span> Covers MRSA, gram‑negative rods, and anaerobes – the broad empiric regimen for suspected necrotizing fasciitis while cultures are pending.<br><br><span style=""color:red""><b>Amoxicillin</b></span> Too narrow spectrum; will not cover MRSA or anaerobes adequately.<br><br><span style=""color:red""><b>Cefuroxime</b></span> Lacks reliable anaerobic coverage and does not cover MRSA.<br><br><span style=""color:red""><b>Ceftriaxone alone</b></span> No anaerobic or MRSA coverage; insufficient for a rapidly progressive necrotizing infection.<br><br><span style=""color:red""><b>Tetracycline</b></span> Inadequate empiric coverage for life‑threatening soft‑tissue infection.<br><br><span style=""color:goldenrod""><b>💡 Tip: </b></span>""Necrotizing fasciitis = broad coverage: anti‑MRSA + gram‑negative + anaerobes.""","<span style=""color:darkorange""><b>🔍 Hint:</b></span> Woody edema, systemic toxicity, and rapid progression after a wound – which antibiotic combination covers the likely polymicrobial flora, including anaerobes?"
RWR-Gastrointestinal System-011,Gastrointestinal System,,"A 24-year-old man underwent an open appendectomy 7 days ago. He now presents with abdominal distension, persistent vomiting, inability to pass stool or flatus, and diffuse abdominal pain. On examination, he is febrile (38.8 °C), tachycardic (110/min), and has generalized tenderness with guarding and rebound. Bowel sounds are absent.Laboratory tests reveal leukocytosis, and an abdominal X-ray shows multiple air-fluid levels with dilated small bowel loops.What is the next best step in management?",Urgent laparotomy,"IV antibiotics, wait and observe",Observe only,Start prokinetic agents to relieve ileus,,A,"<span style=""color:green""><b>Urgent laparotomy</b></span> Generalized peritonitis with sepsis after appendectomy indicates a serious intra‑abdominal complication (e.g., stump leak, abscess); urgent source control via laparotomy is mandatory.<br><br><span style=""color:red""><b>IV antibiotics, wait and observe</b></span> Inadequate for diffuse peritonitis; surgery cannot be delayed.<br><br><span style=""color:red""><b>Observe only</b></span> Potentially fatal.<br><br><span style=""color:red""><b>Start prokinetic agents</b></span> Prokinetics are contraindicated in mechanical obstruction/peritonitis and do not treat the underlying cause.<br><br><span style=""color:goldenrod""><b>💡 Tip: </b></span>""Peritonitis + sepsis after recent surgery = go back to the OR.""","<span style=""color:darkorange""><b>🔍 Hint:</b></span> Seven days after an appendectomy, he has fever, guarding, absent bowel sounds, and air‑fluid levels – what intervention provides source control?"
RWR-Respiratory System-003,Respiratory System,,"A 32-year-old man is admitted after a femoral shaft fracture sustained in a road traffic accident. Two days later, he develops acute shortness of breath, confusion, and a petechial rash over the chest and axillae. His oxygen saturation is 84% on room air. Arterial blood gas shows PaO2 = 55 mmHg. Ophthalmoscopic examination reveals fat globules in the retinal vessels.According to Gurd's criteria for diagnosing fat embolism syndrome, which of the following is considered a major criterion?",Retinal fat globules,Urinary fat globules,Hypoxemia,Tachycardia,Fever,C,"<span style=""color:green""><b>Hypoxemia</b></span> Gurd’s major criteria for fat embolism syndrome are respiratory insufficiency (hypoxemia), cerebral involvement, and petechial rash.<br><br><span style=""color:red""><b>Retinal fat globules</b></span> Minor criterion (retinal changes).<br><br><span style=""color:red""><b>Urinary fat globules</b></span> Minor criterion.<br><br><span style=""color:red""><b>Tachycardia</b></span> Minor criterion.<br><br><span style=""color:red""><b>Fever</b></span> Minor criterion.<br><br><span style=""color:goldenrod""><b>💡 Tip: </b></span>""Major criteria: lungs (hypoxemia), brain, petechiae.""","<span style=""color:darkorange""><b>🔍 Hint:</b></span> You’ve found fat globules in retinal vessels, but Gurd’s system has specific major criteria – which one is directly related to the patient’s low oxygen?"
RWR-Cardiovascular System-009,Cardiovascular System,,"A 65-year-old man with a known history of atrial fibrillation on antiarrhythmic therapy is admitted to the hospital with complaints of shortness of breath. While in the ward, he suddenly develops palpitations, chest discomfort, and lightheadedness. On examination, he is diaphoretic, confused, and hypotensive with a blood pressure of 80/50 mmHg. His pulse is 160/min, regular, and wide-complex. Oxygen saturation is 90% on room air. ECG shows monomorphic ventricular tachycardia.What is the most appropriate next step in management?",Synchronized cardioversion with 200 J,Synchronized cardioversion with 100 J,Intravenous amiodarone bolus followed by infusion,"Unsynchronized DC shock (defibrillation, 360 J monophasic)",Continue current antiarrhythmic therapy and observe,A,"<span style=""color:green""><b>Synchronized cardioversion with 100 J</b></span> Unstable monomorphic VT with a pulse is treated with synchronized cardioversion (starting dose 100 J biphasic) to avoid R‑on‑T.<br><br><span style=""color:red""><b>Synchronized cardioversion with 200 J</b></span> Higher than the initial recommended dose for monomorphic VT.<br><br><span style=""color:red""><b>IV amiodarone</b></span> Reserved for stable VT; in the unstable patient, electricity is first.<br><br><span style=""color:red""><b>Unsynchronized DC shock (defibrillation)</b></span> Used only for pulseless VT/VF; here the patient has a pulse.<br><br><span style=""color:red""><b>Continue current therapy and observe</b></span> Hypotension and confusion demand immediate intervention.<br><br><span style=""color:goldenrod""><b>💡 Tip: </b></span>""Unstable VT with a pulse = sync it low (100 J); pulseless = defibrillate.""","<span style=""color:darkorange""><b>🔍 Hint:</b></span> He’s hypotensive and confused, but still has a pulse – which electrical therapy allows the shock to avoid the T‑wave?"
RWR-Nervous System-005,Nervous System,,"A 45-year-old man with epilepsy is brought to the emergency department after a prolonged generalized tonic-clonic seizure. He is given IV lorazepam, and the team decides to administer IV phenytoin for further control. The resident prepares to start the infusion at 50 mg/min.Which of the following precautions is most important during IV phenytoin administration?",Avoid giving with normal saline,Monitor for signs of Stevens-Johnson syndrome,Cardiac monitoring throughout the infusion,Avoid giving with antibiotics to prevent drug interactions,Monitor liver function tests during infusion,C,"<span style=""color:green""><b>Cardiac monitoring throughout the infusion</b></span> IV phenytoin can cause hypotension, bradycardia, and arrhythmias; continuous cardiac monitoring and slow infusion (≤50 mg/min) are essential.<br><br><span style=""color:red""><b>Avoid giving with normal saline</b></span> Phenytoin is compatible with saline; it precipitates in dextrose solutions.<br><br><span style=""color:red""><b>Monitor for Stevens‑Johnson syndrome</b></span> A late hypersensitivity reaction, not an acute infusion‑related precaution.<br><br><span style=""color:red""><b>Avoid giving with antibiotics</b></span> Not a primary concern during acute infusion.<br><br><span style=""color:red""><b>Monitor liver function tests during infusion</b></span> Liver monitoring is chronic, not acute.<br><br><span style=""color:goldenrod""><b>💡 Tip: </b></span>""IV phenytoin = slow infusion + cardiac monitor (hypotension, arrhythmias).""","<span style=""color:darkorange""><b>🔍 Hint:</b></span> The resident is starting an IV load of phenytoin – what immediate cardiovascular adverse effect requires constant monitoring?"
RWR-Gastrointestinal System-012,Gastrointestinal System,,A 52-year-old man undergoes colonoscopy for intermittent abdominal pain. A 2 cm polypoid lesion is found at the base of the appendix. Histopathology confirms a carcinoid tumor. What is the most appropriate surgical management?,Appendectomy alone,Right hemicolectomy,Left hemicolectomy,Segmental small bowel resection,Endoscopic polypectomy,B,"<span style=""color:green""><b>Right hemicolectomy</b></span> Appendiceal carcinoid tumors ≥2 cm have a higher risk of nodal metastasis and require oncologic resection with right hemicolectomy.<br><br><span style=""color:red""><b>Appendectomy alone</b></span> Acceptable only for tumours <2 cm without high‑risk features.<br><br><span style=""color:red""><b>Left hemicolectomy</b></span> Not anatomically appropriate for an appendiceal tumour.<br><br><span style=""color:red""><b>Segmental small bowel resection</b></span> Insufficient; right colectomy with lymphadenectomy is standard.<br><br><span style=""color:red""><b>Endoscopic polypectomy</b></span> Inadequate for a 2 cm carcinoid involving the base of the appendix.<br><br><span style=""color:goldenrod""><b>💡 Tip: </b></span>""≥2 cm = right hemicolectomy; <2 cm = appendectomy.""","<span style=""color:darkorange""><b>🔍 Hint:</b></span> A 2 cm carcinoid at the base of the appendix – does size matter when deciding between simple appendectomy and a larger resection?"
RWR-Gastrointestinal System-013,Gastrointestinal System,,"A 55-year-old man presents with a history of chronic heartburn for 8 years. His symptoms worsen after heavy meals and when lying flat. He frequently experiences nighttime regurgitation and uses over-the-counter antacids daily with only partial relief. He denies dysphagia, hematemesis, or unintentional weight loss. His BMI is 32 kg/m², and he has smoked for 25 years. Endoscopy is planned to evaluate potential long-term complications of his condition.Which of the following is the most likely long-term complication of his underlying disease?",Esophageal varices,Barrett's esophagus,Zenker's diverticulum,Esophageal carcinoma,Schatzki ring,B,"<span style=""color:green""><b>Barrett’s esophagus</b></span> Chronic GERD leads to metaplastic columnar epithelium (Barrett’s esophagus), a premalignant condition that increases the risk of esophageal adenocarcinoma.<br><br><span style=""color:red""><b>Esophageal varices</b></span> Related to portal hypertension, not GERD.<br><br><span style=""color:red""><b>Zenker’s diverticulum</b></span> An outpouching in the pharyngoesophageal region, not a complication of acid reflux.<br><br><span style=""color:red""><b>Esophageal carcinoma</b></span> Can develop from Barrett’s, but Barrett’s is the direct long‑term complication; cancer is a later step.<br><br><span style=""color:red""><b>Schatzki ring</b></span> A mucosal ring at the gastroesophageal junction causing intermittent dysphagia, not a classical long‑term GERD complication.<br><br><span style=""color:goldenrod""><b>💡 Tip: </b></span>""Chronic heartburn → Barrett’s esophagus → possible adenocarcinoma.""","<span style=""color:darkorange""><b>🔍 Hint:</b></span> Years of acid reflux, nighttime regurgitation, and partial relief from antacids – what metaplastic change does this chronic exposure cause?"
RWR-Cardiovascular System-010,Cardiovascular System,,"A 25-year-old man is scheduled for elective inguinal hernia repair. He has no past medical history, takes no medications, and has no family history of clotting disorders. He is a nonsmoker, and his BMI is 22 kg/m². Preoperative labs, ECG, and chest X-ray are normal. He will undergo the procedure under general anesthesia and is expected to be discharged the next day.Which of the following is the best strategy to prevent venous thromboembolism (VTE) in this patient?",Intermittent compression devices,Low-molecular-weight heparin (LMWH),LMWH and compression devices,Early ambulation,Aspirin therapy,D,"<span style=""color:green""><b>Early ambulation</b></span> In a young, low‑risk patient without additional VTE risk factors undergoing a minor procedure, early ambulation alone is sufficient for VTE prevention.<br><br><span style=""color:red""><b>Intermittent compression devices</b></span> Can be added for moderate‑risk patients but not necessary for the lowest‑risk group.<br><br><span style=""color:red""><b>LMWH</b></span> Pharmacologic prophylaxis is reserved for high‑risk patients; not needed here.<br><br><span style=""color:red""><b>LMWH and compression devices</b></span> Overtreatment for a young healthy man with no risk factors.<br><br><span style=""color:red""><b>Aspirin therapy</b></span> Not a standard primary VTE prophylactic agent for surgical patients.<br><br><span style=""color:goldenrod""><b>💡 Tip: </b></span>""Low‑risk surgery + no risk factors = early ambulation is enough.""","<span style=""color:darkorange""><b>🔍 Hint:</b></span> He’s young, healthy, and having a short elective hernia repair – what non‑pharmacologic measure is the recommended sole VTE preventive strategy?"
RWR-Nervous System-006,Nervous System,,"A 21-year-old college student presents with difficulty seeing clearly both at near and distance. He says that letters on the board at class appear ""blurred and stretched."" He has no history of eye trauma or systemic illness. Visual acuity testing shows reduced vision that does not improve with pinhole testing. Refraction reveals that light rays entering the eye are focused at multiple points on the retina rather than a single focal point.Which of the following is the most likely cause of his condition?",Increased axial length of the eye,Age-related loss of lens elasticity,Unequal curvature of the cornea,Opacification of the lens,Increased intraocular pressure,C,"<span style=""color:green""><b>Unequal curvature of the cornea</b></span> Irregular astigmatism causes light to focus at multiple points on the retina; corneal curvature irregularity is the primary cause in a young adult with no other pathology.<br><br><span style=""color:red""><b>Increased axial length</b></span> Causes myopia, corrected by a pinhole.<br><br><span style=""color:red""><b>Age‑related loss of lens elasticity</b></span> Presbyopia, unlikely at age 21.<br><br><span style=""color:red""><b>Opacification of the lens</b></span> Cataract, rare in a young healthy patient.<br><br><span style=""color:red""><b>Increased intraocular pressure</b></span> Glaucoma damages the optic nerve but does not cause multiple focal points.<br><br><span style=""color:goldenrod""><b>💡 Tip: </b></span>""Multiple focus points = unequal corneal curvature (astigmatism).""","<span style=""color:darkorange""><b>🔍 Hint:</b></span> Vision is blurred both near and far, doesn’t improve with pinhole, and light focuses at multiple points – what shape abnormality of the cornea could cause this?"
RWR-Nervous System-007,Nervous System,,"A 45-year-old man comes to the clinic with difficulty reading books and newspapers for the past year. He reports that holding the book farther away improves his vision. His distance vision is normal. Ophthalmologic exam shows clear lenses, normal intraocular pressure, and no retinal pathology. Which of the following is the most likely cause of his condition?",Cataract,Loss of elasticity of the lens,Hyperopia,Astigmatism,Open-angle glaucoma,B,"<span style=""color:green""><b>Loss of elasticity of the lens</b></span> Presbyopia is the age‑related stiffening of the lens, reducing accommodative power for near vision, with normal distance vision.<br><br><span style=""color:red""><b>Cataract</b></span> Would also affect distance vision and show lens opacity.<br><br><span style=""color:red""><b>Hyperopia</b></span> A refractive error present from youth, not an acquired age‑related change.<br><br><span style=""color:red""><b>Astigmatism</b></span> Causes distortion at all distances, not just near.<br><br><span style=""color:red""><b>Open‑angle glaucoma</b></span> Asymptomatic peripheral vision loss, not near‑vision difficulty.<br><br><span style=""color:goldenrod""><b>💡 Tip: </b></span>""Age 45 + near blur, distance clear = presbyopia (stiff lens).""","<span style=""color:darkorange""><b>🔍 Hint:</b></span> He’s in his 40s and notices that reading is harder unless he holds the book farther away – what happens to the lens with age?"
RWR-Gastrointestinal System-014,Gastrointestinal System,,"A 3-day-old premature infant born at 30 weeks of gestation develops abdominal distension, feeding intolerance, and bloody stools. On exam, the abdomen is tense and tender. Vital signs show temperature 38.2°C, HR 180/min, and BP 70/40 mmHg. Abdominal X-ray shows pneumatosis intestinalis (air in the bowel wall). Which of the following is the most appropriate initial management for this condition?",Immediate surgical resection of the affected bowel,Initiation of broad-spectrum IV antibiotics and bowel rest with nasogastric decompression,Oral feeding with hydrolyzed formula to reduce antigenic stimulation,Exchange transfusion to reduce bacterial toxins,High-dose corticosteroids to reduce inflammation,B,"<span style=""color:green""><b>Initiation of broad‑spectrum IV antibiotics and bowel rest with nasogastric decompression</b></span> NPO, NG decompression, IV fluids, and broad‑spectrum antibiotics are the mainstays of medical management for NEC; surgery is reserved for perforation or failure of medical therapy.<br><br><span style=""color:red""><b>Immediate surgical resection</b></span> Not first line unless pneumoperitoneum is present.<br><br><span style=""color:red""><b>Oral feeding with hydrolyzed formula</b></span> The infant must be made NPO.<br><br><span style=""color:red""><b>Exchange transfusion</b></span> No role in NEC management.<br><br><span style=""color:red""><b>High‑dose corticosteroids</b></span> Not indicated and may worsen infection.<br><br><span style=""color:goldenrod""><b>💡 Tip: </b></span>""NEC = NPO, decompress, antibiotics; operate if perforation or dead gut.""","<span style=""color:darkorange""><b>🔍 Hint:</b></span> X‑ray shows air in the bowel wall of a premature infant – what non‑surgical steps must be started immediately to rest the gut and treat sepsis?"
RWR-Cardiovascular System-011,Cardiovascular System,,"A 25-year-old man is brought to the emergency department after a motorcycle accident. He is conscious but anxious and complaining of abdominal pain. On exam, he is pale, diaphoretic, and tachypneic. His heart rate is 150/min, blood pressure 80/50 mmHg, and capillary refill is delayed. Estimated weight is 70 kg.What is the approximate percentage of blood volume lost in this patient?",15%,30%,40%,50%,60%,C,"<span style=""color:green""><b>30%</b></span> Class III hemorrhagic shock (loss of 30–40% blood volume) presents with heart rate >120, decreased BP, tachypnea, confusion, and delayed capillary refill.<br><br><span style=""color:red""><b>15%</b></span> Class I, minimal symptoms.<br><br><span style=""color:red""><b>40%</b></span> Upper limit of Class III; patient may still be in Class III, but 30% is the lower threshold with this picture.<br><br><span style=""color:red""><b>50%</b></span> Class IV, immediate cardiovascular collapse.<br><br><span style=""color:red""><b>60%</b></span> Incompatible with life without immediate CPR.<br><br><span style=""color:goldenrod""><b>💡 Tip: </b></span>""Class III: BP down, HR >120, confused = 30–40% loss.""","<span style=""color:darkorange""><b>🔍 Hint:</b></span> Heart rate 150, BP 80/50, delayed capillary refill – which ATLS hemorrhage class best matches this hemodynamic picture?"
RWR-Nervous System-008,Nervous System,,"A 55-year-old man undergoes surgery for a parotid tumor. After the procedure, he develops dryness of the mouth due to loss of parasympathetic supply to the parotid gland. Which cranial nerve provides the preganglionic parasympathetic fibers to the parotid gland?",Facial nerve (CN VII),Trigeminal nerve (CN V),Glossopharyngeal nerve (CN IX),Vagus nerve (CN X),Hypoglossal nerve (CN XII),C,"<span style=""color:green""><b>Glossopharyngeal nerve (CN IX)</b></span> Preganglionic parasympathetic fibres to the parotid gland travel via the lesser petrosal nerve (branch of CN IX) to the otic ganglion; postganglionic fibres join the auriculotemporal nerve.<br><br><span style=""color:red""><b>Facial nerve (CN VII)</b></span> Supplies submandibular and sublingual glands, not parotid.<br><br><span style=""color:red""><b>Trigeminal nerve (CN V)</b></span> Carries postganglionic fibres from the otic ganglion but does not provide preganglionic innervation.<br><br><span style=""color:red""><b>Vagus nerve (CN X)</b></span> Parasympathetic to thoracic and abdominal viscera.<br><br><span style=""color:red""><b>Hypoglossal nerve (CN XII)</b></span> Motor to tongue muscles.<br><br><span style=""color:goldenrod""><b>💡 Tip: </b></span>""CN IX runs the parotid; CN VII handles the rest (submandibular/sublingual).""","<span style=""color:darkorange""><b>🔍 Hint:</b></span> Dry mouth after parotid surgery – which cranial nerve sends the “wet” signal to the otic ganglion before it reaches the gland?"
RWR-Reproductive System-002,Reproductive System,,"A 40-year-old woman presents with a rapidly enlarging, painless mass in her right breast for the past 3 months. She reports no nipple discharge or systemic symptoms. On exam, there is an 8 cm firm, lobulated, mobile breast lump without skin changes or axillary lymphadenopathy. Core needle biopsy shows a fibroepithelial lesion with increased stromal cellularity and leaf-like architecture. What is the most appropriate next step in management?",Simple mastectomy,Wide local excision with clear margins,Radical mastectomy,Lumpectomy without margin clearance,Axillary lymph node dissection,B,"<span style=""color:green""><b>Wide local excision with clear margins</b></span> Phyllodes tumours require complete excision with a ≥1 cm margin to reduce local recurrence; axillary clearance is not needed as they rarely spread via lymphatics.<br><br><span style=""color:red""><b>Simple mastectomy</b></span> Reserved for large tumours where a clear margin cannot be achieved with breast conservation.<br><br><span style=""color:red""><b>Radical mastectomy</b></span> Unnecessarily morbid; axillary dissection is not indicated.<br><br><span style=""color:red""><b>Lumpectomy without margin clearance</b></span> Enucleation leads to high recurrence.<br><br><span style=""color:red""><b>Axillary lymph node dissection</b></span> Lymphatic spread is uncommon; node dissection is not routine.<br><br><span style=""color:goldenrod""><b>💡 Tip: </b></span>""Leaf‑like fibroepithelial = phyllodes; wide local with clear margins, no nodes.""","<span style=""color:darkorange""><b>🔍 Hint:</b></span> Core biopsy shows a leaf‑like fibroepithelial lesion – what margin‑focused excision prevents recurrence without removing lymph nodes?"
RWR-Nervous System-009,Nervous System,,"A 32-year-old man presents to the emergency department after a deep laceration on the dorsolateral aspect of his wrist from broken glass. He reports numbness in the skin between his thumb and index finger. On examination, motor function of the wrist and fingers is intact, but sensory loss is confirmed in the first dorsal web space.Which nerve is most likely injured?",Median nerve,Ulnar nerve,Superficial branch of radial nerve,Deep branch of radial nerve,Posterior interosseous nerve,C,"<span style=""color:green""><b>Superficial branch of radial nerve</b></span> This pure sensory nerve supplies the dorsum of the hand and the first dorsal web space; a dorsal‑lateral wrist laceration with numbness here points to this nerve.<br><br><span style=""color:red""><b>Median nerve</b></span> Would cause thenar motor weakness and sensory loss in the palmar thumb, index, and middle fingers.<br><br><span style=""color:red""><b>Ulnar nerve</b></span> Affects the little finger and ulnar half of ring finger.<br><br><span style=""color:red""><b>Deep branch of radial nerve</b></span> Motor to wrist/finger extensors; no sensory loss.<br><br><span style=""color:red""><b>Posterior interosseous nerve</b></span> Pure motor, no sensory deficit.<br><br><span style=""color:goldenrod""><b>💡 Tip: </b></span>""Dorsal web space numbness + intact motor = superficial radial nerve.""","<span style=""color:darkorange""><b>🔍 Hint:</b></span> The cut is on the back‑side of the wrist, and he can’t feel between thumb and index finger – which sensory nerve runs there?"
RWR-Nervous System-010,Nervous System,,"A 45-year-old woman underwent a modified radical mastectomy (MRM) for carcinoma breast. Two weeks later, she complains of difficulty raising her right arm above her head. On examination, her medial border of the scapula protrudes outward when pushing against a wall. Which nerve was most likely injured during surgery?",Long thoracic nerve,Thoracodorsal nerve,Spinal accessory nerve,Dorsal scapular nerve,Suprascapular nerve,A,"<span style=""color:green""><b>Long thoracic nerve</b></span> Injury causes serratus anterior palsy, presenting with difficulty elevating the arm and medial scapular winging on pushing.<br><br><span style=""color:red""><b>Thoracodorsal nerve</b></span> Innervates latissimus dorsi; weakness with adduction, not winging.<br><br><span style=""color:red""><b>Spinal accessory nerve</b></span> Supplies trapezius; leads to lateral winging on arm abduction.<br><br><span style=""color:red""><b>Dorsal scapular nerve</b></span> Supplies rhomboids; minor winging, but medial border prominent at rest.<br><br><span style=""color:red""><b>Suprascapular nerve</b></span> Supplies supraspinatus/infraspinatus; no winging.<br><br><span style=""color:goldenrod""><b>💡 Tip: </b></span>""Medial winging when pushing = serratus anterior = long thoracic nerve.""","<span style=""color:darkorange""><b>🔍 Hint:</b></span> After mastectomy, her scapula sticks out medially when she pushes against a wall – which nerve to the serratus anterior was likely cut?"
RWR-Gastrointestinal System-015,Gastrointestinal System,,"A 58-year-old man presents with a bulge in his right groin that has been slowly enlarging over the past 6 months. He reports that it becomes more noticeable when coughing or straining but usually reduces when he lies down. He has no history of prior surgery. On physical examination, the swelling is palpable within Hesselbach's triangle and is found to be medial to the inferior epigastric artery.Which of the following is the most likely diagnosis?",Indirect inguinal hernia,Direct inguinal hernia,Femoral hernia,Spigelian hernia,Obturator hernia,B,"<span style=""color:green""><b>Direct inguinal hernia</b></span> A hernia medial to the inferior epigastric vessels, protruding through Hesselbach’s triangle, is a direct inguinal hernia.<br><br><span style=""color:red""><b>Indirect inguinal hernia</b></span> Lateral to the inferior epigastric vessels.<br><br><span style=""color:red""><b>Femoral hernia</b></span> Below the inguinal ligament, lateral to the pubic tubercle.<br><br><span style=""color:red""><b>Spigelian hernia</b></span> Occurs at the lateral rectus border, not in Hesselbach’s triangle.<br><br><span style=""color:red""><b>Obturator hernia</b></span> Presents with medial thigh pain/obturator sign, not a reducible groin bulge.<br><br><span style=""color:goldenrod""><b>💡 Tip: </b></span>""Medial to epigastric = direct; lateral = indirect.""","<span style=""color:darkorange""><b>🔍 Hint:</b></span> The swelling is inside Hesselbach’s triangle and medial to the inferior epigastric artery – which hernia does that define?"
RWR-Gastrointestinal System-016,Gastrointestinal System,,"A 1-month-old infant is brought to the pediatric clinic for evaluation of abnormal facial appearance since birth. On examination, the child has a gap involving the upper lip extending toward the nostril. Feeding is adequate with supportive measures. No airway compromise is noted.Which of the following should be the first surgical correction performed in this child?",Cleft lip,Cleft palate,Alveolar cleft,Pharyngeal flap surgery,Orthodontic correction,A,"<span style=""color:green""><b>Cleft lip</b></span> Cleft lip is repaired first (around 3 months) to restore feeding, appearance, and facilitate later palate repair.<br><br><span style=""color:red""><b>Cleft palate</b></span> Repaired later (9‑12 months) to allow maxillary growth.<br><br><span style=""color:red""><b>Alveolar cleft</b></span> Bone grafting in mixed dentition phase.<br><br><span style=""color:red""><b>Pharyngeal flap surgery</b></span> For velopharyngeal insufficiency, not primary repair.<br><br><span style=""color:red""><b>Orthodontic correction</b></span> Done in later childhood/adolescence.<br><br><span style=""color:goldenrod""><b>💡 Tip: </b></span>""Lip at 3 months, palate at 9‑12 months.""","<span style=""color:darkorange""><b>🔍 Hint:</b></span> The newborn has a gap in the upper lip without airway compromise – which structure is routinely repaired first in the first few months of life?"
RWR-Musculoskeletal System-002,Musculoskeletal System,,"An 8-year-old boy falls while playing and lands on his outstretched hand. He presents with painful swelling of the left forearm and elbow, along with decreased radial pulse compared to the opposite side. The hand is pale and painful, and passive stretching of fingers worsens the pain.What is the most likely diagnosis?",Supracondylar fracture with compartment syndrome,Supracondylar fracture with radial artery laceration,Monteggia fracture-dislocation,Galeazzi fracture-dislocation,Isolated radial shaft fracture,A,"<span style=""color:green""><b>Supracondylar fracture with compartment syndrome</b></span> Fall on outstretched hand, forearm swelling, decreased radial pulse, and pain on passive finger stretch indicate a supracondylar fracture complicated by compartment syndrome.<br><br><span style=""color:red""><b>Supracondylar fracture with radial artery laceration</b></span> Would present with absent pulse, but passive stretch pain points to compartment syndrome.<br><br><span style=""color:red""><b>Monteggia fracture‑dislocation</b></span> Ulna fracture with radial head dislocation.<br><br><span style=""color:red""><b>Galeazzi fracture‑dislocation</b></span> Radius fracture with distal radioulnar joint disruption.<br><br><span style=""color:red""><b>Isolated radial shaft fracture</b></span> Would not explain the elbow swelling and neurovascular findings.<br><br><span style=""color:goldenrod""><b>💡 Tip: </b></span>""Supracondylar + pain on passive stretch = compartment syndrome until proven otherwise.""","<span style=""color:darkorange""><b>🔍 Hint:</b></span> He fell onto an outstretched hand, has a swollen forearm and elbow, and screaming pain when you stretch his fingers – what two related diagnoses are you worried about?"
RWR-Trauma-006,Trauma,,"A 25-year-old man is brought to the emergency department after a high-speed road traffic accident. He is unconscious, with a blood pressure of 70/40 mmHg and heart rate of 138/min. On examination, he has abdominal distension and tenderness.A FAST (Focused Assessment with Sonography for Trauma) scan shows free intraperitoneal fluid. What is the next best step in management?",Diagnostic peritoneal lavage (DPL),CT scan abdomen with contrast,Immediate exploratory laparotomy,Intravenous fluids and observation,Angiographic embolization,C,"<span style=""color:green""><b>Immediate exploratory laparotomy</b></span> An unstable patient with a positive FAST requires immediate operative source control without delay for CT.<br><br><span style=""color:red""><b>Diagnostic peritoneal lavage (DPL)</b></span> Largely replaced by FAST; would delay definitive surgery.<br><br><span style=""color:red""><b>CT scan abdomen with contrast</b></span> Only in stable patients; instability mandates the OR.<br><br><span style=""color:red""><b>IV fluids and observation</b></span> Inadequate for a hemorrhaging patient.<br><br><span style=""color:red""><b>Angiographic embolization</b></span> Used for solid organ injury in stable patients.<br><br><span style=""color:goldenrod""><b>💡 Tip: </b></span>""Unstable + free fluid = laparotomy, not CT.""","<span style=""color:darkorange""><b>🔍 Hint:</b></span> He’s hypotensive and tachycardic after trauma, and the FAST shows free fluid – what next move bypasses the scanner?"
RWR-Integumentary System-004,Integumentary System,,"A 58-year-old man with a 15-year history of poorly controlled diabetes presents with a chronic ulcer on the plantar surface of his foot. On examination, the ulcer is deep with exposed muscle fibers at the base, but there is no exposed bone or joint involvement. Peripheral pulses are palpable, and there are surrounding neuropathic skin changes.What is the stage of this ulcer according to Wagner's classification?",Grade 1,Grade 2,Grade 3,Grade 4,Grade 5,B,"<span style=""color:green""><b>Grade 3</b></span> Wagner Grade 3 is a deep ulcer with exposed bone, tendon, or muscle, but no abscess or osteomyelitis; exposed muscle fibers without bone involvement fit this grade.<br><br><span style=""color:red""><b>Grade 1</b></span> Superficial ulcer only.<br><br><span style=""color:red""><b>Grade 2</b></span> Deep ulcer reaching tendon/joint but not yet into muscle.<br><br><span style=""color:red""><b>Grade 4</b></span> Localized gangrene.<br><br><span style=""color:red""><b>Grade 5</b></span> Whole foot gangrene.<br><br><span style=""color:goldenrod""><b>💡 Tip: </b></span>""Wagner 3 = deep to muscle; 4 = gangrene.""","<span style=""color:darkorange""><b>🔍 Hint:</b></span> The ulcer is deep, down to exposed muscle, but no bone is visible – which Wagner grade corresponds to this depth?"
RWR-Integumentary System-005,Integumentary System,,"A 70-year-old bedridden man with a history of stroke is evaluated for a painful ulcer over the sacral region. Examination shows a deep ulcer with necrotic skin extending into the underlying subcutaneous and muscle tissue. Surrounding tissue shows erythema, and there is foul-smelling discharge. What is the next best step in management?",Frequent repositioning,Topical antibiotics,Debridement of necrotic tissue,Negative pressure wound therapy,Systemic steroids,C,"<span style=""color:green""><b>Debridement of necrotic tissue</b></span> Necrotic tissue must be removed to allow wound healing and reduce infection risk before other therapies.<br><br><span style=""color:red""><b>Frequent repositioning</b></span> Prevents new ulcers but does not treat existing necrosis.<br><br><span style=""color:red""><b>Topical antibiotics</b></span> Cannot penetrate necrotic debris effectively.<br><br><span style=""color:red""><b>Negative pressure wound therapy</b></span> Useful after debridement, not before.<br><br><span style=""color:red""><b>Systemic steroids</b></span> No role; may worsen infection.<br><br><span style=""color:goldenrod""><b>💡 Tip: </b></span>""Necrotic = debride before you dress or close.""","<span style=""color:darkorange""><b>🔍 Hint:</b></span> The sacral wound is deep, necrotic, and foul-smelling – what must happen to dead tissue before any dressing or therapy?"
RWR-Integumentary System-006,Integumentary System,,"A 28-year-old man is brought to the emergency department after a house fire accident. Examination reveals deep circumferential burns around the right lower leg. The affected limb is tense, swollen, and distal pulses are weak and difficult to palpate. The patient complains of severe pain out of proportion to examination. What is the immediate next step in management?",Fasciotomy,Escharotomy,Intravenous antibiotics,Skin grafting,Hyperbaric oxygen therapy,B,"<span style=""color:green""><b>Escharotomy</b></span> Deep circumferential burns form a rigid eschar that constricts blood flow; escharotomy relieves pressure and restores distal perfusion.<br><br><span style=""color:red""><b>Fasciotomy</b></span> For compartment syndrome, not primarily for burn eschar.<br><br><span style=""color:red""><b>Intravenous antibiotics</b></span> Not the immediate step to restore circulation.<br><br><span style=""color:red""><b>Skin grafting</b></span> Performed after eschar removal and wound preparation.<br><br><span style=""color:red""><b>Hyperbaric oxygen therapy</b></span> Adjunctive, not for acute limb‑threatening constriction.<br><br><span style=""color:goldenrod""><b>💡 Tip: </b></span>""Circumferential burn + weak pulses = escharotomy, not fasciotomy.""","<span style=""color:darkorange""><b>🔍 Hint:</b></span> The burn goes all the way around the leg, the limb is tense, and the pulse is hard to find – what incision releases this constricting band?"
RWR-Musculoskeletal System-003,Musculoskeletal System,,"A 65-year-old woman presents to the emergency department after slipping in her bathroom. On examination, her right leg is shortened and externally rotated. She is unable to bear weight. X-ray confirms a displaced fracture of the femoral neck.Which of the following is the most important long-term complication of this injury?",Osteoarthritis of the hip,Avascular necrosis of the femoral head,Nonunion of fracture,Deep vein thrombosis,Sciatic nerve injury,B,"<span style=""color:green""><b>Avascular necrosis of the femoral head</b></span> Displaced femoral neck fractures disrupt the medial circumflex femoral artery, the main blood supply to the femoral head, leading to avascular necrosis as the most serious long‑term complication.<br><br><span style=""color:red""><b>Osteoarthritis</b></span> Can occur, but AVN is the classic feared complication.<br><br><span style=""color:red""><b>Nonunion</b></span> Higher risk in displaced fractures, but AVN is more specific to the blood supply.<br><br><span style=""color:red""><b>Deep vein thrombosis</b></span> Common perioperative risk, not a direct long‑term orthopedic complication.<br><br><span style=""color:red""><b>Sciatic nerve injury</b></span> Rare, more associated with posterior hip dislocation.<br><br><span style=""color:goldenrod""><b>💡 Tip: </b></span>""Femoral neck fracture → medial circumflex disruption → AVN.""","<span style=""color:darkorange""><b>🔍 Hint:</b></span> The fracture is in the femoral neck, where a critical artery enters – what long‑term bone complication threatens the joint because that artery is likely torn?"
RWR-Gastrointestinal System-017,Gastrointestinal System,,"A 54-year-old man presents to the ER with fever, right upper quadrant abdominal pain, and jaundice for the last 12 hours. He is hypotensive (BP 85/55 mmHg), febrile (39.5°C), and tachycardic (HR 120/min). On abdominal exam, there is RUQ tenderness with guarding. Labs show WBC: 18,000/μL, Bilirubin: 6.8 mg/dL, ALP: 520 IU/L and AST/ALT are mildly elevated. Ultrasound reveals dilated common bile duct and a thick-walled gallbladder with multiple stones. What is the next best step in management?",MRCP,Ultrasound,Urgent laparoscopic cholecystectomy,Urgent open cholecystectomy,ERCP,E,"<span style=""color:green""><b>ERCP</b></span> Acute cholangitis with hypotension, fever, jaundice, and dilated CBD requires urgent biliary decompression; ERCP with sphincterotomy/stone extraction is the first‑line intervention.<br><br><span style=""color:red""><b>MRCP</b></span> Diagnostic only; does not treat obstruction.<br><br><span style=""color:red""><b>Ultrasound</b></span> Already done.<br><br><span style=""color:red""><b>Urgent laparoscopic cholecystectomy</b></span> Risks high in the acute septic setting; decompress the duct first.<br><br><span style=""color:red""><b>Urgent open cholecystectomy</b></span> Not the first‑line decompression approach.<br><br><span style=""color:goldenrod""><b>💡 Tip: </b></span>""Charcot’s triad + hypotension = decompress the CBD via ERCP immediately.""","<span style=""color:darkorange""><b>🔍 Hint:</b></span> He’s septic with dilated bile duct and obstructing stones – what procedure both diagnoses and relieves the blockage urgently?"
RWR-Musculoskeletal System-004,Musculoskeletal System,,"A 6-year-old boy is brought to the ER with high-grade fever for 4 days and severe pain in the right hip joint. He refuses to bear weight and cries on passive movement of the joint. On examination, the joint is swollen, warm, and tender. Vital signs: T 39.2°C, HR 130/min, BP 95/60 mmHg.X-ray shows only a joint effusion, without bony involvement.What is the most appropriate initial diagnostic test?",CBC,ESR,CRP,Arthrocentesis,Blood culture,D,"<span style=""color:green""><b>Arthrocentesis</b></span> Joint aspiration for Gram stain, culture, cell count, and crystal analysis is the most important immediate diagnostic test for suspected septic arthritis.<br><br><span style=""color:red""><b>CBC</b></span> Non‑specific for the joint.<br><br><span style=""color:red""><b>ESR</b></span> Supports infection but does not confirm joint source.<br><br><span style=""color:red""><b>CRP</b></span> Likewise non‑specific.<br><br><span style=""color:red""><b>Blood culture</b></span> May identify organism but does not directly evaluate the joint space.<br><br><span style=""color:goldenrod""><b>💡 Tip: </b></span>""Swollen, hot, painful joint with fever = tap the joint first.""","<span style=""color:darkorange""><b>🔍 Hint:</b></span> X‑ray shows only an effusion, but he can’t move his hip and is febrile – what sample from the hip joint itself is needed for diagnosis?"
RWR-Gastrointestinal System-018,Gastrointestinal System,,"A 32-year-old man presents with a persistent purulent discharge from the perianal region for the past 3 months. He has a history of a perianal abscess that was drained surgically 4 months ago. Despite antibiotics and local care, the discharge continues. On examination, there is an external opening with surrounding induration, suspicious for a fistula-in-ano.What is the next best step in management?",MRI pelvis,Examination under anesthesia with fistulotomy,Colonoscopy,CT scan abdomen,Oral antibiotics,B,"<span style=""color:green""><b>Examination under anesthesia with fistulotomy</b></span> A chronic fistula following perianal abscess drainage is best managed by EUA and fistulotomy to delineate the tract and lay it open, provided sphincter involvement allows.<br><br><span style=""color:red""><b>MRI pelvis</b></span> Useful for complex fistulas but not the definitive therapeutic step.<br><br><span style=""color:red""><b>Colonoscopy</b></span> Reserved if inflammatory bowel disease is suspected.<br><br><span style=""color:red""><b>CT scan abdomen</b></span> Not primary for perianal fistula.<br><br><span style=""color:red""><b>Oral antibiotics</b></span> Will not heal an established fistula.<br><br><span style=""color:goldenrod""><b>💡 Tip: </b></span>""Persistent drainage after abscess = fistula; EUA + fistulotomy is definitive.""","<span style=""color:darkorange""><b>🔍 Hint:</b></span> The purulent discharge continues after an abscess was drained – what procedure under anesthesia both maps and treats the abnormal track?"
RWR-Trauma-007,Trauma,,"A 10-year-old boy is brought to the emergency department after falling from his bicycle, striking his abdomen on the handlebar. He is alert, responsive, and has stable vital signs (BP 100/70 mmHg, HR 95/min). On abdominal exam, there is mild tenderness in the left upper quadrant without guarding or rigidity. FAST scan shows no free fluid.What is the best next investigation to assess intra-abdominal injury?",FAST scan,Diagnostic peritoneal lavage (DPL),CT abdomen with IV contrast,CT abdomen plain,Exploratory laparotomy,C,"<span style=""color:green""><b>CT abdomen with IV contrast</b></span> A hemodynamically stable patient with localized tenderness after blunt trauma warrants a contrast‑enhanced CT to accurately assess solid organ and hollow viscus injury.<br><br><span style=""color:red""><b>FAST scan</b></span> Already negative.<br><br><span style=""color:red""><b>Diagnostic peritoneal lavage (DPL)</b></span> Now rarely used; CT provides more detail.<br><br><span style=""color:red""><b>CT abdomen plain</b></span> Contrast is essential to detect injuries.<br><br><span style=""color:red""><b>Exploratory laparotomy</b></span> Not indicated in a stable patient without free fluid.<br><br><span style=""color:goldenrod""><b>💡 Tip: </b></span>""Stable blunt trauma + tenderness → contrast CT.""","<span style=""color:darkorange""><b>🔍 Hint:</b></span> He’s alert, stable, and FAST is negative – what cross‑sectional scan with contrast would best pick up an internal injury from that handlebar hit?"
RWR-Gastrointestinal System-019,Gastrointestinal System,,"A 70-year-old man presents to the emergency department with diffuse abdominal pain, abdominal distension, and multiple episodes of bilious vomiting for the past 24 hours. On examination, the abdomen is distended, tympanic, and hyperactive bowel sounds are heard. He underwent an open appendectomy 20 years ago. No recent history of trauma, hernia, or malignancy is reported.What is the most likely cause of his current condition?",Strangulated inguinal hernia,Adhesion obstruction,Small bowel volvulus,Carcinoma of colon,Gallstone ileus,B,"<span style=""color:green""><b>Adhesion obstruction</b></span> A history of prior abdominal surgery (open appendectomy) and presentation with bilious vomiting, distension, and hyperactive bowel sounds is classic for adhesive small bowel obstruction.<br><br><span style=""color:red""><b>Strangulated inguinal hernia</b></span> Would have a tender groin mass.<br><br><span style=""color:red""><b>Small bowel volvulus</b></span> Less common; often associated with malrotation in younger patients.<br><br><span style=""color:red""><b>Carcinoma of colon</b></span> More insidious onset, not acute SBO.<br><br><span style=""color:red""><b>Gallstone ileus</b></span> Usually in elderly with air in biliary tree.<br><br><span style=""color:goldenrod""><b>💡 Tip: </b></span>""Previous surgery + SBO = adhesions until proven otherwise.""","<span style=""color:darkorange""><b>🔍 Hint:</b></span> He had an operation 20 years ago and now presents with vomiting and distension – what post‑surgical band‑like structure is likely causing the blockage?"
RWR-Reproductive System-003,Reproductive System,,"A 26-year-old woman, G2P1, at 10 weeks of gestation presents with mild vaginal bleeding and lower abdominal discomfort for 2 days. She has no passage of tissue. On examination, her vital signs are stable. Speculum exam shows slight bleeding per vagina, and on bimanual exam the cervical os is closed. Ultrasound shows a live intrauterine pregnancy.What is the most likely diagnosis?",Inevitable abortion,Threatened abortion,Incomplete abortion,Missed abortion,Complete abortion,B,"<span style=""color:green""><b>Threatened abortion</b></span> Vaginal bleeding with a closed cervical os and a live intrauterine pregnancy defines threatened abortion.<br><br><span style=""color:red""><b>Inevitable abortion</b></span> Would have an open os.<br><br><span style=""color:red""><b>Incomplete abortion</b></span> Open os with products of conception passed or visible.<br><br><span style=""color:red""><b>Missed abortion</b></span> Dead fetus retained with closed os.<br><br><span style=""color:red""><b>Complete abortion</b></span> All products passed, os closed.<br><br><span style=""color:goldenrod""><b>💡 Tip: </b></span>""Bleed + closed os + live fetus = threatened abortion.""","<span style=""color:darkorange""><b>🔍 Hint:</b></span> She’s bleeding in early pregnancy, the cervix is closed, and the ultrasound shows a living pregnancy – what term describes this warning without yet losing the pregnancy?"
RWR-Reproductive System-004,Reproductive System,,"A 2-year-old boy is brought by his parents because his testes have not been seen in the scrotum since birth. On examination, neither testis is palpable in the scrotum, but one is found in the inguinal canal. There are no other congenital anomalies.What is the next best step in management?",Observation until 5 years of age,Serum β-hCG stimulation test,Ultrasound of the abdomen and pelvis,Orchidopexy,Bilateral orchidectomy,D,"<span style=""color:green""><b>Orchidopexy</b></span> A palpable undescended testis in an infant >6 months requires surgical orchidopexy, ideally by 12‑18 months, to preserve fertility and reduce malignancy risk.<br><br><span style=""color:red""><b>Observation until 5 years</b></span> Delaying surgery risks irreversible damage.<br><br><span style=""color:red""><b>Serum β‑hCG stimulation test</b></span> Used to differentiate anorchia from cryptorchidism but not the treatment.<br><br><span style=""color:red""><b>Ultrasound of the abdomen and pelvis</b></span> Not necessary when a gonad is palpable in the inguinal canal.<br><br><span style=""color:red""><b>Bilateral orchidectomy</b></span> Would result in castration, not indicated.<br><br><span style=""color:goldenrod""><b>💡 Tip: </b></span>""Undescended testis palpable in canal → orchidopexy by 12‑18 months.""","<span style=""color:darkorange""><b>🔍 Hint:</b></span> The testis is felt in the inguinal canal in a 2‑year‑old – what surgical procedure brings it into the scrotum to protect future fertility?"
RWR-Urinary System-002,Urinary System,,"A 45-year-old man undergoes emergency surgery and receives multiple units of packed red blood cells. A few hours later, he develops muscle weakness. ECG shows tall, peaked T waves. Which of the following is the most likely electrolyte abnormality?",Hyperkalemia,Hypokalemia,Hypercalcemia,Hypocalcemia,Hyponatremia,A,"<span style=""color:green""><b>Hyperkalemia</b></span> Stored PRBCs leak potassium; after multiple units, hyperkalemia can occur, presenting with muscle weakness and ECG peaked T waves.<br><br><span style=""color:red""><b>Hypokalemia</b></span> Would cause flat T waves, U waves.<br><br><span style=""color:red""><b>Hypercalcemia</b></span> Not typical of massive transfusion.<br><br><span style=""color:red""><b>Hypocalcemia</b></span> Citrate toxicity can cause hypocalcemia but presents differently (tetany, prolonged QT).<br><br><span style=""color:red""><b>Hyponatremia</b></span> Not specifically linked to transfusion in this context.<br><br><span style=""color:goldenrod""><b>💡 Tip: </b></span>""Massive transfusion → high potassium (peaked T waves).""","<span style=""color:darkorange""><b>🔍 Hint:</b></span> After many units of blood, he’s weak and his ECG shows tall, tented T waves – what electrolyte came out of the stored cells?"
RWR-Medical Ethics-002,Medical Ethics,,"A 45-year-old man is brought to a hospital for elective hernia repair. The surgeon performs the procedure without obtaining the patient's informed consent, arguing it was urgent.Which ethical principle has been violated?",Beneficence,Non-maleficence,Autonomy,Justice,Confidentiality,C,"<span style=""color:green""><b>Autonomy</b></span> Performing surgery without informed consent violates the patient’s right to self‑determination and make decisions about their own body.<br><br><span style=""color:red""><b>Beneficence</b></span> Acting in the patient’s best interest.<br><br><span style=""color:red""><b>Non‑maleficence</b></span> Avoiding harm.<br><br><span style=""color:red""><b>Justice</b></span> Fair distribution of resources.<br><br><span style=""color:red""><b>Confidentiality</b></span> Protecting patient information.<br><br><span style=""color:goldenrod""><b>💡 Tip: </b></span>""No consent = violation of the patient’s right to choose (autonomy).""","<span style=""color:darkorange""><b>🔍 Hint:</b></span> The surgeon did not ask permission before operating – which pillar of ethics, centred on the patient’s right to decide, was ignored?"
RWR-Cardiovascular System-012,Cardiovascular System,,"A 55-year-old man presents with progressive abdominal distension and leg swelling for 3 months, and on examination he has raised jugular venous pressure, ascites, peripheral edema, and no cardiac murmurs. Investigations show a normal chest X-ray and echocardiography revealing normal ventricular function with no valvular abnormalities. Which of the following is the most likely cause of his presentation?",Constrictive pericarditis,Right-sided heart failure,Cirrhosis of liver,Nephrotic syndrome,Pulmonary hypertension,C,"<span style=""color:green""><b>Constrictive pericarditis</b></span> Raised JVP, ascites, edema, normal ventricular function, and no valvular disease point to constrictive pericarditis, which impairs diastolic filling.<br><br><span style=""color:red""><b>Right‑sided heart failure</b></span> Would typically show right ventricular dysfunction on echo.<br><br><span style=""color:red""><b>Cirrhosis of liver</b></span> Can cause ascites and edema, but raised JVP and normal echo point to a cardiac/pericardial cause.<br><br><span style=""color:red""><b>Nephrotic syndrome</b></span> Massive proteinuria, not raised JVP.<br><br><span style=""color:red""><b>Pulmonary hypertension</b></span> Would have elevated pulmonary pressures on echo.<br><br><span style=""color:goldenrod""><b>💡 Tip: </b></span>""JVD + ascites + normal heart function = think constrictive pericarditis.""","<span style=""color:darkorange""><b>🔍 Hint:</b></span> His echo shows normal ventricles and valves, yet his neck veins are full and his belly is swollen – what stiff sac around the heart could cause this?"
RWR-Gastrointestinal System-020,Gastrointestinal System,,"A 65-year-old man presents with sudden onset lower abdominal pain, fever, and nausea. On examination, the abdomen is tender in the left lower quadrant with guarding and rebound tenderness. CT abdomen shows perforated sigmoid diverticulitis with localized peritonitis. Which antibiotic regimen is most appropriate for initial management?",Piperacillin + Tazobactam,Ceftriaxone alone,Ciprofloxacin alone,Vancomycin,Metronidazole alone,A,"<span style=""color:green""><b>Piperacillin + Tazobactam</b></span> A broad‑spectrum regimen covering gram‑negatives and anaerobes is needed for perforated diverticulitis with peritonitis.<br><br><span style=""color:red""><b>Ceftriaxone alone</b></span> Lacks anaerobic coverage.<br><br><span style=""color:red""><b>Ciprofloxacin alone</b></span> Poor anaerobic coverage.<br><br><span style=""color:red""><b>Vancomycin</b></span> Gram‑positive only.<br><br><span style=""color:red""><b>Metronidazole alone</b></span> Covers anaerobes but misses gram‑negatives.<br><br><span style=""color:goldenrod""><b>💡 Tip: </b></span>""Perforated diverticulitis = cover gram‑negatives + anaerobes.""","<span style=""color:darkorange""><b>🔍 Hint:</b></span> CT shows a hole in the sigmoid with localized peritonitis – which antibiotic combination covers both gut‑origin gram‑negatives and anaerobes?"
RWR-Gastrointestinal System-021,Gastrointestinal System,,"A 55-year-old man presents to the emergency department with sudden onset hematemesis and melena. He has a history of peptic ulcer disease and NSAID use. On examination, he is pale, tachycardic, and hypotensive. Endoscopy reveals a posterior wall gastric ulcer with active bleeding.Which artery is most likely the source of bleeding?",Left gastric artery,Right gastric artery,Right gastroepiploic artery,Gastroduodenal artery,Short gastric artery,D,"<span style=""color:green""><b>Gastroduodenal artery</b></span> Posterior duodenal ulcers erode into the gastroduodenal artery (GDA), causing major upper GI bleeding.<br><br><span style=""color:red""><b>Left gastric artery</b></span> Supplies the lesser curvature, less commonly a source of massive posterior bleeding.<br><br><span style=""color:red""><b>Right gastric artery</b></span> Minor supply, rarely the bleeder.<br><br><span style=""color:red""><b>Right gastroepiploic artery</b></span> Greater curvature supply.<br><br><span style=""color:red""><b>Short gastric artery</b></span> Fundus supply, not associated with duodenal ulcer.<br><br><span style=""color:goldenrod""><b>💡 Tip: </b></span>""Posterior wall duodenal ulcer = gastroduodenal artery hemorrhage.""","<span style=""color:darkorange""><b>🔍 Hint:</b></span> The endoscopy shows a posterior wall gastric ulcer spurting blood – which large artery runs behind the posterior duodenum in that region?"
RWR-Nervous System-011,Nervous System,,"A 35-year-old man is brought to the ER after a road traffic accident, and on examination, his eye opening is to painful stimulus only, verbal response consists of incomprehensible sounds, and motor response localizes to pain. Calculate the GCS score.",6,8,9,10,12,C,"<span style=""color:green""><b>9</b></span> Eye opening to pain = 2, verbal incomprehensible sounds = 2, motor localizes = 5; total = 9.<br><br><span style=""color:red""><b>6</b></span> Too low for the given responses.<br><br><span style=""color:red""><b>8</b></span> One point short.<br><br><span style=""color:red""><b>10</b></span> Would require better verbal or eye.<br><br><span style=""color:red""><b>12</b></span> Near‑normal; not compatible.<br><br><span style=""color:goldenrod""><b>💡 Tip: </b></span>""E2 V2 M5 = 9.""","<span style=""color:darkorange""><b>🔍 Hint:</b></span> Eyes to pain, incomprehensible sounds, localizing to pain – add those three numbers from the GCS table."
RWR-Nervous System-012,Nervous System,,"A 45-year-old man presents with sudden onset right-sided facial weakness, with inability to close the right eye, loss of forehead wrinkling on the affected side, and no other neurological deficits on examination. Which branch of the facial nerve is most likely involved?",Temporal branch,Zygomatic branch,Buccal branch,Marginal mandibular branch,Cervical branch,A,"<span style=""color:green""><b>Temporal branch</b></span> The temporal branch supplies the frontalis, orbicularis oculi, and corrugator; inability to wrinkle forehead and close the eye indicates upper facial nerve lesion (temporal/zygomatic involvement). Forehead sparing suggests central lesion; complete eye closure failure points to temporal branch.<br><br><span style=""color:red""><b>Zygomatic branch</b></span> Also contributes to eye closure but temporal branch is the primary nerve for forehead and upper eyelid; the question emphasizes forehead wrinkling loss, which is mainly temporal.<br><br><span style=""color:red""><b>Buccal branch</b></span> Mid‑face, not forehead/eye.<br><br><span style=""color:red""><b>Marginal mandibular branch</b></span> Lower lip/chin.<br><br><span style=""color:red""><b>Cervical branch</b></span> Platysma.<br><br><span style=""color:goldenrod""><b>💡 Tip: </b></span>""Forehead + eye closure = temporal (and zygomatic), but isolated forehead = temporal.""","<span style=""color:darkorange""><b>🔍 Hint:</b></span> He can’t wrinkle his forehead or shut his eye – which branch of the facial nerve controls those upper face muscles?"
RWR-Gastrointestinal System-022,Gastrointestinal System,,"A 60-year-old man underwent a right hemicolectomy with resection of the distal 2/3 of the ileum and ileocecal valve for carcinoma, and two months later he presents with chronic watery diarrhea that worsens after meals, weight loss and fatigue, glossitis and mild neuropathy. Lab tests show macrocytic anemia and mild electrolyte imbalance. Which of the following is the most important nutrient deficiency to address?",Potassium,Sodium,Vitamin B12,Folate,Calcium,C,"<span style=""color:green""><b>Vitamin B12</b></span> Resection of the distal 2/3 of ileum and ileocecal valve removes the primary site of B12 absorption; macrocytic anemia, glossitis, and neuropathy are classic B12 deficiency signs.<br><br><span style=""color:red""><b>Potassium</b></span> Electrolyte imbalance may occur but not macrocytic anemia.<br><br><span style=""color:red""><b>Sodium</b></span> Not directly causing these findings.<br><br><span style=""color:red""><b>Folate</b></span> Absorbed in jejunum; may be deficient later but the ileal resection specifically impairs B12.<br><br><span style=""color:red""><b>Calcium</b></span> Deficiency causes osteomalacia, not macrocytosis.<br><br><span style=""color:goldenrod""><b>💡 Tip: </b></span>""Distal ileum gone → B12 gone → macrocytic anemia + neuropathy.""","<span style=""color:darkorange""><b>🔍 Hint:</b></span> He lost the distal two‑thirds of his ileum, and now has a macrocytic anemia and glossitis – which vitamin absorbed specifically there is missing?"
RWR-Gastrointestinal System-023,Gastrointestinal System,,"A 45-year-old man with a history of acute biliary pancreatitis 8 weeks ago presents with upper abdominal fullness, early satiety, and mild epigastric discomfort. Investigations reveal a large cystic lesion measuring 8 cm in the pancreatic body on ultrasound, and CT scan shows a well-defined, mature pancreatic pseudocyst without evidence of infection. What is the preferred management for this patient?",Percutaneous drainage,Open surgical cystogastrostomy,Endoscopic cystogastrostomy,Observation,Immediate laparotomy,C,"<span style=""color:green""><b>Endoscopic cystogastrostomy</b></span> A mature, uncomplicated pseudocyst >6 cm causing symptoms can be drained internally via endoscopic cystogastrostomy, which is minimally invasive and preferred over surgery.<br><br><span style=""color:red""><b>Percutaneous drainage</b></span> Risks pancreaticocutaneous fistula and infection.<br><br><span style=""color:red""><b>Open surgical cystogastrostomy</b></span> Reserved if endoscopic option fails.<br><br><span style=""color:red""><b>Observation</b></span> Symptomatic, large cysts require intervention.<br><br><span style=""color:red""><b>Immediate laparotomy</b></span> Too aggressive for a stable, non‑infected cyst.<br><br><span style=""color:goldenrod""><b>💡 Tip: </b></span>""Symptomatic pseudocyst after pancreatitis = internal endoscopic drainage.""","<span style=""color:darkorange""><b>🔍 Hint:</b></span> Eight weeks after pancreatitis, the well‑defined fluid sac is causing fullness – which scope‑based drainage connects the cyst to the stomach without big surgery?"
RWR-Respiratory System-004,Respiratory System,,A 28-year-old woman with a history of moderate persistent asthma is scheduled for an elective laparoscopic cholecystectomy. She is currently asymptomatic on inhaled corticosteroids and short-acting bronchodilators as needed.Which of the following tests is most useful to assess her fitness for anesthesia?,Arterial blood gases (ABGs),FEV1 / FVC ratio,Total lung capacity,Forced vital capacity (FVC),DLCO,B,"<span style=""color:green""><b>FEV1 / FVC ratio</b></span> In an asthmatic, spirometry with FEV1/FVC ratio best assesses obstructive airway disease and helps predict perioperative respiratory complications.<br><br><span style=""color:red""><b>Arterial blood gases</b></span> Not routinely required in asymptomatic controlled asthma.<br><br><span style=""color:red""><b>Total lung capacity</b></span> Not the best indicator of airway obstruction.<br><br><span style=""color:red""><b>Forced vital capacity (FVC)</b></span> Alone doesn’t capture obstruction.<br><br><span style=""color:red""><b>DLCO</b></span> Measures diffusion, not airflow obstruction.<br><br><span style=""color:goldenrod""><b>💡 Tip: </b></span>""Asthma pre‑op → check FEV1/FVC to quantify obstruction.""","<span style=""color:darkorange""><b>🔍 Hint:</b></span> She has asthma, well controlled – which breathing test ratio is most useful to confirm her airway function is good enough for anesthesia?"
RWR-Gastrointestinal System-024,Gastrointestinal System,,"A 48-year-old woman presents to the emergency department with sudden onset right upper quadrant abdominal pain radiating to the right shoulder, associated with nausea and vomiting for the past 6 hours. She has a low-grade fever and mild jaundice.On examination, there is tenderness in the right hypochondrium, a positive Murphy's sign, and no signs of peritonitis. What is the most appropriate initial investigation?",Ultrasound abdomen,MRCP,ERCP,CT abdomen,HIDA scan,A,"<span style=""color:green""><b>Ultrasound abdomen</b></span> Right upper quadrant ultrasound is the first‑line imaging for suspected acute cholecystitis; it shows wall thickening, pericholecystic fluid, and stones with a positive Murphy’s sign.<br><br><span style=""color:red""><b>MRCP</b></span> Reserved for CBD stone evaluation, not initial.<br><br><span style=""color:red""><b>ERCP</b></span> Therapeutic, not first diagnostic.<br><br><span style=""color:red""><b>CT abdomen</b></span> Second‑line if ultrasound inconclusive.<br><br><span style=""color:red""><b>HIDA scan</b></span> Rarely used now; ultrasound is the primary tool.<br><br><span style=""color:goldenrod""><b>💡 Tip: </b></span>""RUQ pain + Murphy’s sign = ultrasound first.""","<span style=""color:darkorange""><b>🔍 Hint:</b></span> She has right upper quadrant tenderness and a positive Murphy’s sign – what quick, radiation‑free test directly visualizes the gallbladder and stones?"
RWR-Gastrointestinal System-025,Gastrointestinal System,,"A 60-year-old man underwent an elective colectomy 2 days ago, and now complains of abdominal distension, mild diffuse abdominal discomfort, and no passage of flatus or stool. He has nausea but no vomiting. On examination, his abdomen is distended but soft, bowel sounds are hypoactive, and vital signs are stable. What is the most appropriate initial investigation?",X-ray abdomen (erect & supine),X-ray chest,Ultrasound abdomen,CT abdomen with contrast,Colonoscopy,A,"<span style=""color:green""><b>X-ray abdomen (erect & supine)</b></span> In a postoperative patient with distension and absent flatus, an abdominal X-ray (erect and supine) is the first investigation to differentiate ileus (diffuse gas, no air-fluid levels) from obstruction (air-fluid levels).<br><br><span style=""color:red""><b>X-ray chest</b></span> May show free air under diaphragm if perforation suspected but not the primary investigation for suspected ileus.<br><br><span style=""color:red""><b>Ultrasound abdomen</b></span> Less useful for gaseous distension.<br><br><span style=""color:red""><b>CT abdomen with contrast</b></span> More detailed but not the initial imaging of choice for straightforward postoperative ileus.<br><br><span style=""color:red""><b>Colonoscopy</b></span> Inappropriate and potentially dangerous in an unprepared, distended bowel.<br><br><span style=""color:goldenrod""><b>💡 Tip: </b></span>""Post-op distension, no flatus → start with plain abdominal films.""","<span style=""color:darkorange""><b>🔍 Hint:</b></span> Two days after his colectomy, his belly is distended and bowel sounds are hypoactive – which simple X-ray series will show whether there’s a mechanical blockage or just an ileus?"
RWR-Reproductive System-005,Reproductive System,,"A 58-year-old postmenopausal woman presents with intermittent vaginal spotting for the last 3 weeks. She is not on hormone therapy. Transvaginal ultrasound shows an endometrial thickness of 12 mm.Her vital signs are stable, and physical examination is unremarkable.Which is the next best investigation?",Repeat ultrasound in 1 month,Endometrial biopsy,Hysteroscopy without biopsy,MRI pelvis,Pap smear,B,"<span style=""color:green""><b>Endometrial biopsy</b></span> Postmenopausal bleeding with an endometrial thickness >4-5 mm requires endometrial sampling (biopsy) to exclude hyperplasia or carcinoma.<br><br><span style=""color:red""><b>Repeat ultrasound in 1 month</b></span> Delays essential tissue diagnosis.<br><br><span style=""color:red""><b>Hysteroscopy without biopsy</b></span> Visualisation without histology is incomplete.<br><br><span style=""color:red""><b>MRI pelvis</b></span> Not the first diagnostic step.<br><br><span style=""color:red""><b>Pap smear</b></span> Screens for cervical, not endometrial pathology.<br><br><span style=""color:goldenrod""><b>💡 Tip: </b></span>""Thickened endometrium after menopause = biopsy to rule out cancer.""","<span style=""color:darkorange""><b>🔍 Hint:</b></span> She has been spotting for three weeks after menopause, and the lining of her uterus is 12 mm thick on ultrasound – what sampling procedure will directly tell you why?"
RWR-Hematologic System-003,Hematologic System,,"A 60-year-old man presents with easy bruising and prolonged nosebleeds. He has a history of ischemic heart disease and is taking aspirin daily. On examination, there is petechiae on the limbs.Which is the most appropriate initial test to assess his bleeding tendency?",Platelet count,Bleeding time (BT),Prothrombin time (PT),Activated partial thromboplastin time (aPTT),Fibrinogen level,B,"<span style=""color:green""><b>Bleeding time (BT)</b></span> Aspirin irreversibly inhibits platelet cyclooxygenase, impairing aggregation; bleeding time is the most direct screening test for platelet function defect.<br><br><span style=""color:red""><b>Platelet count</b></span> Usually normal with aspirin use.<br><br><span style=""color:red""><b>Prothrombin time (PT)</b></span> Measures warfarin effect and extrinsic pathway.<br><br><span style=""color:red""><b>Activated partial thromboplastin time (aPTT)</b></span> Measures heparin effect and intrinsic pathway.<br><br><span style=""color:red""><b>Fibrinogen level</b></span> Assesses the common pathway substrate, not platelet function.<br><br><span style=""color:goldenrod""><b>💡 Tip: </b></span>""Aspirin = platelets = bleeding time.""","<span style=""color:darkorange""><b>🔍 Hint:</b></span> He is on aspirin and bruises easily, with petechiae visible – which test directly measures how well his platelets plug a wound, independent of their count?"
RWR-Endocrine System-006,Endocrine System,,"A 55-year-old man with a history of renal transplantation 6 months ago comes for routine follow-up and feels well, but laboratory results show a serum calcium of 11.6 mg/dL (high), serum phosphorus of 2.1 mg/dL (low), elevated PTH levels, and ultrasound revealing enlarged parathyroid glands. He has no bone pain or neurological symptoms. What is the most appropriate next step in management?",Hydration and monitoring,Calcitonin,Cinacalcet,Parathyroidectomy,Sestamibi scan,D,"<span style=""color:green""><b>Parathyroidectomy</b></span> In renal transplant recipients with persistent hyperparathyroidism (high Ca, low P, elevated PTH, enlarged glands), surgical removal of hyperplastic parathyroid tissue is the definitive treatment.<br><br><span style=""color:red""><b>Hydration and monitoring</b></span> Not sufficient when PTH is elevated and glands enlarged.<br><br><span style=""color:red""><b>Calcitonin</b></span> Temporarily lowers calcium but does not address the autonomous glands.<br><br><span style=""color:red""><b>Cinacalcet</b></span> A calcimimetic that can be used before surgery to control PTH, but parathyroidectomy is the most appropriate next step for enlarged glands and persistent disease.<br><br><span style=""color:red""><b>Sestamibi scan</b></span> Used to localise adenomas in primary hyperparathyroidism; not needed here when ultrasound already shows enlarged glands.<br><br><span style=""color:goldenrod""><b>💡 Tip: </b></span>""Post-transplant high PTH + big glands = cut them out.""","<span style=""color:darkorange""><b>🔍 Hint:</b></span> The ultrasound shows enlarged parathyroids after his kidney transplant, and his PTH is still high – what definitive operation will normalise his calcium?"
RWR-Nervous System-013,Nervous System,,A 25-year-old man is brought to the emergency department after a road traffic accident. He has a severe head injury with GCS 7. He is intubated and mechanically ventilated. Which positioning maneuver is most appropriate to reduce intracranial pressure (ICP)?,Reverse Trendelenburg,Trendelenburg,Flat supine,Lateral decubitus,Prone,A,"<span style=""color:green""><b>Reverse Trendelenburg</b></span> Head-up tilt (reverse Trendelenburg) promotes venous outflow from the brain, reducing intracranial pressure, and is standard in neurointensive care for severe head injury.<br><br><span style=""color:red""><b>Trendelenburg</b></span> Head-down position increases ICP and is contraindicated.<br><br><span style=""color:red""><b>Flat supine</b></span> Does not maximise venous drainage.<br><br><span style=""color:red""><b>Lateral decubitus</b></span> No specific ICP-lowering advantage in this setting.<br><br><span style=""color:red""><b>Prone</b></span> Potentially increases ICP.<br><br><span style=""color:goldenrod""><b>💡 Tip: </b></span>""Head up, ICP down.""","<span style=""color:darkorange""><b>🔍 Hint:</b></span> He has a severe head injury with low GCS, and you want to help blood drain away from his brain – which position lifts the head without bending the neck?"
RWR-Reproductive System-006,Reproductive System,,"A 32-year-old woman who is 32 weeks pregnant presents with intense itching predominantly on her palms and soles, which worsens at night, and she denies any rash, fever, or abdominal pain. Laboratory investigations reveal mildly elevated ALT (120 U/L), AST (100 U/L), ALP (450 U/L), and total bilirubin (2.0 mg/dL). What is the most likely diagnosis?",Intrahepatic cholestasis of pregnancy,Acute viral hepatitis,Preeclampsia with liver involvement,Gallstone obstruction,HELLP syndrome,A,"<span style=""color:green""><b>Intrahepatic cholestasis of pregnancy</b></span> Intense pruritus of palms and soles, nocturnal worsening, mildly elevated transaminases and bile acids, with no rash, is classic for intrahepatic cholestasis of pregnancy.<br><br><span style=""color:red""><b>Acute viral hepatitis</b></span> Would have more marked ALT/AST rise and positive viral serology.<br><br><span style=""color:red""><b>Preeclampsia with liver involvement</b></span> Presents with hypertension, proteinuria, and right upper quadrant pain.<br><br><span style=""color:red""><b>Gallstone obstruction</b></span> Would cause biliary pain and likely more severe jaundice.<br><br><span style=""color:red""><b>HELLP syndrome</b></span> Haemolysis, elevated liver enzymes, low platelets; haemolysis and thrombocytopenia are absent here.<br><br><span style=""color:goldenrod""><b>💡 Tip: </b></span>""Itchy palms and soles in the third trimester – think cholestasis.""","<span style=""color:darkorange""><b>🔍 Hint:</b></span> She is in her third trimester and has unbearable itching on the palms and soles, worse at night, with no rash – which pregnancy-specific liver condition fits this pattern?"
RWR-Cardiovascular System-013,Cardiovascular System,,"A 72-year-old man with a history of hypertension and smoking presents to the emergency department with sudden onset severe abdominal and back pain. On examination, his blood pressure is 80/50 mmHg with a pulse of 120/min that is weak and thready, and his abdomen is tender with a palpable pulsatile mass in the mid-abdomen, along with weak peripheral pulses. What is the most appropriate initial management?",Immediate CT angiography,Start IV fluids and prepare for emergent surgery,Bedside ultrasound only,Start anticoagulation,Pain control and observation,B,"<span style=""color:green""><b>Start IV fluids and prepare for emergent surgery</b></span> A hypotensive patient with a pulsatile abdominal mass and severe back pain has a ruptured AAA; immediate fluid resuscitation and transfer to the operating room for open or endovascular repair is life-saving.<br><br><span style=""color:red""><b>Immediate CT angiography</b></span> Delays definitive control; reserved for stable patients.<br><br><span style=""color:red""><b>Bedside ultrasound only</b></span> Helpful for diagnosis but insufficient without proceeding to surgery.<br><br><span style=""color:red""><b>Start anticoagulation</b></span> Contraindicated; will worsen bleeding.<br><br><span style=""color:red""><b>Pain control and observation</b></span> Inappropriate for a ruptured aneurysm.<br><br><span style=""color:goldenrod""><b>💡 Tip: </b></span>""Unstable + pulsatile mass = straight to theatre.""","<span style=""color:darkorange""><b>🔍 Hint:</b></span> His blood pressure is very low, and you can feel a throbbing mass in his belly – what bypasses the scanner to stop the bleeding directly?"
RWR-Endocrine System-007,Endocrine System,,"A 22-year-old man with a history of type 1 diabetes mellitus presents to the emergency department with nausea, vomiting, and abdominal pain for 1 day, with a family history of polyuria and polydipsia over the last 2 days. On examination, his blood pressure is 90/60 mmHg, pulse is 120/min, and respiratory rate is 28/min with deep and rapid (Kussmaul) breathing, and temperature is 37.5°C. Laboratory findings show blood glucose of 450 mg/dL, serum sodium 132 mEq/L, potassium 5.0 mEq/L, chloride 95 mEq/L, and bicarbonate 12 mEq/L. Arterial blood gas reveals a pH of 7.20 and PaCO2 of 25 mmHg, and urine is positive for ketones. Which of the following best describes the acid-base disorder?",Compensated metabolic acidosis,Uncompensated metabolic acidosis,High anion gap metabolic acidosis,Mixed acid-base disorder,Respiratory alkalosis,C,"<span style=""color:green""><b>High anion gap metabolic acidosis</b></span> DKA produces ketoacids (unmeasured anions), resulting in a high anion gap metabolic acidosis (anion gap = Na – (Cl+HCO3) = 25).<br><br><span style=""color:red""><b>Compensated metabolic acidosis</b></span> pH is still 7.20, not fully compensated.<br><br><span style=""color:red""><b>Uncompensated metabolic acidosis</b></span> CO2 of 25 mmHg shows respiratory compensation.<br><br><span style=""color:red""><b>Mixed acid-base disorder</b></span> No additional disorder is apparent.<br><br><span style=""color:red""><b>Respiratory alkalosis</b></span> pH is acidic, not alkalotic.<br><br><span style=""color:goldenrod""><b>💡 Tip: </b></span>""DKA = ketones = wide anion gap.""","<span style=""color:darkorange""><b>🔍 Hint:</b></span> His bicarbonate is low and there are ketones, but what type of gap is created by those unmeasured acids in his blood?"
RWR-Cardiovascular System-014,Cardiovascular System,,"A 60-year-old man underwent coronary artery bypass grafting 2 days ago. In the postoperative period, he develops hypotension, distended neck veins, and muffled heart sounds. On examination, his pulse is weak and rapid, and he appears dyspneic. These findings suggest Beck's triad.What is the next best step in management?",Start IV fluids,Echocardiography,Pericardiocentesis,Urgent re-exploration in the OR,Chest X-ray,D,"<span style=""color:green""><b>Urgent re-exploration in the OR</b></span> Beck’s triad (hypotension, distended neck veins, muffled heart sounds) in a postoperative cardiac surgery patient indicates cardiac tamponade; urgent surgical re-exploration is required to evacuate clot and control bleeding.<br><br><span style=""color:red""><b>Start IV fluids</b></span> Temporising but not definitive.<br><br><span style=""color:red""><b>Echocardiography</b></span> Useful for diagnosis if the patient is stable, but an unstable patient needs immediate surgical drainage.<br><br><span style=""color:red""><b>Pericardiocentesis</b></span> Less effective for clotted blood and may injure grafts.<br><br><span style=""color:red""><b>Chest X-ray</b></span> May show a widened mediastinum but will delay life-saving surgery.<br><br><span style=""color:goldenrod""><b>💡 Tip: </b></span>""Beck’s triad after CABG = reopen the chest.""","<span style=""color:darkorange""><b>🔍 Hint:</b></span> Two days after bypass surgery, his heart sounds are muffled, neck veins are bulging, and pressure is low – what must happen surgically right now?"
RWR-Cardiovascular System-015,Cardiovascular System,,"A 58-year-old man underwent coronary artery bypass grafting 3 days ago. He presents with mild shortness of breath and fatigue. On examination, his blood pressure is 95/60 mmHg with a slightly thready pulse of 105/min, and his neck veins are mildly distended. Heart sounds are slightly muffled, and his urine output has decreased over the past few hours. He is hemodynamically stable but trending downward, raising concern for postoperative cardiac tamponade.What is the next best step in management?",Start IV fluids and observe,Urgent transthoracic echocardiography,Pericardiocentesis,Call the surgical team for urgent re-exploration,Repeat chest X-ray,B,"<span style=""color:green""><b>Urgent transthoracic echocardiography</b></span> A patient with subacute tamponade (mild hypotension, decreasing urine output, muffled sounds) who is still hemodynamically stable should undergo urgent echocardiography to confirm the diagnosis before proceeding to intervention.<br><br><span style=""color:red""><b>Start IV fluids and observe</b></span> Inadequate; tamponade will worsen.<br><br><span style=""color:red""><b>Pericardiocentesis</b></span> Done after confirmation, not blindly.<br><br><span style=""color:red""><b>Call the surgical team for urgent re-exploration</b></span> May be needed after echo confirms tamponade and if patient deteriorates.<br><br><span style=""color:red""><b>Repeat chest X-ray</b></span> Not the next diagnostic step.<br><br><span style=""color:goldenrod""><b>💡 Tip: </b></span>""Subacute tamponade = confirm with echo before going back to OR.""","<span style=""color:darkorange""><b>🔍 Hint:</b></span> His pressure is trending down and heart sounds are muffled, but he is not crashing – which bedside ultrasound can confirm the fluid around his heart before surgery?"
RWR-Respiratory System-005,Respiratory System,,"A 28-year-old man is brought to the emergency department after a road traffic accident and is dyspneic and anxious with tachypnea and tachycardia. On examination, breath sounds are absent on the right side with hyperresonance on percussion, the trachea is slightly deviated to the left, blood pressure is 100/60 mmHg, and oxygen saturation is 88% on room air. What is the most appropriate immediate management?",Obtain chest X-ray,High-flow oxygen,Needle decompression,CT scan of chest,Observation,C,"<span style=""color:green""><b>Needle decompression</b></span> Absent breath sounds, hyperresonance, and tracheal deviation away from the affected side constitute tension pneumothorax; immediate needle decompression (2nd intercostal space, midclavicular line) is life-saving.<br><br><span style=""color:red""><b>Obtain chest X-ray</b></span> Delays treatment in a clinical tension pneumothorax.<br><br><span style=""color:red""><b>High-flow oxygen</b></span> Supportive but does not relieve the tension.<br><br><span style=""color:red""><b>CT scan of chest</b></span> Never for tension pneumothorax.<br><br><span style=""color:red""><b>Observation</b></span> Potentially fatal.<br><br><span style=""color:goldenrod""><b>💡 Tip: </b></span>""Breath sounds gone + trachea pushed = needle first, X-ray later.""","<span style=""color:darkorange""><b>🔍 Hint:</b></span> The right chest is silent and drum-like, and his windpipe is shifting left – what immediate action lets trapped air escape?"
RWR-Cardiovascular System-016,Cardiovascular System,,"A 35-year-old man is brought to the emergency department after a road traffic accident and is pale, confused, and diaphoretic, with a blood pressure of 80/50 mmHg, pulse of 130/min that is thready, and respiratory rate of 28/min. IV access has not yet been established, and the patient requires urgent fluid resuscitation. Which vascular access is most appropriate in this situation?",Peripheral intravenous line,Subclavian vein,Internal jugular vein,Surgical (venous) cutdown,Intraosseous line,A,"<span style=""color:green""><b>Peripheral intravenous line</b></span> The first-line access for fluid resuscitation in trauma is a large-bore (14-16 G) peripheral IV; if it cannot be placed quickly, intraosseous is the alternative, but the question implies initial access attempt.<br><br><span style=""color:red""><b>Subclavian vein</b></span> Central line, not first choice; higher complication rate.<br><br><span style=""color:red""><b>Internal jugular vein</b></span> Also central, not first line.<br><br><span style=""color:red""><b>Surgical (venous) cutdown</b></span> Rarely used; IO has replaced it.<br><br><span style=""color:red""><b>Intraosseous line</b></span> Used when peripheral IV cannot be obtained rapidly; here it is an option but peripheral IV remains the most appropriate initial choice.<br><br><span style=""color:goldenrod""><b>💡 Tip: </b></span>""First try a big peripheral line; if that fails, go IO.""","<span style=""color:darkorange""><b>🔍 Hint:</b></span> He’s in shock from bleeding, and no IV is in place yet – which simple, high-flow access should you attempt before resorting to a drill?"
RWR-Respiratory System-006,Respiratory System,,"A 45-year-old woman underwent total thyroidectomy two weeks ago. She complains of weak voice but no hoarseness. On laryngoscopic examination, her vocal cord is in the paramedian position.Which laryngeal muscle is most likely affected?",Lateral cricoarytenoid,Posterior cricoarytenoid,Cricothyroid,Thyroarytenoid,Aryepiglottic,B,"<span style=""color:green""><b>Posterior cricoarytenoid</b></span> The recurrent laryngeal nerve supplies all intrinsic laryngeal muscles except cricothyroid. Paralysis results in the cord lying in the paramedian position because the abductor (posterior cricoarytenoid) is unopposed; weak voice is due to loss of abduction and adduction.<br><br><span style=""color:red""><b>Lateral cricoarytenoid</b></span> An adductor; also paralysed, but the paramedian position is specifically due to loss of abduction.<br><br><span style=""color:red""><b>Cricothyroid</b></span> Innervated by the external branch of the superior laryngeal nerve, not by the recurrent laryngeal nerve.<br><br><span style=""color:red""><b>Thyroarytenoid</b></span> Also paralysed, but not the muscle whose isolated paralysis leads to the paramedian position.<br><br><span style=""color:red""><b>Aryepiglottic</b></span> Not primarily responsible for the classic cord position in RLN palsy.<br><br><span style=""color:goldenrod""><b>💡 Tip: </b></span>""RLN injury = cord stuck in paramedian because abductor (posterior cricoarytenoid) is out.""","<span style=""color:darkorange""><b>🔍 Hint:</b></span> After thyroidectomy her voice is weak but not hoarse, and the cord sits neither fully open nor fully closed – which muscle, responsible for opening the airway, has been knocked out?"
RWR-Reproductive System-007,Reproductive System,,A 35-year-old woman presents with heavy menstrual bleeding for the last 6 months. She does not wish to conceive and prefers non-hormonal therapy.Which of the following is the most appropriate initial management?,Levonorgestrel IUD,Oral contraceptive pills,Tranexamic acid,NSAIDs,Endometrial ablation,C,"<span style=""color:green""><b>Tranexamic acid</b></span> For women who decline hormonal therapy, tranexamic acid (an antifibrinolytic) is an effective first-line medical treatment to reduce menstrual blood loss.<br><br><span style=""color:red""><b>Levonorgestrel IUD</b></span> Hormonal; patient prefers non-hormonal.<br><br><span style=""color:red""><b>Oral contraceptive pills</b></span> Hormonal.<br><br><span style=""color:red""><b>NSAIDs</b></span> Also non-hormonal and reduce bleeding, but tranexamic acid is generally more effective and often preferred as the initial agent.<br><br><span style=""color:red""><b>Endometrial ablation</b></span> Invasive and not first-line medical therapy.<br><br><span style=""color:goldenrod""><b>💡 Tip: </b></span>""No hormones? Try tranexamic acid to lighten the flow.""","<span style=""color:darkorange""><b>🔍 Hint:</b></span> She wants a non-hormonal option for her heavy periods – which medication works by stopping clots from breaking down too quickly?"
