FlashcardID,System,Chapter,Topic,Stem,Answer,Trick,Image,HighYield
,Urinary System,,,A man has lost 2L water by sweating and replaced by 2L pure water. What will happen?,Decrease ICF osmolarity,,,
,Urinary System,,,Total body water is approximately what percentage of body weight?,60%,,,
,Urinary System,,,What fraction of total body water is intracellular fluid?,2/3rd (40%),,,
,Urinary System,,,What fraction of total body water is extracellular fluid?,1/3rd (20%),,,
,Urinary System,,,Intracellular fluid (ICF) constitutes what percentage of body weight?,40%,,,
,Urinary System,,,Extracellular fluid (ECF) constitutes what percentage of body weight?,20%,,,
,Urinary System,,,What is the total body water in litres in a 70kg person?,42 L,,,
,Urinary System,,,What is the volume of Intracellular Fluid (ICF) in a 70kg person?,28 L,,,
,Urinary System,,,What is the volume of Extracellular Fluid (ECF) in a 70kg person?,14 L,,,
,Urinary System,,,Plasma constitutes what fraction of the extracellular fluid (ECF)?,1/4th,,,
,Urinary System,,,Interstitial fluid constitutes what fraction of the extracellular fluid (ECF)?,3/4th,,,
,Urinary System,,,What are the major cations of the Intracellular Fluid (ICF)?,K+ and Mg+,,,
,Urinary System,,,What is the major cation of the Extracellular Fluid (ECF)?,Na+,,,
,Urinary System,,,What are the major anions of the Extracellular Fluid (ECF)?,Cl- and HCO3-,,,
,Urinary System,,,Total volume of ICF in 70kg adult man is:,28 Liters,,,
,Urinary System,,,A 60-year male weighing 70 kg has total body water of 42L (60% of body weight). How much of this will be present in interstitial fluid?,10.5L,,,
,Urinary System,,,One of the following fluid compartments contains approximately two-thirds of the total body water:,Intracellular,,,
,Urinary System,,,About one third of total body water is:,Extracellular fluid,,,
,Urinary System,,,Plasma volume is approximately what percentage of the extracellular volume?,20% (20-25%),,,
,Urinary System,,,"If 600 ml of water is drunk rapidly, then the plasma volume will increase approximately by?",50 ml,,,
,Urinary System,,,"If 600 ml of water is drunk rapidly, how much is distributed to the ICF?",400 mL,,,
,Urinary System,,,"If 600 ml of water is drunk rapidly, how much is distributed to the ECF?",200 mL,,,
,Urinary System,,,"If 600 ml of water is drunk rapidly, how much is distributed to the interstitial fluid?",150 mL,,,
,Urinary System,,,ECF is different from ICF in:,Inorganic anions,,,
,Urinary System,,,ICF differs from ECF in:,Increased K+,,,
,Urinary System,,,"Compared with intracellular fluid, extracellular fluid has:",A lower potassium ion concentration,,,
,Urinary System,,,An ion which has a higher concentration in intracellular fluid than in extracellular fluid is:,K+,,,
,Urinary System,,,Difference between intracellular fluid and extracellular fluid is:,Decreased pH of intracellular fluid,,,
,Urinary System,,,Extracellular fluid differs from the intracellular fluid in that it:,Contains high Na+ and high Ca++,,,
,Urinary System,,,Difference between plasma volume and interstitial fluid is:,Protein,,,
,Urinary System,,,Regarding K+:,98% intracellular,,,
,Urinary System,,,Cation present in higher concentration in ECF:,Sodium,,,
,Urinary System,,,Predominant cation of plasma is Na+ and it is balanced mostly by:,Cl-,,,
,Urinary System,,,Which electrolyte abnormality in ECF has a profound effect on the heart?,Potassium,,,
,Urinary System,,,The percentage of plasma in ECF is:,20%,,,
,Urinary System,,,Which drug is most commonly distributed in the ECF?,Mannitol,,,
,Urinary System,,,"In shock, what is given to compensate for lost ECF volume?",IV Sodium,,,
,Urinary System,,,A young man of 30 year working in intense heat had profuse sweating resulting in severe dehydration. The electrolyte having a fundamental role in immediate compensation for loss of his extra-cellular fluid is:,Sodium,,,
,Urinary System,,,By increasing the specific gravity of urine which kidney function is being assessed?,Urine concentration,,,
,Urinary System,,,Tears composition differ from plasma in:,Tears have more amino acids,,,
,Urinary System,,,The most prominent deficiency in lacrimal secretion when compared to plasma is:,Glucose,,,
,Urinary System,,,The substance used to measure total body water is:,Antipyrene,,,
,Urinary System,,,Which of the following substances are used to measure Total Body Water (TBW)?,"Tritiated H2O, D2O, Antipyrene",,,
,Urinary System,,,Which of the following substances are used to measure Extracellular Fluid (ECF)?,"Sulfate, Inulin, Mannitol",,,
,Urinary System,,,Which of the following substances are used to measure Plasma (1/4 of ECF)?,"RISA (radioiodinated serum albumin), Evans Blue",,,
,Urinary System,,,How is Interstitial fluid (3/4 of ECF) measured?,ECF - Plasma Volume,,,
,Urinary System,,,How is Intracellular fluid (ICF) measured?,TBW - ECF,,,
,Urinary System,,,Total body water can be calculated by:,Tritium,,,
,Urinary System,,,Marker used to measure total body water:,Heavy water,,,
,Urinary System,,,Total body water can be calculated by:,Antipyrine,,,
,Urinary System,,,The substance used to measure total body water is:,Tritiated H2O,,,
,Urinary System,,,Interstitial fluid can be measured by:,Evan blue and Antipyrine,,,
,Urinary System,,,A patient presented with severe diarrhea. What infusion will be given to increase his ECF and decrease ICF causing plasma expansion after osmotic equilibrium?,1 liter of 3% NaCl solution,,,
,Urinary System,,,Which of the following is a hypertonic crystalloid solution?,3% NaCl,,,
,Urinary System,,,Which of the following is a hypotonic crystalloid solution?,1/2 Normal Saline (0.45% NaCl),,,
,Urinary System,,,Which of the following are isotonic crystalloid solutions?,"Normal Saline (0.9% NaCl), Ringer's Lactate, 5% Dextrose (D5W)",,,
,Urinary System,,,How does 5% Dextrose act in the body initially and subsequently?,Starts as isotonic but acts as hypotonic in the body,,,
,Urinary System,,,What is the fluid of choice for primary dehydration?,5% Dextrose,,,
,Urinary System,,,What is the fluid of choice for severe dehydration?,5% Dextrose,,,
,Urinary System,,,What is the fluid given in secondary dehydration?,Ringer's Lactate,,,
,Urinary System,,,What is the fluid of choice for free water clearance dehydration?,5% Dextrose,,,
,Urinary System,,,What is the fluid of choice for pure water depletion?,5% Dextrose,,,
,Urinary System,,,How is total water depletion replaced?,"Hypotonic solutions (e.g., 0.45% saline or 5% dextrose)",,,
,Urinary System,,,What is the fluid of choice in paradoxical aciduria?,Darrow's solution > normal saline 0.9%,,,
,Urinary System,,,What is the fluid of choice for 3rd space fluid loss?,Ringer lactate,,,
,Urinary System,,,"Which fluid that is given in primary dehydration, initially decreases ICF and increases ECF and increases total body water?",3% Normal Saline,,,
,Urinary System,,,"In a patient with diarrhea, which fluid should be given to increase ECF and decrease ICF?",3% Normal Saline,,,
,Urinary System,,,Total water depletion is replaced by:,Hypotonic solutions,,,
,Urinary System,,,What replaces pure water loss?,5% Dextrose,,,
,Urinary System,,,"In pure water depletion, the fluid to be administered intravenously is:",5% Dextrose,,,
,Urinary System,,,Dehydration of free water clearance. Fluid should be given:,5% Dextrose,,,
,Urinary System,,,"In a case of 15-20% blood loss, what fluid should be given?",Ringer Lactate,,,
,Urinary System,,,"For up to 30% blood loss, what is the recommended fluid replacement?",Crystalloid (Ringer lactate > Normal saline),,,
,Urinary System,,,"For more than 30% blood loss, what is the recommended fluid replacement?",Blood + Crystalloid,,,
,Urinary System,,,"In hypovolemia due to blood loss, to replace the fluid of intravascular compartment the fluid given should be:",Ringer lactate,,,
,Urinary System,,,What is the initial fluid given due to hypovolemic shock in trauma?,Ringer Lactate,,,
,Urinary System,,,Which fluid should be given in dehydration to an acclimatized person?,Ringer lactate,,,
,Urinary System,,,What is the fluid of choice in paradoxical aciduria if Darrow's solution is not present?,Normal saline 0.9%,,,
,Urinary System,,,Which solution maximally increases ECF volume?,Hypertonic saline,,,
,Urinary System,,,The largest increase in extracellular fluid is achieved by the intravenous infusion of one litre of:,Hypertonic NaCl,,,
,Urinary System,,,"In primary dehydration, which of the following occurs?",Hypertonic ECF,,,
,Urinary System,,,"In primary dehydration, the ECF becomes:",Hypertonic,,,
,Urinary System,,,A young man of 30 years working in intense heat had profuse sweating resulting in severe dehydration. The electrolyte having a fundamental role in immediate compensation for loss of his extracellular fluid is:,Sodium,,,
,Urinary System,,,"In a person with dehydration, which ion from ECF immediately helps in compensation?",Na,,,
,Urinary System,,,Ingestion of a meal containing 140 mEq of NaCl per 100 ml of water results in:,An increase in osmolarity of both the ICF and the ECF,,,
,Urinary System,,,A person loses 2L of sweat while working and he drinks 2L of pure water. What change will occur in the body?,increase ICF volume > dec ICF osmolarity > inc ECF volume,,,
,Urinary System,,,RBCs swell up when placed in:,250 mmol Urea,,,
,Urinary System,,,An RBC is kept in a hypertonic solution to which urea is added. What will be the effect on RBC?,"Swell, shrink and lyse",,,
,Urinary System,,,Which of the following is almost equal to Plasma osmolality?,0.9% Normal Saline,,,
,Urinary System,,,Which of the following ions is the main determinant of plasma osmolarity?,Sodium,,,
,Urinary System,,,"A 50-year-old diabetic patient was presented to ER with DKA since he missed his insulin dose. Labs showed raised blood glucose, raised potassium, and deranged RFTs (increased). The likely approach in his management should be:",Insulin with saline,,,
,Urinary System,,,Which is more in dialyzing fluid as compared to plasma?,Glucose,,,
,Urinary System,,,What is the Dialysate Composition compared to plasma?,"Glucose and bicarbonates ↑, while Rest ↓",,,
,Urinary System,,,"A patient suffering from end stage renal disease was advised hemodialysis twice weekly. Compared with the composition of plasma, the dialyzing fluid for hemodialysis should be rich in:",Bicarbonate,,,
,Urinary System,,,Dialyzing fluid as compared to normal plasma contains:,Glucose more than plasma,,,
,Urinary System,,,Dialyzing fluid has a glucose content of:,More than normal plasma glucose,,,
,Urinary System,,,Dialysis fluid contains:,More glucose than plasma,,,
,Urinary System,,,"Compared with plasma, the dialyzing fluid for hemodialysis should be rich in:",Bicarbonate,,,
,Urinary System,,,An increase in which parameter in a patient undergoing dialysis would be alarming?,Potassium,,,
,Urinary System,,,GFR is calculated clinically best with:,Creatinine,,,
,Urinary System,,,What is the best way to measured GFR clinically?,Creatinine clearance,,,
,Urinary System,,,What is the best way to check renal function?,Creatinine clearance,,,
,Urinary System,,,What is the best way to measure GFR?,Inulin Clearance,,,
,Urinary System,,,What is the best way to measure renal plasma / blood flow?,PAH,,,
,Urinary System,,,What is the best way to calculate GFR clinically in a CKD patient awaiting a decision between transplant and dialysis?,Creatinine clearance,,,
,Urinary System,,,GFR can be estimated by:,Creatinine clearance,,,
,Urinary System,,,GFR can be estimated in a clinical setting by:,Creatinine clearance,,,
,Urinary System,,,Clinically GFR is calculated by:,Creatinine Clearance,,,
,Urinary System,,,The best method to measure GFR is:,Inulin clearance,,,
,Urinary System,,,Most accurate measure of GFR is by:,Inulin,,,
,Urinary System,,,Best test for measuring GFR is:,Inulin clearance,,,
,Urinary System,,,Renal plasma flow is determined by:,PAH,,,
,Urinary System,,,Creatinine is used for clinical measurement of GFR over urea because it is:,Not reabsorbed in blood,,,
,Urinary System,,,Which endogenous substance is used to measure GFR?,Creatinine,,,
,Urinary System,,,The highest renal clearance is of:,PAH,,,
,Urinary System,,,What is the correct order of clearances of substances from highest to lowest?,"PAH > K+ (high-K+ diet) > Inulin > Urea > Na+ > Glucose, Amino acids, and HCO3",,,
,Urinary System,,,What is the best indicator of renal clearance?,Inulin,,,
,Urinary System,,,Which of the following has the least renal clearance?,Glucose,,,
,Urinary System,,,Half-life of a drug depends on:,Renal clearance,,,
,Urinary System,,,Which one of the following has the highest renal clearance?,PAH (Para-aminohippuric acid),,,
,Urinary System,,,The volume of plasma from which all of a substance is removed (per unit time) and excreted into the urine is termed as:,Renal clearance,,,
,Urinary System,,,"If a substance is found in the renal artery but not in the renal vein, its clearance is equal to:",Renal plasma flow,,,
,Urinary System,,,The product of GFR and plasma concentration of a substance is known as the:,Filtration load,,,
,Urinary System,,,"If a substance has properties more than inulin, what will happen to it?",Secretion plus filtration,,,
,Urinary System,,,Both GFR and RPF will be increased due to:,Dilation of afferent arterioles,,,
,Urinary System,,,What is the effect of an increase in glomerular capillary hydrostatic pressure (Pgc) on GFR?,Increased GFR,,,
,Urinary System,,,"What is the effect of an increase in Bowman's space hydrostatic pressure (Pbs), such as from constriction of the ureter, on GFR?",Decreased GFR,,,
,Urinary System,,,"What is the effect of an increase in glomerular capillary oncotic pressure (πGC), such as from an increase in protein concentration, on GFR?",Decreased GFR,,,
,Urinary System,,,"How does afferent arteriole constriction affect GFR, RPF, and Filtration Fraction (FF)?","GFR decreases, RPF decreases, FF is unchanged (---)",,,
,Urinary System,,,"How does efferent arteriole constriction affect GFR, RPF, and Filtration Fraction (FF)?","GFR increases, RPF decreases, FF increases",,,
,Urinary System,,,"How does an increased plasma protein concentration affect GFR, RPF, and Filtration Fraction (FF)?","GFR decreases, RPF is unchanged (---), FF decreases",,,
,Urinary System,,,"How does a decreased plasma protein concentration affect GFR, RPF, and Filtration Fraction (FF)?","GFR increases, RPF is unchanged (---), FF increases",,,
,Urinary System,,,"How does constriction of the ureter affect GFR, RPF, and Filtration Fraction (FF)?","GFR decreases, RPF is unchanged (---), FF decreases",,,
,Urinary System,,,"How does dehydration affect GFR, RPF, and Filtration Fraction (FF)?","GFR decreases, RPF decreases, FF increases",,,
,Urinary System,,,The glomerular filtration rate will increase if:,The plasma protein concentration decreases,,,
,Urinary System,,,GFR increases with:,Decrease in plasma osmotic pressure,,,
,Urinary System,,,GFR decreases by:,Increase in plasma osmotic pressure,,,
,Urinary System,,,One of the following would cause an increase in both glomerular filtration rate and renal plasma flow:,Dilatation of the afferent arteriole,,,
,Urinary System,,,What causes an increase in GFR?,Moderate afferent dilation,,,
,Urinary System,,,Increase in both renal blood flow and GFR are caused by:,Dilation of the afferent arterioles,,,
,Urinary System,,,The most likely condition to cause an increase in the glomerular filtration rate is:,Dilatation of the afferent arterioles,,,
,Urinary System,,,GFR increase with:,Decrease afferent arteriole resistance,,,
,Urinary System,,,The glomerular filtration rate (GFR) is decreased by:,Afferent arteriolar constriction,,,
,Urinary System,,,Which will increase GFR?,Moderate constriction of efferent arterioles,,,
,Urinary System,,,GFR increased by:,Efferent arteriole constriction,,,
,Urinary System,,,Pressure in the glomerular capillaries is higher because:,Afferent arterioles are short,,,
,Urinary System,,,Decrease GFR leads to:,Decrease creatinine clearance,,,
,Urinary System,,,Sympathetic stimulation causes:,Decreased blood flow and decreased GFR,,,
,Urinary System,,,Ureteric obstruction causes:,Decreased GFR,,,
,Urinary System,,,"In RTA blood loss, GFR is decreased due to decrease in:",Arterial blood flow,,,
,Urinary System,,,"In hypovolemic shock, the decrease glomerular filtration is due to:",Decrease arterial blood flow,,,
,Urinary System,,,"In chronic renal failure, there is increased urea due to:",Decreased GFR,,,
,Urinary System,,,Which hormone causes smooth muscle constriction in arterioles?,ADH,,,
,Urinary System,,,Which hormone primarily maintains blood volume and BP?,Angiotensin-II,,,
,Urinary System,,,Which hormone affects baroreceptor function and limits reflex bradycardia?,Angiotensin-II,,,
,Urinary System,,,Which of the following is a potent vasoconstrictor of both afferent and efferent arterioles?,Angiotensin-II,,,
,Urinary System,,,ANP and BNP are released from atria and ventricles respectively in response to:,Increased volume,,,
,Urinary System,,,ANP and BNP inhibit RAAS and relax vascular smooth muscle via which second messenger?,cGMP,,,
,Urinary System,,,What is the effect of ANP on the afferent arteriole?,Dilates afferent arteriole,,,
,Urinary System,,,Which hormone primarily regulates serum osmolality and responds to low blood volume?,ADH,,,
,Urinary System,,,Where does ADH primarily stimulate water reabsorption?,Collecting ducts,,,
,Urinary System,,,Which of the following is a powerful stimulant for ADH secretion?,Nausea,,,
,Urinary System,,,ADH secretion is increased by:,Increased serum osmolarity,,,
,Urinary System,,,ADH secretion is decreased by:,Decreased serum osmolarity,,,
,Urinary System,,,Which hormone causes contraction of vascular smooth muscles and constriction of arterioles?,ADH,,,
,Urinary System,,,Which hormone primarily regulates ECF volume and Na+ content and responds to low blood volume states?,Aldosterone,,,
,Urinary System,,,How does aldosterone respond to hyperkalemia?,By increasing K+ excretion,,,
,Urinary System,,,What is the most effective stimulant for aldosterone secretion?,K+ ions,,,
,Urinary System,,,The hormone which increases arteriolar resistance is:,Angiotensin II,,,
,Urinary System,,,Circulating angiotensin II causes:,Most arterioles to constrict,,,
,Urinary System,,,"In the renin-angiotensin-aldosterone mechanism, Angiotensin-II mainly causes:",Vasoconstriction of arterioles,,,
,Urinary System,,,Vasoconstriction is caused by:,Angiotensin,,,
,Urinary System,,,The major short-term action of angiotensin-II is:,Vasoconstriction of arterioles,,,
,Urinary System,,,Initial short-term action of angiotensin 2?,Vasoconstriction,,,
,Urinary System,,,Angiotensin II does NOT cause:,Promotion of salt excretion by renal tubules,,,
,Urinary System,,,The renin-angiotensin-aldosterone system does NOT regulate:,Nitrogen balance,,,
,Urinary System,,,"In Hemorrhage, the blood volume is brought back to normal by?",Angiotensin 2,,,
,Urinary System,,,"In hemorrhage patient, aldosterone level is increased by:",Angiotensin 2,,,
,Urinary System,,,Which of the following is activated in the lung?,Angiotensin 2,,,
,Urinary System,,,Factor inhibiting the secretion of renin is an increase in:,Angiotensin II,,,
,Urinary System,,,Renin secretion is inhibited by:,Angiotensin II,,,
,Urinary System,,,Angiotensin II is responsible for:,Stimulation of thirst center,,,
,Urinary System,,,Aldosterone secretion is significantly increased by:,Angiotensin II,,,
,Urinary System,,,Which of the following is the most active mineralocorticoid?,Aldosterone,,,
,Urinary System,,,Angiotensin-II plays its role in long-term regulation of blood pressure mainly through:,Stimulation of aldosterone secretion,,,
,Urinary System,,,The most important stimulus increasing aldosterone secretion without affecting glucocorticoid secretion is:,Hyperkalaemia,,,
,Urinary System,,,Adrenal cortex secretes which of the following?,Aldosterone,,,
,Urinary System,,,Aldosterone acts on:,Nucleus,,,
,Urinary System,,,How does aldosterone exert its effects?,Via intracellular mechanisms rather than acting directly on cell membranes,,,
,Urinary System,,,Total body electrolytes and water is regulated/maintained by kidney Which involved:,Aldosterone,,,
,Urinary System,,,What is the mechanism of action of aldosterone at the cellular level?,Act on Nuclear receptor,,,
,Urinary System,,,The strongest stimulus for aldosterone secretion is:,Increase potassium,,,
,Urinary System,,,Aldosterone chiefly acts on:,Collecting tubules,,,
,Urinary System,,,What is the primary sequence of sites where aldosterone acts?,Cortical Collecting Tubules (CCT) > Distal Convoluted Tubules (DCT) > Collecting Ducts (CD),,,
,Urinary System,,,What is the primary sequence of sites where ADH acts?,Collecting Ducts (CD) > Distal Convoluted Tubules (DCT),,,
,Urinary System,,,An increase in the osmolality of the extracellular compartment:,"Stimulates the volume and osmoreceptors, and stimulates ADH secretion",,,
,Urinary System,,,ADH increases:,The permeability of the collecting tubules of the kidneys to water,,,
,Urinary System,,,ADH secretion is increased in:,Early post-operative period,,,
,Urinary System,,,ADH will be released from the posterior pituitary when there is a decrease in plasma:,Volume,,,
,Urinary System,,,Water loss from sweating causes an increase in:,ADH secretion,,,
,Urinary System,,,ADH secretion by hypothalamus is inhibited by:,Decreased blood osmolarity,,,
,Urinary System,,,"During summer, in a fasting man, the urine becomes concentrated because of:",Secretion of ADH,,,
,Urinary System,,,ADH is decreased by?,Alcohol,,,
,Urinary System,,,"In dehydration, ADH:",Increases permeability through CD,,,
,Urinary System,,,Vascular vasoconstriction is caused by:,ADH,,,
,Urinary System,,,Cause of ADH suppression is:,Increase plasma volume,,,
,Urinary System,,,Which of the following causes smooth muscle contraction?,ADH,,,
,Urinary System,,,"Which of the following leads to vascular smooth muscle contraction and uses inositol 1,4,5-triphosphate (IP3) as a second messenger?",ADH,,,
,Urinary System,,,Hyponatremia is caused by:,Increase body water,,,
,Urinary System,,,Which of the following decreases blood volume?,ANP,,,
,Urinary System,,,Renin secretion is inhibited by:,ANP > Angiotensin II,,,
,Urinary System,,,Increased renal sodium excretion in Hyperaldosteronism due to:,Decreased capacity of renal tubules to absorb Na,,,
,Urinary System,,,Mole for mole Na absorption is greatest by which one of the following:,Aldosterone,,,
,Urinary System,,,What is the action of PTH on the kidneys regarding phosphate?,Decreases phosphate reabsorption in the proximal tubule,,,
,Urinary System,,,What is the action of PTH on the kidneys regarding calcium?,Increases Ca2+ reabsorption in the distal tubule,,,
,Urinary System,,,What enzyme does PTH stimulate in the proximal tubule?,1α-hydroxylase,,,
,Urinary System,,,What is the action of ADH on the kidneys?,Increases H2O permeability in late distal tubule and collecting duct principal cells,,,
,Urinary System,,,What is the action of Aldosterone on Na+ in the kidneys?,Increases Na+ reabsorption in distal tubule principal cells,,,
,Urinary System,,,What is the action of Aldosterone on K+ in the kidneys?,Increases K+ secretion in distal tubule principal cells,,,
,Urinary System,,,What is the action of Aldosterone on H+ in the kidneys?,Increases H+ secretion in distal tubule α-intercalated cells,,,
,Urinary System,,,What is the action of ANP on GFR?,Increases GFR,,,
,Urinary System,,,What is the action of ANP on Na+ in the kidneys?,Decreases Na+ reabsorption,,,
,Urinary System,,,What is the action of Angiotensin II on the kidneys?,Increases Na+–H+ exchange and HCO3– reabsorption in the proximal tubule,,,
,Urinary System,,,"A patient admitted in endocrinology ward has Potassium: 3, Na: 150, and pH 7.45. He is most likely having an excess of which hormone?",Aldosterone,,,
,Urinary System,,,Aldosterone causes:,Na and Cl reabsorption,,,
,Urinary System,,,Aldosterone causes a decrease in the renal tubular secretion of:,Sodium,,,
,Urinary System,,,The aldosterone:,Increases sodium reabsorption by the nephron,,,
,Urinary System,,,The hormone responsible for sodium reabsorption in the distal and collecting tubule is:,Aldosterone,,,
,Urinary System,,,Sodium absorption increases at DCT due to:,Aldosterone,,,
,Urinary System,,,Aldosterone decreases secretion of:,Sodium,,,
,Urinary System,,,Most potent sodium-retaining hormone is:,Aldosterone,,,
,Urinary System,,,Short term function of aldosterone:,Increases permeability of NA and K in cortical collecting tubule,,,
,Urinary System,,,Maximum water and Na are absorbed by the effect of:,Aldosterone,,,
,Urinary System,,,"A person who is fasting does not take water for many hours, excretes concentrated urine due to secretion of increased amount of:",Antidiuretic hormone,,,
,Urinary System,,,What is the most effective stimulant for aldosterone secretion?,K+ ions,,,
,Urinary System,,,How does hyperkalemia affect aldosterone secretion?,It increases aldosterone secretion,,,
,Urinary System,,,An increase in the concentration of plasma potassium causes increase in:,Secretion of aldosterone,,,
,Urinary System,,,Potassium secretion in renal tubules is primarily under the control of:,Aldosterone,,,
,Urinary System,,,The most potent stimulus for aldosterone is:,Increased potassium,,,
,Urinary System,,,The most potent stimulus for aldosterone release is:,Hyperkalemia,,,
,Urinary System,,,Main stimulus for aldosterone release is:,Hyperkalemia,,,
,Urinary System,,,An increase in the concentration of plasma potassium causes an increase in:,Secretion of aldosterone,,,
,Urinary System,,,Aldosterone secretion increases with:,Increased plasma concentration of potassium,,,
,Urinary System,,,Aldosterone is the most potent mineralocorticoid; its secretion is greatly stimulated by a rise in:,Plasma K+ concentration,,,
,Urinary System,,,Thirst is stimulated in activation of renin-angiotensin system due to:,Angiotensin 2,,,
,Urinary System,,,Thirst is stimulated by which of the following?,"Angiotensin II, increased plasma osmolarity, and decreased plasma volume",,,
,Urinary System,,,Thirst is reduced by which of the following?,Increased extracellular fluid volume and gastrointestinal distention,,,
,Urinary System,,,Thirst is reduced by:,Increased volume of extracellular fluid,,,
,Urinary System,,,Thirst is mainly caused by:,Extracellular dehydration,,,
,Urinary System,,,Thirst is stimulated by:,An increase in plasma osmolarity and a decrease in plasma volume,,,
,Urinary System,,,Thirst is partially alleviated by:,GIT distention,,,
,Urinary System,,,Thirst is decreased by:,Baroreceptor afferent,,,
,Urinary System,,,Renin is secreted by JG cells in response to:,Decreased renal perfusion pressure,,,
,Urinary System,,,Renin secretion is increased by:,Renal sympathetic discharge and decreased NaCl delivery to macula densa cells,,,
,Urinary System,,,"In Renal Artery Stenosis (RAS), decreased renal perfusion leads to secondary hypertension via:",Increased Renin and Angiotensin,,,
,Urinary System,,,What is the most common cause of proximal Renal Artery Stenosis in older male smokers?,Atherosclerosis,,,
,Urinary System,,,What is the most common cause of distal Renal Artery Stenosis in young/middle-aged females?,Fibromuscular dysplasia,,,
,Urinary System,,,"In unilateral Renal Artery Stenosis, what happens to renin levels?","Increased renin in affected kidney, decreased renin in unaffected kidney",,,
,Urinary System,,,What happens when ACE inhibitors are given to a patient with bilateral Renal Artery Stenosis?,Sudden creatinine rise,,,
,Urinary System,,,Which of the following is a symptom of Renal Artery Stenosis?,Flash pulmonary edema,,,
,Urinary System,,,A decrease in the effective circulating volume will result in an increase in:,Renin secretion,,,
,Urinary System,,,The most important change in renal function that tends to conserve blood volume includes:,Increased renin secretion,,,
,Urinary System,,,The main outcome of a decrease in effective circulating volume is:,Increase in renin secretion,,,
,Urinary System,,,A young patient with high renin levels likely has increased renin due to:,Sympathetic stimulation via renal nerve,,,
,Urinary System,,,The most potent stimulus for secretion of renin from kidney is:,Hypotension,,,
,Urinary System,,,Which of the following stimulate renin secretion?,Inc K concentration,,,
,Urinary System,,,Renin secretion by the kidney is increased by increasing:,Sympathetic nerve activity,,,
,Urinary System,,,Decrease Na delivery to macula densa causes release of?,Renin,,,
,Urinary System,,,Diminished sodium chloride delivery to the macula densa stimulates the release of:,Renin,,,
,Urinary System,,,What is the order of potency for stimuli causing renin secretion?,Hypotension > Sympathetic stimulation > Decreased NaCl tubular load,,,
,Urinary System,,,Renin release from the juxtaglomerular apparatus is inhibited by:,Increased pressure within the afferent arterioles,,,
,Urinary System,,,Renin is inhibited by:,Increased pressure in afferent arterioles,,,
,Urinary System,,,Renin in the circulation originates mainly from:,Juxtaglomerular cells,,,
,Urinary System,,,Increased Renin level is caused by:,Decreased stretch in right atrial mechanoreceptors,,,
,Urinary System,,,Renin secretion is increased by:,Decreased stretch in right atrial mechanoreceptors,,,
,Urinary System,,,Persistent increase renin occurs in:,Secondary Hypertension,,,
,Urinary System,,,Which of the following structures in the kidney is responsible for sensing inadequate perfusion and secreting renin?,Juxtaglomerular cells,,,
,Urinary System,,,Increased hormone secretion in renal artery stenosis is from:,JG cells,,,
,Urinary System,,,"BP of pt 180/110 and erythropoietin was decreased, creatinine raised, possible site of defect is:",Juxtaglomerular cells,,,
,Urinary System,,,"A young patient with decrease urine output, BP 210/160 taking antihypertensives and creatinine raised. Defect is in:",Juxtaglomerular cells,,,
,Urinary System,,,Patients with renal artery stenosis may present with very high blood pressures due to:,Increased renin secretion,,,
,Urinary System,,,"A 30-year-old pt presented with headache BP: 170/120, he has high aldosterone, left renin level is high and right renin level is normal. What is your diagnosis?",Left renal artery stenosis,,,
,Urinary System,,,"In a 50-year-old diabetic male with renal artery obstruction and resultant increased renin secretion, it will cause:",Angiotensin 2 induced vasoconstriction,,,
,Urinary System,,,"A female with pH 7.5, hypokalemia, normal sodium, normal cortisol but raised Renin level. Diagnosis is:",Renal artery stenosis,,,
,Urinary System,,,Decreasing the resistance of the afferent arteriole in the kidney will decrease:,Secretion of renin,,,
,Urinary System,,,"In denervation of kidney, which of the following occurs:",Increase renal blood flow,,,
,Urinary System,,,"Denervation reduces sympathetic vasoconstriction, causing:",Vasodilation and increased renal blood flow,,,
,Urinary System,,,"In a live donor for transplantation of a kidney, one of the following tests is NOT mandatory:",Serum renin levels,,,
,Urinary System,,,Most important change in kidney to preserve blood volume is:,Increased renin secretion,,,
,Urinary System,,,"In an athlete, after heavy exercise what will help to conserve Na/Water?",Renin angiotensin aldosterone mechanism,,,
,Urinary System,,,"In well-trained athletes at rest, there is a permanent increase in:",Stroke volume,,,
,Urinary System,,,A trained athlete at rest has increased:,Stroke volume,,,
,Urinary System,,,"During rest, in a well-trained athlete, there is an increase in:",Stroke volume,,,
,Urinary System,,,Athlete has more than normal person:,Stroke volume,,,
,Urinary System,,,Athlete heart differs from non-athlete heart in:,Increased stroke volume and decreased heart rate,,,
,Urinary System,,,Person with HR 42 and stroke volume 110 ml. Diagnosis:,Professional athlete,,,
,Urinary System,,,"Two athletes are sitting in a room, one professional and one new. The professional has a greater:",Cardiac output,,,
,Urinary System,,,Post-exercise mechanism to conserve Na/water:,Renin-angiotensin-aldosterone mechanism,,,
,Urinary System,,,"In athletes, increased Sodium absorption in DCT is due to:",RAAS,,,
,Urinary System,,,Condition in an athlete drinking distilled water post-marathon:,Decreased urine osmolarity,,,
,Urinary System,,,Athlete taking anabolics with Hb 19.6 g/dL and hematocrit 58%. Cancer risk:,Hepatocellular carcinoma,,,
,Urinary System,,,Athlete with redness and indurated lines spreading up the leg. Cause:,Strep pyogenes,,,
,Urinary System,,,A Black athlete presented with 3rd degree burn; he is likely to develop:,Keloid,,,
,Urinary System,,,Athletes differ from normal individuals in having:,A higher maximum oxygen consumption,,,
,Urinary System,,,"In athletes, maximum heat loss occurs through:",Sweating,,,
,Urinary System,,,"A 36-year-old athlete who works out excessively. During her exercise, increased water loss will be through:",Sweating,,,
,Urinary System,,,HCO3 reabsorption occurs through which segments of nephron?,PCT + Collecting Ducts,,,
,Urinary System,,,"What percentage of filtered Na+, H2O, and K+ is reabsorbed in the Proximal Tubule (PCT)?",67%,,,
,Urinary System,,,What percentage of filtered Urea is reabsorbed in the Proximal Tubule (PCT)?,50%,,,
,Urinary System,,,What percentage of filtered Phosphate is reabsorbed in the Proximal Tubule (PCT)?,85%,,,
,Urinary System,,,"Glomerulotubular Balance means that even if GFR increases, it maintains constant fractional reabsorption of what percentage of the filtered Na+ and H2O?","Two-thirds, or 67%",,,
,Urinary System,,,What percentage of NaCl is reabsorbed in the Loop of Henle?,25%,,,
,Urinary System,,,What percentage of K+ is reabsorbed in the Loop of Henle?,20%,,,
,Urinary System,,,By which transporter is K+ reabsorbed in the Loop of Henle?,Na+-K+-2Cl- cotransporter,,,
,Urinary System,,,Which substance is secreted in the Loop of Henle?,Urea,,,
,Urinary System,,,Which part of the Loop of Henle is impermeable to water and is called the diluting segment?,Thick ascending limb,,,
,Urinary System,,,What percentage of the filtered Na+ is reabsorbed by the Distal Tubule and Collecting Duct together?,8%,,,
,Urinary System,,,Which part of the distal tubule is impermeable to water and is called the cortical diluting segment?,Early DT,,,
,Urinary System,,,What percentage of NaCl is reabsorbed in the Early DT?,8%,,,
,Urinary System,,,"In the Late DT and Collecting Duct, what do Principal cells do?","Reabsorb Na+ and H2O, secrete K+",,,
,Urinary System,,,"In the Late DT and Collecting Duct, what do a-Intercalated cells do?","Secrete H+, or reabsorb K+ by an H+, K+-ATPase",,,
,Urinary System,,,The part of the nephron where the greatest fraction of water is reabsorbed:,Proximal convoluted tubule,,,
,Urinary System,,,"In dehydration, water is mainly absorbed from:",Proximal convoluted tubule (PCT),,,
,Urinary System,,,60-80% water is absorbed from?,PCT,,,
,Urinary System,,,"In the presence of ADH, water is maximally reabsorbed from:",PCT,,,
,Urinary System,,,In which part of the kidney does 60-80% of the filtered water gets reabsorbed within 24 hours:,PCT,,,
,Urinary System,,,65% water reabsorption without ADH is done in:,PCT,,,
,Urinary System,,,Glucose is mostly absorbed by which segment of nephron?,PCT,,,
,Urinary System,,,Tubular reabsorption of glucose and amino acids in nephrons occurs in:,PCT,,,
,Urinary System,,,Which of the following is absorbed to maximum from PCT:,Glucose,,,
,Urinary System,,,Most of the glucose that is filtered through the glomerulus undergoes reabsorption in the:,proximal tubule.,,,
,Urinary System,,,Absorption of Bicarb occurs in:,PCT,,,
,Urinary System,,,Bicarbonate ions are reabsorbed from nephrons in:,Proximal and distal tubules,,,
,Urinary System,,,Bicarbonate is absorbed in which segment of nephron:,PCT and collecting duct,,,
,Urinary System,,,"If both PCT and Collecting ducts are in the same MCQ for bicarbonate absorption, which is preferred?",Prefer PCT and Collecting ducts if both in options in same MCQ,,,
,Urinary System,,,Renal tubules normally reabsorb:,All filtered HCO3 in respiratory acidosis,,,
,Urinary System,,,Glucose absorption in tubules (PCT) occurs by which mechanism?,Secondary active transport with sodium (co-transport),,,
,Urinary System,,,Glucose and amino acids are reabsorbed in the proximal tubule by:,Active transport (specifically secondary active transport),,,
,Urinary System,,,Luminal side of the nephron reabsorbs glucose by:,Co-transport,,,
,Urinary System,,,Glucose are absorbed in PCT by:,Secondary active transport,,,
,Urinary System,,,Active glucose absorption occurs in which part of nephron:,PCT,,,
,Urinary System,,,The co-transport mechanism for glucose occurs on which side of the cell?,Luminal side.,,,
,Urinary System,,,The active transport mechanism for glucose occurs on which side to move glucose into the blood?,Basolateral side.,,,
,Urinary System,,,Reabsorption of sodium in the kidney:,Occurs by active transport in the proximal tubule,,,
,Urinary System,,,The substance maximally reabsorbed from renal tubules into plasma is:,Glucose,,,
,Urinary System,,,"Tubular reabsorption of glucose, bicarbonate, and amino acids occurs in which part of the nephron?",PCT,,,
,Urinary System,,,Most glucose and amino acid absorption occur in nephron region:,PCT,,,
,Urinary System,,,Most glucose absorption occur in which part of nephron:,PCT,,,
,Urinary System,,,"Regarding Nephron, which part has more microvilli?",More microvilli in PCT,,,
,Urinary System,,,The brush border on PCT are formed by:,Microvilli,,,
,Urinary System,,,"As fluid moves from the proximal PCT to the distal PCT, the concentration of which substance increases?",Creatinine,,,
,Urinary System,,,Substance concentration increased in lower PCT compared to upper PCT:,Creatinine,,,
,Urinary System,,,Frothy urine with pink cytoplasm in PCT cells is likely due to:,Reabsorption of protein,,,
,Urinary System,,,Mechanism of Cl reabsorption in later segment of PCT is:,Passively due to concentration gradient,,,
,Urinary System,,,Osmotic diuretic acts on which of the following parts of nephron?,Proximal tubules,,,
,Urinary System,,,"Women, hemorrhage, which part affected:",PCT,,,
,Urinary System,,,Maximum sodium is absorbed in which part of nephron:,PCT,,,
,Urinary System,,,The fluid in the distal part of the proximal convoluted tubule has:,A higher urea concentration than the fluid in Bowman's capsule,,,
,Urinary System,,,The pH of the tubular fluid in the distal nephron can be lower than that in the proximal tubule because:,The tight junctions of the distal nephron are less leaky to solute than those of the proximal tubule,,,
,Urinary System,,,Tubular fluid has a low pH than PCT due to:,More H ions are secreted in DCT,,,
,Urinary System,,,H+ secretion from PCT in exchange of Na':,Na+,,,
,Urinary System,,,H+ secretion from PCT is in exchange of:,NH3.,,,
,Urinary System,,,"While H+ is primarily secreted in exchange for Na', secreted H+ reacts with NH3 in the tubular lumen to form what?","NH4+ (ammonium), which is then excreted in the urine.",,,
,Urinary System,,,H+ ion secretion in the kidney causes:,Bicarbonate reabsorption,,,
,Urinary System,,,The secretion of H+ in the proximal tubule is primarily associated with:,reabsorption of bicarbonate ion.,,,
,Urinary System,,,"Following dietary irregularity, K+ is secreted at which part:",DCT,,,
,Urinary System,,,The segment of the nephron which contributes most to potassium excretion because of altered dietary potassium is:,Distal tubule,,,
,Urinary System,,,"In a dehydrated patient, diluted fluid is found in which segment of kidney:",DCT,,,
,Urinary System,,,"A female with the problem of concentrated urine, the kidney secretes hyperosmotic urine by decreasing water content in:",Distal convoluted tubule (DCT),,,
,Urinary System,,,"In dehydration, concentration of which of these is decreased:",Pure water,,,
,Urinary System,,,On structural basis how will you differentiate between PCT and DCT:,Brush border,,,
,Urinary System,,,Difference between PCT and DCT is:,PCT has extensive brush borders,,,
,Urinary System,,,Brush border is associated with:,PCT,,,
,Urinary System,,,The part of the nephron known as the diluting segment is the:,Early distal convoluted tubule.,,,
,Urinary System,,,"Under the influence of antidiuretic hormone (ADH), the largest volume of water is reabsorbed by:",Medullary collecting duct,,,
,Urinary System,,,"In the presence of ADH, maximum absorption of water takes place in?",PCT,,,
,Urinary System,,,"Water reabsorption in the PCT is obligatory and occurs regardless of ADH levels. While in Collecting Duct, significant water reabsorption occurs here under ADH influence, but the total volume is less than that in the:",PCT,,,
,Urinary System,,,"In the presence of ADH, the filtrate will be isotonic to plasma in the:",Cortical collecting tubule,,,
,Urinary System,,,True about thin loop of Henle:,Flattened cells,,,
,Urinary System,,,Segment impermeable to water in nephron:,Thick Ascending Loop of Henle,,,
,Urinary System,,,The blood vessels that run in the kidney especially along the loop of Henle:,Vasa recta,,,
,Urinary System,,,Fluid entering the loop of Henle from the proximal convoluted tubule:,has a higher urea than plasma.,,,
,Urinary System,,,A young female had post-partum hemorrhage and developed acute renal failure. What structure is most likely affected?,PCT,,,
,Urinary System,,,"In a hypotensive patient due to severe blood loss, which part of the kidney is damaged the most?",PCT,,,
,Urinary System,,,A type II diabetes patient has weakness and increased frequency of urination for two weeks. The mechanism of polyuria is:,Decreased reabsorption of glucose in PCT,,,
,Urinary System,,,A person had 1.5L hemorrhage and has decreased GFR and urine output. Which of the following will help more in returning the GFR to normal:,DCT,,,
,Urinary System,,,A person has lost blood. He has decreased GFR and urinary output. The part of renal tubules most involved in bringing back the GFR and urinary output to the normal is:,Distal convoluted tubules,,,
,Urinary System,,,"In a person with 2L of blood loss, the blood volume will be replaced back by?",DCT,,,
,Urinary System,,,"As a result of dehydration, hypotonic fluid is present in:",DCT,,,
,Urinary System,,,"After dehydration, in which part of nephron the most hypotonic urine will be present:",DCT,,,
,Urinary System,,,"After dehydration, the most hypotonic urine will be in the:",DCT,,,
,Urinary System,,,Diluted fluid in the kidney in a dehydrated patient is found in?,DCT,,,
,Urinary System,,,The nephron is able to make concentrated urine due to:,Increased permeability in the thick limb of the loop of Henle,,,
,Urinary System,,,Thiazide diuretics acts on:,DT,,,
,Urinary System,,,"Where do Carbonic Anhydrase Inhibitors (e.g., Acetazolamide) act?",Early PCT,,,
,Urinary System,,,"What is the mechanism of Carbonic Anhydrase Inhibitors (e.g., Acetazolamide)?","Inhibit carbonic anhydrase, reduce HCO3- reabsorption",,,
,Urinary System,,,"Where do Loop Diuretics (e.g., Furosemide) act?",Thick ascending limb of Henle,,,
,Urinary System,,,"What is the mechanism of Loop Diuretics (e.g., Furosemide)?",Inhibit cotransport system (Na+/K+/2Cl-) of thick ascending limb of loop of Henle,,,
,Urinary System,,,Where do Thiazide Diuretics act?,Early DT,,,
,Urinary System,,,What is the mechanism of Thiazide Diuretics?,Inhibits Na and Cl absorption.,,,
,Urinary System,,,"Where do K+-Sparing Diuretics (e.g., Spironolactone) act?",Collecting ducts,,,
,Urinary System,,,"What is the mechanism of K+-Sparing Diuretics (e.g., Spironolactone)?",Dec Na+ reabsorption and Dec K+ excretion,,,
,Urinary System,,,"Where do Osmotic Diuretics (e.g., Mannitol) act?",PCT,,,
,Urinary System,,,"Loop Diuretics (furosemide), acts on:",Thick ascending limb of the loop of Henle,,,
,Urinary System,,,The diuretic acting on the ascending loop of Henle is:,Furosemide,,,
,Urinary System,,,Mechanism of action of loop diuretic is:,Inhibit co-transport system (Na/K/2Cl) of thick ascending limb of loop of Henle,,,
,Urinary System,,,Synergistic effect of thiazide and loop diuretics on diuresis comes from:,Ascending limb of loop of Henle,,,
,Urinary System,,,Furosemide MOA:,Inhibit Na+-K+-2Cl-,,,
,Urinary System,,,An important therapeutic or toxic effect of loop diuretics is:,Decreased blood volume,,,
,Urinary System,,,Thiazide drug mechanism?,Inhibit Na/Cl in early DT,,,
,Urinary System,,,Thiazide diuretics act upon:,Early distal tubule,,,
,Urinary System,,,Regarding DCT which of the following is correct?,Site of action of thiazide diuretics,,,
,Urinary System,,,Which amongst the following is a Potassium sparing diuretic:,Amiloride,,,
,Urinary System,,,K-sparing diuretic like spironolactone acts by?,Inhibiting Na/K exchange,,,
,Urinary System,,,K+ sparing diuretics acts on:,collecting ducts,,,
,Urinary System,,,Mechanism of action of osmotic diuretic?,Increased Na/K excretion,,,
,Urinary System,,,Osmotic diuretic acts on:,Proximal tubules,,,
,Urinary System,,,Mechanism of Action of Acetazolamide:,"Decrease H+ secretion and increase Na+, K+ excretion",,,
,Urinary System,,,Acetazolamide exerts diuresis by:,Decreased H+ secretion with resultant increase in Na+ and K+ excretion,,,
,Urinary System,,,Carbonic anhydrase inhibitors promote diuresis by acting mainly upon:,Proximal convoluted tubule,,,
,Urinary System,,,"Carbonic anhydrase inhibitors (e.g., acetazolamide) = act on the:",early PCT,,,
,Urinary System,,,"In a person taking carbonic anhydrase inhibitors for 4 weeks now, what changes will occur?",Decrease HCO3 in blood,,,
,Urinary System,,,Zinc is an essential constituent in one of the following:,Carbonic anhydrase,,,
,Urinary System,,,Thiazide diuretic cause:,Hypokalemia,,,
,Urinary System,,,Thiazide and loop diuretics causes:,"hypokalemia, hyponatremia",,,
,Urinary System,,,While K-sparing diuretics causes:,hyperkalemia,,,
,Urinary System,,,Thiazide diuretics causes:,Hypokalemia> Hyperuricemia >Hypercalcemia,,,
,Urinary System,,,Loop diuretics causes:,Hypokalemia,,,
,Urinary System,,,A known diabetic hypertensive patient presents with bilateral pedal edema. Which drug can alter his glycemic control?,Hydrochlorothiazide,,,
,Urinary System,,,Chlorothiazide diuretics most likely produce:,Hyperuricemia,,,
,Urinary System,,,Thrombocytopenia is a side effect of:,Thiazides,,,
,Urinary System,,,Thiazides often reduce the excretion of:,Lithium ion,,,
,Urinary System,,,The most useful agent in the treatment of recurrent calcium stones is:,Hydrochlorothiazide,,,
,Urinary System,,,An antihypertensive drug that increases triglyceride levels?,Thiazides,,,
,Urinary System,,,Digoxin toxicity is increased by:,Hydrochlorothiazide,,,
,Urinary System,,,Therapeutic and toxic side effect of Loop diuretics is:,Low blood volume,,,
,Urinary System,,,Most imp buffer in blood:,HCO3,,,
,Urinary System,,,What is the major Extracellular Buffer?,Bicarbonate (HCO3-),,,
,Urinary System,,,What is the minor Extracellular buffer (important in urine)?,Phosphate,,,
,Urinary System,,,What is the major Intracellular buffer?,"Proteins (e.g., hemoglobin; deoxyhemoglobin > oxyhemoglobin)",,,
,Urinary System,,,What are other Intracellular buffers?,"Organic phosphates (AMP, ADP, ATP)",,,
,Urinary System,,,What is the primary blood/plasma buffer?,Bicarbonate (HCO3-),,,
,Urinary System,,,What is the primary renal tubular/urinary buffer?,Phosphate (HPO4 2-),,,
,Urinary System,,,Which buffer holds qualitative importance in the renal tubules?,Phosphate,,,
,Urinary System,,,Which buffer holds quantitative importance in the renal tubules?,Ammonia (NH3/NH4+),,,
,Urinary System,,,What is the exclusive renal buffer?,Ammonia,,,
,Urinary System,,,Most important blood buffer:,HCO3,,,
,Urinary System,,,Main buffer of the blood:,HCO3,,,
,Urinary System,,,Highest proportion of which buffer is present in plasma:,HCO3,,,
,Urinary System,,,Highest proportion of which buffer is present in blood:,HCO3,,,
,Urinary System,,,The most important buffer in blood is:,Bicarbonate,,,
,Urinary System,,,Important Interstitial buffer:,Bicarbonate (HCO3),,,
,Urinary System,,,Most important ECF buffer:,HCO3,,,
,Urinary System,,,Most important ICF buffer:,Protein,,,
,Urinary System,,,The body's intracellular buffer consists primarily of:,Protein,,,
,Urinary System,,,Which buffer acts in DKA:,Bicarbonate,,,
,Urinary System,,,"Buffer, exclusively of the renal tubule is:",Ammonia,,,
,Urinary System,,,The buffer system present exclusively in renal tubules is:,Ammonia buffer system,,,
,Urinary System,,,Ammonia is the best buffer in urine because:,NH4 is impermeable to tubules,,,
,Urinary System,,,Buffer of renal system:,Phosphate,,,
,Urinary System,,,Hb acts as a buffer because:,It accepts H+,,,
,Urinary System,,,Hemoglobin is a conjugated protein present in red blood cells. It functions as an important buffer as it accepts:,H+,,,
,Urinary System,,,The daily production of hydrogen ions from CO2 is primarily buffered by:,Red blood cell hemoglobin,,,
,Urinary System,,,Which amino acid of hemoglobin acts as buffer to acids and accepts H+ ions:,Histidine,,,
,Urinary System,,,Oxygen buffer function:,Negative feedback,,,
,Urinary System,,,Oxygen buffering system mechanism:,Chemoreceptors,,,
,Urinary System,,,Buffer which is PRESENT in kidney but not in body fluids:,Ammonia,,,
,Urinary System,,,Which buffer is IMPORTANT in kidney but not in plasma:,Phosphate,,,
,Urinary System,,,"A PT WITH CO2=44, PH= 7.33, HCO3=19, WHAT ACID BASE ABNORMALITY?",METABOLIC ACIDOSIS,,,
,Urinary System,,,Normal pH values range is:,7.35-7.45 (below 7.35 is acidic and above 7.45 is alkalosis),,,
,Urinary System,,,Normal CO2 values range is:,"35-45 (less than 35 alkalosis, and above 45 acidosis)",,,
,Urinary System,,,Normal HCO3 values range is:,22-26 (below 22 acidosis and above 26 alkalosis),,,
,Urinary System,,,"In Metabolic Acidosis, what are the pH, primary defect, and compensatory response?","pH ↓, Primary defect ↓HCO3, Compensatory response ↓PCO2",,,
,Urinary System,,,"In Metabolic Alkalosis, what are the pH, primary defect, and compensatory response?","pH ↑, Primary defect ↑HCO3, Compensatory response ↑PCO2",,,
,Urinary System,,,"In Acute Respiratory Acidosis, what are the pH, primary defect, and compensatory response?","pH ↓, Primary defect ↑PCO2, Compensatory response ↑HCO3",,,
,Urinary System,,,"In Chronic Respiratory Acidosis, what are the pH, primary defect, and compensatory response?","pH ↓, Primary defect ↑PCO2, Compensatory response ↑HCO3",,,
,Urinary System,,,"In Acute Respiratory Alkalosis, what are the pH, primary defect, and compensatory response?","pH ↑, Primary defect ↓PCO2, Compensatory response ↓HCO3",,,
,Urinary System,,,"In Chronic Respiratory Alkalosis, what are the pH, primary defect, and compensatory response?","pH ↑, Primary defect ↓PCO2, Compensatory response ↓HCO3",,,
,Urinary System,,,"In a state, where there is fall in pH of plasma, increase in Bicarbonate and increase in PCO2, there is:",Partially compensated respiratory acidosis,,,
,Urinary System,,,"(↓Ph, ↑Co2= respiratory acidosis, with compensation from renal by increasing bicarbonate, but as it fails to bring pH, towards normal so:",partially compensated respiratory acidosis),,,
,Urinary System,,,"Ph=7.32, Pco2=50, HCO3=24, increased anion gap. Diagnosis:",Respiratory acidosis,,,
,Urinary System,,,"Patient came in ill condition. His ABGs shows pH 7.32, Pco2 60, HCO3 24, normal anion gap. Diagnosis:",Uncompensated respiratory acidosis,,,
,Urinary System,,,"Asthmatic patient with pH 7.31, HCO3 25, Pco2 48. Which is your diagnosis:",Respiratory acidosis uncompensated,,,
,Urinary System,,,"The most likely biochemical diagnosis for a patient with pH 7.37, PCO2 48 mmHg, and HCO3 30 mEq/l is:",Compensated respiratory acidosis,,,
,Urinary System,,,"ABGs showing pH 7.32, HCO3 35, PCO2 70 indicate:",Compensated respiratory acidosis,,,
,Urinary System,,,"A 38 years old male patient presents to the medical clinic with cough, difficulty in breathing, and wheeze. He gives a history of asthmatic attacks in the past. His arterial blood gases showed pH = 7.32, [HCO3-] = 25 mEq/L, PCO2 = 50 mmHg. The most likely diagnosis is:",respiratory acidosis without renal compensation.,,,
,Urinary System,,,Which remains normal in chronic respiratory acidosis:,H+ concentration remains normal,,,
,Urinary System,,,"Patient has chronic respiratory acidosis. For every 10 rises in CO2, the compensatory rise in HCO3:",4,,,
,Urinary System,,,"In a patient with CO2=44, pH=7.30, and HCO3=19, the acid-base abnormality is:",Metabolic acidosis,,,
,Urinary System,,,"A patient with CO2 = 44, pH = 7.30, HCO3 = 19. What acid-base abnormality?",Metabolic acidosis,,,
,Urinary System,,,"A patient with CO2 39, pH = 7.30, HCO3 = 14. The acid-base abnormality is:",Metabolic acidosis,,,
,Urinary System,,,"ABGs showing pH 7.3, pCO2 38, HCO3 17 suggest:",Partially compensated metabolic acidosis,,,
,Urinary System,,,"ABGs show pH 7.32, pCO2 20, pO2 90, HCO3 18. The acid-base disorder is:",Partially compensated metabolic acidosis,,,
,Urinary System,,,"A patient enters the emergency room exhibiting signs of hypoxia. Lab values while breathing room air are PaO2 95 mmHg, PaCO2 30 mmHg, pH 7.36, HCO3 16 mEq/L, Hb 15 gm%, SaO2 40%, PCO2 40 mmHg, Cardiac Output 6 liters/min. The most likely acid-base status of the patient is:",Compensated metabolic acidosis,,,
,Urinary System,,,PH 7.36; HCO3 16 and pCO2 30. Which condition:,Compensated metabolic acidosis,,,
,Urinary System,,,"Blood gas analysis of patient showing PH 7.5, HCO3 32 and pCO2 40. What is the condition he is in:",Uncompensated metabolic alkalosis,,,
,Urinary System,,,"ABGs showing pH 7.50, pCO2 50, pO2 95, and HCO3 30 indicates:",Partially compensated metabolic alkalosis,,,
,Urinary System,,,"ABG with pH 7.5, pCO2 40, HCO3 30 indicates:",Uncompensated metabolic alkalosis,,,
,Urinary System,,,Cut off value for metabolic alkalosis is HCO3:,More than 26,,,
,Urinary System,,,Diagnostic Value for metabolic alkalosis is:,HCO3 > 24 (normal midvalue of HCO3),,,
,Urinary System,,,"In chronic respiratory acidosis, what is almost equal to normal in blood?",Alveolar ventilation,,,
,Urinary System,,,"In chronic respiratory acidosis, how much HCO3 rises occurs for every 10 mmHg rise in pCO2?",3 mmol/L,,,
,Urinary System,,,Respiratory acidosis is primarily caused by:,Hypoventilation,,,
,Urinary System,,,"Hyperventilation, normal CT head, ABG shows pH 7.4, pCO2 30, HCO3 18. Diagnosis?",Compensatory respiratory alkalosis,,,
,Urinary System,,,"The most likely biochemical state in a patient with pH 7.4, PO2 62 mmHg, and PCO2 31 mmHg is:",Compensated respiratory alkalosis,,,
,Urinary System,,,"A patient had a car accident but didn't get any external injuries. His pH is 7.5, PCO2 is 20mmHg, and HCO3 is 20mmHg:",Respiratory alkalosis,,,
,Urinary System,,,A resident living at 12000 feet altitude complains of illness. What is the diagnosis:,Respiratory alkalosis,,,
,Urinary System,,,"The ABGs of a patient in ICU are as follows: pH 7.25, pCO2 60, HCO3 16, pO2 70. Diagnosis:",Mixed respiratory metabolic acidosis,,,
,Urinary System,,,"A patient with pH 7.2, HCO3 16, and PCO2 50mmHg likely has:",Mixed metabolic acidosis with respiratory acidosis,,,
,Urinary System,,,"ABGs of a patient are pH 6.73, HCO3 10, PCO2 66. The possible diagnosis is:",Mixed acidosis (metabolic and respiratory both),,,
,Urinary System,,,"COPD patient with acute diarrhea and ABGs showing pH 7.12, CO2 50, and HCO3 7 has:",Mixed acidosis,,,
,Urinary System,,,"A pt with severe vomiting and diarrhea for 1 day presented with tachypnea and respiratory rate 22, hypotension. Labs showed hypochloremia, hyponatremia, and hypokalemia. What is the diagnosis:",Metabolic acidosis,,,
,Urinary System,,,"A patient with severe vomiting, diarrhea, and electrolyte imbalance with hypochloremia and hyponatremia has:",Metabolic acidosis,,,
,Urinary System,,,"Long scenario, but PCO2 will be decreased to compensate for:",Metabolic acidosis,,,
,Urinary System,,,A person breathing into a paper bag. What will cause hyperventilation:,Increase arterial CO2,,,
,Urinary System,,,Blood for Arterial pH is taken from:,Arterial blood in heparinized tube,,,
,Urinary System,,,"Effect of acidosis on body, body will counteract to it by:",Hyperventilation,,,
,Urinary System,,,What is the body response to acidosis:,Increase respiration,,,
,Urinary System,,,Which of the following is the effect of acidosis on the body:,Increased respiration,,,
,Urinary System,,,The major effect of acidosis on the body is:,Depression of central nervous system,,,
,Urinary System,,,"In metabolic acidosis, how is renal compensation done:",Inc. Glutamine absorption,,,
,Urinary System,,,"In metabolic acidosis, the kidneys absorb more glutamine from the bloodstream, facilitating its breakdown to:",Ammonium and bicarbonate,,,
,Urinary System,,,"In metabolic acidosis, the kidneys break down glutamine into:",Ammonium (NH4+) and bicarbonate (HCO3-),,,
,Urinary System,,,Ammonium (NH4+) is excreted in the urine to remove:,Excess H+ ions,,,
,Urinary System,,,Bicarbonate (HCO3-) is reabsorbed into the blood to:,Buffer the acidosis,,,
,Urinary System,,,Metabolic acidosis regulation of kidneys is by:,H+ loss,,,
,Urinary System,,,"During chronic metabolic acidosis caused by persistent diarrhea, the condition that does NOT occur is:",The urinary pH will be increased,,,
,Urinary System,,,"In metabolic acidosis, urinary pH decreases because:",The kidneys excrete more H+ ions,,,
,Urinary System,,,Renal correction of acute hyperkalemia will result in:,Acidosis,,,
,Urinary System,,,The vital renal defense against respiratory alkalosis is:,Increased secretion of NaHCO3,,,
,Urinary System,,,Volatile acid compensation involves:,Bicarbonate system of kidney,,,
,Urinary System,,,Metabolic acidosis is associated with:,Hyperkalemia,,,
,Urinary System,,,"In a diabetic patient, acidosis is produced due to:",Decreased HCO3,,,
,Urinary System,,,Decreased HCO3 is associated with:,Metabolic acidosis,,,
,Urinary System,,,Anion Gap is the difference between:,Measured cation and measured anion,,,
,Urinary System,,,What is the formula for Anion Gap (without K)?,Na - (Cl + HCO3),,,
,Urinary System,,,What is the formula for Anion Gap (with K)?,(Na + K) - (Cl + HCO3),,,
,Urinary System,,,"Calculate the anion gap HCO3 15, Na 135, Cl 100 and K+ 4:",24,,,
,Urinary System,,,Also remember that in diarrhea:,Metabolic acidosis with normal anion gap occurs,,,
,Urinary System,,,Severe diarrhea leads to:,Metabolic acidosis with normal anion gap,,,
,Urinary System,,,A patient with severe diarrhea may develop:,Metabolic acidosis with normal anion gap,,,
,Urinary System,,,Respiratory acidosis cause:,Barbiturates poisoning,,,
,Urinary System,,,Which of the following causes Metabolic Acidosis with increased Anion gap (> 12 mEq/L)?,Methanol (formic acid),,,
,Urinary System,,,Which of the following causes Metabolic Acidosis with increased Anion gap (> 12 mEq/L)?,Uremia,,,
,Urinary System,,,Which of the following causes Metabolic Acidosis with increased Anion gap (> 12 mEq/L)?,Diabetic ketoacidosis,,,
,Urinary System,,,Which of the following causes Metabolic Acidosis with increased Anion gap (> 12 mEq/L)?,Propylene glycol,,,
,Urinary System,,,Which of the following causes Metabolic Acidosis with increased Anion gap (> 12 mEq/L)?,Iron tablets or INH,,,
,Urinary System,,,Which of the following causes Metabolic Acidosis with increased Anion gap (> 12 mEq/L)?,Lactic acidosis,,,
,Urinary System,,,Which of the following causes Metabolic Acidosis with increased Anion gap (> 12 mEq/L)?,Ethylene glycol,,,
,Urinary System,,,Which of the following causes Metabolic Acidosis with increased Anion gap (> 12 mEq/L)?,Salicylates (late),,,
,Urinary System,,,Which of the following causes Metabolic Acidosis with normal anion gap (8-12 mEq/L)?,Carbonic anhydrase inhibitor,,,
,Urinary System,,,Which of the following causes Metabolic Acidosis with normal anion gap (8-12 mEq/L)?,Hyperalimentation,,,
,Urinary System,,,Which of the following causes Metabolic Acidosis with normal anion gap (8-12 mEq/L)?,Addison disease,,,
,Urinary System,,,Which of the following causes Metabolic Acidosis with normal anion gap (8-12 mEq/L)?,Renal tubular acidosis,,,
,Urinary System,,,Which of the following causes Metabolic Acidosis with normal anion gap (8-12 mEq/L)?,Diarrhea,,,
,Urinary System,,,Which of the following causes Metabolic Acidosis with normal anion gap (8-12 mEq/L)?,Acetazolamide,,,
,Urinary System,,,Which of the following causes Metabolic Acidosis with normal anion gap (8-12 mEq/L)?,Spironolactone,,,
,Urinary System,,,Which of the following causes Metabolic Acidosis with normal anion gap (8-12 mEq/L)?,Saline infusion,,,
,Urinary System,,,Which of the following causes Metabolic Alkalosis?,Loop diuretics,,,
,Urinary System,,,Which of the following causes Metabolic Alkalosis?,Vomiting (hyperemesis gravidarum),,,
,Urinary System,,,Which of the following causes Metabolic Alkalosis?,Antacid use,,,
,Urinary System,,,Which of the following causes Metabolic Alkalosis?,Conn's syndrome (Primary Hyperaldosteronism),,,
,Urinary System,,,Which of the following causes Respiratory Acidosis?,Airway obstruction,,,
,Urinary System,,,Which of the following causes Respiratory Acidosis?,Acute lung disease,,,
,Urinary System,,,Which of the following causes Respiratory Acidosis?,Chronic lung disease,,,
,Urinary System,,,Which of the following causes Respiratory Acidosis?,"Opioids, sedatives",,,
,Urinary System,,,Which of the following causes Respiratory Acidosis?,Weakening of respiratory muscles,,,
,Urinary System,,,Which of the following causes Respiratory Alkalosis?,Hysteria,,,
,Urinary System,,,Which of the following causes Respiratory Alkalosis?,"Hypoxemia (e.g., high altitude)",,,
,Urinary System,,,Which of the following causes Respiratory Alkalosis?,Salicylates (early),,,
,Urinary System,,,Which of the following causes Respiratory Alkalosis?,Tumor,,,
,Urinary System,,,Which of the following causes Respiratory Alkalosis?,Pulmonary embolism,,,
,Urinary System,,,Which of the following occurs in severe diarrhea?,Hyponatremia (no option of metabolic acidosis),,,
,Urinary System,,,"In severe diarrhea, what happens to electrolytes in the body:",Decreased Na+,,,
,Urinary System,,,A 39-year-old patient suffering from severe diarrhea characteristically has:,Decreased sodium content of body,,,
,Urinary System,,,Metabolic acidosis is due to:,Excessive use of carbonic anhydrase inhibitor,,,
,Urinary System,,,Acidosis with normal anion gap can be caused by:,Carbonic anhydrase inhibitor,,,
,Urinary System,,,Hyperchloremic metabolic acidosis is caused by:,Acetazolamide,,,
,Urinary System,,,Regarding Muscle fatigue will lead to:,Lactic acidosis,,,
,Urinary System,,,Which drug should be stopped 24 hours before surgery to prevent lactic acidosis:,Metformin,,,
,Urinary System,,,The anti-hyperglycemic drug that can lead to lactic acidosis if not stopped before surgery is?,Metformin,,,
,Urinary System,,,Which of these can cause acidosis:,Diabetes,,,
,Urinary System,,,Hypokalemic metabolic alkalosis along with expansion of extracellular fluid volume is seen due to:,Conn's syndrome,,,
,Urinary System,,,Metabolic alkalosis caused by?,CRF,,,
,Urinary System,,,A pregnant lady presented to you with hyperemesis gravidarum and Alkalosis. Which electrolyte abnormality is she likely to have:,Hypokalemia,,,
,Urinary System,,,Hyperemesis gravidarum along with hypokalemia leads to:,Metabolic alkalosis,,,
,Urinary System,,,"Hyper emesis gravidum, metabolic alkalosis. What is the outcome:",Hypokalemia,,,
,Urinary System,,,"A 25-year-old woman is admitted to the hospital with a 4 months history of malaise and generalized muscle cramps. Laboratory investigations reveal serum sodium = 145 mmol/L, serum potassium = 2.0 mmol/L, serum bicarbonate = 40 mmol/L, and arterial pH = 7.5. The most likely cause of this patient's hypokalemia and alkalosis would be:",hyperaldosteronism.,,,
,Urinary System,,,Metabolic alkalosis occurs in:,Hyperaldosteronism,,,
,Urinary System,,,Drug causing Metabolic alkalosis:,Thiazide,,,
,Urinary System,,,Which of the following is a common cause of respiratory alkalosis:,High altitude,,,
,Urinary System,,,Respiratory acidosis occurs in body during:,Drowning,,,
,Urinary System,,,Asthma causes:,Respiratory acidosis,,,
,Urinary System,,,Hyperchloremic metabolic acidosis is associated with:,Acetazolamide,,,
,Urinary System,,,Hypochloremic Metabolic Alkalosis is associated with:,Thiazide and Loop,,,
,Urinary System,,,A PATIENT AFTER TAKING AN ANALGESIC OVERDOSE EXPERIENCED HYPERVENTILATION TACHYCARDIA AND METABOLIC ACIDOSIS. THE MOST LIKELY DRUG IS:,ACETYL SALICYLIC,,,
,Urinary System,,,"In the early stage of salicylate toxicity, what is observed?",Respiratory alkalosis (due to hyperventilation).,,,
,Urinary System,,,"In the late stage of salicylate toxicity, what is observed?",Metabolic acidosis (due to salicylate accumulation and lactic acid production).,,,
,Urinary System,,,Aspirin overdose results in:,Alkalosis,,,
,Urinary System,,,Aspirin overdose causes?,Respiratory alkalosis,,,
,Urinary System,,,"A 30-year-old patient was brought to the medical emergency with the symptoms of nausea, vomiting, hyperventilation, and acidosis. There was a history of analgesic overdoses. The analgesic most likely is:",Salicylates,,,
,Urinary System,,,"A patient after taking an analgesic overdose experienced hyperventilation, tachycardia, and metabolic acidosis. The most likely drug is:",Acetylsalicylic acid,,,
,Urinary System,,,"In diabetic nephropathy, what will be indicate that nephropathy has occurred?",Micro albuminuria,,,
,Urinary System,,,What is the most common cause of nephrotic syndrome in children?,Minimal change disease,,,
,Urinary System,,,Which nephrotic syndrome has an excellent response to corticosteroids?,Minimal change disease,,,
,Urinary System,,,Which nephrotic syndrome is characterized by selective proteinuria?,Minimal change disease,,,
,Urinary System,,,What is the most common cause of nephrotic syndrome in adults?,Membranous glomerulonephritis,,,
,Urinary System,,,Which nephrotic syndrome has a poor response to corticosteroids?,Membranous glomerulonephritis,,,
,Urinary System,,,Which nephrotic syndrome is more common in African Americans and is associated with HIV?,Focal segmental glomerulosclerosis,,,
,Urinary System,,,Kimmelstiel-Wilson nodules are characteristic of:,Diabetic nephropathy,,,
,Urinary System,,,What is the diagnostic test for diabetic nephropathy?,Urine albumin (microalbuminuria),,,
,Urinary System,,,What condition refers to the accumulation of insoluble fibrillar proteins that form β-pleated sheaths?,Renal Amyloidosis,,,
,Urinary System,,,"Under Light Microscopy, what does Congo red stain show in Renal Amyloidosis?",Apple-green birefringence,,,
,Urinary System,,,What is the most common type of post-infectious glomerulonephritis in children's?,Acute post streptococcal glomerulonephritis,,,
,Urinary System,,,Acute post streptococcal glomerulonephritis occurs 1-4 weeks after a sore throat caused by:,Group A β-hemolytic streptococci,,,
,Urinary System,,,"Which syndrome presents with sudden onset of fever, oliguria, hematuria (cocoa-colored urine)?",Acute post streptococcal glomerulonephritis,,,
,Urinary System,,,"In Acute post streptococcal glomerulonephritis, what are the characteristic lab findings regarding C3 and ASO?","Serum C3 decreased, ASO titers elevated",,,
,Urinary System,,,Rapidly progressive (crescentic) glomerulonephritis is characterized by:,Crescent shape glomerulonephritis,,,
,Urinary System,,,"Which disease pattern involves antibodies against GBM and alveolar basement membrane, IgG deposits on renal biopsy, and involves lung and renal vessels?",Goodpasture syndrome,,,
,Urinary System,,,"Which disease pattern involves necrotizing medium sized small vessel vasculitis and involves upper respiratory tract, lung, and renal vessels?",Wegener's glomerulonephritis,,,
,Urinary System,,,"Which condition presents with recurrent episodes of hematuria following upper RTI or GI infections, occurring 1-2 days after infection?",IgA nephropathy (Berger disease),,,
,Urinary System,,,Alport syndrome is due to an abnormal:,Collagen type IV,,,
,Urinary System,,,"Which condition is associated with the mnemonic: ""can't see, can't pee, and can't hear a bee,"" representing eye problems, glomerulonephritis, and sensorineural deafness?",Alport syndrome,,,
,Urinary System,,,The microscopic findings of Minimal change disease are:,Effacement of podocyte foot processes,,,
,Urinary System,,,Features of minimal change disease include:,Proteinuria >3.5g/day,,,
,Urinary System,,,Minimal change disease of kidney primarily presents with:,Proteinuria,,,
,Urinary System,,,Selective proteinuria occurs in which of the following diseases?,Minimal change disease,,,
,Urinary System,,,Proteinuria in a child that improves with steroids is due to:,Fusion of foot processes,,,
,Urinary System,,,A 14-year-old boy had acute onset of fever and sore throat. He probably has:,Post streptococcal glomerulonephritis,,,
,Urinary System,,,"Child with post-strep sore throat develops edema, hematuria, hypertension. Diagnosis?",Acute post-streptococcal glomerulonephritis,,,
,Urinary System,,,"A 7 years old school-going boy develops a sore throat. He received antibiotics for it, which resolved it, following 2 weeks later he developed generalized body edema, hypertension, and hematuria. The most likely diagnosis is:",Acute post-streptococcal glomerulonephritis,,,
,Urinary System,,,"A 4-year-old boy is brought in by his mother after she discovers that his urine is now a dark Coca-Cola color. He reports that he saw a doctor 10 days ago because he was complaining of a sore throat, but he has otherwise been well. What is the most likely diagnosis?",Post-streptococcal glomerulonephritis,,,
,Urinary System,,,Young girl with shortness of breath. Pitting edema. Edema of eyelids. Had severe throat infections a few weeks back. What is the cause?,PSGN,,,
,Urinary System,,,Crescent formation is the characteristic of which of the following glomerular diseases?,Rapidly progressive glomerulonephritis,,,
,Urinary System,,,"Scenario of nephritic syndrome, microscopy shows Crescent in basement membrane. Diagnosis:",RPGN (Rapidly progressive glomerulonephritis),,,
,Urinary System,,,"In certain pathologies, Crescents in glomeruli are formed by:",Parietal cells,,,
,Urinary System,,,Crescents formation in kidney is most closely associated with:,Fibrin leakage,,,
,Urinary System,,,"A patient has hemoptysis, hematuria & glomerulonephritis. The most probable diagnosis is:",Goodpasture Syndrome,,,
,Urinary System,,,"A 30yr old female with saddle nose, granulomatous perforating lesion of nasal septum, vasculitis & proteinuria. The most likely lesion is:",Wegener granulomatosis,,,
,Urinary System,,,"Pt presents with hematuria, haemoptysis and nasal lesion. Likely diagnosis is:",Wegener granuloma,,,
,Urinary System,,,A 31-year-old female had a necrotic lesion in the nose. The urine examination of the patient revealed proteinuria. The biopsy showed granulomata with necrosis and vasculitis. The most likely diagnosis in this case is:,Wegener's granulomatosis,,,
,Urinary System,,,"In diabetic nephropathy, what will indicate that nephropathy has occurred?",Urinary Microalbuminuria,,,
,Urinary System,,,Diagnostic test for diabetic nephropathy is:,Microalbuminuria,,,
,Urinary System,,,A 60-year-old man known case of diabetes for the last 20 years now presented with rapidly progressive renal failure. The most likely feature in this patient would be:,Kimmelstiel-Wilson nodules,,,
,Urinary System,,,A renal biopsy examination shows a granular pattern of immunofluorescence staining with an antibody to complement component C1q and splitting of the basement membrane. This pattern is associated with:,Membranoproliferative glomerulonephritis type 2,,,
,Urinary System,,,A patient with high BP and decreased complement levels likely has:,Sclerosing glomerulonephritis,,,
,Urinary System,,,Most common glomerular disease in HIV patients is:,Focal segmental glomerulosclerosis,,,
,Urinary System,,,"A 15-year-old boy suffering from a renal disease that affects the males in his family presents with hematuria. He also has a vestibular nerve defect causing deafness and corneal dystrophy. Urine examination shows protein 1+. Renal biopsy on EM reveals GBM attenuation, with splitting and lamination of lamina densa. The most probable diagnosis is:",Alport syndrome,,,
,Urinary System,,,Lambda light chain deposits by immunofluorescence is most closely associated with:,Amyloidosis,,,
,Urinary System,,,A patient with amyloidosis is found to have a plasma cell disorder. Which is the most likely type of protein responsible for his amyloidosis?,Amyloid light chain protein,,,
,Urinary System,,,Diagnosis of Amyloidosis is made by:,Rectal biopsy,,,
,Urinary System,,,Amyloidosis most commonly affects which organ:,Kidney,,,
,Urinary System,,,A 5 years' child presented with generalized edema. Investigation of choice should be:,Urine protein,,,
,Urinary System,,,An adult with generalized edema and urinary protein 6gm. Damage is done to:,Basement membrane,,,
,Urinary System,,,"In a case of nephrotic syndrome, the most likely cause of oedema feet is:",Hypoproteinemia,,,
,Urinary System,,,The most common cause of oedema in nephrotic syndrome is:,Hypoalbuminemia,,,
,Urinary System,,,A 4 yr boy presents with periorbital edema Mechanism of edema is:,Hypoalbuminemia with salt retention,,,
,Urinary System,,,Movement of fluid through the capillary wall between the blood and interstitial spaces is controlled by the plasma:,Albumin,,,
,Urinary System,,,"A child who is Apathic, has edema and skin lesion. The cause of edema is decrease levels of:",Albumin,,,
,Urinary System,,,The primary force moving water molecules from the blood plasma to the interstitial fluid is:,Filtration,,,
,Urinary System,,,"A female with purpura, proteinuria, dry mouth, and burning sensation in hands and feet likely has:",Mixed cryoglobulinemia,,,
,Urinary System,,,Patient's CHF is worsening. What is the cause:,Na and H2O retention,,,
,Urinary System,,,Goodpasture syndrome =:,LINEAR DEPOSITION,,,
,Urinary System,,,Selective proteinuria =:,Minimal change disease,,,
,Urinary System,,,IgA nephropathy =:,Mesangial deposits in glomerular basement membrane,,,
,Urinary System,,,IgM and C3 deposits in FSGS (focal segmental glomerulosclerosis) are associated with:,HIV,,,
,Urinary System,,,Linear deposits =:,Goodpasture syndrome,,,
,Urinary System,,,Subepithelial deposits/humps =:,post streptococcal GN,,,
,Urinary System,,,Subendothelial deposits = SLE and:,Membranoproliferative glomerulonephritis (MPGN) type-1,,,
,Urinary System,,,Spike and Dome are seen in Membranous glomerulonephritis - (associated with SLE and:,Hep B),,,
,Urinary System,,,Finding in post streptococcal glomerulonephritis is?,Subepithelial deposits,,,
,Urinary System,,,Post streptococcal glomerulus-nephropathy scenario =:,Subepithelial deposits,,,
,Urinary System,,,The most characteristic feature of post-streptococcal glomerulonephritis is:,Subepithelial deposits,,,
,Urinary System,,,Selective proteinuria occurs in which of the following diseases:,Minimal change disease,,,
,Urinary System,,,"A 7-year-old child was brought to the physician with the condition of periorbital edema and lethargy. On investigation, he was having massive proteinuria on Urine R/E. Which of the following features on Electron Microscopy will confirm the suspected diagnosis (A case of minimal change disease)?",Effacement of foot processes,,,
,Urinary System,,,"In IgA nephropathy, the histopathological report will be consistent with:",Increased mesangial matrix,,,
,Urinary System,,,IgA nephropathy =:,Mesangial deposits in glomerular basement membrane,,,
,Urinary System,,,Nephrotic syndrome. Basement membrane damage will lead to:,Hypoalbuminemia,,,
,Urinary System,,,Proteins normally don't leak out in tubular fluid due to endothelium is fenestrated and Basement membrane is:,negatively charged,,,
,Urinary System,,,46 years male presented with nephrotic syndrome. Immunofluorescence microscope of renal biopsy showed sclerosis with deposition of IgM and C3. What is the most likely diagnosis:,Focal segmental glomerulosclerosis,,,
,Urinary System,,,Focal segmental glomerulosclerosis is characterized by:,Massive proteinuria,,,
,Urinary System,,,Goodpasture's syndrome is closely associated with:,Peripheral linear IgG deposits by immunofluorescence,,,
,Urinary System,,,Proteinuria is due to =,GLOMERULAR BASEMENT MEMBRANE DAMAGE,,,
,Urinary System,,,Proteinuria occurs due to damage in:,Glomerular basement membrane,,,
,Urinary System,,,"A child having 6g/dl proteinuria, where will be the defect:",Basement membrane,,,
,Urinary System,,,A young patient with generalized edema and proteinuria of 6 g/day presents in the outpatient department. The renal structure most likely damaged is:,Basement membrane,,,
,Urinary System,,,"Albumin, RBC cast, and cells in urine, possible site of damage:",Glomerulus,,,
,Urinary System,,,Proteins cannot pass through basement membrane due to which characteristic of protein:,Negative charge,,,
,Urinary System,,,Albumin does not get freely filtered in glomeruli due to:,Negative charge of particle,,,
,Urinary System,,,Albumin not filtered from the basement membrane due to:,Negative charge,,,
,Urinary System,,,"A patient has renal problem with proteins in urine, which of the following mechanisms normally prevents these proteins from coming out in urine:",Negative charge on membrane pores,,,
,Urinary System,,,Negative charge of basement membrane is due to:,Heparin sulphate,,,
,Urinary System,,,What is the correct order of components contributing to the negative charge of the basement membrane?,Heparin sulphate > Proteoglycans > Laminin,,,
,Urinary System,,,"Regarding histology of normal kidney, Podocyte is on the visceral layer of:",Bowman capsule,,,
,Urinary System,,,The capillary pressure in renal glomeruli is:,Increases as cardiac output increases,,,
,Urinary System,,,Regarding glomerular capillary pressure:,Decrease by 10% when BP decreases by 10%,,,
,Urinary System,,,Commonest organism causing UTI =:,E. COLI,,,
,Urinary System,,,What is the most common cause of UTI?,E coli,,,
,Urinary System,,,"Which organism causing UTI is seen in sexually active young women, although E. coli is still more common in this group?",Staphylococcus saprophyticus,,,
,Urinary System,,,Which UTI-causing organism produces urine with an ammonia scent?,Proteus mirabilis,,,
,Urinary System,,,Acute Pyelonephritis pathology involves:,"Neutrophil infiltration in renal interstitium, spares glomeruli/vessels.",,,
,Urinary System,,,What is the most common cause of Acute Pyelonephritis?,Ascending UTI (E. coli most common).,,,
,Urinary System,,,Risk factors for Acute Pyelonephritis include:,"DM, pregnancy, catheter, obstruction.",,,
,Urinary System,,,Complications of Acute Pyelonephritis include:,"Chronic pyelonephritis, papillary necrosis, abscess, urosepsis.",,,
,Urinary System,,,Gram negative organism can cause septic shock after infection in which tract:,Urinary tract,,,
,Urinary System,,,Most common organism causing UTI is:,E. coli,,,
,Urinary System,,,The most common lactose fermenting gram negative organism causing UTI is:,E. coli,,,
,Urinary System,,,UTI scenario gram negative rod =:,E. coli,,,
,Urinary System,,,"UTI case with gram-negative motile rods, urease +ve, lactose non-fermenting organism?",Proteus mirabilis,,,
,Urinary System,,,"Female patient with increased frequency and urgency diagnosed as UTI. Microscopy shows gram-negative motile rods, with swarming motility on agar, likely organism is:",Proteus mirabilis,,,
,Urinary System,,,Organism with swarming motility on agar causing UTI?,Proteus mirabilis,,,
,Urinary System,,,70-year-old man with frequent complaints of UTI. Cause:,Obstruction to urine flow,,,
,Urinary System,,,"Lady with 12-week amenorrhea presents with increased frequency, burning of micturition along with a high-grade fever. The most probable diagnosis is:",UTI,,,
,Urinary System,,,Pregnant lady with increased frequency and burning of micturition along with high-grade fever. The most probable diagnosis is:,UTI,,,
,Urinary System,,,"A person with a UTI caused by oxidase-positive, non-lactose fermenting organism likely has:",Pseudomonas infection,,,
,Urinary System,,,A person developed urine infection. Urine culture plate yielded a greenish growth having fruity smell. This organism was oxidase positive and non-lactose fermenting. The most appropriate drug in this case would be:,Ciprofloxacin (Prefer Ciprofloxacin over ceftazidime),,,
,Urinary System,,,"Female has burning pain during urination etc. She is diagnosed with having UTI. The organism on culture is identified as oxidase positive, non-lactose fermenting, greenish color, and fruity smell. Likely agent is:",Pseudomonas,,,
,Urinary System,,,A 26-year sexually active female presented with burning micturition and abdominal pain. Investigation confirmed UTI caused by a gram-positive organism. This could likely be caused by:,Saprophyticus,,,
,Urinary System,,,Common cause of acute pyelonephritis =:,E. Coli,,,
,Urinary System,,,Long scenario of newly wed female with fever and pain at adnexa and suprapubic tenderness. Her labs showed raised lymphocytes >15000. Organism involved =:,E. coli,,,
,Urinary System,,,"A 30-year female presented with rigors and chills, high-grade fever, and not responding to treatment for more than 2 weeks. USG shows renal parenchymal changes. The diagnosis is:",Acute pyelonephritis,,,
,Urinary System,,,"A 20-year-old female with fever, lumbar pain, pus in urine, no response to antibiotics. Likely diagnosis =",Acute pyelonephritis,,,
,Urinary System,,,The most common infectious agent associated with chronic pyelonephritis is =,Escherichia coli,,,
,Urinary System,,,A 10 years old child died. Autopsy was performed which was otherwise normal except numerous cysts in kidney and liver. Pattern of inheritance of this disease is =,AUTOSOMAL RECESSIVE,,,
,Urinary System,,,What is the definition of Autosomal Dominant Polycystic Kidney Disease?,"Autosomal dominant, in which renal parenchyma is replaced by cyst",,,
,Urinary System,,,When does Autosomal Dominant Polycystic Kidney Disease typically manifest?,"Manifests between 15 and 30 years of age, even though the genetic defect is present at birth.",,,
,Urinary System,,,What are the associated conditions with Autosomal Dominant Polycystic Kidney Disease?,"Liver cysts (70%), Berry aneurysms of the circle of Willis (8%), Cardiovascular system: MVP, aortic dilation and dissection",,,
,Urinary System,,,What is the definition of Autosomal Recessive Polycystic Kidney Disease?,Autosomal Recessive Cystic dilation of collecting ducts.,,,
,Urinary System,,,When does Autosomal Recessive Polycystic Kidney Disease typically present?,Often presents in infancy.,,,
,Urinary System,,,What are the associated conditions with Autosomal Recessive Polycystic Kidney Disease?,Congenital hepatic fibrosis. Significant oliguric renal failure in utero can lead to Potter sequence,,,
,Urinary System,,,Mode of inheritance of adult polycystic kidney is =,Autosomal dominant,,,
,Urinary System,,,Adult polycystic disease of the kidney is familial. Both males and females are involved in every generation. 50% of every generation are unaffected and do not transmit the trait to their offspring. This disease is inherited as =,Autosomal dominant trait,,,
,Urinary System,,,"In the transmission of adult polycystic kidney disease, one of the following statements is correct:",It is an autosomal dominant disorder,,,
,Urinary System,,,Pattern of inheritance of adult polycystic kidney:,Autosomal dominant,,,
,Urinary System,,,ADPKD is associated with:,Subarachnoid hemorrhage,,,
,Urinary System,,,Adult polycystic kidney disease is most closely associated with:,Cerebral hemorrhage,,,
,Urinary System,,,ADPKD is caused by mutations in the PKD1 gene located on which chromosome?,Chromosome 16,,,
,Urinary System,,,Mode of inheritance of childhood polycystic kidney is:,Autosomal recessive,,,
,Urinary System,,,Inheritance pattern in childhood polycystic kidney where 50% of the generation is not affected:,Autosomal recessive,,,
,Urinary System,,,A 10-year-old child died. Autopsy was performed which was otherwise normal except numerous cysts in kidney and liver. Pattern of inheritance of this disease is:,Autosomal recessive,,,
,Urinary System,,,"A 30-year-old male died suddenly after a sudden rise in blood pressure. At autopsy, the ruptured vessel completely lacks the tunica media at the of an aneurysm. The most likely aneurysm is:",Berry aneurysm,,,
,Urinary System,,,Type 2 tubular acidosis due to:,DEFECT IN HCO3 REABSORPTION,,,
,Urinary System,,,Renal Tubular Acidosis is a disorder of the renal tubules that leads to:,Normal anion gap (hyperchloremic) metabolic acidosis,,,
,Urinary System,,,What is the defect in Distal renal tubular acidosis (type 1)?,Defect in ability of a intercalated cells to secrete H+ -> no new HCO3,,,
,Urinary System,,,What is the typical Urine pH in Distal renal tubular acidosis (type 1)?,> 5.5,,,
,Urinary System,,,What is the typical Serum K+ in Distal renal tubular acidosis (type 1)?,Hypokalemia,,,
,Urinary System,,,Which of the following are causes of Distal renal tubular acidosis (type 1)?,"Amphotericin B toxicity, congenital anomalies (obstruction) of urinary tract",,,
,Urinary System,,,What is the defect in Proximal renal tubular acidosis (type 2)?,Defect in PCT HCO3 reabsorption,,,
,Urinary System,,,What is the typical Urine pH in Proximal renal tubular acidosis (type 2)?,< 5.5,,,
,Urinary System,,,What is the typical Serum K+ in Proximal renal tubular acidosis (type 2)?,Hypokalemia,,,
,Urinary System,,,Which of the following are causes of Proximal renal tubular acidosis (type 2)?,Fanconi syndrome and carbonic anhydrase inhibitors,,,
,Urinary System,,,What is the defect in Hyperkalemic renal tubular acidosis (type 4)?,Decreased aldosterone production -> hyperkalemia -> decreased NH3 synthesis in PCT -> decreased NH4+ excretion,,,
,Urinary System,,,What is the typical Urine pH in Hyperkalemic renal tubular acidosis (type 4)?,< 5.5,,,
,Urinary System,,,What is the typical Serum K+ in Hyperkalemic renal tubular acidosis (type 4)?,Hyperkalemia,,,
,Urinary System,,,Which of the following are causes of Hyperkalemic renal tubular acidosis (type 4)?,"Diabetes, ACE inhibitors, ARBs, NSAIDs",,,
,Urinary System,,,"Urine pH >5, despite low plasma NH3, type of acidosis:",RTA-1 (Distal Renal Tubular Acidosis),,,
,Urinary System,,,Inability to produce a urine pH less than 5.4 even when challenged with ammonium is found in:,Distal renal tubular acidosis (type-1),,,
,Urinary System,,,"A patient is suffering from renal tubular acidosis, his urine pH is 5.4. The patient urine cannot be made alkaline even by giving Bicarbonate. Which type of RTA it is?",Type 1,,,
,Urinary System,,,Type 2 tubular acidosis is due to:,Defect in HCO3 reabsorption,,,
,Urinary System,,,"A 3-month-old baby presented in a critically ill condition, pH: 7.2, PCO2: 32, HCO3: 14, Na: 142, K: 2.5. Diagnosis?",Renal tubular acidosis,,,
,Urinary System,,,"4-month-old child in ER with acidic pH, Na 145, and potassium 2.5. Diagnosis:",Renal tubular acidosis,,,
,Urinary System,,,Renal tubular acidosis type 4 feature:,Hyperkalemia,,,
,Urinary System,,,Cause of Vit D resistant rickets is:,Fanconi syndrome,,,
,Urinary System,,,"In Fanconi syndrome, decrease ATP at the PCT is linked with:",Glycosuria,,,
,Urinary System,,,The characteristic feature of Fanconi syndrome is:,Glycosuria,,,
,Urinary System,,,"Autosomal recessive disorders like Fanconi anemia, Ataxia telangiectasia are labelled as 'chromosome breakage syndrome' this means:",Defective DNA repair,,,
,Urinary System,,,Most likely regarding renal tubular acidosis:,Hypokalemia,,,
,Urinary System,,,Acidosis usually associated with:,Hyperkalemia,,,
,Urinary System,,,But Renal Tubular acidosis is associated with Hypokalemia in which types?,Type 1 & 2,,,
,Urinary System,,,Only Type 4 Renal tubular acidosis is with:,Hyperkalemia,,,
,Urinary System,,,"A 30-YEAR LADY OTHERWISE NORMAL WITH HIGH PTH, LOW CA, HIGH PO4, AND NORMAL ALKALINE PHOSPHATE. WHAT IS DIAGNOSIS?",CHRONIC RENAL FAILURE,,,
,Urinary System,,,Definition of Acute Kidney Injury (AKI):,"Acute, reversible renal dysfunction (increased creatinine/BUN, oliguria)",,,
,Urinary System,,,Prerenal causes of Acute Kidney Injury (AKI) include:,"Hypovolemia, HF, renal artery stenosis",,,
,Urinary System,,,Intrinsic causes of Acute Kidney Injury (AKI) include:,"ATN, glomerulonephritis, interstitial nephritis",,,
,Urinary System,,,Postrenal causes of Acute Kidney Injury (AKI) include:,"Obstruction (stones, tumors, prostate)",,,
,Urinary System,,,Definition of Chronic Kidney Disease (CKD):,GFR <60 or kidney damage >3 months,,,
,Urinary System,,,Inherited causes of Chronic Kidney Disease (CKD) include:,"Polycystic kidney disease, Alport syndrome",,,
,Urinary System,,,Acquired causes of Chronic Kidney Disease (CKD) include:,"DM, HTN, pyelonephritis, glomerulonephritis",,,
,Urinary System,,,Which type of anemia is typically seen in Chronic Kidney Disease (CKD) labs?,"Normochromic, normocytic anemia",,,
,Urinary System,,,"In Chronic Kidney Disease (CKD), what are the typical Calcium/Phosphate lab findings?","Decreased Ca2+, increased PO4 3-, increased alk phos (osteodystrophy)",,,
,Urinary System,,,"In Chronic Kidney Disease (CKD Stage 3+), what happens to PTH levels?",Increased PTH,,,
,Urinary System,,,"Laboratory investigations of a 35-year-old female show: Low total and ionized serum calcium, high serum phosphate, high serum parathyroid hormone concentration, and normal alkaline phosphatase. She is most likely suffering from:",Chronic renal failure,,,
,Urinary System,,,"In chronic renal failure, the most likely change:",Phosphate level rises,,,
,Urinary System,,,Consistently present finding in chronic renal failure?,Hyperphosphatemia,,,
,Urinary System,,,In chronic renal failure most likely:,Phosphate level rises,,,
,Urinary System,,,A hypertensive patient has been diagnosed with chronic renal failure. The change most unlikely to be present in him will be:,Hypophosphatemia,,,
,Urinary System,,,Vitamin D formation decreases in:,Chronic renal failure,,,
,Urinary System,,,"Disease where 25 cholecalciferol is not converted to 1,25 cholecalciferol?",Renal failure,,,
,Urinary System,,,"In chronic renal failure, the most likely cause of shortness of breath is:",Metabolic acidosis,,,
,Urinary System,,,"A 59-year-old female known hypertensive on medication, brought in a semi-collapsed state. Her K= 6.1. The most likely cause in this patient is:",Acute Renal Failure,,,
,Urinary System,,,"After 6 months of renal transplant, the patient presents with signs of renal failure. His symptoms are resolved by giving immunosuppressive therapy. What is the likely cause?",Acute cellular rejection,,,
,Urinary System,,,A patient presented with renal failure symptoms and a deranged BUN/Creatinine Ratio > 20 with BUN greater than creatinine likely has:,Pre-renal azotemia,,,
,Urinary System,,,In chronic renal failure (equivalent to a reduction in the total number of nephrons):,Plasma PCO2 tends to be low,,,
,Urinary System,,,Which condition causes decreased potassium excretion?,Renal failure,,,
,Urinary System,,,Decreased reticulocytes are seen in:,Chronic renal failure.,,,
,Urinary System,,,One of the following antibiotics is contraindicated in a patient with renal failure:,Gentamycin,,,
,Urinary System,,,Least nephrotoxic used in infant with renal failure:,Neomycin,,,
,Urinary System,,,Pararenal fascia is an extension of:,Renal fascia,,,
,Urinary System,,,"In a chronic CRF patient on dialysis for 20 years, autopsy would most likely show hypertrophy of the:",PTH gland,,,
,Urinary System,,,The X-ray lower limb of an old diabetic/CKD-on dialysis patient shows loss of trabecular bone from the femur head. Which hormone is responsible for such finding?,PTH,,,
,Urinary System,,,What is the best way to calculate GFR clinically in a CKD pt awaiting decision between transplant and dialysis?,CREATININE CLEARANCE,,,
,Urinary System,,,A chronic CRF patient on dialysis. Most probable autopsy finding will be:,Hypertrophied PTH gland,,,
,Urinary System,,,"In a chronic CRF patient on dialysis for 20 years, autopsy would most likely show hypertrophy of the:",PTH gland,,,
,Urinary System,,,Patient has ESRD and is on long-term dialysis. Which of the following amyloidosis-related proteins is found?,Beta 2 microglobulin,,,
,Urinary System,,,Dialysis for maintenance of normal body functions is indicated when the glomerular filtration rate is less than:,20%,,,
,Urinary System,,,The X-ray lower limb of an old diabetic/CKD-on dialysis patient shows loss of trabecular bone from the femur head. Which hormone is responsible for such finding?,PTH,,,
,Urinary System,,,"Old woman with multiple fractures, hypertensive and is on dialysis. Reason is:",Deficiency of Vit D,,,
,Urinary System,,,Patient on dialysis having oral ulcers due to deficiency of:,Vitamin B,,,
,Urinary System,,,"A significant proportion of ESRD patients have physiological vitamin B12 deficiency, which can lead to:",Mouth ulcers,,,
,Urinary System,,,"A patient has end-stage renal disease and is on dialysis for 6 months. Has received multiple blood transfusions. Her Hb 8, MCV 86, and low MCH. What type of anemia does she have?",Normocytic hypochromic anemia,,,
,Urinary System,,,"60-year-old with on-off fever, lethargy, dyspnea on exertion. Hb 7.8, urea 140, creatinine 3:",Erythropoietin deficiency,,,
,Urinary System,,,A middle-aged known case of ESRD on the list for hemodialysis. He has normochromic anemia. Which is the most appropriate therapy to be given?,IV Erythropoietin,,,
,Urinary System,,,The preferred initial form of therapy for anemia of chronic kidney disease is the use of:,Erythropoiesis-stimulating agents,,,
,Urinary System,,,A patient has end-stage renal failure. He is undergoing hemodialysis and has developed normocytic normochromic anemia. The most appropriate therapy would be:,Erythropoietin,,,
,Urinary System,,,"A patient with end-stage renal failure complains of pallor, fatigability, and lethargy for the past 3 months. Blood tests show Creat 4, Hb 7 with a normal smear. What is the most likely cause of anemia?",Erythropoietin deficiency,,,
,Urinary System,,,A pt with end-stage renal failure has had multiple blood transfusions for anemia. Which of the following will be helpful to reduce the number of transfusions?,Subcutaneous Erythropoietin,,,
,Urinary System,,,A chemical factory worker was diagnosed with transitional cell carcinoma of bladder what is the likely cause:,ANILINE DYE,,,
,Urinary System,,,What is the most common tumor of the urinary tract system?,Transitional cell carcinoma,,,
,Urinary System,,,What is the key feature of Transitional Cell Carcinoma?,Painless hematuria (no casts),,,
,Urinary System,,,Which of the following are associations for Transitional Cell Carcinoma (Mnemonic: Pee SAC)?,"Phenacetin, Smoking, Aniline dyes, Cyclophosphamide",,,
,Urinary System,,,What is the pathogenesis of Squamous Cell Carcinoma (SCC) of the bladder?,Chronic irritation -> Squamous metaplasia -> Dysplasia -> SCC,,,
,Urinary System,,,Which of the following are risk factors for Squamous Cell Carcinoma of the bladder?,"Schistosoma haematobium infection, Smoking, Chronic nephrolithiasis",,,
,Urinary System,,,What is the typical presentation of Squamous Cell Carcinoma of the bladder?,Painless hematuria,,,
,Urinary System,,,What is the origin of Renal Cell Carcinoma (RCC)?,Proximal convoluted tubule (PCT) cells,,,
,Urinary System,,,What is the genetic association for Renal Cell Carcinoma (RCC)?,Chromosome 3 deletion,,,
,Urinary System,,,What is the classic triad of features for Renal Cell Carcinoma (RCC)?,"Flank pain, palpable mass, hematuria",,,
,Urinary System,,,Which of the following are features of Renal Cell Carcinoma (RCC)?,"Fever, secondary polycythemia",,,
,Urinary System,,,Which paraneoplastic syndromes are associated with Renal Cell Carcinoma (RCC)?,"Ectopic EPO, ACTH, PTHrP, renin",,,
,Urinary System,,,A middle-aged man came back from Cairo & developed painless hematuria. Likely diagnosis is:,Squamous cell carcinoma of the urinary bladder,,,
,Urinary System,,,"A 50-year-old man from Cairo presented with hematuria. Cystoscopy showed a tumor mass. On histopathological examination, the most likely diagnosis would be:",Squamous cell carcinoma,,,
,Urinary System,,,Squamous cell carcinoma of the bladder with a history of granulomatous bladder lesions is caused by:,Schistosomiasis,,,
,Urinary System,,,The parasite associated with urinary bladder carcinoma is:,Schistosoma haematobium,,,
,Urinary System,,,Schistosoma haematobium causes:,Urinary bladder abnormalities,,,
,Urinary System,,,Squamous cell carcinoma of bladder caused by:,Schistosoma,,,
,Urinary System,,,A 45-year man suffering from hematuria later develops carcinoma of bladder. His urine sample shows the presence of ova with large terminal spine. He is infected by which of following parasite:,Schistosoma haematobium,,,
,Urinary System,,,A chemical factory worker was diagnosed with transitional cell carcinoma of the bladder. What is the likely cause?,Aniline dye,,,
,Urinary System,,,Which of the following is the most common cause of bladder carcinoma:,Smoking,,,
,Urinary System,,,A chronic smoker from 30 year working in tire factory presented with painless hematuria. Histopathology show transitional cell carcinoma of bladder. Causative agent in his case is:,Tobacco smoking,,,
,Urinary System,,,"A 50-year-old man having aching pain in the right flank, hematuria, and weight loss. Blood urea, nitrogen, serum electrolytes, and RFTs were normal. Hb 18 and serum Ca 11. On imaging, there is a mass in the right flank. Diagnosis?",Renal cell carcinoma,,,
,Urinary System,,,A 60-year-old patient with increased hematocrit and creatinine. Diagnosis:,Renal cell carcinoma,,,
,Urinary System,,,"A nephrectomy specimen on cutting shows a circumscribed, well-defined, grey-white color areas near the upper pole. It measures 5 x 3 x 2.5 cm. It has few areas of hemorrhages and cystic/necrotic spaces. Renal vein and ureter are normal. The most likely diagnosis is:",Renal cell carcinoma,,,
,Urinary System,,,Usual route of spread of renal cell carcinoma is through:,Renal vein,,,
,Urinary System,,,"A man with decreased urine, hematuria, and a mass in the right flank likely has:",Renal cell carcinoma,,,
,Urinary System,,,The most likely diagnosis for a circumscribed renal mass with variegated appearance is:,Renal cell carcinoma,,,
,Urinary System,,,"Biopsy specimen showing Vementin positive, cytokeratin positive and CD45 negative with cells showing spindle shaped cells with Pleomorphism. Which tumor is likely to match these findings:",Renal cell Carcinoma,,,
,Urinary System,,,Paraneoplastic syndrome associated with renal cell carcinoma:,Polycythemia,,,
,Urinary System,,,The most significant feature in acute tubular necrosis is:,HYPERKALEMIA,,,
,Urinary System,,,"A student was given a drug by a quack for muscle gain. He developed body ache and oliguria. Investigation showed raised Serum Calcium, ALT, and BUN slightly raised with normal urine findings. The likely diagnosis is:",Acute tubular necrosis,,,
,Urinary System,,,"A PT took some medicine from a quack for muscle strength, then developed general weakness and oliguria, his urine was pale yellow, urea was slightly high, serum ALT was slightly high, ""HB NORMAL"" urea raised what's the cause:",Acute tubular necrosis,,,
,Urinary System,,,"In ATN (acute tubular necrosis), which part of the nephron is most likely affected?",PCT,,,
,Urinary System,,,"A 3-year-old child with flank pain and unilateral hydronephrosis, most likely cause:",Constriction at PUJ,,,
,Urinary System,,,A long-standing case of urinary incontinence in an elderly man is likely due to:,Benign prostatic hyperplasia,,,
