QuestionID,Year,Exam,Subject,Chapter,Topic,Question,OptionA,OptionB,OptionC,OptionD,OptionE,CorrectAnswer,Explanation
Pharm-Anes-FD-001,2026,Anesthesia - 5 January (M),Pharmacology,Anesthesiology,Flow Dynamics,Flow through an orifice depends on which of the following?,Discharge coefficient,Inversely propotional to pressure,Directly proportional to square root of pressure,Directly proportional to square root of pressure difference across the orifice,Inversely proportional to square root of pressure difference across the orifice,D,
Pharm-Anes-GA-001,2026,Radiology - 5 January (M),Pharmacology,Anesthesiology,General Anesthesia,"For fast recovery of a patient after surgery, which should be avoided?",Big incision,Early mobilization,Early Break of NPO,Epidural Analgesia,,A,
Pharm-Anes-LA-001,2026,Surgery - 7 January (E),Pharmacology,Anesthesiology,Local Anesthesia,A man after RTA got a head injury which is to be stitched 10 inch wound/laceration which anesthesist agent will best for suturing the wound?,250 ml of 2% lignocaine with adrenaline,4.5% with adrenalin,250 ml of 0.5% lignocaine with adrenaline,150 ml lignocaine,Plain lignocaine,A,"Adrenaline → vasoconstriction → prolongs anesthesia, reduces bleeding.<br>2% concentration → safe for scalp."
Pharm-Anes-Monitor-001,2026,Anesthesia - 5 January (M),Pharmacology,Anesthesiology,Monitoring,"A ""dip"" or ""cleft"" in the plateau of a capnogram (Curare cleft) represents:",Eye opening,Re-breathing,Hypoventilation,Emboli,,B,
Pharm-Amicro-Antibio-001,2026,Gynecology - 6 January (M),Pharmacology,Antimicrobials,Antibiotics,What is the mechanism of action of ciprofloxacin?,Inhibits cell wall synthesis,Inhibits DNA-dependent RNA polymerase,Inhibits DNA gyrase (topoisomerase II),Inhibits 30S ribosomal subunit,Inhibits folate synthesis,C,
Pharm-Amicro-Antibio-002,2026,Medicine - 5 January (E),Pharmacology,Antimicrobials,Antibiotics,Which antibiotic should be avoided in a 45-year-old with chronic inflammatory arthritis due to adverse effects on joints and cartilage?,Penicillin,Cephalosporin,Fluoroquinolone,Macrolide,,C,"<div class=""explanation-container""><div class=""explanation-text""><div style=""color:#16a34a;font-weight:800;margin-bottom:6px;"">✔ Correct Answer: Fluoroquinolone</div><div style=""margin-bottom:8px;""><b>Explanation:</b> Fluoroquinolones damage cartilage and increase risk of tendinopathy, especially in patients with joint disease.</div><div style=""margin-bottom:10px;padding:8px 10px;background:#ecfdf5;border-left:4px solid #16a34a;border-radius:6px;""><b>Clinical Pearl:</b> Avoid fluoroquinolones in children and joint disease.</div><br><div style=""color:#dc2626;margin-bottom:4px;""><b>✘ Penicillin:</b></div>Safe for joints.<br><br><div style=""color:#dc2626;margin-bottom:4px;""><b>✘ Cephalosporin:</b></div>No cartilage toxicity.<br><br><div style=""color:#dc2626;margin-bottom:4px;""><b>✘ Macrolide:</b></div>No such adverse effect.</div></div></div>"
Pharm-Amicro-Antibio-003,2026,Medicine - 7 January (M),Pharmacology,Antimicrobials,Antibiotics,A patient is prescribed an anti that inhibits bacterial synthesis by binding to the ribosomal subunit. Which drug is most likely responsible?,Macrolides,Aminoglycosides,Tetracyclines,Fluoroquinolones,,B,
Pharm-Amicro-Antibio-004,2026,Gynecology - 5 January (M),Pharmacology,Antimicrobials,Antibiotics,The mechanism of action of tetracycline is:,Inhibits DNA gyrase,Inhibits RNA polymerase,Inhibits tRNA attachment to 30S ribosome,Disrupts peptidoglycan cross-linking,,C,"Table: Inhibition of cell wall synthesis: Penicillins, Cephalosporins, etc. Inhibition of protein synthesis: 30S: Tetracycline, Aminoglycosides; 50S: Erythromycin, Chloramphenicol, Clindamycin. Inhibition of nucleic acid synthesis: Folic acid: Sulfonamides, Trimethoprim; DNA gyrase: Quinolones; RNA polymerase: Rifampin. Disruption of cell membrane: Polymixin, Amphotericin B, Ketoconazole."
Pharm-Amicro-Antibio-005,2026,Surgery - 6 January (E),Pharmacology,Antimicrobials,Antibiotics,"In a patient with chronic renal failure being treated for otitis media, which medication requires caution?",Metformin,Amoxicillin,Gentamicin,Ceftriaxone,,C,
Pharm-Amicro-Antibio-006,2026,Radiology - 6 January (M),Pharmacology,Antimicrobials,Antibiotics,What is the mechanism of action of ciprofloxacin?,Inhibits cell wall synthesis,Inhibits DNA-dependent RNA polymerase,Inhibits DNA gyrase (topoisomerase II),Inhibits 30S ribosomal subunit,Inhibits folate synthesis,C,
Pharm-Amicro-Antibio-007,2026,Anesthesia - 5 January (M),Pharmacology,Antimicrobials,Antibiotics,A patient presented with a stiff neck and fever. Culture shows gram-positive diplococci and cocci in chains. Best empiric treatment option?,Ceftriaxone + vancomycin,Penicillin,Ampicillin + gentamicin,Cefepime,,A,
Pharm-Amicro-Antibio-008,2026,Surgery - 6 January (E),Pharmacology,Antimicrobials,Antibiotics,"In a chronic alcoholic with Helicobacter pylori infection, which drug is least effective?",Insulin,PPI,Clarithromycin,Metronidazole,,A,
Pharm-Amicro-Antibio-009,2026,Surgery - 6 January (E),Pharmacology,Antimicrobials,Antibiotics,An alcoholic patient with H. pylori infection receives standard triple therapy. Which drug's efficacy is reduced by alcohol?,Propranolol,Clarithromycin,Metronidazole,Amoxicillin,,C,
Pharm-Amicro-Antibio-010,2026,Radiology - 6 January (M),Pharmacology,Antimicrobials,Antibiotics,"Which antibiotic is most effective against Listeria monocytogenes, including neonatal meningitis?",Ampicillin,Vancomycin,Ceftriaxone,Gentamicin alone,,A,"Ampicillin is the drug of choice for Listeria infections. Often combined with gentamicin in severe infections (synergistic effect). Cephalosporins (e.g., ceftriaxone) are ineffective against Listeria."
Pharm-Amicro-Antibio-011,2026,Anesthesia - 5 January (M),Pharmacology,Antimicrobials,Antibiotics,Drug of choice in community-acquired pneumonia (CAP) for an admitted patient:,Tetracycline + cephalosporin,Clarithromycin + penicillin,Cephalosporin monotherapy,Macrolides (or Ceftriaxone + Macrolide),,D,
Pharm-Amicro-Antibio-012,2026,Radiology - 5 January (M),Pharmacology,Antimicrobials,Antibiotics,Mechanism of action of tetracycline is:,Inhibits DNA gyrase,Blocks tRNA binding to ribosome,Inhibits folate synthesis,Inhibits peptidoglycan cross-linking,,B,
Pharm-Amicro-Antibio-013,2026,Anesthesia - 5 January (M),Pharmacology,Antimicrobials,Antibiotics,What is the mechanism of action of tetracycline?,Blocks aminoacyl tRNA binding,Prevents translocation of peptidyl tRNA,Inhibits peptide bond formation,Blocks release of deacylated tRNA from E site,Inhibits aminoacyl tRNA center,A,
Pharm-Amicro-Antibio-014,2026,Medicine - 6 January (E),Pharmacology,Antimicrobials,Antibiotics,"In a chronic alcoholic patient with H pylori infection, which drug is least effective?",Metronidazole,PPI,Clarithromycin,Amoxicillin,,A,
Pharm-Amicro-Antibio-015,2026,Medicine - 6 January (E),Pharmacology,Antimicrobials,Antibiotics,A patient with chronic renal failure and otitis media should receive which drug with caution?,Amoxicillin,Ceftriaxone,Gentamicin,Azithromycin,,C,Gentamicin is nephrotoxic and ototoxic.
Pharm-Amicro-Antibio-016,2026,Medicine - 7 January (M),Pharmacology,Antimicrobials,Antibiotics,"In a patient with renal disease requiring antibiotic therapy, the drug of choice is:",Amoxicillin,Ceftriaxone,Gentamicin,Ciprofloxacin,,B,Explanation: Ceftriaxone is preferred in renal disease because it has minimal renal excretion and does not require significant dose adjustment.
Pharm-Amicro-Antibio-017,2026,Medicine - 8 January (M),Pharmacology,Antimicrobials,Antibiotics,A patient with chronic kidney disease requires an antibiotic with minimal dose adjustment. Which drug should be avoided?,Thiazide,Gentamicin,Amoxicillin,Ceftriaxone,,B,Gentamicin is nephrotoxic and requires dose adjustment in CKD.
Pharm-Amicro-Antibio-018,2026,Medicine - 8 January (M),Pharmacology,Antimicrobials,Antibiotics,An HIV patient with pneumonia is treated with cotrimoxazole. What is its mechanism of action?,DNA gyrase inhibition,Protein synthesis inhibition,Folate synthesis inhibition,RNA polymerase inhibition,,C,
Pharm-Amicro-Antibio-019,2026,Medicine - 8 January (M),Pharmacology,Antimicrobials,Antibiotics,A woman presents with vaginal infection and complains of metallic taste. Which drug is responsible?,Fluconazole,Metronidazole,Clindamycin,Doxycycline,,B,
Pharm-Amicro-Amalaria-001,2026,Medicine - 8 January (M),Pharmacology,Antimicrobials,Antimalarials,A patient treated for malaria develops dark-colored urine. Which drug is responsible?,Primaquine,Quinine,Chloroquine,Artesunate,,A,
Pharm-Amicro-parasitic-001,2026,Gynecology - 7 January (E),Pharmacology,Antimicrobials,Antiparasitic Agents,Drug of choice for lymphatic filariasis is:,Albendazole,Ivermectin,Diethylcarbamazine,Praziquantel,,C,
Pharm-Amicro-parasitic-002,2026,Radiology - 5 January (M),Pharmacology,Antimicrobials,Antiparasitic Agents,"A person lives near a river and takes a drug from an annual program. After a few days, he develops fever, rashes, and lymphadenopathy. Which drug is responsible?",Ivermectin,Albendazole,Praziquantel,Doxycycline,,A,
Pharm-Amicro-parasitic-003,2026,Anesthesia - 5 January (M),Pharmacology,Antimicrobials,Antiparasitic Agents,"A patient lives by the river and presented to ER two days after taking an anti-parasitic drug for an annual program, with rash, orbital pain, fever, and myalgias. Which drug is responsible for this condition?",Praziquantel,Ivermectin,Albendazole,Pyrantel pamoate,Mebendazole,B,"Ivermectin side effects are fever, rash (urticaria), swollen lymph nodes, muscle/joint pain (arthralgia), and low blood pressure (hypotension). This is called mazutoni reaction."
Pharm-Amicro-parasitic-004,2026,Medicine - 7 January (M),Pharmacology,Antimicrobials,Antiparasitic Agents,Drug of choice for Taenia infection is:,Albendazole,Metronidazole,Praziquantel,Mebendazole,,C,EXPLANATION: DOC for T. Solium – Praziquental > Niclosamide > Albendazole. DOC for C. Difficile – Metronidazole > Vancomycin (Levinson). DOC for mild C. Difficile – Metronidazole (Levinson). DOC for Severe and resistant C.Difficile – Vancomycin (Levinson)
Pharm-Amicro-antiTB-001,2026,Gynecology - 5 January (M),Pharmacology,Antimicrobials,Antitubercular Therapy,"A patient started on first-line antitubercular therapy develops significant gastrointestinal upset. Among the first-line drugs listed below, which is most commonly responsible?",Isoniazid,Rifampicin,Pyrazinamide,Ethambutol,,C,
Pharm-Amicro-antiTB-002,2026,Gynecology - 6 January (M),Pharmacology,Antimicrobials,Antitubercular Therapy,A patient develops thrombocytopenia while on treatment for TB due to which drug,Rifampicin,Isoniazid,Pyrazinamide,Ethambutol,Streptomycin,A,
Pharm-Amicro-antiTB-003,2026,Gynecology - 6 January (M),Pharmacology,Antimicrobials,Antitubercular Therapy,"A pregnant female was treated for tuberculosis with anti-tubercular therapy (ATT). After delivery, her newborn was found to have deafness, which drug used in her treatment most likely caused this adverse effect?",Isoniazid,Rifampicin,Pyrazinamide,Ethambutol,Streptomycin,E,"Streptomycin is an aminoglycoside and is ototoxic. It can cross the placenta and cause congenital deafness in the fetus, which is why it is contraindicated in pregnancy. HRZE drugs are generally safe."
Pharm-Amicro-antiTB-004,2026,Gynecology - 6 January (M),Pharmacology,Antimicrobials,Antitubercular Therapy,A known tb patient is taking anti tubercular drugs. Which vitamin should be added to prevent one of the most common complication?,Vitamin B1,Vitamin B2,Vitamin B3,Vitamin B5,Vitamin B6,E,"Isoniazid interferes with the metabolism of Pyridoxine (Vitamin B6), leading to a functional deficiency. This deficiency often causes peripheral neuropathy (numbness, tingling, pain in hands and feet). Supplementation with Vitamin B6 (Pyridoxine) is standard practice for all patients taking Isoniazid to prevent this dose-dependent neurotoxicity."
Pharm-Amicro-antiTB-005,2026,Gynecology - 7 January (E),Pharmacology,Antimicrobials,Antitubercular Therapy,Patient on ATT (anti-TB therapy) develops red-green color blindness: drug responsible is:,Isoniazid,Rifampin,Ethambutol,Pyrazinamide,,C,Isotiazid – Peripheral neuropathy - Rifampicin – Red/Orange Urine - Ethambutol – Optic neuritis - Pyrazinamide – Hyperuricemia (Gout)
Pharm-Amicro-antiTB-006,2026,Surgery - 7 January (E),Pharmacology,Antimicrobials,Antitubercular Therapy,A patient on ATT can’t differentiate between traffic light colour which of the following drug is most likely responsible?,Isoniazid,Rifampicin,Ethambutol,Pyrazinamide,Streptomycin,C,#NAME?
Pharm-Amicro-Antituss-001,2026,Gynecology - 7 January (E),Pharmacology,Antimicrobials,Antitussives,A patient presents with persistent nocturnal dry cough. Which drug is most appropriate for symptomatic relief?,Codeine,Dextromethorphan,Salbutamol,Prednisolone,,B,
Pharm-Amicro-viral-001,2026,Gynecology - 6 January (M),Pharmacology,Antimicrobials,Antivirals,A patient with a viral infection is treated with an antiviral drug. The drug works by interfering with viral replication inside host cells. Which of the following mechanisms best describes the action of many antiviral agents?,Inhibition of cell wall synthesis,Inhibition of protein synthesis,Inhibition of folate metabolism,Disruption of bacterial ribosomes,Inhibition of peptidoglycan formation,B,
Microbio-Bacterio-GNC-001,2026,Surgery - 6 January (E),Microbiology,Bacteriology,Gram‑negative cocci,What is the most common cause of bacterial meningitis in a 12-year-old child?,Haemophilus influenzae,Candida albicans,Neisseria meningitidis,Streptococcus pneumoniae,,C,
Microbio-Bacterio-GPC-001,2026,Medicine - 5 January (E),Microbiology,Bacteriology,Gram‑positive cocci,What is the preferred drug of choice for treating an Enterococcus faecalis infection?,Vancomycin,Ampicillin,Metronidazole,Ciprofloxacin,,B,"<div class=""explanation-container""><div class=""explanation-text""><div style=""color:#16a34a;font-weight:800;margin-bottom:6px;"">✔ Correct Answer: Ampicillin</div><div style=""margin-bottom:8px;""><b>Explanation:</b> Enterococcus faecalis is classically sensitive to ampicillin, which remains the first-line treatment in most uncomplicated infections. Severe or resistant cases may require combination therapy.</div><div style=""margin-bottom:10px;padding:8px 10px;background:#ecfdf5;border-left:4px solid #16a34a;border-radius:6px;""><b>Clinical Pearl:</b> Enterococcus = ampicillin first-line unless resistance or endocarditis.</div><br><div style=""color:#dc2626;margin-bottom:4px;""><b>✘ Vancomycin:</b></div>Used for resistant strains (VRE) or penicillin allergy.<br><br><div style=""color:#dc2626;margin-bottom:4px;""><b>✘ Metronidazole:</b></div>Anaerobic and protozoal infections.<br><br><div style=""color:#dc2626;margin-bottom:4px;""><b>✘ Ciprofloxacin:</b></div>Not reliable for Enterococcus coverage.</div></div></div>"
Microbio-Bacterio-GPC-002,2026,Medicine - 5 January (E),Microbiology,Bacteriology,Gram‑positive cocci,Which test would best help identify Staphylococcus aureus after observing gram-positive cocci in clusters on gram staining?,Coagulase test,Catalase test,Oxidase test,PYR test,,A,"<div class=""explanation-container""><div class=""explanation-text""><div style=""color:#16a34a;font-weight:800;margin-bottom:6px;"">✔ Correct Answer: Coagulase test</div><div style=""margin-bottom:8px;""><b>Explanation:</b> Coagulase test differentiates Staphylococcus aureus (coagulase positive) from other staphylococcal species after gram-positive cocci in clusters are seen.</div><div style=""margin-bottom:10px;padding:8px 10px;background:#ecfdf5;border-left:4px solid #16a34a;border-radius:6px;""><b>Clinical Pearl:</b> Catalase test separates staph vs strep; coagulase identifies S. aureus.</div><br><div style=""color:#dc2626;margin-bottom:4px;""><b>✘ Catalase test:</b></div>Only distinguishes Staphylococcus (positive) from Streptococcus (negative).<br><br><div style=""color:#dc2626;margin-bottom:4px;""><b>✘ Oxidase test:</b></div>Used for organisms like Pseudomonas, not Staphylococcus.<br><br><div style=""color:#dc2626;margin-bottom:4px;""><b>✘ PYR test:</b></div>Mainly used for Group A Streptococcus and Enterococcus identification.</div></div></div>"
Microbio-Bacterio-GPC-003,2026,Medicine - 5 January (E),Microbiology,Bacteriology,Gram‑positive cocci,"Which organism likely caused an infection in a boy receiving IV fluids, traced back to a healthcare worker's hand infection?",E. coli,Pseudomonas,Staphylococcus aureus,Klebsiella,,C,"<div class=""explanation-container""><div class=""explanation-text""><div style=""color:#16a34a;font-weight:800;margin-bottom:6px;"">✔ Correct Answer: Staphylococcus aureus</div><div style=""margin-bottom:8px;""><b>Explanation:</b> Healthcare-associated infections from skin/hand sources are most commonly due to Staphylococcus aureus.</div><div style=""margin-bottom:10px;padding:8px 10px;background:#ecfdf5;border-left:4px solid #16a34a;border-radius:6px;""><b>Clinical Pearl:</b> Skin source → think Staph aureus first.</div><br><div style=""color:#dc2626;margin-bottom:4px;""><b>✘ E. coli:</b></div>GI source organism.<br><br><div style=""color:#dc2626;margin-bottom:4px;""><b>✘ Pseudomonas:</b></div>Hospital organism but not typical hand infection source.<br><br><div style=""color:#dc2626;margin-bottom:4px;""><b>✘ Klebsiella:</b></div>Respiratory/GI source.</div></div></div>"
Microbio-Bacterio-GPC-004,2026,Gynecology - 7 January (E),Microbiology,Bacteriology,Gram‑positive cocci,Toxic shock syndrome presents with:,Fever and hypotension only,"Fever, rash, hypotension, and multiorgan involvement",Rash only,Hypotension only,,B,
Microbio-Bacterio-GPC-005,2026,Radiology - 5 January (M),Microbiology,Bacteriology,Gram‑positive cocci,Group A β-hemolytic Streptococcus mediates tissue damage primarily through:,Endotoxins,Exotoxins,Capsule,Pili,,B,
Microbio-Bacterio-GPC-006,2026,Gynecology - 7 January (E),Microbiology,Bacteriology,Gram‑positive cocci,After an automobile accident splenectomy done. After two months patient presents to Emergency with septic shock and fever. Culture showed clusters of gram-positive bacteria; catalase negative. Causative organism for this overwhelming infection is:,Klebsiella,Mycoplasma,Pseudomonas,Staph Aureus,Strep Pneumonia,E,
Microbio-Bacterio-GPC-007,2026,Medicine - 7 January (M),Microbiology,Bacteriology,Gram‑positive cocci,"A 25 year old woman presents with certain high grade fever, diffused macular rash, hypertension and vomiting. On examination, she has arrhythmia of palms and soles and desquamation after one week. She recently used a super absorbent tampon during her menstrual period. Which organism is most likely responsible for this condition.",Strep pyogenes,Staph aureus,Neisseria,E coli,,B,
Microbio-Bacterio-GPC-008,2026,Medicine - 5 January (E),Microbiology,Bacteriology,Gram‑positive cocci,Which organ experiences the most serious effect of diphtheria?,Tonsils,Larynx,Heart,Kidneys,,C,"<div class=""explanation-container""><div class=""explanation-text""><div style=""color:#16a34a;font-weight:800;margin-bottom:6px;"">✔ Correct Answer: Heart</div><div style=""margin-bottom:8px;""><b>Explanation:</b> The most serious effect of diphtheria is myocarditis due to its exotoxin affecting cardiac muscle.</div><div style=""margin-bottom:10px;padding:8px 10px;background:#ecfdf5;border-left:4px solid #16a34a;border-radius:6px;""><b>Clinical Pearl:</b> Diphtheria toxin can cause fatal arrhythmias.</div><br><div style=""color:#dc2626;margin-bottom:4px;""><b>✘ Tonsils:</b></div>Primary infection site but not most serious systemic effect.<br><br><div style=""color:#dc2626;margin-bottom:4px;""><b>✘ Larynx:</b></div>Can cause obstruction but less lethal than myocarditis.<br><br><div style=""color:#dc2626;margin-bottom:4px;""><b>✘ Kidneys:</b></div>Not primary target of toxin.</div></div></div>"
Microbio-Bacterio-GPC-009,2026,Medicine - 5 January (E),Microbiology,Bacteriology,Gram‑positive cocci,Pathogenicity of Corynebacterium diphtheriae occurs exclusively when the bacteria:,Forms spores,Is encapsulated,Produces exotoxin,Is gram-negative,,C,"<div class=""explanation-container""><div class=""explanation-text""><div style=""color:#16a34a;font-weight:800;margin-bottom:6px;"">✔ Correct Answer: Produces exotoxin</div><div style=""margin-bottom:8px;""><b>Explanation:</b> Corynebacterium diphtheriae becomes pathogenic only when infected by a bacteriophage that enables exotoxin production.</div><div style=""margin-bottom:10px;padding:8px 10px;background:#ecfdf5;border-left:4px solid #16a34a;border-radius:6px;""><b>Clinical Pearl:</b> Diphtheria toxin inhibits protein synthesis via EF-2 inactivation.</div><br><div style=""color:#dc2626;margin-bottom:4px;""><b>✘ Forms spores:</b></div>Not a spore-forming organism.<br><br><div style=""color:#dc2626;margin-bottom:4px;""><b>✘ Is encapsulated:</b></div>Capsule is not main virulence factor.<br><br><div style=""color:#dc2626;margin-bottom:4px;""><b>✘ Is gram-negative:</b></div>It is gram-positive.</div></div></div>"
Microbio-Bacterio-Infec-001,2026,Medicine - 7 January (M),Microbiology,Bacteriology,Infections,A patient develops pain and crepitus 2 days after a thigh injury. The most likely pathogen is:,Staphylococcus aureus,Streptococcus pyogenes,Clostridium perfringens,Pseudomonas aeruginosa,,C,
Microbio-Bacterio-Menin-001,2026,Gynecology - 6 January (M),Microbiology,Bacteriology,Meningitis,A patient presents with meningitis. CSF culture shows a gram-negative oxidase-positive diplococcus. What is the organism?,Hemophilus influenzae,Neisseria meningitidis,Escherichia Coli,Pseudomonas Aeruginosa,Klebsiella Pneumoniae,B,
CM-Biostat-DS-001,2026,Gynecology - 7 January (E),Community Medicine,Biostatistics,Descriptive Statistics,Which graph is best used to represent continuous data such as height?,Pie chart,Bar graph,Histogram,Scatter plot,,C,
CM-Biostat-DS-002,2026,Radiology - 6 January (M),Community Medicine,Biostatistics,Descriptive Statistics,"To find mean in height of 10 people about 33,36,36,38,45,42,40,52,36,47",40,40.5,42,45,43,B,Mean = (33+36+36+38+45+42+52+36+47)/10 = 405/10 = 40.5
CM-Biostat-DS-003,2026,Gynecology - 6 January (M),Community Medicine,Biostatistics,Descriptive Statistics,"To find mean in height of 10 people about 33,36,36,38,45,42,40,52,36,47",40,40.5,42,45,43,B,- Mean = (33+36+36+38+45+42+40+52+36+47) / 10<br>- = 405 / 10 = 40.5
CM-Biostat-DS-004,2026,Surgery - 7 January (E),Community Medicine,Biostatistics,Descriptive Statistics,"In a normal distribution, which statistical measures are equal?",Mean and SD,Median and range,"Mean, median, mode",Mode and variance,Mean and skewness,C,
CM-Biostat-Epidem-001,2026,Gynecology - 7 January (E),Community Medicine,Biostatistics,Epidemiology,"In a community with population of 10,00,000 (one million), there were 100,000 females in child bearing age and 100,000 children were born alive in the year 2000. A total of 50 women died due to pregnancy and related causes. The maternal mortality rate is:",5/1000 females,5/1000 live births,5/10000 population,50/1000 females,50/1000 live births,C,
CM-Biostat-Epidem-002,2026,Gynecology - 6 January (M),Community Medicine,Biostatistics,Epidemiology,In a community with population of 1000000 (1 million) there 100000 females in childbearing age and 100000 children were born live in the year 2000. A total of 50 women died due to pregnancy and related causes. The maternal mortality rate of this community is?,5/1000 live births,50/1000 live births,5//10000 population,50/1000 females,5/1000 females,C,
CM-Biostat-Epidem-003,2026,Gynecology - 5 January (M),Community Medicine,Biostatistics,Epidemiology,What is the relative risk of the drug group compared to placebo?,0.60%,0.80%,0.10%,0.20%,,,
CM-Biostat-Graph-001,2026,Gynecology - 5 January (M),Community Medicine,Biostatistics,Graph,"A postgraduate trainee is preparing a research report and wants to represent continuous numerical data such as height, weight, or blood pressure distribution. Which method of graphical representation will use?",Histogram,Bar char,Segmental bar chart,,,A,Histogram is used for continuous data frequency distribution.
CM-Biostat-IS-001,2026,Surgery - 6 January (E),Community Medicine,Biostatistics,Inferential Statistics,A researcher raises the confidence level from 95% to 99%. What effect does this have on the confidence interval?,Point estimate increases,Confidence interval becomes wider,Confidence interval becomes narrower,No change in confidence interval,,B,
CM-Biostat-Sample-001,2026,Medicine - 6 January (E),Community Medicine,Biostatistics,Sampling Methods,Population was divided according to age into groups and sub groups that randomly people were selected:,Random sampling,Quota sampling,Biased simple sampling,Stratified sampling,,D,
CM-Biostat-study-001,2026,Gynecology - 7 January (E),Community Medicine,Biostatistics,Study Design,"After a wedding, several guests develop food poisoning. Investigators compare those who ate specific menu items versus those who did not to identify the source. What type of study is this?",Case-control study,Cohort study,Cross-sectional study,Randomized controlled trial,,B,"In a cohort study, participants are classified based on exposure status (e.g., food consumed, and followed to determine the outcome (e.g., food poisoning). This is typical in foodborne outbreak investigations."
CM-Biostat-study-002,2026,Surgery - 6 January (E),Community Medicine,Biostatistics,Study Design,"The population was divided into age-based groups and subgroups, and individuals were randomly selected from each group.",Stratified sampling,Convenience sampling,Random sampling,Quota sampling,,A,
CM-Biostat-study-003,2026,Radiology - 6 January (M),Community Medicine,Biostatistics,Study Design,Population was divided according to age into groups and sub groups than randomly people were selected:,Random sampling,Quota sampling,Biased Simple sampling,Stratified sampling,,D,
Ana-CVS-Aorta-001,2026,Surgery - 7 January (E),Anatomy,Cardiovascular System,Aorta,A mass near the sternoclavicular region suspected to be an aortic aneurysm is protected from rupture by:,Elastic lamina,Elastic fibers,Skeletal muscles,Smooth muscles,,A,
Ana-CVS-Aorta-002,2026,Surgery - 6 January (E),Anatomy,Cardiovascular System,Aorta,Bronchial arteries most commonly arise from the descending thoracic aorta.,Femoral artery,Third intercostal artery,Descending aorta,Second posterior intercostal artery,,C,
Ana-CVS-Cardiac Function-001,2026,Gynecology - 6 January (M),Anatomy,Cardiovascular System,Cardiac Function,Referred pain from the heart is carried mainly by which structure?,Visceral pleura,Parietal pleura,Parietal layer of serous pericardium,Phrenic nerve,,D,
Ana-CVS-Coronary Circulation-001,2026,Medicine - 8 January (M),Anatomy,Cardiovascular System,Coronary Circulation,"During coronary angiography, occlusion of a vessel supplying the cardiac pacemaker is noted. In approximately 60% of individuals, this vessel originates from which artery?",Left circumflex artery,Right coronary artery,Left anterior descending artery,Posterior descending artery,,B,
Ana-CVS-Coronary Circulation-002,2026,Medicine - 7 January (M),Anatomy,Cardiovascular System,Coronary Circulation,The major blood supply of the interventricular septum is via the:,Circumflex artery,Anterior interventricular (LAD) artery,Right marginal artery,Poster descending artery,,B,
Ana-CVS-Coronary Circulation-003,2026,Medicine - 8 January (M),Anatomy,Cardiovascular System,Coronary Circulation,Which artery arises from the left aortic sinus and supplies the anterior interventricular septum?,Left coronary artery,Right coronary artery,Circumflex artery,Posterior interventricular artery,,A,
Ana-CVS-Coronary Circulation-004,2026,Medicine - 8 January (M),Anatomy,Cardiovascular System,Coronary Circulation,Which statement correctly describes the origin and a major branch of the left coronary artery?,Arises from the right coronary sinus; gives off the posterior interventricular artery,Arises from the left coronary sinus; gives off the anterior interventricular artery,Arises from the pulmonary trunk; gives off the circumflex artery,Arises from the left coronary sinus; gives off the posterior interventricular artery,,B,
Ana-CVS-Heart-001,2026,Surgery - 7 January (E),Anatomy,Cardiovascular System,Heart,"During cardiac imaging, a stent is placed in the part of the heart containing a muscular band that connects the interventricular septum to the anterior papillary muscle of the right ventricle. What is the name of this structure?",Chordae tendineae,Papillary muscle,Moderator band,Trabeculae carneae,Interventricular septum,C,"The moderator band is a muscular band in the right ventricle. It carries a branch of the right bundle of His, helping in conduction and coordination of RV contraction. Key landmark in right ventricular anatomy; often relevant during procedures like stent placement or cardiac imaging."
Ana-CVS-Heart-002,2026,Gynecology - 7 January (E),Anatomy,Cardiovascular System,Heart,"In approximately 60% of individuals, the sinoatrial (SA) node is supplied by which coronary artery?",Right coronary artery (RCA),Left anterior descending artery (LAD),Left circumflex artery (LCx),Posterior descending artery,Left main coronary artery,A,
Ana-CVS-Heart-003,2026,Radiology - 5 January (M),Anatomy,Cardiovascular System,Heart,Left ventricle and majority of interventricular septum is supplied by:,Right coronary artery,Left circumflex,Left anterior descending (LAD),Posterior descending artery,,C,
Ana-CVS-Heart-004,2026,Radiology - 6 January (M),Anatomy,Cardiovascular System,Heart,A patient develops acute mitral regurgitation after a myocardial infarction. Echocardiography shows rupture of the posterior-medial papillary muscle. Which artery most likely supplied this muscle?,Left anterior descending artery,Left circumflex artery,Right coronary artery,Posterior descending artery,,C,"Posterior-medial papillary muscle is supplied solely by the right coronary artery (RCA). In most individuals. Anterolateral papillary muscle has dual blood supply (LAD + LCx), so it is less prone to rupture. Acute papillary muscle rupture → sudden severe mitral regurgitation, pulmonary edema, cardiogenic shock."
Ana-CVS-Heart-005,2026,Surgery - 6 January (E),Anatomy,Cardiovascular System,Heart,Which cardiac chamber most commonly compresses the esophagus when pathologically enlarged?,Chordae tendineae,Right atrium,Left atrium,Left ventricle,,C,
Ana-CVS-Heart-006,2026,Radiology - 6 January (M),Anatomy,Cardiovascular System,Heart,Which cardiac structure most commonly compresses the esophagus in pathology?,Right atrium,Right ventricle,Left atrium,Left ventricle,,C,
Ana-CVS-Heart-007,2026,Anesthesia - 5 January (M),Anatomy,Cardiovascular System,Heart,A patient has a stab wound at the right 4th to 6th intercostal space adjacent to the sternum. Which structure is most likely pierced?,Purkinje fibers,Right ventricle,Left atrium,Left ventricle,Auricle,B,"The right ventricle lies most anteriorly in the chest, beneath the sternum and lower right sternal border.<br>A stab wound at right 4th–6th intercostal space is more likely to puncture the right ventricle than the atria or left ventricle.<br>Left-sided structures are more protected by the sternum and ribs."
Ana-CVS-Heart-008,2026,Anesthesia - 5 January (M),Anatomy,Cardiovascular System,Heart,A patient presents with a stab wound just lateral to the sternum on the left side at the sixth intercostal space. Which structure is most likely damaged?,Superior vena cava,Aorta,Pericardium,4th rib,Left ventricle (Apex area),E,
Ana-CVS-Heart-009,2026,Medicine - 6 January (E),Anatomy,Cardiovascular System,Heart,Which cardiac structure commonly compresses esophagus in pathology?,Right atrium,Right ventricle,Left atrium,Left ventricle,,C,
Ana-CVS-Heart-010,2026,Medicine - 6 January (E),Anatomy,Cardiovascular System,Heart,A stab wound is inflicted just below the xiphoid process at the level of the 6th intercostal space. Which structure is most likely injured?,Abdominal aorta,Inferior vena cava,Portal vein,Superior vena cava,,B,
Ana-CVS-Heart-011,2026,Surgery - 6 January (E),Anatomy,Cardiovascular System,Heart,A stab wound is located just below the xiphoid process at the level of the sixth intercostal space. Which structure is most likely injured?,Portal vein,Abdominal aorta,Femoral artery,Inferior vena cava,,D,
Ana-CVS-Pericardium-001,2026,Medicine - 5 January (E),Anatomy,Cardiovascular System,Pericardium,What is the standard approach for pericardiocentesis?,2nd ics,5th intercostal space mid axillary line,5th Left intercostal space close to sternal angle,Between 5th and 6th intercostal space,,C,"<div class=""explanation-container""><div class=""explanation-text""><div style=""color:#16a34a;font-weight:800;margin-bottom:6px;"">✔ Correct Answer: 5th left intercostal space close to sternal border</div><div style=""margin-bottom:8px;""><b>Explanation:</b> The parasternal approach to pericardiocentesis is performed at the left 5th intercostal space close to the sternum, where the pericardial sac is accessible without traversing the lung when done correctly.</div><div style=""margin-bottom:10px;padding:8px 10px;background:#ecfdf5;border-left:4px solid #16a34a;border-radius:6px;""><b>Clinical Pearl:</b> Parasternal (5th ICS) is the classic landmark-based exam answer for pericardiocentesis when ultrasound guidance is not mentioned.</div><br><div style=""color:#dc2626;margin-bottom:4px;""><b>✘ 2nd intercostal space:</b></div>Too superior; not related to pericardial access.<br><br><div style=""color:#dc2626;margin-bottom:4px;""><b>✘ 5th intercostal space mid axillary line:</b></div>Used for chest tube insertion, not pericardiocentesis.<br><br><div style=""color:#dc2626;margin-bottom:4px;""><b>✘ Between 5th and 6th intercostal space:</b></div>Not a recognized standard pericardiocentesis landmark.</div></div></div>"
Ana-CVS-Pericardium-002,2026,Radiology - 5 January (M),Anatomy,Cardiovascular System,Pericardium,"A 45-year-old male presents with severe, sharp, retrosternal chest pain that worsens on inspiration and lying down, and is relieved by leaning forward. On auscultation, a friction rub is heard. Which structure is primarily involved?",Fibrous pericardium,Parietal pericardium,Myocardium,Epicardium,,B,
Ana-CVS-Pericardium-003,2026,Radiology - 6 January (M),Anatomy,Cardiovascular System,Pericardium,Signs of pericarditis such as sharp chest pain relieved by sitting forward were given. The question was asked: which layer is pain sensitive?,Myocardium,Endocardium,Fibrous pericardium,Parietal pericardium,Visceral pericardium,D,"The pain of pericarditis is due to irritation of the parietal pericardium, which is pain sensitive because it is supplied by the phrenic nerve."
Ana-CVS-Pericardium-004,2026,Anesthesia - 5 January (M),Anatomy,Cardiovascular System,Pericardium,A 30-year-old man presents with sharp pleuritic chest pain that worsens on inspiration and when lying supine and is relieved by sitting forward. A pericardial friction rub is heard. Chest pain in this condition is due to inflammation of which pericardial layer?,Fibrous pericardium,Parietal layer of serous pericardium,Myocardium,Endocardium,Subendocardial layer,B,
Embryo-CVS-CHD-001,2026,Surgery - 6 January (E),Embryology,Cardiovascular System,Congenital Heart Disease,A 2-day-old infant with cyanosis is diagnosed with transposition of the great arteries. Which finding best explains the pathophysiology?,Mitral valve prolapse,Aorta is on the right side of the heart,Aorta overlaps pulmonary artery,Pulmonary artery arises from the left ventricle,,D,
Embryo-CVS-CHD-002,2026,Gynecology - 7 January (E),Embryology,Cardiovascular System,Congenital Heart Disease,A patient has an atrial septal defect (ASD) involving the foramen ovale. It is:,Ostium primum ASD,Ostium secundum ASD,Sinus venosus ASD,Ventricular septal Defect,,B,
Histo-CVS-Aorta-001,2026,Gynecology - 7 January (E),Histology,Cardiovascular System,Aorta,A mass near the sternoclavicular region suspected to be an aortic aneurysm is protected from rupture by:,Elastic lamina,Elastic fibers,Skeletal muscles,Smooth muscles,,A,
Med-CVS-Arrhythmias-001,2026,Medicine - 6 January (E),Medicine,Cardiovascular System,Arrhythmias,"A 20-year-old female on long-term thyroxine develops arrhythmia and is treated. Later she develops fatigue, lethargy, and cold intolerance. Drug responsible:",Verapamil,Adenosine,Amiodarone,Thyroxine,,C,
Med-CVS-Arrhythmias-002,2026,Medicine - 6 January (E),Medicine,Cardiovascular System,Arrhythmias,A patient with paroxysmal SVT needs prophylactic treatment. Which drug is preferred?,Adenosine,Verapamil,Amiodarone,Beta-blocker,,D,Prefer Beta-blocker > Verapamil
Med-CVS-Arrhythmias-003,2026,Medicine - 6 January (E),Medicine,Cardiovascular System,Arrhythmias,"A patient with narrow QRS, regular rhythm SVT should be treated acutely with:",Adenosine,Verapamil,Amiodarone,Digoxin,,,Prefer Adenosine > Verapamil > Beta blocker > Amiodarone
Med-CVS-Arrhythmias-004,2026,Medicine - 5 January (E),Medicine,Cardiovascular System,Arrhythmias,"In a 60 year old patient with absent P waves and an irregularly irregular ventricular rhythm in ECG due to long-standing mitral stenosis, what causes the irregular RR intervals?",Fixed AV nodal conduction delay,Increased parasympathetic tone on SA node,"Random, chaotic atrial depolarization",Increased ventricular pacemaker activity,,C,"<div class=""explanation-container""><div class=""explanation-text""><div style=""color:#16a34a;font-weight:800;margin-bottom:6px;"">✔ Correct Answer: Random, chaotic atrial depolarization</div><div style=""margin-bottom:8px;""><b>Explanation:</b> Atrial fibrillation causes disorganized atrial activity leading to irregular AV conduction and irregularly irregular RR intervals.</div><div style=""margin-bottom:10px;padding:8px 10px;background:#ecfdf5;border-left:4px solid #16a34a;border-radius:6px;""><b>Clinical Pearl:</b> No P waves + irregular RR = AF.</div><br><div style=""color:#dc2626;margin-bottom:4px;""><b>✘ Fixed AV delay:</b></div>Would produce regular rhythm.<br><br><div style=""color:#dc2626;margin-bottom:4px;""><b>✘ Increased parasympathetic tone:</b></div>Affects rate, not rhythm pattern.<br><br><div style=""color:#dc2626;margin-bottom:4px;""><b>✘ Ventricular pacemaker:</b></div>Not primary cause.</div></div></div>"
Med-CVS-Arrhythmias-005,2026,Gynecology - 5 January (M),Medicine,Cardiovascular System,Arrhythmias,A patient with supraventricular tachycardia is given a drug that acts on both SA node and AV node. Which drug has this property?,Amiodarone,Verapamil,Digoxin,Adenosine,,B,Verapamil (non-dihydropyridine CCB) acts on SA and AV nodes.
Med-CVS-Arrhythmias-006,2026,Surgery - 7 January (E),Medicine,Cardiovascular System,Arrhythmias,A patient with severe asthma is admitted and develops supraventricular tachycardia (SVT). Which of the following is the best initial drug to terminate the arrhythmia?,Amiodarone,Adenosine,Verapamil,Lidocaine,Digoxin,B,
Med-CVS-Arrhythmias-007,2026,Surgery - 7 January (E),Medicine,Cardiovascular System,Arrhythmias,"A 60 year old patient with a known history of atrial fibrillation presents to the ER. He appears hemodynamically stable, but he complains of sudden shortness of breath, and you notice blood coming out of his mouth (hemoptysis). What is the most appropriate next investigation?",D-Dimer,CT Pulmonary angiography,Chest X-Ray,Arterial Blood Gas,,B,
Med-CVS-Cardiovascular Risk-001,2026,Radiology - 5 January (M),Medicine,Cardiovascular System,Cardiovascular Risk,"After myocardial infarction, non-cardiac surgery can be safely performed after:",0–3 months,3–6 months,6–12 months,1–2 years,,C,
Med-CVS-Cardiovascular Risk-002,2026,Gynecology - 5 January (M),Medicine,Cardiovascular System,Cardiovascular Risk,Women are relatively protected from cardiovascular disease during reproductive age due to the effect of:,Progesterone,Estrogen,Prolactin,Oxytocin,,B,Estrogen improves lipid profile and vascular function.
Med-CVS-CHD-001,2026,Surgery - 7 January (E),Medicine,Cardiovascular System,Congenital Heart Disease,Notching on CXR is seen in:,Aortic arch aneurysm,Pre ductal coarctation of Aorta,Post ductal coarctation of Aorta,Bicuspid Aortic Valve,,C,Notching on CXR due to dilated intercostals arteries eroding the lower borders of ribs.
Med-CVS-HF-001,2026,Medicine - 7 January (M),Medicine,Cardiovascular System,Heart Failure,"A patient presenting with heart failure, pulmonary edema, and basilar crackles is best managed with:",ACE inhibitors,Beta-blockers,Loop diuretics,Digoxin,,C,
Med-CVS-HF-002,2026,Radiology - 6 January (M),Medicine,Cardiovascular System,Heart Failure,"A 55-year-old patient presents with fatigue, shortness of breath, and lower limb swelling. On examination, the patient has raised jugular venous pressure, pedal edema, and cardiomegaly on chest X-ray. Which condition is most likely responsible?",Dilated cardiomyopathy,Hypertrophic cardiomyopathy,Restrictive cardiomyopathy,Constrictive pericarditis,,A,
Med-CVS-HF-003,2026,Gynecology - 6 January (M),Medicine,Cardiovascular System,Heart Failure,A patient with congestive cardiac failure is receiving standard heart failure medications. He develops muscle weakness without any history of trauma. Which drug is most likely responsible?,ACE inhibitors,Beta blockers,Loop diuretics,Thiazide diuretics,Digoxin,C,"Loop cause hypokalemia, leading to muscle weakness."
Med-CVS-HF-004,2026,Medicine - 8 January (M),Medicine,Cardiovascular System,Heart Failure,A patient with acute shortness of breath due to pulmonary edema is placed in an upright sitting position. What is the rationale for this positioning?,Cardiogenic pulmonary edema,Hypovolemic shock,Pulmonary embolism,Spinal trauma,,A,
Med-CVS-Infective Endocarditis-001,2026,Surgery - 7 January (E),Medicine,Cardiovascular System,Infective Endocarditis,"In a patient with suspected infective endocarditis, when should blood cultures be taken in relation to antibiotic therapy?",After completing the full antibiotic course,After the first dose of antibiotics,At the time of antibiotic administration,Before starting antibiotics (multiple sets from separate venipuncture sites),Only after fever subsides,D,"In suspected infective endocarditis, blood cultures must be obtained before initiating antibiotics, ideally as three separate sets from different venipuncture sites to detect persistent bacteremia and maximize diagnostic accuracy."
Med-CVS-Infective Endocarditis-002,2026,Surgery - 7 January (E),Medicine,Cardiovascular System,Infective Endocarditis,"A patient presents with fever, purulent wound discharge, and signs of systemic infection. Infective endocarditis is suspected. What is the best investigation to confirm the diagnosis?",ESR,CRP,Echocardiography,Blood culture and sensitivity,Complete blood count (CBC),D,Blood cultures are the gold standard for diagnosing infective endocarditis. Multiple sets from separate venipunctures before starting antibiotics maximize yield. Echocardiography helps detect vegetations but does not confirm causative organism.
Med-CVS-IHD-001,2026,Gynecology - 7 January (E),Medicine,Cardiovascular System,Ischemic Heart Disease,A patient had a myocardial infarction 3 years ago. What ECG change is expected?,ST elevation,T-wave inversion,Abnormal Q waves,Normal ECG,PR prolongation,C,Old myocardial infarction results in persistent pathological Q waves on ECG.
Med-CVS-IHD-002,2026,Anesthesia - 5 January (M),Medicine,Cardiovascular System,Ischemic Heart Disease,Inferior wall myocardial infarction — vessel involved is,Right Coronary Artery,Left interventricular artery,Marginal artery,Left circumflex artery,,A,
Med-CVS-IHD-003,2026,Medicine - 7 January (M),Medicine,Cardiovascular System,Ischemic Heart Disease,A patient is diagnosed with ST elevation MI. The immediate cause of the transmural myocardial ischemia is the rupture of an atherosclerotic plaque leading to the formation of:,Venous thromboembolism,Lipid deposition in the intima,Coronary Artery vasospasm,Arterial thrombus,,D,Rupture of atherosclerotic plaque leads to thrombus formation causing STEMI.
Med-CVS-IHD-004,2026,Surgery - 7 January (E),Medicine,Cardiovascular System,Ischemic Heart Disease,Which coronary artery is most commonly thromboed in myocardial infarction (MI)?,Left Anterior Descending (LAD) artery,Right Coronary Artery (RCA),Left Circumflex artery (LCX),Posterior Descending artery (PDA),,A,
Med-CVS-IHD-005,2026,Gynecology - 6 January (M),Medicine,Cardiovascular System,Ischemic Heart Disease,"A patient presents with severe chest pain radiating to the jaw. ECG confirms acute myocardial infarction, and PCI is performed to restore blood flow. Before reperfusion, which metabolic process had already occurred in ischemic myocardial cells?",Increased oxidative phosphorylation,Complete ATP synthesis,Aerobic glycolysis,Anaerobic glycolysis,Fatty acid oxidation,D,"Ischemia leads to deprivation, forcing myocardial cells to rely on anaerobic glycolysis."
Med-CVS-IHD-006,2026,Surgery - 7 January (E),Medicine,Cardiovascular System,Ischemic Heart Disease,A patient had a myocardial infarction 3 years ago. What ECG change is expected?,ST elevation,T-wave inversion,Pathological Q waves,Normal ECG,PR prolongation,C,Old myocardial infarction results in persistent pathological Q waves on ECG.
Med-CVS-IHD-007,2026,Surgery - 7 January (E),Medicine,Cardiovascular System,Ischemic Heart Disease,A patient with an acute myocardial infarction develops hypotension and signs of right ventricular failure. Which coronary artery is most likely involved?,Left anterior descending artery (LAD),Left circumflex artery (LCX),Right coronary artery (RCA),Posterior descending artery (PDA),Left main coronary artery,C,"The right coronary artery (RCA, supplies the right ventricle (RV) in about 85% of people (right-dominant circulation).<br>RV infarction reduces RV pumping ability → less blood to left heart → decreased preload → hypotension despite normal or elevated left ventricular function."
Med-CVS-Lipid Disorders-001,2026,Gynecology - 6 January (M),Medicine,Cardiovascular System,Lipid Disorders,A patient with ischemic heart disease presents with muscle weakness and myalgia without any trauma. He is taking long-term medication for dyslipidemia. Which drug is most likely responsible?,Aspirin,Clopidogrel,Atenolol,Rosuvastatin,Nitrates,D,Statins can cause myopathy and muscle weakness due to muscle toxicity.
Med-CVS-Pericardium-001,2026,Gynecology - 5 January (M),Medicine,Cardiovascular System,Pericardium,A patient with acute pericarditis complains of chest pain. The pain is due to involvement of which pericardial layer?,Fibrous pericardium,Parietal pericardium,Visceral pericardium,,,B,Parietal pericardium is pain-sensitive (phrenic nerve).
Med-CVS-Preventive Cardiology-001,2026,Medicine - 6 January (E),Medicine,Cardiovascular System,Preventive Cardiology,A patient with previous MI is advised to modify diet along with medication. Which nutrient should be decreased?,Unsaturated fat,Saturated fat,Carbohydrate,Protein,,B,Reducing saturated fat helps lower LDL cholesterol and prevent further atherosclerotic events.
Med-CVS-Preventive Cardiology-002,2026,Surgery - 6 January (E),Medicine,Cardiovascular System,Preventive Cardiology,A patient with a prior myocardial infarction is advised to modify diet in addition to medications. Which nutrient should be reduced?,Unsaturated fat,Vitamin C,Saturated fat,Protein,,C,
Med-CVS-Rheumatic Fever-001,2026,Gynecology - 6 January (M),Medicine,Cardiovascular System,Rheumatic Fever,"A 10-year-old boy presents with fever and migratory joint pain involving the knees and ankles. He had a sore throat 3 weeks ago that resolved without treatment. On examination, his joints are warm and tender without deformity. Cardiac auscultation reveals a soft systolic murmur. Laboratory investigations show elevated ESR. Which of the following findings represents a minor criterion for the diagnosis of acute rheumatic fever?",Subcutaneous nodules,Sydenham chorea,Raised C-reactive protein (CRP),Pancarditis,Erythema marginatum,C,"According to the Jones criteria, minor criteria include fever, arthralgia, raised ESR or CRP, and prolonged PR interval. Major criteria include carditis, migratory polyarthritis, chorea, erythema marginatum, and subcutaneous nodules."
Med-CVS-Shock-001,2026,Medicine - 6 January (E),Medicine,Cardiovascular System,Shock,A patient with 35% burn injuries presents with hypovolemia. What type of shock is most likely?,Septic shock,Cardiogenic shock,Hypovolemic shock,Neurogenic shock,,C,Burns cause massive plasma loss leading to hypovolemic shock.
Med-CVS-Shock-002,2026,Gynecology - 6 January (M),Medicine,Cardiovascular System,Shock,A patient is in septicemia and does not respond to fluid resuscitation?,Hypovolemic shock,Cardiogenic shock,Refractory septic shock,Neurogenic shock,Obstructive shock,C,"Refractory septic shock is sepsis with hypotension unresponsive to fluid resuscitation, requiring vasopressors."
Med-CVS-Shock-003,2026,Medicine - 5 January (E),Medicine,Cardiovascular System,Shock,"After being diagnosed with E. coli bacteremia, a patient develops high-grade fever, chills, and confusion, later collapsing. He requires ICU transfer. What is the most likely complication?",Cardiogenic shock,Hypovolemic shock,Septic shock,Anaphylactic shock,,C,"<div class=""explanation-container""><div class=""explanation-text""><div style=""color:#16a34a;font-weight:800;margin-bottom:6px;"">✔ Correct Answer: Septic shock</div><div style=""margin-bottom:8px;""><b>Concept:</b> Sepsis progression</div><div style=""margin-bottom:8px;""><b>Explanation:</b> E. coli bacteremia can trigger systemic inflammatory response leading to vasodilation, hypotension, and organ dysfunction. The presence of confusion and collapse indicates septic shock.</div><div style=""margin-bottom:10px;padding:8px 10px;background:#ecfdf5;border-left:4px solid #16a34a;border-radius:6px;""><b>Clinical Pearl:</b> Infection + hypotension + altered mental state = septic shock.</div><br><div style=""color:#dc2626;margin-bottom:4px;""><b>✘ Cardiogenic shock:</b></div>Due to pump failure, not infection.<br><br><div style=""color:#dc2626;margin-bottom:4px;""><b>✘ Hypovolemic shock:</b></div>Due to fluid loss like hemorrhage.<div style=""color:#dc2626;margin-bottom:4px;""><br><b>✘ Anaphylactic shock:</b></div>IgE-mediated allergic reaction, not infection.</div></div></div>"
Med-CVS-Shock-004,2026,Medicine - 5 January (E),Medicine,Cardiovascular System,Shock,"An elderly woman presenting with infection, hypotension, tachycardia, and hypoxia most likely has:",Cardiogenic shock,Hypovolemic shock,Septic shock,Neurogenic shock,,C,"<div class=""explanation-container""><div class=""explanation-text""><div style=""color:#16a34a;font-weight:800;margin-bottom:6px;"">✔ Correct Answer: Septic shock</div><div style=""margin-bottom:8px;""><b>Explanation:</b> Infection with hypotension, tachycardia, and hypoxia indicates septic shock due to systemic inflammatory response and vasodilation.</div><div style=""margin-bottom:10px;padding:8px 10px;background:#ecfdf5;border-left:4px solid #16a34a;border-radius:6px;""><b>Clinical Pearl:</b> Septic shock = infection + hypotension despite fluids.</div><br><div style=""color:#dc2626;margin-bottom:4px;""><b>✘ Cardiogenic shock:</b></div>Due to pump failure, not infection.<br><br><div style=""color:#dc2626;margin-bottom:4px;""><b>✘ Hypovolemic shock:</b></div>Due to fluid loss, not infection.<br><br><div style=""color:#dc2626;margin-bottom:4px;""><b>✘ Neurogenic shock:</b></div>Due to loss of sympathetic tone.</div></div></div>"
Med-CVS-Shock-005,2026,Medicine - 6 January (E),Medicine,Cardiovascular System,Shock,"A patient presents with fever, chills, dysuria, and hypotension in ICU. Probable cause:",DIC,Septic shock,Pulmonary embolism,Respiratory distress,,B,
Med-CVS-Shock-006,2026,Gynecology - 5 January (M),Medicine,Cardiovascular System,Shock,A patient with sepsis remains hypotensive despite adequate intravenous fluid resuscitation and requires vasopressors. This condition is best defined as:,Hypovolemic shock,Cardiogenic shock,Septic shock,Neurogenic shock,,C,
Med-CVS-Shock-007,2026,Surgery - 6 January (E),Medicine,Cardiovascular System,Shock,"A patient in the ICU has fever, chills, dysuria, and hypotension. What is the most likely diagnosis?",Respiratory distress,Acute gout,Septic shock,DIC,,C,
Med-CVS-Shock-008,2026,Gynecology - 6 January (M),Medicine,Cardiovascular System,Shock,"A diabetic patient presents with a foot ulcer, high-grade fever, hypotension, and altered mental status. What type of shock is most likely?",Hypovolemic shock,Cardiogenic shock,Neurologic shock,Septic shock,Anaphylactic shock,D,
Med-CVS-Shock-009,2026,Radiology - 6 January (M),Medicine,Cardiovascular System,Shock,"Patient presents with fever, chills, dysuria, and hypotension in ICU. Probable cause:",DIC,Septic shock,Pulmonary embolism,Respiratory distress,,B,
Med-CVS-Shock-010,2026,Radiology - 6 January (M),Medicine,Cardiovascular System,Shock,"A diabetic patient presents with a foot ulcer, high-grade fever, hypotension, and altered mental status. What type of shock is most likely?",Hypovolemic shock,Cardiogenic shock,Neurologic shock,Septic shock,Anaphylactic shock,D,
Med-CVS-T&E-001,2026,Gynecology - 5 January (M),Medicine,Cardiovascular System,Thrombosis & Embolism,Systemic arterial emboli are most likely to arise from which site?,Right atrial mural thrombosis,Left atrial mural thrombosis,Systemic venous thrombosis,Left ventricular mural thrombosis,,D,LV mural thrombi post-MI embolize systemically.
Med-CVS-T&E-002,2026,Medicine - 7 January (M),Medicine,Cardiovascular System,Thrombosis & Embolism,Primary site of DVT:,Pulmonary artery,Pulmonary vein,Abdominal veins,Calf deep veins,,D,
Med-CVS-T&E-003,2026,Gynecology - 5 January (M),Medicine,Cardiovascular System,Thrombosis & Embolism,"A postoperative patient develops sudden dyspnea, chest pain, and tachycardia. The most likely cause is:",Atelectasis,Pneumonia,Thrombembolism,Pulmonary edema,,C,Post-surgical immobilization increases risk of pulmonary embolism.
Med-CVS-T&E-004,2026,Gynecology - 5 January (M),Medicine,Cardiovascular System,Thrombosis & Embolism,"A 50-year-old patient has recurrent pulmonary embolism, leg swelling for 4 months, right heart enlargement on X-ray, and pleural effusion. The most likely underlying cause is:",Rheumatoid arthritis,Hypercoagulable state,Heart failure,Chronic kidney disease,,B,Recurrent PTB with right heart strain suggests hypercoagulable state or renal chromobosis; RA alone does not usually cause recurrent PTE.
Med-CVS-Valvular Heart Disease-001,2026,Medicine - 5 January (E),Medicine,Cardiovascular System,Valvular Heart Disease,A machinery-like murmur in a child is likely due to:,Aortic Stenosis,Mitral Stenosis,Mitral Valve Prolapse,Patent Ductus Arteriosis,Pulmonary Stenosis,D,"<div class=""explanation-container""><div class=""explanation-text""><div style=""color:#16a34a;font-weight:800;margin-bottom:6px;"">✔ Correct Answer: PDA</div><div style=""margin-bottom:8px;""><b>Explanation:</b> A machinery-like continuous murmur in a child is classic for patent ductus arteriosus due to continuous flow between aorta and pulmonary artery.</div><div style=""margin-bottom:10px;padding:8px 10px;background:#ecfdf5;border-left:4px solid #16a34a;border-radius:6px;""><b>Clinical Pearl:</b> Continuous “machinery” murmur = PDA until proven otherwise.</div><br><div style=""color:#dc2626;margin-bottom:4px;""><b>✘ AS:</b></div>Systolic ejection murmur, not continuous.<br><br><div style=""color:#dc2626;margin-bottom:4px;""><b>✘ MS:</b></div>Diastolic rumbling murmur, not machinery.<br><br><div style=""color:#dc2626;margin-bottom:4px;""><b>✘ MVP:</b></div>Mid-systolic click with late systolic murmur.<br><br><div style=""color:#dc2626;margin-bottom:4px;""><b>✘ PS:</b></div>Systolic murmur from right ventricular outflow obstruction.</div></div></div>"
Microbio-CVS-Infec-001,2026,Medicine - 5 January (E),Microbiology,Cardiovascular System,Infections,"What is the most likely causative organism for a patient presenting with fever, nail petechiae, conjunctival hemorrhages, and tricuspid valve involvement?",Streptococcus viridans,Staphylococcus aureus,Klebsiella,Enterococcus,,B,"<div class=""explanation-container""><div class=""explanation-text""><div style=""color:#16a34a;font-weight:800;margin-bottom:6px;"">✔ Correct Answer: Staphylococcus aureus</div><div style=""margin-bottom:8px;""><b>Explanation:</b> Staphylococcus aureus commonly causes acute infective endocarditis involving the tricuspid valve, especially with peripheral signs like petechiae.</div><div style=""margin-bottom:10px;padding:8px 10px;background:#ecfdf5;border-left:4px solid #16a34a;border-radius:6px;""><b>Clinical Pearl:</b> Right-sided endocarditis = think IV drug use + S. aureus.</div><br><div style=""color:#dc2626;margin-bottom:4px;""><b>✘ Streptococcus viridans:</b></div>Subacute endocarditis, usually left-sided.<br><br><div style=""color:#dc2626;margin-bottom:4px;""><b>✘ Klebsiella:</b></div>Not a common cause of endocarditis.<br><br><div style=""color:#dc2626;margin-bottom:4px;""><b>✘ Enterococcus:</b></div>Associated with GI procedures, not typical presentation.</div></div></div>"
Microbio-CVS-Infec-002,2026,Medicine - 5 January (E),Microbiology,Cardiovascular System,Infections,What is the most likely pathogen in a patient with tricuspid valve infective endocarditis and petechiae on the sclera and gingiva?,Streptococcus viridans,Enterococcus,Staphylococcus aureus,HACEK organisms,,C,"<div class=""explanation-container""><div class=""explanation-text""><div style=""color:#16a34a;font-weight:800;margin-bottom:6px;"">✔ Correct Answer: Staphylococcus aureus</div><div style=""margin-bottom:8px;""><b>Explanation:</b> Tricuspid valve endocarditis is most commonly caused by Staphylococcus aureus, especially in IV drug users.</div><div style=""margin-bottom:10px;padding:8px 10px;background:#ecfdf5;border-left:4px solid #16a34a;border-radius:6px;""><b>Clinical Pearl:</b> Right-sided endocarditis → Staph aureus.</div><br><div style=""color:#dc2626;margin-bottom:4px;""><b>✘ Streptococcus viridans:</b></div>Subacute IE of left heart.<br><br><div style=""color:#dc2626;margin-bottom:4px;""><b>✘ Enterococcus:</b></div>Seen in elderly/GU procedures.<br><br><div style=""color:#dc2626;margin-bottom:4px;""><b>✘ HACEK:</b></div>Rare cause.</div></div></div>"
Microbio-CVS-Infec-003,2026,Medicine - 5 January (E),Microbiology,Cardiovascular System,Infections,Following what specific type of infection does acute rheumatic fever typically develop?,Group B Streptococcus pharyngitis,Group A Streptococcus pharyngitis,Staphylococcus aureus skin infection,Mycoplasma pneumonia,,B,"<div class=""explanation-container""><div class=""explanation-text""><div style=""color:#16a34a;font-weight:800;margin-bottom:6px;"">✔ Correct Answer: Group A Streptococcus pharyngitis</div><div style=""margin-bottom:8px;""><b>Explanation:</b> Acute rheumatic fever follows untreated Group A Streptococcus pharyngitis due to immune cross-reactivity.</div><div style=""margin-bottom:10px;padding:8px 10px;background:#ecfdf5;border-left:4px border:#16a34a;border-radius:6px;""><b>Clinical Pearl:</b> GAS throat infection → rheumatic fever risk.</div><br><div style=""color:#dc2626;margin-bottom:4px;""><b>✘ Group B Streptococcus:</b></div>Neonatal infections.<br><br><div style=""color:#dc2626;margin-bottom:4px;""><b>✘ Staphylococcus aureus:</b></div>Skin and soft tissue infections.<br><br><div style=""color:#dc2626;margin-bottom:4px;""><b>✘ Mycoplasma pneumonia:</b></div>Atypical pneumonia.</div></div></div>"
Patho-CVS-Atherosclerosis-001,2026,Gynecology - 6 January (M),Pathology,Cardiovascular System,Atherosclerosis,What is the initial step in atherosclerosis?,Endothelial injury,Platelet aggregation,Fibrinogen polymerization,Platelet migration,,A,"Atherosclerosis, the underlying disease process that leads to MI, begins with damage or dysfunction of the vascular endothelium, the inner lining of the artery."
Patho-CVS-Rheumatic Fever-001,2026,Medicine - 5 January (E),Pathology,Cardiovascular System,Rheumatic Fever,Which mechanism explains a child developing migratory polyarthritis and carditis 2-3 weeks after a sore throat?,Direct bacterial invasion of tissues,Endotoxin-mediated inflammation,Molecular mimicry between streptococcal antigens and host tissues,Immune complex deposition in joints.,,C,"<div class=""explanation-container""><div class=""explanation-text""><div style=""color:#16a34a;font-weight:800;margin-bottom:6px;"">✔ Correct Answer: Molecular mimicry between streptococcal antigens and host tissues</div><div style=""margin-bottom:8px;""><b>Explanation:</b> Rheumatic fever occurs due to cross-reactive antibodies against streptococcal M protein that attack heart and joints.</div><div style=""margin-bottom:10px;padding:8px 10px;background:#ecfdf5;border-left:4px border:#16a34a;border-radius:6px;""><b>Clinical Pearl:</b> Post-strep → autoimmune cross-reaction.</div><br><div style=""color:#dc2626;margin-bottom:4px;""><b>✘ Direct invasion:</b></div>Not autoimmune mechanism.<br><br><div style=""color:#dc2626;margin-bottom:4px;""><b>✘ Endotoxin-mediated:</b></div>Gram-negative mechanism.<br><br><div style=""color:#dc2626;margin-bottom:4px;""><b>✘ Immune complex deposition:</b></div>Seen in post-strep glomerulonephritis.</div></div></div>"
Patho-CVS-Rheumatic Fever-002,2026,Medicine - 5 January (E),Pathology,Cardiovascular System,Rheumatic Fever,Which cardiac valve is most frequently involved in rheumatic heart disease?,Aortic valve,Pulmonary valve,Mitral valve,Tricuspid valve,,C,"<div class=""explanation-container""><div class=""explanation-text""><div style=""color:#16a34a;font-weight:800;margin-bottom:6px;"">✔ Correct Answer: Mitral valve</div><div style=""margin-bottom:8px;""><b>Explanation:</b> Rheumatic heart disease most commonly affects the mitral valve, leading to stenosis or regurgitation.</div><div style=""margin-bottom:10px;padding:8px 10px;background:#ecfdf5;border-left:4px solid #16a34a;border-radius:6px;""><b>Clinical Pearl:</b> Mitral valve is the primary target in RHD.</div><br><div style=""color:#dc2626;margin-bottom:4px;""><b>✘ Aortic valve:</b></div>Second most commonly affected.<br><br><div style=""color:#dc2626;margin-bottom:4px;""><b>✘ Pulmonary valve:</b></div>Rare involvement.<br><br><div style=""color:#dc2626;margin-bottom:4px;""><b>✘ Tricuspid valve:</b></div>Usually spared.</div></div></div>"
Patho-CVS-Shock-001,2026,Medicine - 7 January (M),Pathology,Cardiovascular System,Shock,Difference between anaphylactic shock and hypovolemic shock:,Heart rate decreases vs increases,Cardiac output increased vs decreased,BP Increases vs Decreases,Fever present vs Absent,,B,Anaphylactic shock causes vasodilation and distributive collapse while hypovolemic shock reduces volume leading to compensatory tachycardia.<br><br>Shock is inadequate organ perfusion and can be reversible early but life-threatening if untreated.
Patho-CVS-Shock-002,2026,Gynecology - 6 January (M),Pathology,Cardiovascular System,Shock,Shock is best defined as:,Severe hypotension,Decreased cardiac output,Hypoperfusion of tissues,Hypoxia only,Metabolic acidosis,C,
Patho-CVS-Shock-003,2026,Medicine - 6 January (E),Pathology,Cardiovascular System,Shock,A patient in prolonged shock develops multiple organ failure. What is the primary mechanism?,Toxic injury,Hypoxic injury,Chemical injury,Immune injury,,B,
Patho-CVS-Shock-004,2026,Surgery - 6 January (E),Pathology,Cardiovascular System,Shock,"After prolonged shock, a patient develops failure of multiple organs. What is the primary underlying mechanism?",Toxic injury,Psychogenic injury,Immune injury,Hypoxic injury,,D,
Patho-CVS-Shock-005,2026,Gynecology - 7 January (E),Pathology,Cardiovascular System,Shock,Septic shock with tachycardia is characterized by:,Decreased cardiac output,Increased cardiac output with decreased SVR,Bradycardia,Normal heart rate,,B,Septic shock is warm shock with increased CO and decreased systemic vascular resistance.
Patho-CVS-Shock-006,2026,Surgery - 7 January (E),Pathology,Cardiovascular System,Shock,"A trauma patient presents with blunt injury to the left side of the chest. He is hypotensive, tachycardia, with distended neck veins and muffled heart sounds. Although cardiogenic shock could be suspected, the clinical findings indicate a type of shock caused by mechanical obstruction to circulation. Which type of shock is this?",Septic,Hypovolemic,Cardiogenic,Obstructive shock,Neurogenic,D,
Patho-CVS-Shock-007,2026,Surgery - 7 January (E),Pathology,Cardiovascular System,Shock,"A patient presents with severe hypotension, rapid weak pulse, cold and clammy skin, and markedly reduced urine output. Based on the severity of these signs, which stage of shock is this?",Stage 1 – Initial (compensated),Stage 2 – Compensated,Stage 3 – Decompensated,Stage 4 – Refractory,Cannot determine,C,"Decompensated stage: Severe hypotension, Tachycardia, Oliguria/anuria, Cold clammy pale skin, Altered mental status. Early stages (1–2) may have normal BP or mild tachycardia, but stage 3 indicates organ perfusion is critically compromised."
Patho-CVS-Valvular Heart Disease-001,2026,Gynecology - 5 January (M),Pathology,Cardiovascular System,Valvular Heart Disease,A gross specimen shows thickened stiff aortic valve cusp in a patient with aortic stenosis. Degeneration of which connective tissue component is primarily involved?,Elastin,Myosin,Collagen,Actin,,A,
Patho-CVS-Valvular Heart Disease-002,2026,Surgery - 6 January (E),Pathology,Cardiovascular System,Valvular Heart Disease,"In degenerative aortic stenosis, which valve structural protein is most affected?",Collagen,Elastin,Hemoglobin,Troponin,,B,
Patho-CVS-Valvular Heart Disease-003,2026,Medicine - 6 January (E),Pathology,Cardiovascular System,Valvular Heart Disease,"In aortic stenosis due to degenerative changes, which protein is primarily affected in the valve structure?",Collagen,Elastin,Actin,Troponin,,B,
Peads-CVS-CHD-001,2026,Medicine - 7 January (M),Pediatrics,Cardiovascular System,Congenital Heart Disease,The most common cause of PDA is:,Maternal diabetes,Prematurity,Congenital rubella,Chromosomal anomalies,,B,
Peads-CVS-CHD-002,2026,Medicine - 8 January (M),Pediatrics,Cardiovascular System,Congenital Heart Disease,A neonate develops a continuous machinery murmur 48 hours after birth. Murmur disappears after giving indomethacin. What was the diagnosis?,Ventricular septal defect,Atrial septal defect,Patent ductus arteriosus,Coarctation of aorta,,C,
Peads-CVS-CHD-003,2026,Gynecology - 5 January (M),Pediatrics,Cardiovascular System,Congenital Heart Disease,A preterm neonate develops a continuous machinery murmur shortly after birth. What is the most common cause of this condition?,Drugs,Infection,Prematurity,Autoimmunity,,C,PDA is most commonly associated with prematurity due to delayed ductal closure.
Peads-CVS-CHD-004,2026,Medicine - 6 January (E),Pediatrics,Cardiovascular System,Congenital Heart Disease,"2-day-old child with cyanosis, diagnosed as transposition of great arteries. Pathophysiology:",Pulmonary artery arises from left ventricle,Aorta is on right side of heart,Aorta overlaps pulmonary artery,Pulmonary stenosis,,A,"In TGA, aorta arises from RV and pulmonary artery from LV."
Peads-CVS-CHD-005,2026,Surgery - 7 January (E),Pediatrics,Cardiovascular System,Congenital Heart Disease,Ductus arteriosus that fails to close after birth results in a condition that is:,Obliterated,Fibrosed,Atretic,Patent,Ruptured,D,
Peads-CVS-Rheumatic Fever-001,2026,Radiology - 5 January (M),Pediatrics,Cardiovascular System,Rheumatic Fever,A child develops joint pain weeks after throat infection and has a murmur radiating to axilla. This is:,Rheumatoid arthritis,Rheumatic fever,Septic arthritis,Juvenile idiopathic arthritis,,B,Post-streptococcal rheumatic fever can cause migratory arthritis and mitral valve involvement.
Peads-CVS-Rheumatic Fever-002,2026,Radiology - 6 January (M),Pediatrics,Cardiovascular System,Rheumatic Fever,"A 10-year-old boy presents with fever and migratory joint pain involving the knees and ankles. He had a sore throat 3 weeks ago that resolved without treatment. On examination, his joints are warm and tender without deformity. Cardiac auscultation reveals a soft systolic murmur. Laboratory investigations show elevated ESR. Which of the following findings represents a minor criterion for the diagnosis of acute rheumatic fever?",Subcutaneous nodules,Sidenham chorea,Raised C-reactive protein (CRP),Pancarditis,Erythema marginatum,C,"According to the Jones criteria, minor criteria include fever, arthralgia, raised ESR or CRP, and prolonged PR interval. Major criteria include carditis, migratory polyarthritis, chorea, erythema marginatum, and subcutaneous nodules."
Pharm-CVS-Antiarrhythmics & Inotropes-001,2026,Surgery - 6 January (E),Pharmacology,Cardiovascular System,Antiarrhythmics & Inotropes,"A 20-year-old woman taking long-term thyroxine develops an arrhythmia that is treated with a medication; afterward she has fatigue, lethargy, and cold intolerance. Which drug is responsible?",Vitamin C,Amiodarone,Verapamil,Thyroxine,,B,
Pharm-CVS-Antiarrhythmics & Inotropes-002,2026,Medicine - 5 January (E),Pharmacology,Cardiovascular System,Antiarrhythmics & Inotropes,On which part of the heart does digoxin primarily act?,AV node,SA node,Myocardial Na+/K+ ATPase,Purkinje fibers,,C,"<div class=""explanation-container""><div class=""explanation-text""><div style=""color:#16a34a;font-weight:800;margin-bottom:6px;"">✔ Correct Answer: Myocardial Na+/K+ ATPase</div><div style=""margin-bottom:8px;""><b>Explanation:</b> Digoxin inhibits Na+/K+ ATPase in cardiac myocytes, increasing intracellular calcium and contractility.</div><div style=""margin-bottom:10px;padding:8px 10px;background:#ecfdf5;border-left:4px solid #16a34a;border-radius:6px;""><b>Clinical Pearl:</b> Increased intracellular Ca²⁺ improves contractility.</div><br><div style=""color:#dc2626;margin-bottom:4px;""><b>✘ AV node:</b></div>Affected indirectly via vagal tone.<br><br><div style=""color:#dc2626;margin-bottom:4px;""><b>✘ SA node:</b></div>Not primary molecular target.<br><br><div style=""color:#dc2626;margin-bottom:4px;""><b>✘ Purkinje fibers:</b></div>Conductive tissue affected secondarily.</div></div></div>"
Pharm-CVS-Antiarrhythmics & Inotropes-003,2026,Medicine - 5 January (E),Pharmacology,Cardiovascular System,Antiarrhythmics & Inotropes,For which condition is lignocaine considered the drug of choice?,SVT,Atrial fibrillation,Ventricular tachycardia,Heart block,,C,"<div class=""explanation-container""><div class=""explanation-text""><div style=""color:#16a34a;font-weight:800;margin-bottom:6px;"">✔ Correct Answer: Ventricular tachycardia</div><div style=""margin-bottom:8px;""><b>Explanation:</b> Lignocaine (lidocaine) is a class IB antiarrhythmic drug used primarily for ventricular arrhythmias like ventricular tachycardia.</div><div style=""margin-bottom:10px;padding:8px 10px;background:#ecfdf5;border-left:4px solid #16a34a;border-radius:6px;""><b>Clinical Pearl:</b> Lidocaine is preferred in post-MI ventricular arrhythmias.</div><br><div style=""color:#dc2626;margin-bottom:4px;""><b>✘ SVT:</b></div>Treated with adenosine or beta-blockers.<br><br><div style=""color:#dc2626;margin-bottom:4px;""><b>✘ Atrial fibrillation:</b></div>Managed with rate/rhythm control drugs.<br><br><div style=""color:#dc2626;margin-bottom:4px;""><b>✘ Heart block:</b></div>Requires pacing, not lidocaine.</div></div></div>"
Pharm-CVS-Antiarrhythmics & Inotropes-004,2026,Medicine - 5 January (E),Pharmacology,Cardiovascular System,Antiarrhythmics & Inotropes,Into which pharmacological classification does digoxin fall?,Alkaloid,Glycoside,Peptide,Steroid,,B,"<div class=""explanation-container""><div class=""explanation-text""><div style=""color:#16a34a;font-weight:800;margin-bottom:6px;"">✔ Correct Answer: Glycoside</div><div style=""margin-bottom:8px;""><b>Explanation:</b> Digoxin is a cardiac glycoside that inhibits Na⁺/K⁺ ATPase, increasing intracellular calcium and cardiac contractility.</div><div style=""margin-bottom:10px;padding:8px 10px;background:#ecfdf5;border-left:4px solid #16a34a;border-radius:6px;""><b>Clinical Pearl:</b> Digoxin = positive inotrope + AV nodal suppression.</div><br><div style=""color:#dc2626;margin-bottom:4px;""><b>✘ Alkaloid:</b></div>Plant-derived nitrogen compounds, not digoxin class.<br><br><div style=""color:#dc2626;margin-bottom:4px;""><b>✘ Peptide:</b></div>Protein-based drugs.<br><br><div style=""color:#dc2626;margin-bottom:4px;""><b>✘ Steroid:</b></div>Lipid-based hormones.</div></div></div>"
Pharm-CVS-Antiarrhythmics & Inotropes-005,2026,Surgery - 6 January (E),Pharmacology,Cardiovascular System,Antiarrhythmics & Inotropes,"In acute management of a regular, narrow‑QRS supraventricular tachycardia, which medication is indicated?",Insulin,Amiodarone,Adenosine,Verapamil,,C,
Pharm-CVS-Antiarrhythmics & Inotropes-006,2026,Surgery - 6 January (E),Pharmacology,Cardiovascular System,Antiarrhythmics & Inotropes,A patient with recurrent paroxysmal supraventricular tachycardia requires prophylactic treatment. Which drug is preferred?,Adenosine,Beta-blocker,Insulin,Verapamil,,B,
Pharm-CVS-Antiarrhythmics & Inotropes-007,2026,Gynecology - 7 January (E),Pharmacology,Cardiovascular System,Antiarrhythmics & Inotropes,"In SVT, first-line acute management includes:",Valsalva maneuver,Adenosine IV,Valsalva followed by adenosine if unsuccessful,Immediate cardioversion,,C,
Pharm-CVS-Antiarrhythmics & Inotropes-008,2026,Radiology - 5 January (M),Pharmacology,Cardiovascular System,Antiarrhythmics & Inotropes,A hyperthyroid patient with tremors and arrhythmias takes an antiarrhythmic drug and gains weight. Which drug is most likely causing these effects?,Propranolol,Digoxin,Amiodarone,Lidocaine,,C,
Pharm-CVS-Antiarrhythmics & Inotropes-009,2026,Anesthesia - 5 January (M),Pharmacology,Cardiovascular System,Antiarrhythmics & Inotropes,"A 58-year-old woman with hypothyroidism well-controlled on levothyroxine presented with atrial fibrillation. She was managed and sent home. Six weeks later, she complained of fatigue, cold intolerance, weight gain, and constipation. Which of the following drugs is responsible for this new condition?",Levothyroxine,Amiodarone,Sotalol,Thiazide diuretic,Verapamil,B,
Pharm-CVS-Antiarrhythmics & Inotropes-010,2026,Anesthesia - 5 January (M),Pharmacology,Cardiovascular System,Antiarrhythmics & Inotropes,Which drug acts on both SA and AV nodes to decrease heart rate?,Digoxin,Adenosine,Bisoprolol (Beta-blocker),Flecainide,Amlodipine,C,"Bisoprolol is a β1-selective adrenergic blocker.<br>It slows heart rate by acting on the SA node and reduces conduction through the AV node, making it effective for treating tachyarrhythmias."
Pharm-CVS-Antiarrhythmics & Inotropes-011,2026,Medicine - 7 January (M),Pharmacology,Cardiovascular System,Antiarrhythmics & Inotropes,Hypokalemia increases the risk of toxicity of which of the following drugs?,ACE inhibitors,Beta-blockers,Digoxin,Calcium supplements,,C,
Pharm-CVS-Antiarrhythmics & Inotropes-012,2026,Medicine - 8 January (M),Pharmacology,Cardiovascular System,Antiarrhythmics & Inotropes,"A 45 year old patient with newly diagnosed hyperthyroidism presents with palpitations. On examination, the pulse is irregularly irregular. Which of the following is the first line drug to control his heart rate?",Digoxin,Amiodarone,Beta-blockers,Calcium channel blockers,,C,
Pharm-CVS-Antiarrhythmics & Inotropes-013,2026,Surgery - 7 January (E),Pharmacology,Cardiovascular System,Antiarrhythmics & Inotropes,Which of the following is the primary mechanism of action of digoxin?,Beta-blockade,Vasodilation,Inhibition of Na⁺/K⁺-ATPase,Calcium channel blockade,Diuretic effect,C,
Pharm-CVS-Antiarrhythmics & Inotropes-014,2026,Gynecology - 5 January (M),Pharmacology,Cardiovascular System,Antiarrhythmics & Inotropes,Digoxin exerts its effect by blocking which of the following?,Sodium-calcium-potassium pump,Sodium-potassium pump,Sodium-chloride pump,,,B,Digoxin inhibits Na+/K+-ATPase → increased intracellular Ca2+.
Pharm-CVS-Antiarrhythmics & Inotropes-015,2026,Gynecology - 7 January (E),Pharmacology,Cardiovascular System,Antiarrhythmics & Inotropes,Digoxin is a glycoside obtained from:,Plant source (Digitalis),Animal source,Synthetic source,Bacterial source,,A,"Digoxin is a cardiac glycoform Digitalis purpurea (foxglove plant). Reference: Katzung Pharmacology, Hari Cardiovascular System"
Pharm-CVS-Antiarrhythmics & Inotropes-016,2026,Radiology - 5 January (M),Pharmacology,Cardiovascular System,Antiarrhythmics & Inotropes,Digoxin mechanism of action:,Inhibit Na/K ATPase pump,Beta-blockade,Calcium channel blockade,ACE inhibition,,A,
Pharm-CVS-Antiarrhythmics & Inotropes-017,2026,Anesthesia - 5 January (M),Pharmacology,Cardiovascular System,Antiarrhythmics & Inotropes,Which channel/pump is inhibited by digoxin?,Sodium-potassium ATPase,Sodium channel,Potassium channels,Phosphorus channels,Calcium channels,A,
Pharm-CVS-Antihypertensives & Antianginal-001,2026,Medicine - 8 January (M),Pharmacology,Cardiovascular System,Antihypertensives & Antianginal,A patient undergoing thyroidectomy for a toxic nodule develops tachycardia and hypertension intraoperatively. Which drug is preferred for short-term control?,Labetalol,Propranolol,Esmolol,Metoprolol,,C,
Pharm-CVS-Antihypertensives & Antianginal-002,2026,Gynecology - 5 January (M),Pharmacology,Cardiovascular System,Antihypertensives & Antianginal,A common adverse effect of ACE inhibitors is:,Hypokalemia,Hyperkalemia,Hypernatremia,Metabolic alkalosis,,B,ACE inhibitors reduce aldosterone → potassium retention.
Pharm-CVS-Antihypertensives & Antianginal-003,2026,Medicine - 5 January (E),Pharmacology,Cardiovascular System,Antihypertensives & Antianginal,"For a sweating patient with chest pain, ST elevation, normal troponins, and suspected coronary vasospasm, which drug is best?",Digoxin,Beta-blockers,Verapamil,Captopril,,C,"<div class=""explanation-container""><div class=""explanation-text""><div style=""color:#16a34a;font-weight:800;margin-bottom:6px;"">✔ Correct Answer: Verapamil</div><div style=""margin-bottom:8px;""><b>Explanation:</b> Coronary vasospasm (Prinzmetal angina) is best treated with calcium channel blockers like verapamil, which relax coronary smooth muscle and relieve spasm.</div><div style=""margin-bottom:10px;padding:8px 10px;background:#ecfdf5;border-left:4px solid #16a34a;border-radius:6px;""><b>Clinical Pearl:</b> Variant angina = transient ST elevation + normal troponins.</div><br><div style=""color:#dc2626;margin-bottom:4px;""><b>✘ Digoxin:</b></div>Used in heart failure and arrhythmias, not vasospasm.<br><br><div style=""color:#dc2626;margin-bottom:4px;""><b>✘ Beta-blockers:</b></div>May worsen vasospasm due to unopposed alpha activity.<br><br><div style=""color:#dc2626;margin-bottom:4px;""><b>✘ Captopril:</b></div>ACE inhibitor, not useful for acute coronary spasm.</div></div></div>"
Pharm-CVS-Antihypertensives & Antianginal-004,2026,Medicine - 5 January (E),Pharmacology,Cardiovascular System,Antihypertensives & Antianginal,Which class of antihypertensives is preferred for pharmacologic treatment in a patient with left ventricular hypertrophy?,Calcium channel blockers,ACE inhibitors,Beta-blockers,Diuretics,,B,"<div class=""explanation-container""><div class=""explanation-text""><div style=""color:#16a34a;font-weight:800;margin-bottom:6px;"">✔ Correct Answer: ACE inhibitors</div><div style=""margin-bottom:8px;""><b>Explanation:</b> ACE inhibitors reduce afterload and prevent/remodel left ventricular hypertrophy.</div><div style=""margin-bottom:10px;padding:8px 10px;background:#ecfdf5;border-left:4px solid #16a34a;border-radius:6px;""><b>Clinical Pearl:</b> ACE inhibitors = regression of LVH.</div><br><div style=""color:#dc2626;margin-bottom:4px;""><b>✘ Calcium channel blockers:</b></div>Less effective for LVH regression.<br><br><div style=""color:#dc2626;margin-bottom:4px;""><b>✘ Beta-blockers:</b></div>Control HR but less effect on LVH.<br><br><div style=""color:#dc2626;margin-bottom:4px;""><b>✘ Diuretics:</b></div>Reduce volume, not remodeling.</div></div></div>"
Pharm-CVS-Antihypertensives & Antianginal-005,2026,Medicine - 7 January (M),Pharmacology,Cardiovascular System,Antihypertensives & Antianginal,"In a patient taking captopril, an inhibitor, which effect on the heart is expected?",Increased heart rate,Increased stroke volume,Decreased myocardial contractility,Increased afterload,,B,
Pharm-CVS-Antihypertensives & Antianginal-006,2026,Radiology - 5 January (M),Pharmacology,Cardiovascular System,Antihypertensives & Antianginal,Adverse effect of ACE inhibitors:,Hyperkalemia,Hypokalemia,Hyponatremia,Hypocalcemia,,A,
Pharm-CVS-Antihypertensives & Antianginal-007,2026,Anesthesia - 5 January (M),Pharmacology,Cardiovascular System,Antihypertensives & Antianginal,Which of the following is used to control high blood pressure during surgery?,MgSO₄,Hydralazine,IV Nitroglycerin / Nitroprusside,Diazepam,,C,
Pharm-CVS-Antihypertensives & Antianginal-008,2026,Anesthesia - 5 January (M),Pharmacology,Cardiovascular System,Antihypertensives & Antianginal,A hypertensive patient abruptly stopped one antihypertensive drug and started another. He developed severe headache and rebound hypertension. Which drug was most likely stopped?,Amlodipine,Furosemide,Enalapril,Methyldopa,Clonidine (or Beta-blocker),E,Sudden withdrawal of methyldopa causes rebound hypertension.
Pharm-CVS-Antihypertensives & Antianginal-009,2026,Anesthesia - 5 January (M),Pharmacology,Cardiovascular System,Antihypertensives & Antianginal,48-year-old woman presents with “worst headache of life”; CT shows subarachnoid hemorrhage. Which drug is used in this condition?,Nimodipine,Mannitol,Furosemide,Nifedipine,Verapamil,A,
Pharm-CVS-Antihypertensives & Antianginal-010,2026,Medicine - 8 January (M),Pharmacology,Cardiovascular System,Antihypertensives & Antianginal,A patient taking sildenafil for erectile dysfunction should avoid which drug due to risk of severe hypotension?,Nitrates,ACE inhibitors,Beta-blockers,Calcium channel blockers,,A,
Pharm-CVS-Lipid‑Lowering Drugs-001,2026,Radiology - 6 January (M),Pharmacology,Cardiovascular System,Lipid‑Lowering Drugs,A 55-year-old patient on antihyperlipidemic therapy complains of difficulty standing from a chair and walking.,Niacin,Atorvastatin,Fibrates,Gemfibrozil,,B,"Statins (Atorvastatin) → risk of myopathy, myalgia, and rarely rhabdomyolysis. Fibrates cause myopathy too but less common when monotherapy."
Pharm-CVS-Lipid‑Lowering Drugs-002,2026,Radiology - 6 January (M),Pharmacology,Cardiovascular System,Lipid‑Lowering Drugs,A patient with ischemic heart disease presents with muscle weakness and myalgia without any trauma. He is taking long-term medication for dyslipidemia. Which drug is most likely responsible?,Aspirin,Clopidogrel,Atenolol,Rosuvastatin,Nitrates,D,Statins can cause myopathy and muscle weakness due to muscle toxicity.
Pharm-CVS-Lipid‑Lowering Drugs-003,2026,Medicine - 8 January (M),Pharmacology,Cardiovascular System,Lipid‑Lowering Drugs,"Which drug lowers serum triglycerides by activating PPAR-α, increasing fatty acid oxidation and lipoprotein lipase activity?",Gemfibrozil,Atorvastatin,Ezetimibe,Niacin,Cholesteramine,A,"Anti-Hyperlipidemic drugs: Statins (Atorvastatin, rosuvastatin) reduce cholesterol synthesis by inhibiting HMG CoA Reductase; Fibrates (Clofibrate, Gemfibrozil) increase lipoprotein lipase activity and break down VLDL; Bile acid binding resins (Cholestyramine, colestipol) reduce fat absorption in gut; Niacin decreases VLDL secretion, side effects include hyperuricemia and hyperglycemia; Ezetimibe decreases cholesterol absorption from gut. Key Facts: Best Raise HDL: Niacin > Fibrates > statins > Fish Oil; Best Lower LDL: Statins > Ezetimibe > Bile acid resins > Niacin; Main side effect of statins: Rhabdomyolysis & hepatotoxicity; Never give statins in pregnancy; Best Lower TGs: Fibrates > Niacin > statins; S/E of Fibrates: GIT distress/Flatulence; Bile acid sequestrants may cause Gall stones; Avoid Anti-Hyperlipidemic drugs in Liver dysfunction, Pregnancy, Biliary diseases, Gall stones."
Physio-CVS-Cardiac Cycle-001,2026,Medicine - 7 January (M),Physiology,Cardiovascular System,Cardiac Cycle,The pulmonary valve opens at approximately:,25 mmHg,8 mmHg,15 mmHg,18 mmHg,,B,Pulmonary valve opens when right ventricular pressure exceeds ~8 mmHg. <br><br> Aortic valve opens at 80mmHg.
Physio-CVS-Cardiac Cycle-002,2026,Medicine - 8 January (M),Physiology,Cardiovascular System,Cardiac Cycle,"During the cardiac cycle, at which phase do the aortic and pulmonary valves open?",Atrial systole,Isovolumetric contraction,Rapid ejection phase,Isovolumetric relaxation,,C,"Stages of cardiac cycle: Early diastole/joint diastole - AV open, semilunar closed, passive filling ~80%. Atrial systole - AV open, semilunar closed, active filling 10-40%. Isovolumetric ventricular contraction - both valves closed, volume unchanged. Ventricular ejection - AV closed, semilunar open. Isovolumetric ventricular relaxation - both valves closed, atria filling. Important Points: Highest aortic pressure in slow ejection phase. S1 occurs in isovolumic contraction. S2 occurs in isovolumic relaxation. Ejection fraction inversely proportional to ESV, directly to EDV. Normal splitting due to delayed closure of pulmonary valve. Stroke volume directly proportional to EDV, inversely to ESV. In athletes max is stroke volume."
Physio-CVS-Cardiac Function-001,2026,Radiology - 6 January (M),Physiology,Cardiovascular System,Cardiac Function,A patient has an end-diastolic volume (EDV) of 150 mL and an end-systolic volume (ESV) of 75 mL. What is the ejection fraction?,0.25,0.4,0.5,0.75,,C,Stroke Volume = EDV – ESV SV=150–75=75 mL Ejection Fraction = (Stroke Volume ÷ EDV) × 100 75ML/50ML X 100ML = 50%
Physio-CVS-Cardiac Function-002,2026,Anesthesia - 5 January (M),Physiology,Cardiovascular System,Cardiac Function,A patient has ejection fraction (EF) = 50% and end-diastolic volume (EDV) = 180 mL. What is the end-systolic volume (ESV)?,80 mL,90 mL,130 mL,120 mL,110 mL,B,
Physio-CVS-Cardiac Function-003,2026,Radiology - 5 January (M),Physiology,Cardiovascular System,Cardiac Function,"EF 50%, EDV 180 mL. What is ESV?",60 mL,90 mL,120 mL,150 mL,,B,
Physio-CVS-Cardiac Function-004,2026,Gynecology - 6 January (M),Physiology,Cardiovascular System,Cardiac Function,A patient has an end-diastolic volume (EDV) of 150 mL and an end-systolic volume (ESV) of 75 mL. What is the ejection fraction?,25%,40%,50%,75%,,C,- Stroke Volume = EDV - ESV<br>- SV = 150 - 75 = 75 mL<br>- Ejection Fraction = (Stroke Volume ÷ EDV) × 100<br>- 75/150 X 100 = 50%
Physio-CVS-Cardiac Function-005,2026,Gynecology - 5 January (M),Physiology,Cardiovascular System,Cardiac Function,Preload is primarily determined by:,Heart rate,Afterload,Venous return / end-diastolic volume,Stroke volume,,C,"Preload = EDV, depends on venous return."
Physio-CVS-Cardiac Function-006,2026,Medicine - 8 January (M),Physiology,Cardiovascular System,Cardiac Function,"In dilated cardiomyopathy, increased ventricular stretch enhances myocardial contraction via which mechanism?",Increased Na+ influx,Increased Ca2+ sensitivity of myofilaments,Decreased K+ efflux,Increased ATP production,,B,
Physio-CVS-Cardiac Function-007,2026,Gynecology - 5 January (M),Physiology,Cardiovascular System,Cardiac Function,Filtration fraction is 50% and endastolic volume is 180ML what is the end systolic volume.,90 mL,50 mL,180 mL,135 mL,,A,
Physio-CVS-Cardiac Function-008,2026,Radiology - 5 January (M),Physiology,Cardiovascular System,Cardiac Function,A girl participates in a race but stops after a few minutes as she cannot maintain cardiac output. Which factor is responsible?,Decreased ventricular filling,Decreased venous return,Increased heart rate,Increased afterload,,A,
Physio-CVS-Cardiac Function-009,2026,Medicine - 5 January (E),Physiology,Cardiovascular System,Cardiac Function,By increasing permeability to which ion does parasympathetic stimulation decrease heart rate?,Sodium,Potassium,Calcium,Chloride,,B,"<div class=""explanation-container""><div class=""explanation-text""><div style=""color:#16a34a;font-weight:800;margin-bottom:6px;"">✔ Correct Answer: Potassium</div><div style=""margin-bottom:8px;""><b>Explanation:</b> Parasympathetic stimulation opens potassium channels in the SA node, increasing K+ efflux, causing hyperpolarization and reduced heart rate.</div><div style=""margin-bottom:10px;padding:8px 10px;background:#ecfdf5;border-left:4px solid #16a34a;border-radius:6px;""><b>Clinical Pearl:</b> Vagal tone slows heart rate via K+ channel activation.</div><br><div style=""color:#dc2626;margin-bottom:4px;""><b>✘ Sodium:</b></div>Depolarization ion.<br><br><div style=""color:#dc2626;margin-bottom:4px;""><b>✘ Calcium:</b></div>Important for contraction, not primary SA node slowing.<div style=""color:#dc2626;margin-bottom:4px;""><br><b>✘ Chloride:</b></div>Not primary mechanism.</div></div></div>"
Physio-CVS-ECG-001,2026,Medicine - 5 January (E),Physiology,Cardiovascular System,ECG,Prominent U waves and T-wave inversion on an ECG most strongly suggest:,Hyperkalemia,Hypokalemia,Hypercalcemia,Hypocalcemia,,B,"<div class=""explanation-container""><div class=""explanation-text""><div style=""color:#16a34a;font-weight:800;margin-bottom:6px;"">✔ Correct Answer: Hypokalemia</div><div style=""margin-bottom:8px;""><b>Explanation:</b> Prominent U waves with T-wave inversion are classic ECG findings of hypokalemia.</div><div style=""margin-bottom:10px;padding:8px 10px;background:#ecfdf5;border-left:4px solid #16a34a;border-radius:6px;""><b>Clinical Pearl:</b> U waves = low potassium until proven otherwise.</div><br><div style=""color:#dc2626;margin-bottom:4px;""><b>✘ Hyperkalemia:</b></div>Causes peaked T waves, not U waves.<br><br><div style=""color:#dc2626;margin-bottom:4px;""><b>✘ Hypercalcemia:</b></div>Shortens QT interval.<br><br><div style=""color:#dc2626;margin-bottom:4px;""><b>✘ Hypocalcemia:</b></div>Prolongs QT interval.</div></div></div>"
Physio-CVS-Exercise Physio-001,2026,Medicine - 7 January (M),Physiology,Cardiovascular System,Exercise Physiology,"During physical exercise, which cardiovascular parameter shows a decrease?",Cardiac output,Total peripheral resistance,Heart rate,Stroke volume,,B,"Explanation: Exercise causes vasodilation in active skeletal muscles, leading to a reduction in total peripheral resistance despite increased cardiac output and heart rate"
Physio-CVS-Exercise Physio-002,2026,Medicine - 7 January (M),Physiology,Cardiovascular System,Exercise Physiology,Increased blood flow in skeletal muscles during exercise is primarily due to:,Neural factors,Local metabolites,Hormonal factors,Central command,,B,"Explanation: Local metabolites for heart: Hypoxia and adenosine. Local metabolites for brain: CO2(PH). Skin: Sympathetic stimulation. Skeletal muscles: 1) sympathetic stimulation tone during rest 2) local metabolites during exercise CO2, H+, Adenosine, Lactate, K+"
Physio-CVS-Exercise Physio-003,2026,Medicine - 7 January (M),Physiology,Cardiovascular System,Exercise Physiology,"In athletes, which cardiovascular parameter shows a permanent increase as a result of long-term training?",Heart rate,Stroke volume,Total peripheral resistance,Blood pressure,,B,Explanation: Increase stroke volume and decrease HR in athlete
Physio-CVS-Exercise Physio-004,2026,Anesthesia - 5 January (M),Physiology,Cardiovascular System,Exercise Physiology,"In a long marathon runner, cardiac output becomes limited primarily due to:",Less ventricular filling time (due to high HR),Less venous return,More venous return,Decreased heart rate,,A,
Physio-CVS-HF-001,2026,Surgery - 7 January (E),Physiology,Cardiovascular System,Heart Failure,"A 62 years old patient of congestive heart failure presented with dyspnea and orthopnea, the mechanism of pulmonary edema in case of CHF is which of the following?",Increased plasma colloid osmotic pressure,Decreased plasma colloid osmotic pressure,Decreased hydrostatic pressure,Increased hydrostatic pressure,Increased permeability of pulmonary vasculature,D,
Physio-CVS-Heart Sounds-001,2026,Medicine - 8 January (M),Physiology,Cardiovascular System,Heart Sounds,S1 heart sound is described as:,"Low frequency, low pitch","High frequency, high pitch","Low frequency, high pitch","High frequency, low pitch",,A,"Heart Sound: S1 - Vibrations set up by sudden closure of AV valves at start of ventricular systole, during isovolumetric contraction. Long & soft LUBB, Duration 0.15 s, Frequency 25-45 Hz, Best heard over mitral and tricuspid area, Single group of 9-13 waves, Coincides with peak of R wave. S2 - Vibrations associated with closure of semilunar valves just at onset of ventricular diastole. Short, loud high pitched DUBB, Duration 0.12 s, Frequency 50 Hz, Best heard over aortic and pulmonary area, Single group of 4-6 waves same amplitude, Coincides with end of T wave. S3 - Vibrations set up in cardiac wall by inrush of blood during rapid filling phase of ventricular diastole. Short, soft low pitched, Duration 0.1 s, Normally cannot be heard by auscultation, 1-4 waves grouped together, Appears between T and P waves. S4 - Vibrations set up during atrial systole coincides with last rapid filling phase of ventricular diastole. Short, low pitched, Duration 0.03 s, Frequency 3 Hz, Normally cannot be heard by auscultation, 1-2 waves very low amplitude, Coincides with interval between end of P wave and onset of Q wave."
Physio-CVS-Hemodynamics-001,2026,Anesthesia - 5 January (M),Physiology,Cardiovascular System,Hemodynamics,A patient presents with: <br>Capillary hydrostatic pressure (Pc) = 20mmHg <br>Capillary oncotic pressure (xc) = 5 mmHg <br>Interstitial hydrostatic pressure (Pi) = 5 mmHg <br>Interstitial oncotic pressure (xi) = 20 mmHg <br>What is the net filtration pressure?,10,15,20,25,30,A,
Physio-CVS-Hemodynamics-002,2026,Anesthesia - 5 January (M),Physiology,Cardiovascular System,Hemodynamics,Invasive arterial blood pressure monitoring using an arterial line works on the principle of a Wheatstone bridge. Which of the following best explains how blood pressure is converted into an electrical signal in this system?,Compression of a mercury column,Stretch-induced change in electrical resistance of strain gauges,Generation of voltage by piezoelectric crystals,Change in capacitance between two metal plates,Optical detection of arterial wall movement,B,
Physio-CVS-Hemodynamics-003,2026,Medicine - 7 January (M),Physiology,Cardiovascular System,Hemodynamics,Venous return increases during which phase of respiration?,Expiration,Inspiration,Valsalva maneuver,Apnea,,B,
Physio-CVS-Hemodynamics-004,2026,Medicine - 7 January (M),Physiology,Cardiovascular System,Hemodynamics,The Dicrotic notch seen on:,ECG,Arterial waveform,Venous waveform,Pulmonary pressure curve,,B,
Physio-CVS-Hemodynamics-005,2026,Medicine - 7 January (M),Physiology,Cardiovascular System,Hemodynamics,Infex of TPR,CVP,MAP,Pulse Pressure,Systolic BO,Diastolic BP,E,TPR correlates best with diastolic BP.
Physio-CVS-Hemodynamics-006,2026,Medicine - 7 January (M),Physiology,Cardiovascular System,Hemodynamics,"Despite changes in systemic pressure, blood flow remains relatively constant due to autoregulation. This phenomenon most characteristic of which organ?",Kidney,Heart,Brain,Liver,,C,
Physio-CVS-Hypertension-001,2026,Surgery - 7 January (E),Physiology,Cardiovascular System,Hypertension,Stimulation of the aortic arch chemoreceptors leads to which change?,Increased pCO₂,Decreased pO₂,Decreased pCO₂,Increased blood pressure,Bradycardia,E,
Physio-CVS-Jugular Venous Pulse-001,2026,Gynecology - 7 January (E),Physiology,Cardiovascular System,Jugular Venous Pulse,The c-wave on a JVP tracing corresponds to which cardiac event?,Atrial contraction,Closure of atrioventricular valves,Closure of semilunar valves,Ventricular filling,Ventricular depolarization,B,The c-wave is produced by bulging of the AV valves into the atria during ventricular contraction.
Physio-CVS-Jugular Venous Pulse-002,2026,Surgery - 7 January (E),Physiology,Cardiovascular System,Jugular Venous Pulse,The c-wave on an ECG corresponds to which cardiac event?,Atrial contraction,Closure of atrioventricular valves,Closure of semilunar valves,Ventricular filling,Ventricular depolarization,B,The c-wave is produced by bulging of the AV valves into the atria during ventricular contraction.
Physio-CVS-Regional Circulation-001,2026,Medicine - 6 January (E),Physiology,Cardiovascular System,Regional Circulation,Which organ receives the highest blood flow per 100 g of tissue?,Brain,Liver,Kidney,Heart,,C,Max blood flow per minu → Liver. Least blood flow per minu → Heart. Max blood flow per 100gram of tissue → Kidney. Max O2 consumption → Liver. Least O2 consumption → Skin. Max O2 consumption per 100 gram of tissue → Heart. Max O2 extraction from the blood → Heart.
Physio-CVS-Regional Circulation-002,2026,Surgery - 6 January (E),Physiology,Cardiovascular System,Regional Circulation,"Per 100 g of tissue, which organ receives the highest blood flow?",Skin,Heart,Kidney,Brain,,C,
Radio-CVS-Aorta-001,2026,Radiology - 5 January (M),Radiology,Cardiovascular System,Aorta,Notching on X-ray in coarctation of aorta is due to:,Internal thoracic artery,Anterior intercostal artery,Aorta,Posterior intercostal arteries,,D,
Surg-CVS-Shock-001,2026,Gynecology - 5 January (M),Surgery,Cardiovascular System,Shock,A burn patient develops hypotension and shock. The underlying mechanism is:,Cardiac failure,Renal vasoconstriction,Capillary damage causing protein loss,Adrenal insufficiency,,C,
Physio-Cell Physio-Cell Cycle-001,2026,Medicine - 8 January (M),Physiology,Cell Physiology,Cell Cycle,Chromosomes are first distinctly visible under light microscope in which phase of mitosis?,Prophase,Prometaphase,Metaphase,Anaphase,,C,
Physio-Cell Physio-Cell Cycle-002,2026,Medicine - 8 January (M),Physiology,Cell Physiology,Cell Cycle,Spindle fibers attach to which part of the chromosome?,Kinetochore,Centrosome,Centromere,Chromatid,,A,
Physio-Cell Physio-Transport-001,2026,Surgery - 6 January (E),Physiology,Cell Physiology,Transport,Which ion has a higher concentration inside cells than in the extracellular fluid?,Ca2+,K+,Na+,Cl-,,B,
CM-Communicable Diseases-Onchocerciasis-001,2026,Gynecology - 5 January (M),Community Medicine,Communicable Diseases,Onchocerciasis,An annual public health program involves giving medicine to people living near river sides to prevent parasitic infection. Which drug is used?,Ivermectin,Pyrazinamide,Praziquantel,Albendazole,,A,Ivermectin used annually for onchocerciasis (river blindness).
CM-Communicable Diseases-Trachoma-001,2026,Gynecology - 5 January (M),Community Medicine,Communicable Diseases,Trachoma,Which of the following measures is most effective in preventing trachoma?,Avoid swimming pools,Frequent face washing,Vitamin E serum,Frequent toothbrushing,Corticosteroid ointment,B,SAFE strategy: Facial cleanliness reduces transmission.
CM-Communicable Diseases-Trachoma-002,2026,Radiology - 5 January (M),Community Medicine,Communicable Diseases,Trachoma,"In regions with high prevalence of trachoma, what is the most effective preventive strategy?",Vaccination,Prophylactic antibiotics,Isolation of patients,SAFE strategy,,D,"Trachoma spreads through poor hygiene and eye-hand contact. Regular washing reduces ocular discharge and transmission of Chlamydia trachomatis. Antibiotics (especially azithromycin) are used for mass drug administration in trachoma prevention as part of the SAFE strategy (fever, antibiotics, facial cleanliness, environmental improvement)."
CM-Communicable Diseases-Trachoma-003,2026,Anesthesia - 5 January (M),Community Medicine,Communicable Diseases,Trachoma,Which of the following measures is most effective in preventing trachoma?,Avoid swimming pools,Frequent face washing,Vitamin E serum,Frequent toothbrushing,Corticosteroid ointment,B,Trachoma spreads through poor hygiene and eye-hand contact. Regular face washing reduces ocular discharge and transmission of Chlamydia trachomatis.
Surg-Complications-DVT-001,2026,Medicine - 6 January (E),Surgery,Complications,DVT,A 52-year-old postoperative patient develops dyspnea. Most likely cause:,Atherosclerosis,Immobilization,Deep vein thrombosis,Myocardial infarction,,C,"Postoperative immobilization increases DVT risk, which can lead to pulmonary embolism causing dyspnea."
Surg-Complications-DVT-002,2026,Surgery - 6 January (E),Surgery,Complications,DVT,A 52-year-old postoperative patient develops acute dyspnea. What is the most likely cause?,Myocardial infarction,Deep vein thrombosis,Immobilization,Appendicitis,,B,
Embryo-Congenital Anomalies-Diaphragmatic Hernia-001,2026,Medicine - 6 January (E),Embryology,Congenital Anomalies,Diaphragmatic Hernia,"2-month-old present with severe dyspnea, on examination of x-ray left lung not visible, but coiled intestine in chest seen due to Defect in",Hiatus hernia,Pleuroperitoneal septum,Tracheoesophageal septum,Esophageal hernia,,B,Congenital diaphragmatic hernia (Bochdalek) results from failure of pleuroperitoneal membrane closure.
Embryo-Congenital Anomalies-Diaphragmatic Hernia-002,2026,Surgery - 7 January (E),Embryology,Congenital Anomalies,Diaphragmatic Hernia,A newborn with bowel loops in the thorax and severe respiratory distress most likely has:,Congenital diaphragmatic hernia (Bochdalek),Eventration of diaphragm,Hiatal hernia,Tracheoesophageal fistula,Meconium ileus,A,
Embryo-Congenital Anomalies-Diaphragmatic Hernia-003,2026,Surgery - 6 January (E),Embryology,Congenital Anomalies,Diaphragmatic Hernia,A 2-month-old infant with severe dyspnea has a chest x-ray showing absence of the left lung shadow and coiled bowel loops within the left hemithorax. Which embryologic defect explains this finding?,Pleuroperitoneal septum,Foramen ovale,Hiatus hernia,Esophageal hernia,,A,
Embryo-Congenital Anomalies-Diaphragmatic Hernia-004,2026,Gynecology - 5 January (M),Embryology,Congenital Anomalies,Diaphragmatic Hernia,During embryological development failure of separation between the peritoneal cavity and the thoracic cavity can lead to a congenital diaphragmatic hernia This defect is most commonly due to abnormal development of which structure?,Central tendon,Median arcuate ligament,Right crus,Left crus,,A,
Peads-Congenital Anomalies-Abdominal wall-001,2026,Surgery - 7 January (E),Pediatrics,Congenital Anomalies,Abdominal wall,"A newborn is noted at birth to have abdominal contents herniating through the umbilical region, covered by a membranous sac. The intestines fail to return to the abdominal cavity during fetal development. What is the most likely diagnosis?",Gastroschisis,Omphalocele,Meckel’s diverticulum,Intussusception,Volvulus,B,
Peads-Congenital Anomalies-Urachal Remnant-001,2026,Gynecology - 6 January (M),Pediatrics,Congenital Anomalies,Urachal Remnant,A child born with urine coming out from umbilicus. Doctor diagnosed this as patient lumen of allantois. Which results in which of the following?,Urachal Fistula,Urachal cyst,Urachal sinus,Extrophy of bladder,Atrophy of bladder,A,
Peads-Congenital Anomalies-Vitellointestinal Duct Remnant-001,2026,Gynecology - 5 January (M),Pediatrics,Congenital Anomalies,Vitellointestinal Duct Remnant,A newborn presents with passage of fecal matter from umbilical region. Which congenital anomaly best explains this finding?,Anal agenesis,Gastroschisis,Omphalocele,Patent vitellointestinal duct,,D,Persistence of vitellointestinal duct causes fecal discharge from umbilicus.
Med-Critical Care-ICU-001,2026,Gynecology - 7 January (E),Medicine,Critical Care,ICU,"A patient in the ICU is on a ventilator. To help with psychological adjustment, what should be done?",Explain the significance of the ventilator,Limit visits from relatives,Do not let patient speak with staff,Avoid all interaction,Sedate patient continuously,A,Psychological support includes clear communication about ventilator use to reduce anxiety and stress.
Med-Critical Care-Sepsis-001,2026,Radiology - 5 January (M),Medicine,Critical Care,Sepsis,"In a patient with SIRS, which perimeter most reliably indicates progression to septic shock?",Fever,Tachycardia,Hypotension,Leukocytosis,,C,
Med-Critical Care-Sepsis-002,2026,Gynecology - 5 January (M),Medicine,Critical Care,Sepsis,Systemic manifestations of gram-negative bacterial infection are mainly due to increased release of:,IL-2,Interferon-γ,TNF-α,Prostaglandins,,C,Endotoxin induces TNF-α leading to septic shock.
Med-Critical Care-Sepsis-003,2026,Gynecology - 5 January (M),Medicine,Critical Care,Sepsis,"A patient presents with fever, hypotension, deranged liver and renal function tests, and hypoglycemia. The most likely diagnosis is:",Diabetic ketoacidosis,Acute liver failure,Septicemia,Adrenal crisis,,C,Multiorgan dysfunction with hypoglycemia suggests septicemia.
Med-Emergency Med-Anaphylaxis-001,2026,Medicine - 8 January (M),Medicine,Emergency Medicine,Anaphylaxis,A man eats food from a restaurant and develops sudden rash over body 'and around mouth'. What is the treatment?,Adrenaline 1:1000 IV,Adrenaline 1:1000 IM,Adrenaline 1:100 IV,Antihistamines only,,B,
Med-Emergency Med-Pneumothorax-001,2026,Anesthesia - 5 January (M),Medicine,Emergency Medicine,Pneumothorax,"After laparoscopic cholecystectomy with carbon dioxide (CO2) insufflation, patient develops sudden dyspnea and absent breath sounds on one side. Diagnosis?",Pulmonay embolism,Aspiration pneumonia,Atelectasis,Pneumothorax,ARDS,D,
Med-Emergency Med-Pneumothorax-002,2026,Surgery - 7 January (E),Medicine,Emergency Medicine,Pneumothorax,Highest chance of pneumothorax occurs while passing CVP line via?,Right internal jugular vein,External jugular,Subclavian vein,Left External jugular vein,,C,
Med-Emergency Med-Pneumothorax-003,2026,Medicine - 6 January (E),Medicine,Emergency Medicine,Pneumothorax,RTA patient with decreased breath sounds and hyperresonance on right side. Likely diagnosis:,Right-sided hemothorax,Right pneumothorax,Cardiac tamponade,Pericarditis,,B,
Biochem-Endo-Hormones-001,2026,Anesthesia - 5 January (M),Biochemistry,Endocrine System,Hormones,A 27-year-old has been fasting for 72 hours. Which hormone maintains the fasting metabolic state?,Glucagon,Insulin,Epinephrine,Calcitonin,,A,
Biochem-Endo-Hormones-002,2026,Medicine - 8 January (M),Biochemistry,Endocrine System,Hormones,Androgens are steroid hormones that exert their biological effects after entering the target cell. What is the main mechanism of action of androgens?,Acting on membrane receptors,Acting via cytokine signaling,Activation of second messengers,Direct effect on ribosomes,Regulation of gene transcription,E,
Biochem-Endo-Hormones-003,2026,Medicine - 5 January (E),Biochemistry,Endocrine System,Hormones,Certain hormonal states can increase basal metabolic rate by uncoupling oxidative phosphorylation in mitochondria. Increase of which hormone can cause uncoupling of the electron transport chain?,Insulin,Cortisol,Aldosterone,Thyroxine,Growth hormone,D,"Thyroxine increases mitochondrial activity and can cause uncoupling of ETC, generating heat. Uncoupling Oxidative Phosphorylation – NE > Thyroxin > Epinephrine."
Biochem-Endo-Hormones-004,2026,Radiology - 6 January (M),Biochemistry,Endocrine System,Hormones,Cortisol has which effect?,Anabolic,Catabolic,No effect,Hepatic only,,B,
Biochem-Endo-Hormones-005,2026,Medicine - 7 January (M),Biochemistry,Endocrine System,Hormones,In 17α-hydroxyelase deficiency. Which pathway is affected?,Cholesterol → Pregenolone,17α-hydroxypregenolone → 17α-hydroxypregestone,Pregenolone → 17α-hydroxypregenolone,Corticosterone → Aldosterone,,C,
Biochem-Endo-Hormones-006,2026,Medicine - 7 January (M),Biochemistry,Endocrine System,Hormones,The mechanism of action of steroid hormones,Activation of membrane-bound G-protein-coupled receptors,Opening of ligand-gated ion channels,Binding to intracellular receptors and altering gene transcription,Activation of second messengers via adenylate cyclase,Inhibition of tyrosine kinase receptors,C,"Steroid hormones are lipophilic and therefore must circulate bound to specific binding globulins, which they solubilize. In males, sex hormone-binding globulin (SHBG) lowers free testosterone → gynecomastia. In females, SHBG raises free testosterone → hirsutism. ↑ estrogen (eg. OCPs, pregnancy) → ↑ SHBG."
Biochem-Endo-Hormones-007,2026,Surgery - 7 January (E),Biochemistry,Endocrine System,Hormones,Which enzymatic step in adrenal steroidogenesis is impaired in 17α-hydroxylase deficiency?,Glucose → Pyruvate,Pregnenolone → 17α-hydroxypregnenolone,Cholesterol → Pregnenolone,17α-hydroxypregnenolone → 17α-hydroxyprogesterone,,B,
Histo-Endo-Pituitary Gland-001,2026,Radiology - 6 January (M),Histology,Endocrine System,Pituitary Gland,Which anterior pituitary cells contain the most secretory vacuoles?,Mammotroph,Thyrotroph,Gonadotroph,Somatotroph,,A,"Mammotrophs (lactotrophs) secrete prolactin and contain abundant secretory vacuoles for protein hormone storage. Somatotrophs secrete GH, thyrotrophs TSH, gonadotrophs LH/FSH; they have fewer vacuoles."
Histo-Endo-Thyroid Gland-001,2026,Surgery - 6 January (E),Histology,Endocrine System,Thyroid Gland,Hurthle cells are typically found in which organ?,Heart,Kidney,Erythrocytes,Thyroid,,D,
Med-Endo-Adrenal Gland-001,2026,Gynecology - 5 January (M),Medicine,Endocrine System,Adrenal Gland,A patient with Addison disease presents with weakness and ECG changes. Which electrolyte abnormality is most likely?,Hyperkalemia,Hypertension,Hypermagnesaemia,Hypocalcaemia,,A,Aldosterone deficiency → hyperkalemia and hyponatremia.
Med-Endo-Adrenal Gland-002,2026,Radiology - 5 January (M),Medicine,Endocrine System,Adrenal Gland,Purple striae on the abdomen and hyperglycemia indicate increase in which hormone?,Cortisol,Aldosterone,ACTH,Insulin,,A,
Med-Endo-Adrenal Gland-003,2026,Radiology - 5 January (M),Medicine,Endocrine System,Adrenal Gland,"A patient presents with purple abdominal striae, central obesity, and hyperglycemia. What is the most likely diagnosis?",Addison’s disease,Cushing’s syndrome,Hyperaldosteronism,Type 2 diabetes mellitus,,B,"Purple striae, truncal obesity, and hyperglycemia are classic features of Cushing’s syndrome, caused by chronic cortisol excess."
Med-Endo-Adrenal Gland-004,2026,Radiology - 5 January (M),Medicine,Endocrine System,Adrenal Gland,Ptosis and eye symptoms. Dexamethasone suppression test shows increased ACTH after oral dexamethasone. Cause?,Pituitary disease,Adrenal disease,Ectopic ACTH,Hypothalamic lesion,,C,Failure to suppress ACTH with dexamethasone indicates pituitary-dependent Cushing disease.
Med-Endo-Adrenal Gland-005,2026,Medicine - 7 January (M),Medicine,Endocrine System,Adrenal Gland,Nelson syndrome typically develops after:,Bilateral adrenalectomy for Cushing’s disease,Hypophysectomy,Thyroidectomy,Pancreatectomy,,A,"Nelson syndrome occurs due to unchecked growth of an existing ACTH-secreting pituitary adenoma after removal of both adrenal glands, leading to pituitary mass effects."
Med-Endo-Adrenal Gland-006,2026,Medicine - 8 January (M),Medicine,Endocrine System,Adrenal Gland,"A patient presents with headache, hypertension, and elevated urinary metanephrines. Diagnosis is:",Pheochromocytoma,Renal cell carcinoma,Hepatocellular carcinoma,Neuroblastoma,,A,
Med-Endo-Adrenal Gland-007,2026,Medicine - 8 January (M),Medicine,Endocrine System,Adrenal Gland,"A patient presents with fatigue, weight loss, hyperpigmentation, hyperkalemia, and hyponatremia. What is the diagnosis?",Conn syndrome,Cushing syndrome,Addison disease,SIADH,,C,
Med-Endo-Adrenal Gland-008,2026,Medicine - 8 January (M),Medicine,Endocrine System,Adrenal Gland,"A young adult presents with episodic headaches, palpitations, sweating, and paroxysmal hypertension. Urinary metanephrines are elevated. Tumor arises from which tissue?",Zona fasciculata,Adrenal medulla,Renal cortex,Sympathetic ganglia,,B,
Med-Endo-Adrenal Gland-009,2026,Medicine - 8 January (M),Medicine,Endocrine System,Adrenal Gland,"A smoker presents with weight gain, hypertension, hypokalemia, and moon face. Lung mass is seen. Cause?",SIADH,Cushing syndrome due to ectopic ACTH,Addison disease,Hyperaldosteronism,,B,
Med-Endo-Adrenal Gland-010,2026,Medicine - 6 January (E),Medicine,Endocrine System,Adrenal Gland,Hyperpigmentation in Addison disease is due to increased levels of which hormone?,Cortisol,Aldosterone,ACTH,ADH,,C,"ACTH shares a precursor with MSH, causing hyperpigmentatoin."
Med-Endo-Adrenal Gland-011,2026,Gynecology - 5 January (M),Medicine,Endocrine System,Adrenal Gland,"A patient presents with bitemporal hemianopia, elevated ACTH, and high cortisol levels. Administration of high-dose dexamethasone fails to suppress cortisol. What is the most likely cause?",Small cell lung carcinoma,Pituitary adenoma,Exogenous corticosteroid use,Adrenal hyperplasia,,A,Ectopic ACTH from small cell lung carcinoma does not suppress with high-dose dexamethasone.
Med-Endo-Adrenal Gland-012,2026,Gynecology - 5 January (M),Medicine,Endocrine System,Adrenal Gland,"A patient presents with hyperpigmentation, moon face, and truncal obesity. The most likely hormonal abnormality is increased:",Cortisol,Aldosterone,ACTH,ADH,,A,
Med-Endo-Adrenal Gland-013,2026,Gynecology - 5 January (M),Medicine,Endocrine System,Adrenal Gland,A patient with Cushing syndrome is scheduled for a dental procedure. Which is the safest approach?,Correct hypertension first,Correct hyperglycemia first,Proceed immediately,Give corticosteroids prophylactically,,B,Hyperglycemia increases infection risk; must be controlled before procedures.
Med-Endo-Adrenal Gland-014,2026,Gynecology - 6 January (M),Medicine,Endocrine System,Adrenal Gland,"A 35-year-old woman presents with recurrent episodes of headache, palpitations, and sweating for the past 3 months. During these episodes, she feels anxious and flushed. Her blood pressure during an episode is 210/110 mmHg. On physical examination, she appears anxious and diaphoretic. Her pulse is 120/min during an attack. Urine analysis is normal.",Panic disorder,Hyperthyroidism,Pheochromocytoma,Primary hyperaldosteronism (Conn's syndrome),Cushing's syndrome,C,
Med-Endo-Adrenal Gland-015,2026,Radiology - 6 January (M),Medicine,Endocrine System,Adrenal Gland,A 42-year-old patient presents with paroxysmal headaches and flushing. Blood pressure is intermittently elevated. Which of the following conditions is the most likely diagnosis?,Pheochromocytoma,Cushing’s syndrome,Addison’s disease,Primary aldosteronism,Neuroblastoma,A,
Med-Endo-Adrenal Gland-016,2026,Radiology - 6 January (M),Medicine,Endocrine System,Adrenal Gland,A patient is presented in emergency department of a nearby hospital with BP 200/100 mmHg and episodes of flushing. On investigation there is elevated sodium and metanephrine levels. Most likely diagnosis is:,Pheochromocytoma,Carcinoid syndrome,Thyroid storm,Hypertensive emergency,,A,
Med-Endo-Adrenal Gland-017,2026,Gynecology - 6 January (M),Medicine,Endocrine System,Adrenal Gland,"A patient presents with episodic headache, sweating, palpitations, and hypertension. Laboratory tests show elevated urinary metanephrine. What is the most likely diagnosis?",Cushing syndrome,Essential hypertension,Renal artery stenosis,Pheochromocytoma,Hyperthyroidism,D,
Med-Endo-Adrenal Gland-018,2026,Gynecology - 5 January (M),Medicine,Endocrine System,Adrenal Gland,A person with skin pigmentation and central obesity came in follow up for evaluation. He has ACTH level report that shows in decline pattern after dexamethasone test. What is the cause?,Cyushing Syndrome,Cushing Disease,Exogenous Steroid Use,Ectopic Steroid Production,Pituitary Adenoma,B,
Med-Endo-Calcium Disorders-001,2026,Gynecology - 6 January (M),Medicine,Endocrine System,Calcium Disorders,"A postmenopausal woman presents with generalized bone pain. Laboratory investigations reveal low serum calcium levels. While evaluating the possible causes of her hypocalcemia, which of the following hormones should be kept in mind as a contributor to her low calcium levels?",Parathyroid hormone,Vitamin D,Estrogen,Calcitonin,Aldosterone,D,
Med-Endo-Calcium Disorders-002,2026,Radiology - 5 January (M),Medicine,Endocrine System,Calcium Disorders,Hypercalcemia should be treated early. At what calcium level can coma and cardiac arrest occur?,2.25–2.5 mmol/L,2.5–2.75 mmol/L,4.25–4.75 mmol/L,5.25–5.5 mmol/L,,C,
Med-Endo-Diabetes Insipidus-001,2026,Gynecology - 6 January (M),Medicine,Endocrine System,Diabetes Insipidus,"A patient presents with polyuria and polydipsia. A water deprivation test shows no increase in urine osmolality. After administration of desmopressin, urine osmolality dramatically increases. What is the most likely cause?",SIADH,Central diabetes insipidus (DI),Nephrogenic diabetes insipidus,Primary polydipsia,,B,"Desmopressin is an ADH analog. A dramatic increase means the kidneys are functional (they responded to the hormone), but the body was not producing ADH in the first place. This pattern confirms Central DI. In Nephrogenic DI, the kidney receptors are defective, so urine osmolality would not increase significantly after desmopressin."
Med-Endo-Diabetes Insipidus-002,2026,Anesthesia - 5 January (M),Medicine,Endocrine System,Diabetes Insipidus,"28 years old man presented to OPD with complain of excessive thirst and passing large volume of urine for three months. He reports waking up multiple times at night to urinate. Daily urine output is 7 to 8 L despite drinking large amounts of water. He feels persistently dehydrated. Investigation reveals serum sodium 150 mEq/L. Serum osmolarity increased and urine osmolarity is 210. Urine remains diluted after water is restricted. While giving CNS analog like desmopressin, osmolarity of urine increases significantly. What is the diagnosis?",Nephrogenic diabetes insipidus,Central diabetes insipidus,Primary polydipsia,Dehydration,Diabetes mellitus,B,
Med-Endo-Diabetes Insipidus-003,2026,Anesthesia - 5 January (M),Medicine,Endocrine System,Diabetes Insipidus,"A 35 years old man presented with polyuria 6-7 L per day and polydipsia for six months. Serum sodium 150 mEq/L, serum osmolarity is raised. Urine osmolarity is 190. A water deprivation test is performed followed by administration of desmopressin but there is no increase or decrease in urine osmolarity. What is the likely diagnosis?",Central diabetes insipidus,Nephrogenic diabetes insipidus,Primary polydipsia,SIADH,Osmotic diuresis due to diabetes mellitus,B,
Med-Endo-Diabetes Mellitus-001,2026,Medicine - 7 January (M),Medicine,Endocrine System,Diabetes Mellitus,A 40-year-old patient with acanthosis nigricans and raised HbA1c most likely has:,Type 1 diabetes mellitus,Type 2 diabetes mellitus,Cushing syndrome,Addison disease,,B,
Med-Endo-Diabetes Mellitus-002,2026,Medicine - 8 January (M),Medicine,Endocrine System,Diabetes Mellitus,"A patient with type 2 diabetes presents with nausea, abdominal pain, deep rapid breathing, and high anion gap metabolic acidosis. Blood glucose is mildly elevated. Which antidiabetic drug is most likely responsible?",Insulin glargine,Metformin,Pioglitazone,Sitagliptin,,B,
Med-Endo-Diabetes Mellitus-003,2026,Medicine - 8 January (M),Medicine,Endocrine System,Diabetes Mellitus,A diabetic patient develops recurrent urinary tract infections and genital candidiasis after starting a new oral antidiabetic drug. Which drug is the cause?,Metformin,Sulfonylurea,SGLT-2 inhibitor,DPP-4 inhibitor,,C,
Med-Endo-Diabetes Mellitus-004,2026,Medicine - 8 January (M),Medicine,Endocrine System,Diabetes Mellitus,A diabetic patient complains of dizziness on standing with a drop in BP. Heart rate response is blunted. Cause?,Hypovolemia,Cardiac failure,Autonomic neuropathy,Adrenal insufficiency,,C,In long-standing diabetic autonomic neuropathy can damage sympathetic nerves responsible for maintaining blood pressure on standing. Normally standing causes reflex vasoconstriction and an increase in heart rate to maintain cerebral perfusion. Hypovolemia or Volume depletion: Postural drop in BP greater than 20 mmHg systolic and HR increase more than 30 on standing from lying position. Autonomic neuropathy: Postural drop in BP greater than 20 mmHg systolic and HR response blunted or does not increase on standing from lying position.
Med-Endo-Diabetes Mellitus-005,2026,Medicine - 8 January (M),Medicine,Endocrine System,Diabetes Mellitus,A 40-year-old obese male presents with velvety hyperpigmentation on the neck and axilla and an HbA1c of 9%. What is the most likely diagnosis?,Type 1 diabetes mellitus,Type 2 diabetes mellitus,Cushing syndrome,Acromegaly,,B,
Med-Endo-Diabetes Mellitus-006,2026,Medicine - 8 January (M),Medicine,Endocrine System,Diabetes Mellitus,"A 32-year-old woman undergoes an oral glucose tolerance test. Her fasting glucose is 122 mg/dL, 1-hour glucose 198 mg/dL, and 2-hour glucose 194 mg/dL. Which of the following best describes her condition?",Normal glucose tolerance,Prediabetes,Diabetes mellitus,Impaired tolerance specific to pregnancy,,B,"Fasting glucose between 125 mg/dL and 2-hour OGTT between 199 mg/dL indicates prediabetes in pregnant individuals. (Note: Fasting 122 is between 100-125, 2-hour 194 is between 140-199, fits prediabetes/impaired glucose tolerance)"
Med-Endo-Diabetes Mellitus-007,2026,Medicine - 6 January (E),Medicine,Endocrine System,Diabetes Mellitus,"A patient presenting with severe Diabetic Ketoacidosis is at significantly increased risk for which specific, aggressive fungal infection?",Cryptococcus neoformans,Candida albicans,Aspergillus fumigatus,Mucormycosis,,D,"Mucormycosis (often caused by Rhizopus or Mucor species) is highly associated with DKA. The combination of acidosis and high glucose levels impairs phagocyte function and promotes the growth of these fungi, which rapidly invade blood vessels, causing rhinocerebral or pulmonary infection."
Med-Endo-Diabetes Mellitus-008,2026,Gynecology - 5 January (M),Medicine,Endocrine System,Diabetes Mellitus,A patient with acanthosis nigricans and obesity presents with insulin resistance. Which test is appropriate?,HbA1c,OGTT,Fasting insulin only,Lipid profile,,B,OGTT assesses glucose tolerance in insulin resistance.
Med-Endo-Diabetes Mellitus-009,2026,Surgery - 7 January (E),Medicine,Endocrine System,Diabetes Mellitus,"An elderly woman presents in the morning with confusion and other CNS symptoms. She has a history of diabetes mellitus but did not take insulin the previous night. Laboratory investigations reveal low blood glucose, high insulin levels, and elevated C-peptide levels. What is the most likely cause of her condition?",Meningioma,Diabetes mellitus,Trauma,Stress,Insulinoma,E,Insulinoma is an endogenous insulin-secreting tumor. It causes hypoglycemia with high insulin and high C-peptide levels.
Med-Endo-Diabetes Mellitus-010,2026,Radiology - 5 January (M),Medicine,Endocrine System,Diabetes Mellitus,Diabetic patient with pigmented lesion on back of neck: Investigation of choice:,OGTT,HbA1c,Fasting glucose,Skin biopsy,,B,Acanthosis nigricans may indicate insulin resistance; OGTT assesses glucose tolerance.
Med-Endo-Diabetes Mellitus-011,2026,Gynecology - 6 January (M),Medicine,Endocrine System,Diabetes Mellitus,A patient presents with excessive thirst and increased frequency of urination. Laboratory evaluation suggests a metabolic cause affecting glucose regulation. Which hormonal abnormality is most likely responsible for these symptoms?,ACTH,Insulin,Glucagon,Cortisol,Aldosterone,B,
Med-Endo-Hypothalamus‑Pituitary-001,2026,Gynecology - 5 January (M),Medicine,Endocrine System,Hypothalamus‑Pituitary,Increase in both TRH and TSH is seen in which condition?,Hypothalamus disease,Pituitary disease,Graves disease,Hashimoto,,A,
Med-Endo-Hypothalamus‑Pituitary-002,2026,Surgery - 7 January (E),Medicine,Endocrine System,Hypothalamus‑Pituitary,Patient has puffy skin and hoarse voice. Her plasma TSH concentration is low but increases markedly when she is given TRH she probably has?,Hyperthyroidism with problem in thyroid,Hyperthyroidism with problem in pituitary,Hyperthyroidism with problem in hypothalamus,Hypothyroidism with thyroid problem,Hypothyroidism with hypothalamus problem,E,
Med-Endo-Hypothalamus‑Pituitary-003,2026,Gynecology - 5 January (M),Medicine,Endocrine System,Hypothalamus‑Pituitary,"A Patient presents with fatigue, hypotension, hypoglycemia, loss of secondary sexual characteristics. Labs: low TSH, ACTH, LH, FSH, GH. What is the most likely diagnosis?",Primary adrenal insufficiency,Panhypopituitarism,Hypothyroidism only,Addison disease,,B,Deficiency of all anterior pituitary hormones.
Med-Endo-Hypothalamus‑Pituitary-004,2026,Gynecology - 5 January (M),Medicine,Endocrine System,Hypothalamus‑Pituitary,A 42-year-old patient presents with headache and visual field defects. MRI shows pituitary adenoma compressing optic chiasm. Treatment of choice?,Bromocriptine,SSRIs,Surgery,TCAs,,C,Transsphenoidal surgery for mass effects.
Med-Endo-Hypothalamus‑Pituitary-005,2026,Medicine - 7 January (M),Medicine,Endocrine System,Hypothalamus‑Pituitary,"In a patient with acromegaly, which of the following is the best biochemical marker to assess disease activity?",Growth Hormone level alone,Insulin like growth factor (IGF 1) level,Serum cortisol,Prolactin Level,TSH,B,IGF-1 reflects long-term GH activity.
Med-Endo-Hypothalamus‑Pituitary-006,2026,Medicine - 8 January (M),Medicine,Endocrine System,Hypothalamus‑Pituitary,"A middle-aged man presents with frontal bossing, enlarged mandible, and increased ring size. What is the best initial investigation?",IGF-1 level,Thyroid profile,Cortisol level,Growth hormone random level,,A,IGF-1 is the best screening test for acromegaly/gigantism as it reflects integrated GH secretion.
Med-Endo-Hypothalamus‑Pituitary-007,2026,Medicine - 8 January (M),Medicine,Endocrine System,Hypothalamus‑Pituitary,A patient diagnosed with acromegaly is found to have galactorrhea and elevated prolactin levels. Which investigation is best to identify the underlying cause?,CT scan of sella turcica,MRI of pituitary with contrast,Visual field testing only,Skull X-ray,,B,"MRI of the pituitary is the gold-standard investigation to localize and characterize pituitary adenomas, including mixed GH-prolactin-secreting tumors."
Med-Endo-Hypothalamus‑Pituitary-008,2026,Surgery - 7 January (E),Medicine,Endocrine System,Hypothalamus‑Pituitary,"A 32-year-old woman presents 2 months after a massive postpartum hemorrhage with fatigue, lactation failure, amenorrhea, and hypotension. Most likely diagnosis?",Sheehan syndrome,Hypothyroidism,Addison disease,Pituitary adenoma,,A,
Med-Endo-Hypothalamus‑Pituitary-009,2026,Gynecology - 5 January (M),Medicine,Endocrine System,Hypothalamus‑Pituitary,"A patient presents with history of massive bleed after delivery 5 year back, now she presented with fatigue, weakness and decreased prolactin level. Which of the following is your diagnosis ?",Sheehan syndrome,Asherman syndrome,Pituitary adenoma,Prolactinoma,,A,
Med-Endo-Hypothalamus‑Pituitary-010,2026,Gynecology - 6 January (M),Medicine,Endocrine System,Hypothalamus‑Pituitary,A patient with hypothalamic dopamine deficiency develops galactorrhea. The likely lab finding is:,Decreased prolactin,Increased prolactin,Decreased ACTH,Increased MSH,,B,
Med-Endo-Hypothalamus‑Pituitary-011,2026,Gynecology - 6 January (M),Medicine,Endocrine System,Hypothalamus‑Pituitary,A woman presents with menstrual irregularities and milky discharge from both breasts despite not being pregnant or lactating. Laboratory evaluation reveals elevated serum prolactin levels. Which of the following clinical features is most commonly associated with hyperprolactinemia?,Hirsutism,Galactorrhea,Hypertension,Weight loss,Polycythemia,B,
Med-Endo-Hypothalamus‑Pituitary-012,2026,Gynecology - 7 January (E),Medicine,Endocrine System,Hypothalamus‑Pituitary,Patient has puffy skin and hoarse voice. Her plasma TSH concentration is low but increases markedly when she is given TRH she probably has?,Hyperthyroidism with problem in Thyroid,Hyperthyroidism with problem in pituitary,Hyperthyroidism with problem in hypothalamus,Hypothyroidism with Thyroid problem,Hypothyroidism with hypothalamus,E,"Severe PPH → ischemic Cell Injury of anterior pituitary → hormone deficiencies → failure of lactation, amenorrhea.(SHEEHAN SYNDROME)"
Med-Endo-Hypothalamus‑Pituitary-013,2026,Gynecology - 6 January (M),Medicine,Endocrine System,Hypothalamus‑Pituitary,Patient has puffy skin and hoarse voice. Her plasma TSH concentration is low but increases markedly when she is given TRH she probably has?,Hyperthyroidism with problem in thyroid,Hyperthyroidism with problem in pituitary,Hyperthyroidism with problem in hypothalamus,Hypothyroidism with thyroid problem,Hypothyroidism with hypothalamus problem,E,
Med-Endo-Hypothalamus‑Pituitary-014,2026,Gynecology - 6 January (M),Medicine,Endocrine System,Hypothalamus‑Pituitary,"A patient presents with fatigue, hypotension, hypoglycemia, and loss of secondary sexual characteristics. Labs show low TSH, ACTH, LH, FSH, and GH. What is the most likely diagnosis?",Primary adrenal insufficiency,Panhypopituitarism,Hypothyroidism only,Addison disease,,B,#NAME?
Med-Endo-Hypothalamus‑Pituitary-015,2026,Radiology - 6 January (M),Medicine,Endocrine System,Hypothalamus‑Pituitary,"A patient presents with fatigue, hypotension, hypoglycemia, and loss of secondary sexual characteristics. Labs show low TSH, ACTH, LH, FSH, and GH. What is the most likely diagnosis?",Primary adrenal insufficiency,Panhypopituitarism,Hypothyroidism only,Addison disease,,B,"Panhypopituitarism = deficiency of all anterior pituitary hormones. Causes include pituitary tumors, Sheehan's syndrome, infarction, trauma. Clinical features: fatigue, hypotension, amenorrhea, hypoglycemia, hypothyroidism."
Med-Endo-Hypothalamus‑Pituitary-016,2026,Gynecology - 6 January (M),Medicine,Endocrine System,Hypothalamus‑Pituitary,"A woman undergoes surgical removal of the pituitary gland due to a tumor. Following surgery, which reproductive change is most likely to occur?",Early menarche,Menorrhagia,Absence of menses,Precocious puberty,Polycystic ovaries,C,
Med-Endo-Hypothalamus‑Pituitary-017,2026,Gynecology - 7 January (E),Medicine,Endocrine System,Hypothalamus‑Pituitary,"Patient with amenorrhea, galactorrhea, and infertility due to:",Stress-induced prolactinoma,Pituitary adenoma,Hypothyroidism,Ovarian failure,,B,
Med-Endo-Hypothalamus‑Pituitary-018,2026,Gynecology - 7 January (E),Medicine,Endocrine System,Hypothalamus‑Pituitary,A patient presents with galactorrhea and serum prolactin level of 1600 ng/mL. What is the most likely diagnosis?,Microprolactinoma,Macroprolactinoma,Drug-induced hyperprolactinemia,Stress-induced prolactinemia,,B,- <1000 – Stress or Drugs - Between 1000 – 5000 – Microprolactinoma - >5000 – Macroprolactinoma
Med-Endo-Hypothalamus‑Pituitary-019,2026,Gynecology - 5 January (M),Medicine,Endocrine System,Hypothalamus‑Pituitary,"A woman presents with galactorrhea, amenorrhea, and visual field defects. MRI shows a pituitary adenoma. Most likely diagnosis is:",GH-secreting adenoma,ACTH-secreting adenoma,Prolactinoma,Non-functioning adenoma,,C,
Med-Endo-Hypothalamus‑Pituitary-020,2026,Gynecology - 6 January (M),Medicine,Endocrine System,Hypothalamus‑Pituitary,"32-year woman presented 6 months after complicated Post Partum hemorrhage. She has symptoms of: inability to lactate, she is low energy, etc. Which hormone is responsible for her symptoms?",ACTH,TSH,PTH,GH,,A,"The presentation (postpartum hemorrhage followed by inability to lactate, fatigue/low energy) is highly suggestive of Sheehan’s Syndrome (Postpartum Pituitary Cell Injury). Inability to Lactate is due to loss of Prolactin. Low Energy/Fatigue is due to loss of TSH and ACTH. Loss of ACTH and subsequent secondary adrenal insufficiency is usually the most life-threatening consequence."
Med-Endo-Multiple Endocrine Neoplasia-001,2026,Surgery - 7 January (E),Medicine,Endocrine System,Multiple Endocrine Neoplasia,"A 35-year-old man presents with recurrent renal stones, epigastric pain, and episodes of hypoglycemia. Laboratory investigations reveal hypercalcemia, elevated parathyroid hormone levels, and increased serum gastrin. Imaging shows a pancreatic mass. Which of the following syndromes is the most likely diagnosis?",Multiple Endocrine Neoplasia type 1,Multiple Endocrine Neoplasia type 2A,Multiple Endocrine Neoplasia type 2B,Von Hippel–Lindau syndrome,Neurofibromatosis type 1,A,"MEN 1 is characterized by the 3 Ps"":<br>- Parathyroid adenoma → hypercalcemia, renal stones<br>- Pancreatic neuroendocrine tumors → gastrinoma (Zollinger–Ellison), insulinoma (hypoglycemia)<br>- Pituitary adenoma<br>It is caused by mutation of the MEN1 gene (menin). On chromosome 11."""
Med-Endo-Parathyroid Gland-001,2026,Medicine - 7 January (M),Medicine,Endocrine System,Parathyroid Gland,"A patient presents with kidney stones, mood changes (psychic moans) and constipation. The most likely diagnosis is:",Hyperthyroidism,Primary hyperparathyroidism,Cushing syndrome,Vitamin D deficiency,,B,Hypercalcemia from PTH excess causes renal stones and neuropsychiatric symptoms.
Med-Endo-Parathyroid Gland-002,2026,Medicine - 6 January (E),Medicine,Endocrine System,Parathyroid Gland,"Patient with bone pain, high PTH, mood changes. Most likely diagnosis?",MEN 1,MEN 2,Parathyroid adenoma,Parathyroid carcinoma,,C,"Primary hyperparathyroidism leading to high pH high calcium leading to bone pain abdominal groan, renal Stones and psychic moans."
Med-Endo-Parathyroid Gland-003,2026,Medicine - 8 January (M),Medicine,Endocrine System,Parathyroid Gland,"A patient presents hypercalcemia. Plasma PTH elevated, but vitamin D and parathyroid hormone levels are normal. What is the likely cause?",Primary hyperparathyroidism,Secondary hyperparathyroidism,Tertiary hyperparathyroidism,Familial hypocalciuric hypercalcemia,,A,"Lab values in bone disorders: Osteoporosis: normal labs. Osteopenia: normal or low Ca. Paget disease: normal Ca, PO4, elevated ALP. Osteitis fibrosa cystica (Primary hyperparathyroidism): high Ca, low PO4, high ALP, high PTH. Secondary hyperparathyroidism: compensation for CKD. Osteomalacia/rickets: low Ca, low PO4, high ALP. Hypervitaminosis D: high Ca, high PO4, normal ALP."
Med-Endo-Parathyroid Gland-004,2026,Gynecology - 5 January (M),Medicine,Endocrine System,Parathyroid Gland,"A patient has low calcium, high phosphate, and elevated alkaline phosphatase. Which additional marker is most likely elevated?",Vitamin D,Calcitonin,Parathyroid hormone,Albumin,,C,"Secondary hyperparathyroidism 2° hyperplasia due to Ca2+ absorption and/or PO4 3−, most often in chronic kidney disease (causes hypovitaminosis D and hyperphosphatemia). Hypocalcemia, hyperphosphatemia in chronic kidney disease (vs hypophosphatemia), most other causes, INCREASE ALKALINE PHOSPHATE."
Med-Endo-Pituitary Gland-001,2026,Gynecology - 5 January (M),Medicine,Endocrine System,Pituitary Gland,"A child presents with short stature, normal intelligence, and delayed bone age. IGF-1 levels are low. The most likely diagnosis is:",Hypothyroidism,Growth hormone deficiency,Cushing syndrome,Turner syndrome,,B,
Med-Endo-Pituitary Gland-002,2026,Gynecology - 5 January (M),Medicine,Endocrine System,Pituitary Gland,The most common cause of precocious puberty is:,Hypothalamic tumor,Ovarian tumor,Congenital adrenal hyperplasia,Idiopathic,,D,
Med-Endo-Stress Physio-001,2026,Gynecology - 6 January (M),Medicine,Endocrine System,Stress Physiology,"A female’s father recently died in a tragic road accident. After some time, she developed mood swings and disturbed menstrual periods, which of the following neurotranquilizers might affect both mood and menstrual cycle regulation?",Dopamine,Serotonin,Norepinephrine,Acetylcholine,GABA,A,"Dopamine inhibits prolactin secretion from the pituitary gland. Stress-related changes in dopamine can lead to mood disturbances and hyperprolactinemia, which can cause menstrual irregularities."
Med-Endo-Stress Physio-002,2026,Radiology - 5 January (M),Medicine,Endocrine System,Stress Physiology,Stress causes which complications?,CVS and psychiatric problems,Renal failure,Hepatic failure,Pulmonary fibrosis,,A,
Med-Endo-Stress Physio-003,2026,Anesthesia - 5 January (M),Medicine,Endocrine System,Stress Physiology,Stress has adverse effects on which systems?,Only mental health,Only cardiovascular system,Both mental health and cardiovascular system,Digestive system only,,C,
Med-Endo-Stress Physio-004,2026,Gynecology - 5 January (M),Medicine,Endocrine System,Stress Physiology,Stress has adverse effects on which systems?,Only mental health,Only cardiovascular system,Both mental health and cardiovascular system,Digestive system only,,C,
Med-Endo-Thyroid Gland-001,2026,Medicine - 8 January (M),Medicine,Endocrine System,Thyroid Gland,A thyroid tumor composed of sheets of polygonal cells with amyloid stroma is diagnosed. Which serum marker is most useful for follow-up of this malignancy?,Thyroglobulin,Calcitonin,TSH,Anti-TPO antibodies,,B,Amyloid deposition suggest medullary carcinoma for which tumor marker is calcitonin.
Med-Endo-Thyroid Gland-002,2026,Gynecology - 5 January (M),Medicine,Endocrine System,Thyroid Gland,"A Female patient presents with amenorrhea, heat intolerance, palpitations and weight loss. Which glad is most likely defective?",Pituitary Gland,Thyroid Gland,Adrenal Gland,Ovary,,B,
Med-Endo-Thyroid Gland-003,2026,Radiology - 5 January (M),Medicine,Endocrine System,Thyroid Gland,"A 50 year old patient presents with hypertension, tachycardia, warm peripheries, and flushed skin. Which is the most common cause of this presentation?",Hypovolemic shock,Cardiogenic shock,Septic shock,Neurogenic shock,,C,
Med-Endo-Thyroid Gland-004,2026,Radiology - 6 January (M),Medicine,Endocrine System,Thyroid Gland,"A patient thyroid function test show increased TSH, increased T4 and normal T3 levels. Which of the following is the most likely cause of this hormonal pattern.",Thyroxine administration,Dietary iodine deficiency,Graves disease,Thyroid hormone resistance,,D,
Med-Endo-Thyroid Gland-005,2026,Surgery - 7 January (E),Medicine,Endocrine System,Thyroid Gland,A patient's lab results show elevated serum levels of anti-TPO antibodies and anti-thyroglobulin antibodies. This serological finding is highly indicative of which specific thyroid disorder?,Hashimoto's thyroiditis,Graves' disease,Toxic multinodular goiter,Subacute thyroiditis,,A,
Med-Endo-Thyroid Gland-006,2026,Medicine - 6 January (E),Medicine,Endocrine System,Thyroid Gland,Patient presents with myxedema. Which other symptom is likely?,Hypocholesterolemia,Hypercholesterolemia,Moist skin,Ophthalmopathy,,B,"Hypothyroidism (myxedema) leads to decreased LDL receptor activity, causing hypercholesterolemia."
Med-Endo-Thyroid Gland-007,2026,Medicine - 6 January (E),Medicine,Endocrine System,Thyroid Gland,Normal calcium with raised CEA suggests which thyroid carcinoma?,Medullary,Follicular,Papillary,Anaplastic,,A,
Med-Endo-Thyroid Gland-008,2026,Radiology - 5 January (M),Medicine,Endocrine System,Thyroid Gland,What decreases in Graves' disease?,T3,Iodine,Cardiac output,TSH,,D,TSH is suppressed due to negative feedback in hyperthyroidism.
Med-Endo-Thyroid Gland-009,2026,Radiology - 5 January (M),Medicine,Endocrine System,Thyroid Gland,What increases in Graves' disease?,T3,T4,TSH,T3 and T4,,D,
Med-Endo-Thyroid Gland-010,2026,Medicine - 7 January (M),Medicine,Endocrine System,Thyroid Gland,"In a patient with Graves' disease, the expected change in thyroid-stimulating hormone (TSH) levels is:",Increased,Normal,Decreased,Fluctuating,,C,
Med-Endo-Thyroid Gland-011,2026,Medicine - 7 January (M),Medicine,Endocrine System,Thyroid Gland,Blurred vision in Graves disease may be due to:,Retinal detachment,Optic nerve compression,Cataract formation,Glaucoma,,B,
Med-Endo-Thyroid Gland-012,2026,Medicine - 8 January (M),Medicine,Endocrine System,Thyroid Gland,"A female patient presents with lethargy, weight gain, and constipation. Which investigation is most appropriate?",ACTH level,Thyroid profile,Complete blood count,Cortisol level,,B,Symptoms suggest hypothyroidism; thyroid function tests are indicated.
Med-Endo-Thyroid Gland-013,2026,Gynecology - 5 January (M),Medicine,Endocrine System,Thyroid Gland,A female patient with a known thyroid disorder is on regular treatment but shows no clinical improvement. On reviewing her medication history it is found that she is taking an anti arrhythmic drug. Which drug is most likely responsible for worsening her thyroid status?,Amiodarone,Verapamil,Propranolol,Digoxin,,A,
Med-Endo-Thyroid Gland-014,2026,Gynecology - 6 January (M),Medicine,Endocrine System,Thyroid Gland,"A patient, a resident of the Sawat region, presents with a diffusely enlarged, non-tender goiter. The thyroid hormone profile (TSH, T3, T4 within normal limits). What is the most likely diagnosis in this geographical context?",Follicular Adenoma,Endemic Goitre,Toxic Nodular Goiter,Thyroid Carcinoma,,B,"A diffuse, non-tender goiter in a geographically defined area like Sawat (often historically iodine-deficient) with a normal thyroid profile points to a simple (colloid) goiter due to environmental factors, also known as Endemic Goitre."
Med-Endo-Thyroid Gland-015,2026,Gynecology - 6 January (M),Medicine,Endocrine System,Thyroid Gland,"A female patient presents with ophthalmoplegia resulting in horizontal gaze diplopia and a diffusely enlarged, non-tender goiter. Laboratory tests show a normal thyroid hormone profile. What is the most likely diagnosis?",De Quervain's Thyroiditis,Multinodular Goiter,Graves' Disease,Hashimoto's Thyroiditis,,C,
Med-Endo-Thyroid Gland-016,2026,Gynecology - 6 January (M),Medicine,Endocrine System,Thyroid Gland,"A patient presents with palpitations, heat intolerance, sweaty hands, and gritty eyes. What is the most likely diagnosis?",Graves' disease,Subacute thyroiditis,Hypothyroidism,Hashimoto's thyroiditis,,A,
Med-Endo-Thyroid Gland-017,2026,Radiology - 6 January (M),Medicine,Endocrine System,Thyroid Gland,"A patient presents with palpitations, heat intolerance, sweaty hands, and gritty eyes. What is the most likely diagnosis?",Graves' disease,Subacute thyroiditis,Hypothyroidism,Hashimoto's thyroiditis,,A,
Med-Endo-Thyroid Gland-018,2026,Gynecology - 6 January (M),Medicine,Endocrine System,Thyroid Gland,Pregnant Patient is a treated case of hyperthyroidism. Now she presented at 6 weeks of gestation with the following labs. Serum TSH is normal. Serum T4 is increased. What will be the management of this patient?,PTU,Methimazole,Iodine therapy,Thyroidectomy,,A,- Anti-Thyroid in 1st Trimester – PTU<br>- Anti-Thyroid in 2nd & 3rd Trimester – Methimazole<br>- Anti-Thyroid for Thyroid Storm PTU<br>- Crosses Placenta and affect Fetus – Methimazole > PTU
Med-Endo-Thyroid Gland-019,2026,Gynecology - 7 January (E),Medicine,Endocrine System,Thyroid Gland,Hand swelling and easy fatigability in a woman most consistent with:,Hyperthyroidism,Hashimoto thyroiditis,Graves disease,Thyroid cancer,,B,
Med-Endo-Thyroid Gland-020,2026,Gynecology - 7 January (E),Medicine,Endocrine System,Thyroid Gland,A patient has hand swelling and easy fatigability. Laboratory tests reveal autoimmune thyroid disease. What is the likely diagnosis?,Hyperthyroidism,Hashimoto's thyroiditis,Graves' disease,Subacute thyroiditis,Thyroid cancer,B,"Hashimoto's presents with fatigue, edema, and autoimmune thyroid dysfunction."
Med-Endo-Thyroid Gland-021,2026,Radiology - 6 January (M),Medicine,Endocrine System,Thyroid Gland,"A 40y old woman presents with fatigue, weight gain, cold intolerance, constipation, and dry skin, on examination, she has bradycardia, periorbital puffiness her labs shows TSH 12mIU/l, free T4=0.5ng/dl, and free T3 low.normal which of the following is most likely diagnosis?",Hypothyroidism,Hyperthyroidism,Subclinical hypothyroidism,Pseudohypothyroidism,,A,"Together, a high TSH and low free T4 point directly to primary hypothyroidism, where the problem lies within the thyroid gland itself. Free T3 (triiodothyronine) can remain in the low.normal range in the early stages of hypothyroidism."
Med-Endo-Thyroid Gland-022,2026,Radiology - 6 January (M),Medicine,Endocrine System,Thyroid Gland,"A patient presents with symptoms of hypothyroidism. Laboratory investigations show normal T3, elevated TSH, and abnormal thyroid profile. What is the most appropriate treatment?",Iodine supplementation,Thyroglobulin,Antithyroid drugs,Levothyroxine,Radioiodine therapy,D,
Med-Endo-Thyroid Gland-023,2026,Gynecology - 5 January (M),Medicine,Endocrine System,Thyroid Gland,"A 30-year-old woman presents with weight gain, cold intolerance, and constipation. Thyroid function tests show elevated TSH and low T4 levels. Which drug is the treatment of choice?",Methimazole,Propranolol,Levothyroxine,Liothyronine,,C,
Med-Endo-Thyroid Gland-024,2026,Gynecology - 6 January (M),Medicine,Endocrine System,Thyroid Gland,"A patient presents with symptoms of hypothyroidism. Laboratory investigations show normal T3, elevated TSH, and abnormal thyroid profile. What is the most appropriate treatment?",Iodine supplementation,Thyroglobulin,Antithyroid drugs,Levothyroxine,Radioiodine therapy,D,
Med-Endo-Thyroid Gland-025,2026,Gynecology - 6 January (M),Medicine,Endocrine System,Thyroid Gland,"A 40y old woman presents with fatigue, weight gain, cold intolerance, constipation, and dry skin, on examination, she has bradycardia, periorbital puffiness her labs shows TSH 12mIU/l, free T4=0.5ng/dl, and free T3 low normal. which of the following is most likely diagnosis?",Hypothyroidism,Hyperthyroidism,Subclinical hypothyroid,Pseudohypothyroidism,,A,"Together, a high TSH and low free T4 point directly to primary hypothyroidism, where the problem lies within the thyroid gland itself. Free T3 (triiodothyronine) can remain in the low normal range in the early stages of hypothyroidism."
Med-Endo-Thyroid Gland-026,2026,Anesthesia - 5 January (M),Medicine,Endocrine System,Thyroid Gland,"A 65-year-old man is admitted to the ICU with severe sepsis due to pneumonia. He has no past history of thyroid disease. During evaluation, thyroid function tests show low T3 levels, normal to low T4 levels, and normal TSH. Clinically, the patient does not show features of hypo- or hyperthyroidism. Which of the following is the most likely diagnosis?",Primary hypothyroidism,Subclinical hypothyroidism,Secondary hypothyroidism,Euthyroid sick syndrome,Thyroid hormone resistance,D,"Euthyroid sick syndrome occurs in critically ill patients due to altered peripheral conversion of T4 to T3, leading to low T3 with normal or low TSH, without intrinsic thyroid disease. Thyroid hormone replacement is not required."
Patho-Endo-Adrenal Gland-001,2026,Surgery - 6 January (E),Pathology,Endocrine System,Adrenal Gland,Hyperpigmentation in Addison disease results from increased secretion of which hormone?,Aldosterone,ACTH,Cortisol,TSH,,B,
Patho-Endo-Adrenal Gland-002,2026,Radiology - 5 January (M),Pathology,Endocrine System,Adrenal Gland,A case with increased catecholamines and paroxysmal hypertension is most likely diagnosed as:,Neuroblastoma,Addison disease,Pheochromocytoma,Cushing syndrome,,C,
Patho-Endo-Adrenal Gland-003,2026,Radiology - 5 January (M),Pathology,Endocrine System,Adrenal Gland,"In pheochromocytoma, which of the following is increased in urine?",Vanillylmandelic acid (VMA),Methylmalonic acid,Serotonin,Homocysteine,,A,VMA is a breakdown product of catecholamines and is elevated in pheochromocytoma.
Patho-Endo-Autoimmune Polyendocrine Syndromes-001,2026,Radiology - 6 January (M),Pathology,Endocrine System,Autoimmune Polyendocrine Syndromes,APS1 is characterized by which classic triad?,"Diabetes, Hypothyroidism, Candidiasis","Candidiasis, Hypoparathyroidism, Addison’s disease","Addison’s disease, Diabetes, Vitiligo","Hypoparathyroidism, Hyperthyroidism, Celiac disease",,B,"APS1 is a rare autoimmune disorder presenting with chronic mucocutaneous candidiasis, hypoparathyroidism, and adrenal insufficiency."
Patho-Endo-Autoimmune Polyendocrine Syndromes-002,2026,Radiology - 6 January (M),Pathology,Endocrine System,Autoimmune Polyendocrine Syndromes,A 12-year-old child presents with chronic mucocutaneous candidiasis and areas of hyperpigmentation on the skin. Which of the following conditions is most likely associated with this presentation?,Diabetes mellitus,Hypoparathyroidism,Hypothyroidism,Hyperthyroidism,,B,Autoimmune poly endocrinopathy (APS) APS-1 • Mucocutaneous candidiasis • Hypoparathyroidism • Adrenal insufficiency (Addison’s) • Hyperpigmentation APS-2 Adrenal insufficiency (Addison's) Autoimmune thyroid disease Type 1 diabetes
Patho-Endo-Diabetes Mellitus-001,2026,Radiology - 6 January (M),Pathology,Endocrine System,Diabetes Mellitus,"A 12-year-old child presents with polyuria, polydipsia, and unexplained weight loss. Laboratory work-up shows hyperglycemia. Which autoantibody is most commonly associated with type 1 diabetes mellitus?",Anti-GAD (Glutamic acid decarboxylase) antibody,Anti-insulin receptor antibody,Anti-thyroid peroxidase antibody,Anti-pancreatic enzyme antibody,,A,
Patho-Endo-Parathyroid Gland-001,2026,Surgery - 6 January (E),Pathology,Endocrine System,Parathyroid Gland,"A patient presents with bone pain, elevated parathyroid hormone level, and mood changes. What is the most likely diagnosis?",Osteosarcoma,MEN 1,Parathyroid adenoma,Parathyroid carcinoma,,C,
Patho-Endo-Thyroid Gland-001,2026,Surgery - 6 January (E),Pathology,Endocrine System,Thyroid Gland,A patient presents with myxedema. Which associated finding is most likely?,Hypercholesterolemia,Tachycardia,Ophthalmopathy,Moist skin,,A,
Patho-Endo-Thyroid Gland-002,2026,Surgery - 6 January (E),Pathology,Endocrine System,Thyroid Gland,Which immunohistochemical marker is used to identify thyroid tissue?,Myeloperoxidase,CD79a,Thyroglobulin,Toluidine blue,,C,
Patho-Endo-Thyroid Gland-003,2026,Medicine - 6 January (E),Pathology,Endocrine System,Thyroid Gland,Which immunohistochemical stain is used for thyroid tissue?,Thyroglobulin,CD79,HER2,Toluidine blue,,A,Thyroglobulin is a specific marker for thyroid follicular cells and differentiated thyroid cancers.
Patho-Endo-Thyroid Gland-004,2026,Surgery - 6 January (E),Pathology,Endocrine System,Thyroid Gland,Which thyroid carcinoma is most commonly associated with endemic goiter?,Papillary,Basal cell carcinoma,Medullary,Follicular,,D,
Patho-Endo-Thyroid Gland-005,2026,Medicine - 6 January (E),Pathology,Endocrine System,Thyroid Gland,A boy presents with a midline thyroid swelling with a dominant nodule. FNAC shows difficulty in differentiating cancer type due to:,High N/C ratio,Pleomorphism,Capsular / Vascular invasion,Metastasis,,C,"Follicular carcinoma can only be diagnosed on histology by capsular or vascular invasion, not cytology alone."
Patho-Endo-Thyroid Gland-006,2026,Surgery - 6 January (E),Pathology,Endocrine System,Thyroid Gland,A boy has a midline thyroid swelling with a dominant nodule. Fine-needle aspiration cytology often cannot distinguish the carcinoma type because it cannot assess capsular or vascular invasion.,Pleomorphism,Capsular or vascular invasion,Hyperglycemia,High nucleus-to-cytoplasm (N/C) ratio,,B,
Patho-Endo-Thyroid Gland-007,2026,Medicine - 6 January (E),Pathology,Endocrine System,Thyroid Gland,Hurthle cells are seen in:,Kidney,Brain,Thyroid,Heart,,C,"Hurthle cells (oncocytic cells) are seen in thyroid, especially in Hashimoto’s thyroiditis and Hurthle cell carcinoma."
Patho-Endo-Thyroid Gland-008,2026,Surgery - 6 January (E),Pathology,Endocrine System,Thyroid Gland,A patient with normal serum calcium and an elevated carcinoembryonic antigen (CEA) level most likely has which type of thyroid carcinoma?,Follicular,Papillary,Basal cell carcinoma,Medullary,,D,
Patho-Endo-Thyroid Gland-009,2026,Surgery - 6 January (E),Pathology,Endocrine System,Thyroid Gland,A child who received neck irradiation later develops a thyroid mass. Which thyroid carcinoma is most likely?,Basal cell carcinoma,Papillary carcinoma,Follicular carcinoma,Anaplastic carcinoma,,B,
Patho-Endo-Thyroid Gland-010,2026,Surgery - 7 January (E),Pathology,Endocrine System,Thyroid Gland,"A 42-year-old woman is diagnosed with a thyroid tumor. Histopathology shows cells with overlapping nuclei containing finely dispersed chromatin (Orphan Annie eye"" nuclei, and numerous psammoma bodies. Which of the following is the most likely diagnosis?""",Papillary carcinoma,Medullary carcinoma,Follicular carcinoma,Anaplastic carcinoma,,A,
Patho-Endo-Thyroid Gland-011,2026,Medicine - 6 January (E),Pathology,Endocrine System,Thyroid Gland,Endemic goiter most commonly predisposes to which thyroid carcinoma?,Follicular,Papillary,Medullary,Anaplastic,,A,
Patho-Endo-Thyroid Gland-012,2026,Surgery - 7 January (E),Pathology,Endocrine System,Thyroid Gland,A woman from North Waziristan presents with thyroid carcinoma and has metastases to the bone and lungs. What is the most likely type of thyroid carcinoma?,Medullary carcinoma,Follicular carcinoma,Anaplastic carcinoma,Primary thyroid lymphoma,Papillary carcinoma,B,"Follicular thyroid carcinoma spreads via the hematogenous route, commonly metastasizing to the bone and lungs. It is associated with iodine deficiency, which is prevalent in goiter-endemic regions such as North Waziristan."
Patho-Endo-Thyroid Gland-013,2026,Surgery - 7 January (E),Pathology,Endocrine System,Thyroid Gland,"After thyroidectomy of a patient, the histology of excised tissue shows encapsulated mass. Considering the metastasis through invasion, Most likely primary lesion is?",Follicular carcinoma,Papillary carcinoma,Medullary carcinoma,Anaplastic carcinoma,,A,
Patho-Endo-Thyroid Gland-014,2026,Medicine - 8 January (M),Pathology,Endocrine System,Thyroid Gland,Follicular carcinoma of thyroid most commonly metastasizes to:,Brain,Bone,Liver,Lungs,,B,
Patho-Endo-Thyroid Gland-015,2026,Medicine - 8 January (M),Pathology,Endocrine System,Thyroid Gland,Parafollicular (C) cells are seen in which thyroid carcinoma?,Papillary carcinoma,Follicular carcinoma,Medullary carcinoma,Anaplastic carcinoma,,C,
Patho-Endo-Thyroid Gland-016,2026,Medicine - 8 January (M),Pathology,Endocrine System,Thyroid Gland,Thyroid carcinoma that spreads hematogenously to bone is:,Papillary,Medullary,Anaplastic,Follicular,,D,
Patho-Endo-Thyroid Gland-017,2026,Surgery - 7 January (E),Pathology,Endocrine System,Thyroid Gland,Hürthle cell (oncocytic) carcinoma most commonly arises in the:,Adrenal medulla,Pancreas,Parathyroid,Lungs,Thyroid,E,
Patho-Endo-Thyroid Gland-018,2026,Surgery - 6 January (E),Pathology,Endocrine System,Thyroid Gland,Which tumor marker is most specific for differentiated thyroid carcinoma?,Calcitonin,CEA,Thyroglobulin,PSA,,C,
Patho-Endo-Thyroid Gland-019,2026,Gynecology - 7 January (E),Pathology,Endocrine System,Thyroid Gland,Medullary carcinoma of the thyroid produces:,Thyroglobulin,Calcitonin,TSH,Thyroxine,,B,
Patho-Endo-Thyroid Gland-020,2026,Radiology - 5 January (M),Pathology,Endocrine System,Thyroid Gland,Most common thyroid cancer after childhood irradiation is:,Papillary carcinoma,Follicular carcinoma,Medullary carcinoma,Anaplastic carcinoma,,,
Peads-Endo-Puberty-001,2026,Gynecology - 7 January (E),Pediatrics,Endocrine System,Puberty,What is the earliest sign of puberty in females?,Onset of menstruation,Appearance of breast buds,Axillary hair growth,Pubic hair growth,,B,- Puberche = appearance of pubic/axillary hair due to adrenal androgen secretion. - Thelarche = breast development; Menarche = first menstruation.
Pharm-Endo-Antidiabetic Therapy-001,2026,Medicine - 5 January (E),Pharmacology,Endocrine System,Antidiabetic Therapy,What is the primary mechanism of action of pioglitazone?,Activates PPAR-γ,Inhibits α-glucosidase,Closes K+ channels,Inhibits DPP-4,,A,"<div class=""explanation-container""><div class=""explanation-text""><div style=""color:#16a34a;font-weight:800;margin-bottom:6px;"">✔ Correct Answer: Activates PPAR-γ</div><div style=""margin-bottom:8px;""><b>Explanation:</b> Pioglitazone (a thiazolidinedione) improves insulin sensitivity by activating PPAR-γ receptors in adipose tissue.</div><div style=""margin-bottom:10px;padding:8px 10px;background:#ecfdf5;border-left:4px solid #16a34a;border-radius:6px;""><b>Clinical Pearl:</b> TZDs = PPAR-γ agonists.</div><br><div style=""color:#dc2626;margin-bottom:4px;""><b>✘ α-glucosidase inhibition:</b></div>Acarbose mechanism.<br><br><div style=""color:#dc2626;margin-bottom:4px;""><b>✘ K+ channel blockade:</b></div>Sulfonylureas.<br><br><div style=""color:#dc2626;margin-bottom:4px;""><b>✘ DPP-4 inhibition:</b></div>Sitagliptin class.</div></div></div>"
Pharm-Endo-Antidiabetic Therapy-002,2026,Medicine - 5 January (E),Pharmacology,Endocrine System,Antidiabetic Therapy,Which of the following drugs commonly causes nausea and a metallic taste?,Sulfonylurea,Metformin,Insulin,Pioglitazone,,B,"<div class=""explanation-container""><div class=""explanation-text""><div style=""color:#16a34a;font-weight:800;margin-bottom:6px;"">✔ Correct Answer: Metformin</div><div style=""margin-bottom:8px;""><b>Explanation:</b> Metformin commonly causes gastrointestinal upset and a metallic taste due to its effect on gut metabolism.</div><div style=""margin-bottom:10px;padding:8px 10px;background:#ecfdf5;border-left:4px border:#16a34a;border-radius:6px;""><b>Clinical Pearl:</b> Metformin GI side effects are dose-dependent.</div><br><div style=""color:#dc2626;margin-bottom:4px;""><b>✘ Sulfonylurea:</b></div>Hypoglycemia risk.<br><br><div style=""color:#dc2626;margin-bottom:4px;""><b>✘ Insulin:</b></div>No metallic taste effect.<br><br><div style=""color:#dc2626;margin-bottom:4px;""><b>✘ Pioglitazone:</b></div>Fluid retention, weight gain.</div></div></div>"
Pharm-Endo-Antidiabetic Therapy-003,2026,Surgery - 7 January (E),Pharmacology,Endocrine System,Antidiabetic Therapy,Which of the following drugs is contraindicated in patients with renal insufficiency due to risk of lactic acidosis?,Metformin,Glipizide,Pioglitazone,Insulin,Sitagliptin,A,
Pharm-Endo-Antidiabetic Therapy-004,2026,Medicine - 6 January (E),Pharmacology,Endocrine System,Antidiabetic Therapy,Pioglitazone primarily acts by:,Inhibiting GLUT2,Increasing insulin secretion,Increasing insulin sensitivity,Blocking alpha-glucosidase,,C,Pioglitazone (PPAR-γ agonist) increases insulin sensitivity.
Pharm-Endo-Antidiabetic Therapy-005,2026,Surgery - 6 January (E),Pharmacology,Endocrine System,Antidiabetic Therapy,Pioglitazone lowers blood glucose primarily by increasing insulin sensitivity in peripheral tissues via PPAR-γ activation.,Increasing insulin secretion,Stimulating gastric emptying,Blocking alpha-glucosidase,Increasing insulin sensitivity,,D,
Pharm-Endo-Corticosteroids-001,2026,Medicine - 5 January (E),Pharmacology,Endocrine System,Corticosteroids,Which complication is associated with an increased risk due to long-term glucocorticoid use?,Osteoporosis,Hyperthyroidism,Rheumatoid arthritis,Polycythemia,,A,"<div class=""explanation-container""><div class=""explanation-text""><div style=""color:#16a34a;font-weight:800;margin-bottom:6px;"">✔ Correct Answer: Osteoporosis</div><div style=""margin-bottom:8px;""><b>Explanation:</b> Long-term glucocorticoid use decreases bone formation and increases resorption, leading to osteoporosis.</div><div style=""margin-bottom:10px;padding:8px 10px;background:#ecfdf5;border-left:4px solid #16a34a;border-radius:6px;""><b>Clinical Pearl:</b> Steroids → bone loss → fractures.</div><br><div style=""color:#dc2626;margin-bottom:4px;""><b>✘ Hyperthyroidism:</b></div>Not a steroid side effect.<br><br><div style=""color:#dc2626;margin-bottom:4px;""><b>✘ Rheumatoid arthritis:</b></div>Indication for steroids, not complication.<br><br><div style=""color:#dc2626;margin-bottom:4px;""><b>✘ Polycythemia:</b></div>Not related.</div></div></div>"
Pharm-Endo-Corticosteroids-002,2026,Medicine - 5 January (E),Pharmacology,Endocrine System,Corticosteroids,How do glucocorticoids primarily function to modulate inflammation?,Increase neutrophil migration to tissue,Suppress cytokine production and T-cell proliferation,Promote histamine release from mast cells,Enhance prostaglandin synthesis,,B,"<div class=""explanation-container""><div class=""explanation-text""><div style=""color:#16a34a;font-weight:800;margin-bottom:6px;"">✔ Correct Answer: Suppress cytokine production and T-cell proliferation</div><div style=""margin-bottom:8px;""><b>Explanation:</b> Glucocorticoids reduce inflammation by inhibiting cytokines (IL-1, IL-2, TNF) and suppressing T-cell activation.</div><div style=""margin-bottom:10px;padding:8px 10px;background:#ecfdf5;border-left:4px solid #16a34a;border-radius:6px;""><b>Clinical Pearl:</b> Steroids = immune suppression at transcription level.</div><br><div style=""color:#dc2626;margin-bottom:4px;""><b>✘ Increase neutrophil migration:</b></div>Actually steroids decrease effective tissue response.<br><br><div style=""color:#dc2626;margin-bottom:4px;""><b>✘ Promote histamine release:</b></div>Opposite effect.<br><br><div style=""color:#dc2626;margin-bottom:4px;""><b>✘ Enhance prostaglandins:</b></div>COX inhibition reduces prostaglandins.</div></div></div>"
Pharm-Endo-Corticosteroids-003,2026,Medicine - 5 January (E),Pharmacology,Endocrine System,Corticosteroids,What is the rationale for administering steroids in shock?,Increase blood volume,Improve myocardial contractility,Reduce capillary permeability and inflammation,Cause vasodilation,,C,"<div class=""explanation-container""><div class=""explanation-text""><div style=""color:#16a34a;font-weight:800;margin-bottom:6px;"">✔ Correct Answer: Reduce capillary permeability and inflammation</div><div style=""margin-bottom:8px;""><b>Explanation:</b> Steroids in shock stabilize membranes, reduce inflammatory cytokines, and decrease capillary leak.</div><div style=""margin-bottom:10px;padding:8px 10px;background:#ecfdf5;border-left:4px solid #16a34a;border-radius:6px;""><b>Clinical Pearl:</b> Steroids = anti-inflammatory + membrane stabilizers.</div><br><div style=""color:#dc2626;margin-bottom:4px;""><b>✘ Increase blood volume:</b></div>No direct effect.<br><br><div style=""color:#dc2626;margin-bottom:4px;""><b>✘ Improve contractility:</b></div>Not primary mechanism.<br><br><div style=""color:#dc2626;margin-bottom:4px;""><b>✘ Cause vasodilation:</b></div>Opposite of shock management goal.</div></div></div>"
Pharm-Endo-Corticosteroids-004,2026,Medicine - 7 January (M),Pharmacology,Endocrine System,Corticosteroids,Long-term steroids is likely to cause:,Hypertension,Osteoporosis,Hypoglycemia,Hyperpigmentation,,B,
Pharm-Endo-Corticosteroids-005,2026,Medicine - 8 January (M),Pharmacology,Endocrine System,Corticosteroids,Glucocorticoids decrease which of the following?,Glucocerebroside,Glucocerebroside uptake,Glycogen stores,Lipolysis,,B,"Glucocorticoids reduce peripheral glucose uptake, causing hyperglycemia."
Pharm-Endo-Corticosteroids-006,2026,Anesthesia - 5 January (M),Pharmacology,Endocrine System,Corticosteroids,A child is asthmatic and has been using systemic steroids for the last five years. He is at risk of developing:,Osteoporosis,Cushing syndrome (Iatrogenic),Weight loss,Diabetes insipidus,,B,
Pharm-Endo-Osteoporosis & Bone Metabolism-001,2026,Gynecology - 7 January (E),Pharmacology,Endocrine System,Osteoporosis & Bone Metabolism,A postmenopausal woman with elevated serum calcium levels is diagnosed with osteoporosis. Which of the following is the most appropriate treatment?,Calcitonin,Alendronate,Teriparatide,Denosumab,,B,
Pharm-Endo-Osteoporosis & Bone Metabolism-002,2026,Radiology - 6 January (M),Pharmacology,Endocrine System,Osteoporosis & Bone Metabolism,A postmenopausal woman with osteoporosis and hypercalcemia is started on therapy to prevent further bone loss. Which of the following medications is most appropriate?,Calcium supplementation alone,Bisphosphonates,Calcitonin,Raloxifene,Vitamin D only,B,"For Breast CA in premenopausal women and also in selected post-menopausal women - Tamoxifen For Breast CA in postmenopausal women only - Aromatase inhibitors In prevention of breast cancer in high-risk women (Strong family history, risk of IHD and osteoporosis) – Raloxifene Low estrogen OCP cause – Hepatic Adenoma High Estrogen OCP Prolong/Long term use cause in post-menopausal Endometrial CA Estrogen Containing OCP Increase risk of Thrombembolism (DVT) HRT (MixeD. cause – Breast CA(Robins) > DVT"
Pharm-Endo-Pituitary Gland-001,2026,Gynecology - 5 January (M),Pharmacology,Endocrine System,Pituitary Gland,Which drug is used to suppress prolactin secretion?,Metoclopramide,Domperidone,Bromocriptine,Chlorpromazine,,C,Bromocriptine is a dopamine agonist inhibiting prolactin.
Pharm-Endo-Pituitary Gland-002,2026,Surgery - 7 January (E),Pharmacology,Endocrine System,Pituitary Gland,Demyelocycline is used in the treatment of:,Diabetes mellitus,SIADH,Hypertension,Heart failure,Gout,B,
Pharm-Endo-Pituitary Gland-003,2026,Gynecology - 7 January (E),Pharmacology,Endocrine System,Pituitary Gland,Which drug can be used in the management of SIADH?,Erythromycin,Carbamazepine,Furosemide,Acetazolamide,,C,#NAME?
Pharm-Endo-Pituitary Gland-004,2026,Surgery - 7 January (E),Pharmacology,Endocrine System,Pituitary Gland,A patient with persistent hyponatremia due to SIADH is not responding to fluid restriction. Which drug can be used?,Furosemide,Tolvaptan,Desmopressin,Demeclocycline,Hydrochlorothiazide,D,
Pharm-Endo-Thyroid Gland-001,2026,Medicine - 5 January (E),Pharmacology,Endocrine System,Thyroid Gland,What is chronic lithium therapy most likely to cause?,Hyperthyroidism,Hypothyroidism,Diabetes mellitus,Addison's disease,,B,"<div class=""explanation-container""><div class=""explanation-text""><div style=""color:#16a34a;font-weight:800;margin-bottom:6px;"">✔ Correct Answer: Hypothyroidism</div><div style=""margin-bottom:8px;""><b>Explanation:</b> Lithium interferes with thyroid hormone synthesis and release, commonly leading to hypothyroidism with long-term therapy.</div><div style=""margin-bottom:10px;padding:8px 10px;background:#ecfdf5;border-left:4px solid #16a34a;border-radius:6px;""><b>Clinical Pearl:</b> Lithium is a classic drug-induced cause of hypothyroidism.</div><br><div style=""color:#dc2626;margin-bottom:4px;""><b>✘ Hyperthyroidism:</b></div>Less common and usually transient.<br><br><div style=""color:#dc2626;margin-bottom:4px;""><b>✘ Diabetes mellitus:</b></div>Not a known effect.<div style=""color:#dc2626;margin-bottom:4px;""><br><b>✘ Addison's disease:</b></div>No association.</div></div></div>"
Pharm-Endo-Thyroid Gland-002,2026,Medicine - 5 January (E),Pharmacology,Endocrine System,Thyroid Gland,Which medication is primarily used for the symptomatic treatment of hyperthyroidism?,Methimazole,Propylthiouracil,Propranolol,Radioiodine,,C,"<div class=""explanation-container""><div class=""explanation-text""><div style=""color:#16a34a;font-weight:800;margin-bottom:6px;"">✔ Correct Answer: Propranolol</div><div style=""margin-bottom:8px;""><b>Explanation:</b> Propranolol provides symptomatic relief in hyperthyroidism by controlling tachycardia, tremors, and anxiety.</div><div style=""margin-bottom:10px;padding:8px 10px;background:#ecfdf5;border-left:4px solid #16a34a;border-radius:6px;""><b>Clinical Pearl:</b> Beta-blockers = fastest symptomatic control in thyrotoxicosis.</div><br><div style=""color:#dc2626;margin-bottom:4px;""><b>✘ Methimazole:</b></div>Reduces hormone synthesis, not immediate symptom relief.<br><br><div style=""color:#dc2626;margin-bottom:4px;""><b>✘ Propylthiouracil:</b></div>Also reduces synthesis, slower onset.<br><br><div style=""color:#dc2626;margin-bottom:4px;""><b>✘ Radioiodine:</b></div>Definitive treatment, not symptomatic.</div></div></div>"
Pharm-Endo-Thyroid Gland-003,2026,Medicine - 5 January (E),Pharmacology,Endocrine System,Thyroid Gland,How does propranolol exert its therapeutic mechanism in hyperthyroidism?,Decreases TSH secretion,Blocks T3 receptors,Inhibits peripheral conversion of T4 to T3,Blocks iodine uptake,,C,"<div class=""explanation-container""><div class=""explanation-text""><div style=""color:#16a34a;font-weight:800;margin-bottom:6px;"">✔ Correct Answer: Inhibits peripheral conversion of T4 to T3</div><div style=""margin-bottom:8px;""><b>Explanation:</b> Propranolol reduces symptoms and also inhibits 5'-deiodinase, decreasing peripheral conversion of T4 to active T3.</div><div style=""margin-bottom:10px;padding:8px 10px;background:#ecfdf5;border-left:4px solid #16a34a;border-radius:6px;""><b>Clinical Pearl:</b> Propranolol = symptomatic control + ↓ T3 formation.</div><br><div style=""color:#dc2626;margin-bottom:4px;""><b>✘ Decreases TSH secretion:</b></div>Not its primary mechanism.<br><br><div style=""color:#dc2626;margin-bottom:4px;""><b>✘ Blocks T3 receptors:</b></div>No receptor antagonism.<br><br><div style=""color:#dc2626;margin-bottom:4px;""><b>✘ Blocks iodine uptake:</b></div>Action of thioamides or iodide, not propranolol.</div></div></div>"
Pharm-Endo-Thyroid Gland-004,2026,Medicine - 7 January (M),Pharmacology,Endocrine System,Thyroid Gland,A patient with hyperthyroidism requires appropriate treatment. The drug of choice is:,Methimazole,Propylthiouracil (PTU),Levothyroxine,Propranolol,,A,
Pharm-Endo-Thyroid Gland-005,2026,Medicine - 8 January (M),Pharmacology,Endocrine System,Thyroid Gland,Drug used in hyperthyroidism in first trimester of pregnancy:,PTU,Thyroxin,T3,Methimazole,,A,
Physio-Endo-Adrenal Gland-001,2026,Medicine - 7 January (M),Physiology,Endocrine System,Adrenal Gland,A hormone that causes intrahepatic protein synthesis along with extrahepatic protein catabolism is:,Insulin,Growth hormone,Cortisol,Thyroxine,,C,
Physio-Endo-Adrenal Gland-002,2026,Gynecology - 7 January (E),Physiology,Endocrine System,Adrenal Gland,Aldosterone is released in response to:,Hyperkalemia,Hypokalemia,Hypernatremia,Hypercalcemia,,A,Hyperkalemia directly stimulates aldosterone secretion from zona glomerulosa.
Physio-Endo-Adrenal Gland-003,2026,Gynecology - 7 January (E),Physiology,Endocrine System,Adrenal Gland,What is the most potent stimulus for aldosterone secretion?,Increased sodium,Decreased potassium,Hyperkalemia,Increased blood volume,Increased atrial natriuretic peptide,C,
Physio-Endo-Adrenal Gland-004,2026,Gynecology - 5 January (M),Physiology,Endocrine System,Adrenal Gland,Which of the following is the most potent stimulus for aldosterone secretion?,Hyperkalemia,Hypernatremia,Hypervolemia,Dehydration,,A,
Physio-Endo-Bone Metabolism-001,2026,Gynecology - 5 January (M),Physiology,Endocrine System,Bone Metabolism,Which hormone directly reduces osteoclastic activity in bone?,Parathyroid hormone,Calcitonin,Estrogen,Cortisol,,B,Calcitonin directly acts on bone receptor to reduce osteoclastic activity.<br>Estrogen can inhibit bone resorption but generally do so indirectly by increasing the production of osteoprotegerin (OPG) and decreasing RANKL.
Physio-Endo-Calcium Disorders-001,2026,Gynecology - 5 January (M),Physiology,Endocrine System,Calcium Disorders,Parathyroid hormone (PTH) primarily affects which bone cells?,Osteoclasts,Osteoblasts,Osteocytes,,,B,PTH acts on osteoblasts which then stimulate osteoclasts.
Physio-Endo-Hormones-001,2026,Medicine - 6 January (E),Physiology,Endocrine System,Hormones,A 25 year old fasting for 72 hours. Which hormone maintains metabolic state?,Insulin,Growth Hormone,Epinephrine,Glucagon,,D,
Physio-Endo-Hormones-002,2026,Medicine - 8 January (M),Physiology,Endocrine System,Hormones,Sodium and water reabsorption in the distal nephron is modulated mainly by which hormone?,Aldosterone,ADH,ANP,Renin,,B,
Physio-Endo-Hormones-003,2026,Medicine - 8 January (M),Physiology,Endocrine System,Hormones,A patient consumes a large sodium-rich meal. Which hormone will primarily act to retain sodium in the distal nephron?,ADH,Aldosterone,Cortisol,Insulin,,B,
Physio-Endo-Hormones-004,2026,Gynecology - 7 January (E),Physiology,Endocrine System,Hormones,Steroid hormones act through which pathway:,Tyrosine kinase receptors,G-protein coupled receptors,Intracellular receptors with DNA binding,Ion channels,,C,
Physio-Endo-Hormones-005,2026,Medicine - 7 January (M),Physiology,Endocrine System,Hormones,Hormone increasing muscle protein synthesis:,Cortisol,Testosterone,Insulin,GH,,B,
Physio-Endo-Hormones-006,2026,Gynecology - 6 January (M),Physiology,Endocrine System,Hormones,Certain hormones are released directly from neurons into the bloodstream and act at distant target organs. Which of the following hormones is released via a neuroendocrine mechanism?,Insulin,Cortisol,Aldosterone,Oxytocin,Estrogen,D,Oxytocin is synthesized in hypothalamus neurons and released into circulation via the posterior pituitary (neurocrine secretion).
Physio-Endo-Hypothalamus-001,2026,Medicine - 7 January (M),Physiology,Endocrine System,Hypothalamus,Damage to the lateral hypothalamus results in:,Hyperphagia,Anorexia,Polydipsia,Aggression,,B,Lateral hypothalamus is the feeding center; damage causes loss of appetite leading to anorexia.
Physio-Endo-Hypothalamus-002,2026,Gynecology - 6 January (M),Physiology,Endocrine System,Hypothalamus,The nuclei responsible for hunger and satiety are located in which part of the brain?,Hypothalamus,Thalamus,Anterior pituitary,Basal ganglia,,A,
Physio-Endo-Hypothalamus‑Pituitary-001,2026,Surgery - 7 January (E),Physiology,Endocrine System,Hypothalamus‑Pituitary,The anterior pituitary receives inhibitory input from the hypothalamus for which hormone?,Prolactin,GH,TSH,ACTH,,A,Dopamine from hypothalamus inhibits prolactin secretion from anterior pituitary
Physio-Endo-Hypothalamus‑Pituitary-002,2026,Medicine - 5 January (E),Physiology,Endocrine System,Hypothalamus‑Pituitary,Which of the following primarily mediates decreased GnRH secretion at night?,Dopamine,Serotonin,Melatonin,Cortisol,,C,"<div class=""explanation-container""><div class=""explanation-text""><div style=""color:#16a34a;font-weight:800;margin-bottom:6px;"">✔ Correct Answer: Melatonin</div><div style=""margin-bottom:8px;""><b>Explanation:</b> Melatonin secretion increases in darkness and modulates hypothalamic activity, contributing to suppression of GnRH secretion during night-time physiology.</div><div style=""margin-bottom:10px;padding:8px 10px;background:#ecfdf5;border-left:4px solid #16a34a;border-radius:6px;""><b>Clinical Pearl:</b> Melatonin indirectly suppresses reproductive axis activity during darkness.</div><br><div style=""color:#dc2626;margin-bottom:4px;""><b>✘ Dopamine:</b></div>Primarily inhibits prolactin.<br><br><div style=""color:#dc2626;margin-bottom:4px;""><b>✘ Serotonin:</b></div>Precursor role, not primary regulator.<div style=""color:#dc2626;margin-bottom:4px;""><br><b>✘ Cortisol:</b></div>Early morning peak hormone, unrelated here.</div></div></div>"
Physio-Endo-Hypothalamus‑Pituitary-003,2026,Medicine - 5 January (E),Physiology,Endocrine System,Hypothalamus‑Pituitary,What stimulus increases the secretion of antidiuretic hormone (ADH)?,Decreased plasma osmolarity,Low plasma volume,High blood pressure,Hypernatremia only,,B,"<div class=""explanation-container""><div class=""explanation-text""><div style=""color:#16a34a;font-weight:800;margin-bottom:6px;"">✔ Correct Answer: Low plasma volume</div><div style=""margin-bottom:8px;""><b>Explanation:</b> ADH secretion is stimulated primarily by decreased blood volume and increased plasma osmolality, with volume depletion being a strong trigger.</div><div style=""margin-bottom:10px;padding:8px 10px;background:#ecfdf5;border-left:4px solid #16a34a;border-radius:6px;""><b>Clinical Pearl:</b> Volume depletion overrides osmolar triggers for ADH release.</div><br><div style=""color:#dc2626;margin-bottom:4px;""><b>✘ Decreased plasma osmolarity:</b></div>Suppresses ADH secretion.<br><br><div style=""color:#dc2626;margin-bottom:4px;""><b>✘ High blood pressure:</b></div>Inhibits ADH release.<br><br><div style=""color:#dc2626;margin-bottom:4px;""><b>✘ Hypernatremia only:</b></div>Not the primary dominant trigger compared to hypovolemia.</div></div></div>"
Physio-Endo-Hypothalamus‑Pituitary-004,2026,Medicine - 8 January (M),Physiology,Endocrine System,Hypothalamus‑Pituitary,A patient with acromegaly is found to have impaired inhibitory control of growth hormone release. Which pair of hypothalamic hormones normally regulates pituitary GH secretion?,Dopamine and prolactin,Insulin and IGF-1,Somatostatin and GHRH,Cortisol and thyroxine,,C,
Physio-Endo-Hypothalamus‑Pituitary-005,2026,Medicine - 8 January (M),Physiology,Endocrine System,Hypothalamus‑Pituitary,Oxytocin and vasopressin are released from the posterior pituitary but are synthesized in which region before axonal transport?,Pars nervosa,Posterior pituitary,Hypothalamic supraoptic and paraventricular nuclei,Pineal gland,,C,
Physio-Endo-Hypothalamus‑Pituitary-006,2026,Anesthesia - 5 January (M),Physiology,Endocrine System,Hypothalamus‑Pituitary,Which of the following is inhibited by dopamine?,Glycine,Acetylcholine,Prolactin,Somatostatin,GABA,C,
Physio-Endo-Hypothalamus‑Pituitary-007,2026,Medicine - 7 January (M),Physiology,Endocrine System,Hypothalamus‑Pituitary,Administration of dopamine affects prolactin levels by:,Increasing prolactin,Decreasing prolactin,No effect,Increasing TSH,,B,Dopamine inhibits prolactin release from anterior pituitary lactotrophs via D2 receptors.
Physio-Endo-Pineal Gland-001,2026,Medicine - 7 January (M),Physiology,Endocrine System,Pineal Gland,The hormone released in darkness is:,Melatonin,Cortisol,Serotonin,Dopamiine,,A,Melatonin secretion increases in darkness regulating circadian rhythm.
Physio-Endo-Pineal Gland-002,2026,Gynecology - 5 January (M),Physiology,Endocrine System,Pineal Gland,Which hormone shows increased secretion during darkness?,Cortisol,Growth hormone,Melatonin,Prolactin,,C,
Physio-Endo-Stress Physio-001,2026,Medicine - 8 January (M),Physiology,Endocrine System,Stress Physiology,Which of the following is not a primary stress hormone released in acute stress?,Epinephrine,Thyroid Stimulating Hormone (TSH),Adrenocorticotropic Hormone (ACTH),Norepinephrine,,B,
Physio-Endo-Stress Physio-002,2026,Gynecology - 5 January (M),Physiology,Endocrine System,Stress Physiology,"A person suddenly encounters a life-threatening, unfamiliar situation. In which of the following conditions is norepinephrine released by the adrenal medulla?","Unfamiliar, unexpected stress","Familiar, repeated stress",Pheochromocytoma with mild hypertension,Adapted/chronic stress,,A,
Physio-Endo-Thyroid Gland-001,2026,Medicine - 5 January (E),Physiology,Endocrine System,Thyroid Gland,"Which electrolyte abnormality is responsible for tetany, muscle twitching, and seizures in a patient who underwent thyroid surgery?",Mg,Ca,Phosphorus,K,,B,"<div class=""explanation-container""><div class=""explanation-text""><div style=""color:#16a34a;font-weight:800;margin-bottom:6px;"">✔ Correct Answer: Calcium</div><div style=""margin-bottom:8px;""><b>Explanation:</b> Post-thyroidectomy hypocalcemia due to parathyroid damage causes tetany, seizures, and muscle twitching.</div><div style=""margin-bottom:10px;padding:8px 10px;background:#ecfdf5;border-left:4px solid #16a34a;border-radius:6px;""><b>Clinical Pearl:</b> Hypocalcemia = tetany + Chvostek/Trousseau signs.</div><br><div style=""color:#dc2626;margin-bottom:4px;""><b>✘ Mg:</b></div>Can affect calcium but not primary here.<br><br><div style=""color:#dc2626;margin-bottom:4px;""><b>✘ Phosphorus:</b></div>Inverse relation with calcium.<br><br><div style=""color:#dc2626;margin-bottom:4px;""><b>✘ K:</b></div>Affects cardiac/neuromuscular excitability differently.</div></div></div>"
Surg-Endo-Thyroid Gland-001,2026,Medicine - 6 January (E),Surgery,Endocrine System,Thyroid Gland,How is recurrence prevented after total thyroidectomy for cancer?,Radioiodine only,Low-dose thyroxine,High-dose thyroxine,Calcium supplements,Methimazole,C,"High-dose thyroxine suppresses TSH, preventing recurrence."
Surg-Endo-Thyroid Gland-002,2026,Medicine - 6 January (E),Surgery,Endocrine System,Thyroid Gland,"During thyroidectomy, ligation near the superior thyroid artery endangers which nerve?",Superior laryngeal nerve,Inferior laryngeal nerve,External laryngeal nerve,Recurrent laryngeal nerve,,C,The external laryngeal nerve runs close to the superior thyroid artery. Superio Thyroid artery Related to ELN. Inferior Thyroid artery Related to RLN. Superior Laryngeal Artery Related to Internal Laryngeal Nerve.
Surg-Endo-Thyroid Gland-003,2026,Surgery - 6 January (E),Surgery,Endocrine System,Thyroid Gland,Which postoperative measure prevents recurrence after total thyroidectomy for thyroid cancer?,Radioiodine only,Insulin therapy,Low-dose thyroxine,High-dose thyroxine,,D,
Surg-Endo-Thyroid Gland-004,2026,Radiology - 5 January (M),Surgery,Endocrine System,Thyroid Gland,"Midline neck swelling for 2 years, now with hoarseness and dysphagia. Histology:",Papillary carcinoma,Follicular carcinoma,Medullary carcinoma,Anaplastic carcinoma,,A,Rapidly growing thyroid mass with compressive symptoms indicates anaplastic carcinoma.
Surg-Endo-Thyroid Gland-005,2026,Medicine - 8 January (M),Surgery,Endocrine System,Thyroid Gland,A post-thyroidectomy patient develops perioral tingling and carpopedal spasm. This neuromuscular irritability is primarily due to:,Increased sodium channel opening,Reduced potassium efflux,Reduced calcium-mediated membrane stabilization,Increased acetylcholine release,,C,
Surg-Endo-Thyroid Gland-006,2026,Surgery - 7 January (E),Surgery,Endocrine System,Thyroid Gland,A patient presents with a thyroid swelling suspicious for malignancy. Which investigation is most appropriate to further evaluate the thyroid tumor?,Thyroid function tests,Ultrasound of the neck only,CT scan of the neck,Fine-needle aspiration cytology (FNAC),Radionuclide thyroid scan,D,"FNAC is the investigation of choice for evaluating a thyroid nodule to differentiate benign from malignant lesions. It is minimally invasive, cost-effective, and provides cytological diagnosis, guiding further management."
Surg-Endo-Thyroid Gland-007,2026,Surgery - 7 January (E),Surgery,Endocrine System,Thyroid Gland,"During thyroid surgery, ligation of the superior thyroid artery while operating on the upper lobe of the thyroid gland may affect the patient’s ability to modulate pitch. Which nerve is most likely at risk?",Recurrent laryngeal nerve,Internal laryngeal nerve,External laryngeal nerve,Glossopharyngeal nerve,Vagus nerve,C,"The external branch of the superior laryngeal nerve runs close to the superior thyroid artery. Injury leads to cricothyroid muscle paralysis, affecting pitch control, especially high-pitched sounds. The recurrent laryngeal nerve is more commonly injured overall but affects vocal cord mobility rather than pitch."
Surg-Endo-Thyroid Gland-008,2026,Gynecology - 5 January (M),Surgery,Endocrine System,Thyroid Gland,The most common early complication following thyroidectomy is:,Hypothyroidism,Recurrent laryngeal nerve,Tetany,Hematoma,,C,
Peads-ENT-Glue Ear-001,2026,Gynecology - 5 January (M),Pediatrics,ENT,Glue Ear,A six year old child presents with glue ear examination reveals conductive hearing loss a dull tympanic membrane and an air fluid level in the middle ear. Which type of tympanogram is expected?,Type A,Type B,Type C,Type As,,B,Glue ear (OME) → flat Type B tympanogram.
Med-Environmental Med-Diving Med-001,2026,Gynecology - 6 January (M),Medicine,Environmental Medicine,Diving Medicine,A diver develops sudden shortness of breath after rapid ascent from deep water. What is the most likely diagnosis?,Pulmonary embolism,Pneumothorax,Decompression sickness,ARDS,Asthma,C,"Rapid ascent leads to nitrogen bubble formation, causing decompression sickness."
CM-Ethics-Medical Ethics-001,2026,Medicine - 8 January (M),Community Medicine,Ethics,Medical Ethics,A 55-year-old woman with newly diagnosed ovarian carcinoma requests that her family not be informed about her diagnosis. What is the most appropriate action for the physician?,Inform the family regardless of her wishes,Respect patient confidentiality and disclose nothing,Ask another doctor to inform the family,Only inform the spouse,,B,
Med-Eye-Conjunctivitis-001,2026,Medicine - 7 January (M),Medicine,Eye,Conjunctivitis,A patient presents with sudden red eye accompanied by fever. What is the most likely cause of the following should be considered in the differential diagnosis?,Allergic conjunctivitis,"Infectious causes in immunocompromised patients (e.g. ALL, HIV)",Dry eye syndrome,Subconjunctival hemorrhage,,B,
Med-Eye-Genetics-001,2026,Gynecology - 6 January (M),Medicine,Eye,Genetics,A patient with albinism presents with visual impairment since childhood. Which of the following ocular condition is most likely associated with albinism?,Glaucoma,Cataract,Retinal Detachment,Diabetic retinopathy,,B,(Options are mismatched; question as in original.)
Med-Eye-Refractive Errors-001,2026,Gynecology - 7 January (E),Medicine,Eye,Refractive Errors,"A patient presents with difficulty seeing distant objects, such as a blackboard. His visual problem is corrected with a concave lens. The most likely condition he is suffering from is:",Myopia,Hypermetropia,Amblyopia,Astigmatism,,A,- Myopia (near-sightedness) results from increased axial length or excessive refractive power of the eye. - Distant objects appear blurred and vision is corrected using a concave (diverging) lens. - Hypermetropia is corrected with convex lenses. - Amblyopia and astigmatism have different mechanisms and corrections.
Med-Eye-Refractive Errors-002,2026,Surgery - 7 January (E),Medicine,Eye,Refractive Errors,"A patient presents with difficulty seeing distant objects, such as a blackboard. His visual problem is corrected with a concave lens. The most likely condition he is suffering from is:",Myopia,Hypermicroptia,Amblyopia,Astigmatism,,A,Myopia (near-sightedness. results from increased axial length or excessive refractive power of the eye).<br>Distant objects appear blurred and vision is corrected using a concave (diverging) lens.<br>- Hypermetropia is corrected with convex lenses.<br>- Amblyopia and astigmatism have different mechanisms and corrections.
Med-Eye-Vision-001,2026,Gynecology - 6 January (M),Medicine,Eye,Vision,What is the cause of visual acuity decrease in presbyopia?,Increased curvature of lens,Increased refractive power,Elongation of eyeball,Decreased accommodation due to loss of lens elasticity,Retinal degeneration,D,"Presbyopia is age-related and results from loss of lens elasticity, reducing the ability to focus on near objects."
Physio-Eye-Vision-001,2026,Medicine - 5 January (E),Physiology,Eye,Vision,"In darkness, rods are activated by:",Rhodopsin activation,Increased cGMP,Decreased sodium influx,Closure of calcium channels,,B,"<div class=""explanation-container""><div class=""explanation-text""><div style=""color:#16a34a;font-weight:800;margin-bottom:6px;"">✔ Correct Answer: Increased cGMP</div><div style=""margin-bottom:8px;""><b>Explanation:</b> In darkness, cGMP levels remain high, keeping sodium channels open and maintaining depolarization of rod cells.</div><div style=""margin-bottom:10px;padding:8px 10px;background:#ecfdf5;border-left:4px solid #16a34a;border-radius:6px;""><b>Clinical Pearl:</b> Light reduces cGMP; darkness maintains it.</div><br><div style=""color:#dc2626;margin-bottom:4px;""><b>✘ Rhodopsin activation:</b></div>Occurs in light exposure.<br><br><div style=""color:#dc2626;margin-bottom:4px;""><b>✘ Decreased sodium influx:</b></div>Happens in light, not dark.<div style=""color:#dc2626;margin-bottom:4px;""><br><b>✘ Closure of calcium channels:</b></div>Also associated with light response.</div></div></div>"
Physio-Eye-Vision-002,2026,Medicine - 5 January (E),Physiology,Eye,Vision,What is the state of cones in bright light?,"Hyperpolarized, color vision","Depolarized, color vision","Hyperpolarized, no color vision","Depolarized, no color vision",,A,"<div class=""explanation-container""><div class=""explanation-text""><div style=""color:#16a34a;font-weight:800;margin-bottom:6px;"">✔ Correct Answer: Hyperpolarized, color vision</div><div style=""margin-bottom:8px;""><b>Explanation:</b> In bright light, cones hyperpolarize and mediate color vision with high visual acuity.</div><div style=""margin-bottom:10px;padding:8px 10px;background:#ecfdf5;border-left:4px solid #16a34a;border-radius:6px;""><b>Clinical Pearl:</b> Cones work in daylight; rods dominate in darkness.</div><br><div style=""color:#dc2626;margin-bottom:4px;""><b>✘ Depolarized options:</b></div>Incorrect phototransduction state in light.<div style=""color:#dc2626;margin-bottom:4px;""><br><b>✘ No color vision:</b></div>Occurs in rod-dominant vision (low light).</div></div></div>"
Ana-GIT-Abdomen-001,2026,Radiology - 6 January (M),Anatomy,Gastrointestinal System,Abdomen,"A patient develops ischemia involving the jejunum, ileum, cecum, ascending colon, and proximal two-thirds of the transverse colon. Occlusion of which artery is most likely responsible?",Celiac trunk,Superier mesenteric artery,Inferior mesenteric artery,Internal iliac artery,,B,
Ana-GIT-Abdomen-002,2026,Surgery - 7 January (E),Anatomy,Gastrointestinal System,Abdomen,"An elderly woman presents with an incisional hernia at the site of a previous abdominal surgery. During surgical exploration of the hernia, after opening the skin and superficial layers, which structure is encountered immediately upon opening the hernia sac?",Fascia transversalis,External oblique aponeurosis,Internal oblique muscle,Rectus abdominis,,A,"In an incisional hernia, the hernia sac protrudes through a defect in the abdominal wall. The fascia transversalis forms the immediate layer related to the hernia sac and is encountered first during surgical exploration."
Ana-GIT-Abdomen-003,2026,Gynecology - 7 January (E),Anatomy,Gastrointestinal System,Abdomen,"During an open appendectomy via an incision centered on McBurney's point, which nerve is most at risk?",Femoral nerve,Iliohypogastric nerve,Genitofemoral nerve,Lateral femoral cutaneous nerve,Obturator nerve,B,Iliohyopagastric/ilioinguinal nerves course in lower abdominal wall and may be injured in appendectomy incisions.
Ana-GIT-Abdomen-004,2026,Surgery - 7 January (E),Anatomy,Gastrointestinal System,Abdomen,A patient with acute appendicitis initially experiences pain around the umbilicus. This referred pain is due to involvement of which dermatome?,T11,T10,T8,T12,L1,B,
Ana-GIT-Anus-001,2026,Radiology - 5 January (M),Anatomy,Gastrointestinal System,Anus,Lymphatic drainage of the anal canal above the pectinate line is to which nodes?,Vertical group of superficial inguinal,Horizontal group of superficial inguinal,Internal iliac,External iliac,,C,Internal iliac nodes drain upper anal canal which is 2/3rd of canal (above the pectinate line). Superficial inguinal lymph nodes drains the lower anal canal which is 1/3rd of the canal (below the pectinate line).
Ana-GIT-Anus-002,2026,Radiology - 5 January (M),Anatomy,Gastrointestinal System,Anus,Lymphatic drainage of the anal canal below the pectinate line is to which nodes?,Vertical group of superficial inguinal,Horizontal group of superficial inguinal,Internal iliac,External iliac,,B,
Ana-GIT-Appendix-001,2026,Surgery - 7 January (E),Anatomy,Gastrointestinal System,Appendix,"During appendectomy, which nerve is most commonly injured?",Ilioinguinal nerve,Lateral femoral cutaneous nerve,Femoral nerve,Iliohyopagastric nerve,,D,
Ana-GIT-Autonomic Nerves-001,2026,Surgery - 6 January (E),Anatomy,Gastrointestinal System,Autonomic Nerves,A patient presents to the emergency department with abdominal pain from a gastric ulcer. Which nerve transmits visceral pain fibers?,Lesser splanchnic nerve,Median nerve,Greater splanchnic nerve,Pelvic splanchnic nerve,,C,
Ana-GIT-Autonomic Nerves-002,2026,Medicine - 6 January (E),Anatomy,Gastrointestinal System,Autonomic Nerves,A patient presents to ER with abdominal pain due to gastric ulcer. Which nerve carries visceral pain fibers?,Pelvic splanchnic nerve,Greater splanchnic nerve,Lesser splanchnic nerve,Internal intercostal nerve,,B,Visceral pain from foregut organs (including stomach) is transmitted via the greater splanchnic nerve (T5–T9).
Ana-GIT-Colon-001,2026,Radiology - 5 January (M),Anatomy,Gastrointestinal System,Colon,Lymphatic drainage of the proximal two-thirds of the transverse colon is to which nodes?,Superior mesenteric artery nodes,Inferior mesenteric artery nodes,Celiac nodes,Internal pudendal nodes,,A,
Ana-GIT-Colon-002,2026,Surgery - 7 January (E),Anatomy,Gastrointestinal System,Colon,A patient develops ischemic colitis localized to the transverse colon. Which artery is most likely involved?,Middle colic artery,Right colic artery,Left colic artery,Ileocolic artery,,A,"The middle colic artery, a branch of the superior mesenteric artery, supplies the transverse colon. Obstruction or thrombosis of this artery can lead to ischemia in this segment."
Ana-GIT-Colon-003,2026,Radiology - 6 January (M),Anatomy,Gastrointestinal System,Colon,"A 45-year-old patient undergoes surgery for acute appendicitis. During the procedure, the surgeon needs to ensure adequate blood supply to the cecum and proximal colon to avoid ischemia. Which of the following arteries primarily supplies this region?",Superior mesenteric artery – ileocolic and right colic arteries,Inferior mesenteric artery – left colic and sigmoid arteries,Celiac artery – gastric and splenic arteries,Hepatic artery – gastroduodenal and pancreaticoduodenal arteries,,A,"The cecum and proximal colon are supplied by branches of the superior mesenteric artery (SMA). The ileocolic artery supplies the cecum and appendix, while the right colic artery supplies the ascending colon. Other options supply regions outside the cecum and proximal colon, making them incorrect."
Ana-GIT-Colon-004,2026,Radiology - 6 January (M),Anatomy,Gastrointestinal System,Colon,"During surgery, the blood supply to the cecum and appendix is compromised. Which artery is the primary source of blood supply to this region?",Inferior mesenteric artery,Middle colic artery,Superior mesenteric artery,Internal iliac artery,,C,"The ileocolic artery, a branch of SMA, supplies the cecum and appendix. IMA supplies the hindgut; middle colic is a branch, not the main vessel."
Ana-GIT-Colon-005,2026,Radiology - 6 January (M),Anatomy,Gastrointestinal System,Colon,"A patient presents with ischemia involving the distal one-third of the transverse colon, descending colon, sigmoid colon, and upper rectum. Occlusion of which artery is most likely responsible?",Superior mesenteric artery,Inferior mesenteric artery,Internal iliac artery,Celiac trunk,,B,"IMA supplies the hindgut: distal 1/3 transverse colon → upper rectum. Branches include left colic, sigmoid arteries, and superior rectal artery."
Ana-GIT-Duodenum-001,2026,Medicine - 7 January (M),Anatomy,Gastrointestinal System,Duodenum,Perforation of a duodenal ulcer may involve?,Inferior pancreaticoduodenal artery,Gastroduodenal artery,SMA,Celiac trunk,,B,
Ana-GIT-Duodenum-002,2026,Radiology - 5 January (M),Anatomy,Gastrointestinal System,Duodenum,Bleeding from the posterior part of the duodenum is due to rupture of which artery?,Gastroduodenal artery,Superior pancreaticoduodenal artery,Inferior pancreaticoduodenal artery,Left gastric artery,,A,Most common location of duodenal ulcer 1st part of duodenum. Perforation of posterior wall of duodenum bleeds by gastroduodenal artery. Most common location of gastric ulcer near incisura angularis on lesser curvature.<br>Perforation of lesser curvature bleeds by left gastric artery.<br>Perforation of posterior wall of stomach bleeds by splenic artery.
Ana-GIT-Duodenum-003,2026,Medicine - 5 January (E),Anatomy,Gastrointestinal System,Duodenum,Bleeding from an ulcer in the upper part of the duodenum is typically due to injury to which artery?,Left gastric,Superior mesenteric,Gastroduodenal,Inferior pancreaticoduodenal,,C,"<div class=""explanation-container""><div class=""explanation-text""><div style=""color:#16a34a;font-weight:800;margin-bottom:6px;"">✔ Correct Answer: Gastroduodenal artery</div><div style=""margin-bottom:8px;""><b>Explanation:</b> Posterior duodenal ulcers can erode the gastroduodenal artery, leading to severe bleeding.</div><div style=""margin-bottom:10px;padding:8px 10px;background:#ecfdf5;border-left:4px solid #16a34a;border-radius:6px;""><b>Clinical Pearl:</b> Posterior duodenal ulcer → GDA bleed (life-threatening).</div><br><div style=""color:#dc2626;margin-bottom:4px;""><b>✘ Left gastric:</b></div>Supplies lesser curvature of stomach.<br><br><div style=""color:#dc2626;margin-bottom:4px;""><b>✘ Superior mesenteric:</b></div>Supplies midgut broadly.<br><br><div style=""color:#dc2626;margin-bottom:4px;""><b>✘ Inferior pancreaticoduodenal:</b></div>Lesser involvement in classic ulcer bleed.</div></div></div>"
Ana-GIT-Gallbladder-001,2026,Medicine - 5 January (E),Anatomy,Gastrointestinal System,Gallbladder,"Right shoulder pain, nausea, and vomiting after eating fatty food in a patient with gallstones is referred pain from inflammation of which structure?",Liver,Pancreas,Diaphragm,Stomach,,C,"<div class=""explanation-container""><div class=""explanation-text""><div style=""color:#16a34a;font-weight:800;margin-bottom:6px;"">✔ Correct Answer: Diaphragm</div><div style=""margin-bottom:8px;""><b>Explanation:</b> Gallbladder inflammation can irritate the diaphragm via the phrenic nerve, causing referred pain to the right shoulder.</div><div style=""margin-bottom:10px;padding:8px 10px;background:#ecfdf5;border-left:4px solid #16a34a;border-radius:6px;""><b>Clinical Pearl:</b> Phrenic nerve irritation = shoulder pain referral.</div><br><div style=""color:#dc2626;margin-bottom:4px;""><b>✘ Liver:</b></div>Not the source of referred shoulder pain.<br><br><div style=""color:#dc2626;margin-bottom:4px;""><b>✘ Pancreas:</b></div>Causes epigastric/back pain, not shoulder referral.<br><br><div style=""color:#dc2626;margin-bottom:4px;""><b>✘ Stomach:</b></div>Causes epigastric pain without shoulder referral.</div></div></div>"
Ana-GIT-Gallbladder-002,2026,Surgery - 6 January (E),Anatomy,Gastrointestinal System,Gallbladder,"In acute cholecystitis, referred visceral pain is typically perceived in which dermatome?",C5,T7–T9,S2–S4,T4–T5,,B,
Ana-GIT-Gallbladder-003,2026,Medicine - 6 January (E),Anatomy,Gastrointestinal System,Gallbladder,A patient with acute cholecystitis complains of referred visceral pain. Which dermatome is involved?,T7–T9,T4–T5,L4–L5,C5,,A,Gallbladder visceral pain is referred to T7–T9 dermatomes.
Ana-GIT-Groin-001,2026,Surgery - 6 January (E),Anatomy,Gastrointestinal System,Groin,A woman presents with a swelling just inferior and lateral to the pubic tubercle. What is the most likely diagnosis?,Pancreatic pseudocyst,Direct inguinal hernia,Indirect inguinal hernia,Femoral hernia,,D,
Ana-GIT-Groin-002,2026,Radiology - 6 January (M),Anatomy,Gastrointestinal System,Groin,A female presents with a swelling below and lateral to the pubic tubercle. What is the diagnosis?,Direct inguinal hernia,Indirect inguinal hernia,Femoral hernia,Incisional hernia,,C,"A Femoral Hernia is defined by its position passing through the femoral canal; therefore, the swelling presents inferior to the inguinal ligament and typically lateral to the pubic tubercle (though the neck of the sac is medial)."
Ana-GIT-Groin-003,2026,Surgery - 6 January (E),Anatomy,Gastrointestinal System,Groin,A man has a groin swelling that enlarges with coughing and shows a positive cough impulse; the swelling disappears when the deep inguinal ring is occluded. What is the most likely diagnosis?,Appendicitis,Direct inguinal hernia,Femoral hernia,Indirect inguinal hernia,,D,
Ana-GIT-Omentum-001,2026,Medicine - 6 January (E),Anatomy,Gastrointestinal System,Omentum,A posterior gastric antral perforation leads to leakage into which space?,Greater sac,Lesser sac,Retroperitoneum,Pelvic cavity,,B,
Ana-GIT-Omentum-002,2026,Medicine - 6 January (E),Anatomy,Gastrointestinal System,Omentum,"Patient presented with abdominal pain, bleeding from back of antrum, there are sign of Pancreatitis, what is affected most:",Greater sac,Lesser sac,Diaphragmatic recess,Sub hepatic recess,Left hepatic and lienorenal recess,B,
Ana-GIT-Omentum-003,2026,Surgery - 6 January (E),Anatomy,Gastrointestinal System,Omentum,A posterior perforation of the gastric antrum allows gastric contents to enter which anatomic space?,Retroperitoneum,Lesser sac,Subarachnoid space,Greater sac,,B,
Ana-GIT-Peritoneum-001,2026,Medicine - 6 January (E),Anatomy,Gastrointestinal System,Peritoneum,Pain due to irritation of the parietal peritoneum is carried by which nerve type?,Autonomic nerves,Visceral afferents,Somatic nerves,Sympathetic fibers,,C,
Ana-GIT-Peritoneum-002,2026,Surgery - 6 January (E),Anatomy,Gastrointestinal System,Peritoneum,"A patient presents with abdominal pain, bleeding from the posterior wall of the gastric antrum, and signs of pancreatitis. Which peritoneal compartment is most likely affected?",Renal pelvis,Lesser sac,Subhepatic recess,Greater sac,,B,
Ana-GIT-Peritoneum-003,2026,Surgery - 6 January (E),Anatomy,Gastrointestinal System,Peritoneum,Which type of nerve carries pain sensations from irritation of the parietal peritoneum?,Somatic nerves,Visceral afferents,Autonomic nerves,Olfactory nerve,,A,
Ana-GIT-Spermatic cord-001,2026,Radiology - 5 January (M),Anatomy,Gastrointestinal System,Spermatic cord,Which of the following is a component of the spermatic cord?,Ilioinguinal nerve,Femoral nerve,Pudendal nerve,Genitofemoral nerve,,D,
Ana-GIT-Spleen-001,2026,Gynecology - 7 January (E),Anatomy,Gastrointestinal System,Spleen,Damage to ribs 9-11 on the left side in trauma most commonly injures the:,Heart,Spleen,Left kidney,Pancreas,,B,
Ana-GIT-Stomach-001,2026,Radiology - 5 January (M),Anatomy,Gastrointestinal System,Stomach,Left-sided swelling above clavicle in gastric cancer patient indicates:,Left supraclavicular lymph node,Paraneoplasia,Clavipectoral fascia,Pleural membrane,,A,"Virchow node—involvement of left supraclavicular node by metastasis from stomach.<br>Krukenberg tumor—metastasis to ovaries (typically bilateral). Abundant mucin-secreting, signet ring cells.<br>Sister Mary Joseph nodule—subcutaneous periumbilical metastasis.<br>Blumer shelf—palpable mass on digital rectal exam suggesting metastasis to rectouterine pouch (pouch of Douglas)."
Ana-GIT-Stomach-002,2026,Radiology - 6 January (M),Anatomy,Gastrointestinal System,Stomach,A carcinoma is located along the lesser curvature of the stomach. Lymph from this region primarily drains into which group of lymph nodes?,Pancreaticoilenal lymph nodes,Celiac lymph nodes,Superior mesenteric lymph nodes,Inferior mesenteric lymph nodes,,B,"The lesser curvature of the stomach drains along the left and right gastric vessels. Primary drainage is to the left gastric lymph nodes, then to celiac lymph nodes. Pancreaticosplenic nodes drain the fundus and greater curvature and left upper 1/3rd of stomach."
Ana-GIT-Stomach-003,2026,Medicine - 5 January (E),Anatomy,Gastrointestinal System,Stomach,Which structure is not visible at T11 but becomes visible at T12 behind the stomach on a transverse radiograph section?,Tail of Pancreas,Spleen,Aorta,IVC,,A,"<div class=""explanation-container""><div class=""explanation-text""><div style=""color:#16a34a;font-weight:800;margin-bottom:6px;"">✔ Correct Answer: Tail of Pancreas</div><div style=""margin-bottom:8px;""><b>Explanation:</b> The tail of the pancreas lies anterior to the spleen and becomes visible at lower transverse sections (around T12 level).</div><div style=""margin-bottom:10px;padding:8px 10px;background:#ecfdf5;border-left:4px solid #16a34a;border-radius:6px;""><b>Clinical Pearl:</b> Pancreatic tail is the most lateral and posterior segment.</div><br><div style=""color:#dc2626;margin-bottom:4px;""><b>✘ Spleen:</b></div>Located more superior and lateral in left hypochondrium.<br><br><div style=""color:#dc2626;margin-bottom:4px;""><b>✘ Aorta:</b></div>Midline retroperitoneal structure visible earlier.<br><br><div style=""color:#dc2626;margin-bottom:4px;""><b>✘ IVC:</b></div>Right-sided structure, not behind stomach.</div></div></div>"
Ana-GIT-Stomach-004,2026,Medicine - 8 January (M),Anatomy,Gastrointestinal System,Stomach,A surgeon is operating posterior to the stomach. Which artery lies directly behind it?,Superior mesenteric artery,Inferior mesenteric artery,Celiac trunk,Splenic artery,,D,
Embryo-GIT-Congenital Anomalies-001,2026,Surgery - 6 January (E),Embryology,Gastrointestinal System,Congenital Anomalies,"A 12-hour-old newborn with drooling, regurgitation, and excessive crying has a congenital defect in which structure?",Hiatus hernia,Tracheoesophageal septum,Pleuroperitoneal membrane,Ventricular septal defect,,B,
Embryo-GIT-Congenital Anomalies-002,2026,Medicine - 6 January (E),Embryology,Gastrointestinal System,Congenital Anomalies,"Newborn (12 hours) with drooling, regurgitation and excessive crying. Defect is in?",Pleuroperitoneal Membrane,Tracheoesophageal Septum,Hiatus Hernia,Pyloric Stenosis,,B,Tracheoesophageal fistula / esophageal atresia leads to drooling and feeding difficulties.
Embryo-GIT-Derivatives-001,2026,Gynecology - 6 January (M),Embryology,Gastrointestinal System,Derivatives,"A patient presents with right upper quadrant pain, and a mass is seen in the right lobe of liver. The structure is derived from which germ layer?",Ectoderm,Mesoderm,Endoderm,Neural crest,Surface ectoderm,C,"The liver arises from endoderm (foregut), forming hepatic diverticulum during development."
Embryo-GIT-Derivatives-002,2026,Radiology - 6 January (M),Embryology,Gastrointestinal System,Derivatives,"A patient presents with right upper quadrant pain, and a mass is seen in the right lobe of liver. The structure is derived from which germ layer?",Ectoderm,Mesoderm,Endoderm,Neural crest,Surface ectoderm,C,"The liver arises from endoderm (foregut), forming hepatic diverticulum during development."
Histo-GIT-Intestine-001,2026,Medicine - 7 January (M),Histology,Gastrointestinal System,Intestine,Which intestinal cells are responsible for antigen presentation?,Goblet cells,Paneth cells,M cells,Enterocytes,,C,
Histo-GIT-Stomach-001,2026,Medicine - 5 January (E),Histology,Gastrointestinal System,Stomach,What histological feature is characteristic of gastric parietal cells?,"Located in basal region, eosinophilic cytoplasm, central nucleus, granular appearance","Located in surface epithelium, pale cytoplasm, basal nucleus","Mucus-secreting, apical nucleus","Located in muscularis mucosa, clear cytoplasm",,A,"<div class=""explanation-container""><div class=""explanation-text""><div style=""color:#16a34a;font-weight:800;margin-bottom:6px;"">✔ Correct Answer: Located in basal region, eosinophilic cytoplasm, central nucleus, granular appearance</div><div style=""margin-bottom:8px;""><b>Concept:</b> Gastric histology</div><div style=""margin-bottom:8px;""><b>Explanation:</b> Parietal cells are large eosinophilic cells with abundant mitochondria, centrally placed nucleus, and are located mainly in the neck and upper part of gastric glands.</div><div style=""margin-bottom:10px;padding:8px 10px;background:#ecfdf5;border-left:4px solid #16a34a;border-radius:6px;""><b>Clinical Pearl:</b> Parietal cells secrete HCl and intrinsic factor; loss leads to pernicious anemia.</div><br><div style=""color:#dc2626;margin-bottom:4px;""><b>✘ Located in surface epithelium, pale cytoplasm, basal nucleus:</b></div>Surface mucous cells.<br><br><div style=""color:#dc2626;margin-bottom:4px;""><b>✘ Mucus-secreting, apical nucleus:</b></div>Mucous neck cells.<div style=""color:#dc2626;margin-bottom:4px;""><br><b>✘ Located in muscularis mucosa, clear cytoplasm:</b></div>Not a gastric epithelial cell type.</div></div></div>"
Med-GIT-Colon-001,2026,Medicine - 6 January (E),Medicine,Gastrointestinal System,Colon,"A patient with weight loss, intermittent constipation, occult blood in stool, and history of tubular adenoma most likely has:",Ulcerative colitis,Diverticulitis,Colon carcinoma,IBS,,C,
Med-GIT-Colon-002,2026,Medicine - 6 January (E),Medicine,Gastrointestinal System,Colon,A 62-year-old man is diagnosed with colorectal carcinoma. Which tumor marker is most useful for monitoring treatment response and recurrence?,AFP,CA-125,PSA,CEA,,D,
Med-GIT-Colon-003,2026,Surgery - 7 January (E),Medicine,Gastrointestinal System,Colon,"A patient presents with bloody diarrhea and abdominal pain. A diagnostic study (barium enema) shows a pattern of submucosal edema causing finger-like projections into the lumen, radiologically described as the Thrombipint Sign"". This finding is highly suggestive of:""",Diverticulitis,Ulcerative Colitis,Ischemic Colitis,Crohn's Disease,,C,"The Thrombipint Sign"" is due to localized submucosal hemorrhage and edema secondary to ischemia. This finding is the characteristic radiographic hallmark of Ischemic Colitis, particularly in the acute phase."""
Med-GIT-Digestion & Absorption-001,2026,Medicine - 8 January (M),Medicine,Gastrointestinal System,Digestion & Absorption,A patient returning from Lahore presents with bloody diarrhea and abdominal pain. Most likely causative organism is:,Salmonella,Shigella,Escherichia coli,Vibrio cholerae,,B,"Bugs causing diarrhea: Bloody diarrhea - Campylobacter, E histolytica, Enterohemorrhagic E coli (O157:H7), Enteroinvasive E coli, Salmonella (non-typhoidal), Shigella (lactose negative, very low ID50, Shiga toxin, human reservoir only), Y enterocolitica. Watery diarrhea - C difficile, C perfringens, Enterotoxigenic E coli (traveler's diarrhea), Protozoa (Giardia, Cryptosporidium), V cholerae (rice-water diarrhea), Viruses (Norovirus, rotavirus, enteric adenovirus)."
Med-GIT-Digestion & Absorption-002,2026,Medicine - 8 January (M),Medicine,Gastrointestinal System,Digestion & Absorption,A patient presents with watery diarrhea without foul smell. Which part of the gut is most likely affected?,Small intestine,Large intestine,Rectum,Stomach,,A,Small intestine – Large volume water diarrhea without blood or mucus or tenesmus. Large intestine – Small volume diarrhea containing blood or mucus or tenesmus.
Med-GIT-Digestion & Absorption-003,2026,Medicine - 7 January (M),Medicine,Gastrointestinal System,Digestion & Absorption,A patient develops bloody diarrhea days after returning from Lahore. The most likely causative organism is:,Salmonella,Shigella,E. coli,Campylobacter,,B,
Med-GIT-Digestion & Absorption-004,2026,Medicine - 7 January (M),Medicine,Gastrointestinal System,Digestion & Absorption,A patient experiences abdominal discomfort and bloating after consuming dairy products. The most likely cause is:,Celiac disease,Lactose intolerance,Peptic ulcer disease,Crohn’s disease,,B,
Med-GIT-Digestion & Absorption-005,2026,Medicine - 6 January (E),Medicine,Gastrointestinal System,Digestion & Absorption,A 25 year old man presented with the complaint of post prandial bloating & abdominal cramping. He has history of passing foul smelling stool. Which investigation will give us multiple information regarding the problem?,Stool DR,Stool culture & sensitivity,Blood culture,Colonoscopy,,A,
Med-GIT-Digestion & Absorption-006,2026,Surgery - 6 January (E),Medicine,Gastrointestinal System,Digestion & Absorption,"A 27-year-old man has postprandial bloating, abdominal cramping, and foul-smelling stools. Which investigation will provide multiple pieces of information about this problem?",Stool DR,Colonoscopy,Stool culture & sensitivity,Chest X-ray,,A,
Med-GIT-Esophagus-001,2026,Medicine - 8 January (M),Medicine,Gastrointestinal System,Esophagus,A 55-year-old man undergoes chest X-ray which shows a mediastinal air-fluid level. He reports dysphagia and regurgitation of undigested food. What is the most likely diagnosis?,GERD,Esophagitis,Esophageal varices,Achalasia,Esophageal spasm,D,
Med-GIT-Esophagus-002,2026,Gynecology - 6 January (M),Medicine,Gastrointestinal System,Esophagus,A patient presents with diffuse esophageal spasm causing chest pain and dysphagia. Which drug is used?,Diltiazem,Dantrolene,Metoclopramide,Omeprazole,Atropine,A,"Diltiazem, a calcium channel blocker, relaxes esophageal smooth muscle and treats diffuse esophageal spasms."
Med-GIT-Esophagus-003,2026,Medicine - 7 January (M),Medicine,Gastrointestinal System,Esophagus,Eosinophilic infiltration of the esophagus is best managed by:,Corticosteroids,Trial of proton pump inhibitors (PPIs),Antihistamines,Endoscopic dilation,,B,(CMDT 2026) Eosinophilic esophagitis. Explanation: First-line therapy for most adults is a PPI orally twice daily for 2-3 months followed by repeat endos-copy and mucosal biopsy. Topic steroid Food elimination Esophageal dilation
Med-GIT-Esophagus-004,2026,Anesthesia - 5 January (M),Medicine,Gastrointestinal System,Esophagus,A patient has repeated episodes of forceful vomiting followed by blood in vomitus.,Peptic ulcer disease,Esophageal varices,Gastric carcinoma,Boerhaave syndrome,Mallory-Weiss tear,E,
Med-GIT-Food Poisoning-001,2026,Gynecology - 5 January (M),Medicine,Gastrointestinal System,Food Poisoning,A patient develops nausea and vomiting within 2 hours of eating contaminated food. The most likely cause is:,Invasive bacteria,Endotoxin,Enterotoxin,Cytotoxin,,C,Preformed enterotoxins cause rapid symptoms.
Med-GIT-Inflammatory Bowel Disease-001,2026,Medicine - 7 January (M),Medicine,Gastrointestinal System,Inflammatory Bowel Disease,A patient has crypt abscesses and pseudopolyps on colonoscopy. The most likely diagnosis is:,Crohn's disease,Ulcerative colitis,Infectious colitis,Ischemic colitis,,B,"Explanation: Crohn disease: Transmural inflammation, Skip lesion, Cobble stone appearance, String sign, Fistula formation. Ulcerative colitis: Mucosal and submucosal inflammation, Continous colonic lesion, Crypt abscess, Ulceration, Lead pipe appearance."
Med-GIT-Liver-001,2026,Medicine - 7 January (M),Medicine,Gastrointestinal System,Liver,"A patient with long-standing hemochromatosis presents with weight loss, right upper quadrant abdominal pain, and features of chronic liver disease. Which of the following is the most likely complication?",Cholangiocarcinoma,HCC,Liver abscess,Hepatic Adenoma,,B,
Med-GIT-Peritoneum-001,2026,Medicine - 8 January (M),Medicine,Gastrointestinal System,Peritoneum,Exudative ascites with marked elevated ADA is most suggestive of:,Malignancy,Pancreatitis,Tuberculous peritonitis,Cirrhosis,,C,"ADA >40 U/L in ascitic fluid is highly sensitive for TB, reflecting T-cell activation in response to mycobacteria."
Med-GIT-Peritonium-001,2026,Surgery - 7 January (E),Medicine,Gastrointestinal System,Peritonium,Pyogenic Ascites caused by:,Bacteroids,E. Coli,Streptococcus,Staphylococcus,,B,
Microbio-GIT-Colon-001,2026,Gynecology - 5 January (M),Microbiology,Gastrointestinal System,Colon,"A patient presents with right hypochondrial pain, dysentery for 5 days, and erythematous sigmoid colon and rectum. The most likely cause is:",Shigella,Salmonella,Entamoeba histolytica,Campylobacter,,C,
Microbio-GIT-Food poisoning-001,2026,Medicine - 5 January (E),Microbiology,Gastrointestinal System,Food poisoning,Everyone in a family develops vomiting and nausea three hours after eating a prepared family meal. Which organism is the most likely culprit?,Salmonella,Staphylococcus aureus,Clostridium perfringens,E. coli,,B,"<div class=""explanation-container""><div class=""explanation-text""><div style=""color:#16a34a;font-weight:800;margin-bottom:6px;"">✔ Correct Answer: Staphylococcus aureus</div><div style=""margin-bottom:8px;""><b>Explanation:</b> Preformed enterotoxin from Staphylococcus aureus causes rapid-onset food poisoning within 1–6 hours.</div><div style=""margin-bottom:10px;padding:8px 10px;background:#ecfdf5;border-left:4px border:#16a34a;border-radius:6px;""><b>Clinical Pearl:</b> Fast vomiting after food = preformed toxin (Staph aureus).</div><br><div style=""color:#dc2626;margin-bottom:4px;""><b>✘ Salmonella:</b></div>Longer incubation, invasive disease.<br><br><div style=""color:#dc2626;margin-bottom:4px;""><b>✘ Clostridium perfringens:</b></div>Diarrhea-predominant illness.<br><br><div style=""color:#dc2626;margin-bottom:4px;""><b>✘ E. coli:</b></div>Different diarrheal patterns depending on strain.</div></div></div>"
Microbio-GIT-Infec-001,2026,Medicine - 5 January (E),Microbiology,Gastrointestinal System,Infections,What is the most likely treatment for a 10-year-old boy with a throat infection?,Amoxicillin,Paracetamol,Ibuprofen,Loratadine,,A,"<div class=""explanation-container""><div class=""explanation-text""><div style=""color:#16a34a;font-weight:800;margin-bottom:6px;"">✔ Correct Answer: Amoxicillin</div><div style=""margin-bottom:8px;""><b>Explanation:</b> Streptococcal pharyngitis is treated with penicillin or amoxicillin to prevent rheumatic fever.</div><div style=""margin-bottom:10px;padding:8px 10px;background:#ecfdf5;border-left:4px solid #16a34a;border-radius:6px;""><b>Clinical Pearl:</b> Always treat GAS pharyngitis to prevent rheumatic heart disease.</div><br><div style=""color:#dc2626;margin-bottom:4px;""><b>✘ Paracetamol:</b></div>Only symptomatic relief, no bacterial eradication.<br><br><div style=""color:#dc2626;margin-bottom:4px;""><b>✘ Ibuprofen:</b></div>Symptomatic anti-inflammatory only.<br><br><div style=""color:#dc2626;margin-bottom:4px;""><b>✘ Loratadine:</b></div>Antihistamine, not used for bacterial infection.</div></div></div>"
Microbio-GIT-Viral haemorrhagic fevers-001,2026,Medicine - 5 January (E),Microbiology,Gastrointestinal System,Viral haemorrhagic fevers,What is the most likely diagnosis for a pregnant woman presenting with recurrent fever and hemorrhagic manifestations?,Malaria,Dengue,Typhoid,Leptospirosis,,B,"<div class=""explanation-container""><div class=""explanation-text""><div style=""color:#16a34a;font-weight:800;margin-bottom:6px;"">✔ Correct Answer: Dengue</div><div style=""margin-bottom:8px;""><b>Explanation:</b> Dengue fever commonly presents with recurrent fever and hemorrhagic manifestations due to capillary leak and thrombocytopenia.</div><div style=""margin-bottom:10px;padding:8px 10px;background:#ecfdf5;border-left:4px border:#16a34a;border-radius:6px;""><b>Clinical Pearl:</b> Fever + bleeding + thrombocytopenia = Dengue.</div><br><div style=""color:#dc2626;margin-bottom:4px;""><b>✘ Malaria:</b></div>Typically cyclic fever without hemorrhagic tendency.<br><br><div style=""color:#dc2626;margin-bottom:4px;""><b>✘ Typhoid:</b></div>Step-ladder fever, GI symptoms.<br><br><div style=""color:#dc2626;margin-bottom:4px;""><b>✘ Leptospirosis:</b></div>Jaundice + renal failure.</div></div></div>"
Patho-GIT-Appendix-001,2026,Medicine - 5 January (E),Pathology,Gastrointestinal System,Appendix,What is the most probable histopathological finding in an appendix removed for acute appendicitis?,Serous inflammation,Granulation tissue,Suppurative inflammation,Fibrosis,,C,"<div class=""explanation-container""><div class=""explanation-text""><div style=""color:#16a34a;font-weight:800;margin-bottom:6px;"">✔ Correct Answer: Suppurative inflammation</div><div style=""margin-bottom:8px;""><b>Explanation:</b> Acute appendicitis shows neutrophilic infiltration with pus formation, consistent with suppurative inflammation.</div><div style=""margin-bottom:10px;padding:8px 10px;background:#ecfdf5;border-left:4px solid #16a34a;border-radius:6px;""><b>Clinical Pearl:</b> Neutrophils + pus = acute bacterial inflammation.</div><br><div style=""color:#dc2626;margin-bottom:4px;""><b>✘ Serous inflammation:</b></div>Clear fluid, not pus.<br><br><div style=""color:#dc2626;margin-bottom:4px;""><b>✘ Granulation tissue:</b></div>Seen in healing phase.<br><br><div style=""color:#dc2626;margin-bottom:4px;""><b>✘ Fibrosis:</b></div>Chronic healing process.</div></div></div>"
Patho-GIT-Colon-001,2026,Medicine - 7 January (M),Pathology,Gastrointestinal System,Colon,Which tumor marker is most commonly used in colon cancer?,AFP,CEA,CA-125,PSA,,B,Explanation: Hepatocellular Ca: AFP. Colorectal Ca: CEA. Ovarian Ca: CA-125. Pancreatic Ca: CA-19
Patho-GIT-Colon-002,2026,Surgery - 6 January (E),Pathology,Gastrointestinal System,Colon,"A patient presents with weight loss, intermittent constipation, and occult blood in the stool and has a history of tubular adenoma. What diagnosis is most likely?",Acute myocardial infarction,Ulcerative colitis,Diverticulitis,Colon carcinoma,,D,
Patho-GIT-Esophagus-001,2026,Medicine - 5 January (E),Pathology,Gastrointestinal System,Esophagus,"For a patient with a mid-esophageal mass and a history of smoking and alcohol use, what is the most likely histology and associated carcinogen?",Adenocarcinoma - nitrosamines,Squamous cell carcinoma - polycyclic aromatic hydrocarbons,Small cell carcinoma - aflatoxin,Adenocarcinoma - arsenic,,B,"<div class=""explanation-container""><div class=""explanation-text""><div style=""color:#16a34a;font-weight:800;margin-bottom:6px;"">✔ Correct Answer: Squamous cell carcinoma - polycyclic aromatic hydrocarbons</div><div style=""margin-bottom:8px;""><b>Explanation:</b> Mid esophageal tumors in smokers and alcohol users are typically squamous cell carcinoma linked to polycyclic aromatic hydrocarbons.</div><div style=""margin-bottom:10px;padding:8px 10px;background:#ecfdf5;border-left:4px solid #16a34a;border-radius:6px;""><b>Clinical Pearl:</b> Smoking + alcohol = SCC of upper/mid esophagus.</div><br><div style=""color:#dc2626;margin-bottom:4px;""><b>✘ Adenocarcinoma - nitrosamines:</b></div>More common in lower esophagus (Barrett esophagus).<br><br><div style=""color:#dc2626;margin-bottom:4px;""><b>✘ Small cell carcinoma - aflatoxin:</b></div>Aflatoxin is linked to liver cancer, not esophagus.<br><br><div style=""color:#dc2626;margin-bottom:4px;""><b>✘ Adenocarcinoma - arsenic:</b></div>Arsenic is linked to skin and lung malignancies.</div></div></div>"
Patho-GIT-Esophagus-002,2026,Medicine - 7 January (M),Pathology,Gastrointestinal System,Esophagus,Barret esophagus can cause which of the following carcinoma,Adenocarcinoma,Squamous carcinoma,Melanoma,Small cell carcinoma,,A,Metaplasia predisposes to adenocarcinoma.
Patho-GIT-Esophagus-003,2026,Surgery - 6 January (E),Pathology,Gastrointestinal System,Esophagus,Barrett esophagus is characterized histologically by replacement of the normal squamous lining with columnar epithelium containing intestinal-type goblet cells.,Stratified squamous epithelium,Transitional (urothelial) epithelium,Columnar epithelium with goblet cells,Pseudostratified ciliated epithelium,,C,
Patho-GIT-Esophagus-004,2026,Surgery - 7 January (E),Pathology,Gastrointestinal System,Esophagus,A person is having history of smoking On Endoscopy there is valvety lesion in lower third of esophagus. It is risk factor for,Adenocarcinoma,Squamous cell Carcinoma,Baretts esophagus,Chronic esophagitis,Gastritis,A,Upper 2/3rd (Squamous cell carcinoma)<br>Alcohol<br>Hot Liquids<br>Stricture<br>Smoking<br>Achlasia<br>Lower 1/3rd (Adenocarcinoma)<br>Chronic GERD<br>Barret Esophagus<br>Obesity<br>Smoking<br>Achlasia
Patho-GIT-Esophagus-005,2026,Medicine - 7 January (M),Pathology,Gastrointestinal System,Esophagus,In patients with chronic acid reflux epithelial metaplasia of esophagus most commonly develop at:,Pyloric sphincter,Gastroscophegal junction (Z-line),Gastric cardia,Fundus of the stomach,,B,
Patho-GIT-Esophagus-006,2026,Medicine - 6 January (E),Pathology,Gastrointestinal System,Esophagus,Carcinoma involving the upper two-thirds of the esophagus is most commonly of which histological type?,Adenocarcinoma,Squamous cell carcinoma,Small cell carcinoma,Undifferentiated carcinoma,,B,"Typically presents with progressive dysphagia (first solids, then liquids) and weight loss. Aggressive course due to lack of serosa in esophageal wall, allowing rapid extension. Poor prognosis due to advanced disease at presentation.<br>PART OF ESOPHAGUS AFFECTED: Upper 2/3 - Alcohol, hot liquids, caustic strictures, smoking, achalasia. Lower 1/3 - Chronic GERD, Barrett esophagus, obesity, tobacco smoking. More common worldwide. More common in America."
Patho-GIT-Esophagus-007,2026,Medicine - 6 January (E),Pathology,Gastrointestinal System,Esophagus,Histology of Barrett typically shows:,Stratified squamous epithelium,Simple columnar epithelium without goblet cells,Columnar epithelium with goblet cells,Pseudostratified ciliated epithelium,,C,"Specialized intestinal metaplasia (replacement of nonkeratinized stratified epithelium with intestinal epithelium) is a common finding in the duodenum and jejunum. This condition can be seen in patients with chronic gastritis, peptic ulcer disease (GERD), or Helicobacter pylori infection."
Patho-GIT-Esophagus-008,2026,Surgery - 6 January (E),Pathology,Gastrointestinal System,Esophagus,Which histologic type most commonly arises in carcinomas located in the upper two-thirds of the esophagus?,Adenocarcinoma,Hepatocellular carcinoma,Undifferentiated carcinoma,Squamous cell carcinoma,,D,
Patho-GIT-Neuroendocrine Tumors-001,2026,Radiology - 6 January (M),Pathology,Gastrointestinal System,Neuroendocrine Tumors,"A patient presents with symptoms of flushing, diarrhea & wheezing along with raised JVP. What is the most likely diagnosis?",Carcinoid tumor,Mesenteric Ischemia,Inflammatory bowel disease,Peptic ulcer disease,Crohn’s disease,A,
Patho-GIT-Neuroendocrine Tumors-002,2026,Radiology - 6 January (M),Pathology,Gastrointestinal System,Neuroendocrine Tumors,Which site is the most common location for gastrointestinal carcinoid tumors?,Stomach,Colon,Rectum,Appendix,,D,
Patho-GIT-Polyposis Syndromes-001,2026,Radiology - 6 January (M),Pathology,Gastrointestinal System,Polyposis Syndromes,A patient with a known medulloblastoma later develops multiple colonic polyps. The most likely diagnosis is:,Gardner syndrome,Lynch syndrome,Peutz–Jeghers syndrome,Familial adenomatous polyposis,Turcot syndrome,E,"Turcot syndrome FAP or Lynch syndrome + malignant CNS tumor (e.g., medulloblastoma, glioma). Turcot = Turban"
Patho-GIT-Polyposis Syndromes-002,2026,Surgery - 6 January (E),Pathology,Gastrointestinal System,Polyposis Syndromes,Which pattern of inheritance does familial adenomatous polyposis (FAP) follow?,Y-linked,X-linked recessive,Autosomal recessive,Autosomal dominant,,D,
Patho-GIT-Stomach-001,2026,Medicine - 8 January (M),Pathology,Gastrointestinal System,Stomach,A patient develops gastritis after surgery. Biopsy shows degeneration predominantly in mucus-secreting glands. Which gland is primarily involved?,Parietal cells,Brunner’s glands,Chief cells,Goblet cells,,B,
Peads-GIT-Abdomen-001,2026,Anesthesia - 5 January (M),Pediatrics,Gastrointestinal System,Abdomen,A baby presented in OPD with unhealed umbilicus and structure protruding from it which occasionally bleeds. What is the most probable diagnosis?,Omphalocele,Gastroschisis,Strangulated hernia,Paraumbilical hernia,Patent vitelline duct (Volvulus),E,
Peads-GIT-Colon-001,2026,Radiology - 5 January (M),Pediatrics,Gastrointestinal System,Colon,"A preterm neonate develops abdominal distension, feeding intolerance, and bloody stools. Imaging shows pneumatosis intestinalis. What is the most common predisposing factor for this condition?",Full-term birth,Prematurity,Congenital infection,Meconium ileus,,B,
Peads-GIT-Intestine-001,2026,Radiology - 5 January (M),Pediatrics,Gastrointestinal System,Intestine,Target sign and currant jelly stools in a baby suggest:,Intussusception,Hirschsprung disease,Volvulus,Meckel’s diverticulum,,A,
Pharm-GIT-Acid‑Base Balance-001,2026,Radiology - 5 January (M),Pharmacology,Gastrointestinal System,Acid‑Base Balance,A person on proton pump inhibitors will have raised blood levels of:,Histamine,Gastrin,Cholecystokinin,Secretin,,B,
Pharm-GIT-Acid‑Base Balance-002,2026,Anesthesia - 5 January (M),Pharmacology,Gastrointestinal System,Acid‑Base Balance,Which antacid causes decreased stomach motility and constipation?,Cimetidine,Sodium citrate,Magnesium hydroxide,Aluminium hydroxide,,D,"Aluminium hydroxide has a constipating effect by decreasing GI motility, often leading to constipation.<br>Magnesium hydroxide usually causes diarrhea (opposite effect).<br>Cimetidine (H2 blocker) reduces acid secretion but has minimal effect on motility.<br>Sodium citrate is a systemic antacid; does not significantly alter motility."
Pharm-GIT-Acid‑Base Balance-003,2026,Medicine - 6 January (E),Pharmacology,Gastrointestinal System,Acid‑Base Balance,A patient taking cimetidine is prescribed sucralfate. The effectiveness of cimetidine depends on what is the reason?,Increased hepatic metabolism,Increased renal excretion,Decreased gastric pH,Decreased absorption of cimetidine,,D,Sucralfate doesn’t let cimetidine to absorb<br>Cimetidine decrease scratching metabolism
Pharm-GIT-Acid‑Base Balance-004,2026,Medicine - 6 January (E),Pharmacology,Gastrointestinal System,Acid‑Base Balance,"An alcoholic patient with H. pylori infection is treated with standard triple therapy. One drug shows reduced efficacy due to alcohol use, which drug is this?",Amoxicillin,Clarithromycin,Metronidazole,Bismuth,,C,"Alcohol interferes with metronidazole, reducing effectiveness and causing disulfiram-like reactions."
Pharm-GIT-Acid‑Base Balance-005,2026,Gynecology - 6 January (M),Pharmacology,Gastrointestinal System,Acid‑Base Balance,Proton pump inhibitors (PPIs) reduce gastric acid secretion by inhibiting which primary active transport?,Na⁺/K⁺ ATPase,H⁺/K⁺ ATPase,Ca²⁺ ATPase,Na⁺/Ca²⁺ exchanger,Cl⁻/HCO₃⁻ exchanger,B,"PPIs irreversibly inhibit the H⁺/K⁺ ATPase (proton pump) in gastric parietal cells, reducing gastric acid secretion."
Pharm-GIT-Acid‑Base Balance-006,2026,Surgery - 6 January (E),Pharmacology,Gastrointestinal System,Acid‑Base Balance,A patient taking cimetidine is started on sucralfate and becomes less responsive to cimetidine. What explains this interaction?,Increased hepatic metabolism,Activation of cimetidine by sucralfate,Decreased absorption of cimetidine,Increased renal excretion,,C,
Pharm-GIT-Antiemetics-001,2026,Gynecology - 5 January (M),Pharmacology,Gastrointestinal System,Antiemetics,A 45-year-old woman undergoing chemotherapy develops severe nausea and vomiting. She is given ondansetron. Which of the following best describes the drug’s mechanism of action?,Dopamine D2 receptor antagonist,5-HT3 receptor antagonist,Histamine H1 receptor antagonist,Muscarinic receptor antagonist,,B,
Pharm-GIT-Antiemetics-002,2026,Medicine - 7 January (M),Pharmacology,Gastrointestinal System,Antiemetics,Ondansetron acts as:,Dopamine antagonist,5-HT3 antagonist,Muscarinic blocker,H1 blocker,,B,
Pharm-GIT-Antiemetics-003,2026,Radiology - 5 January (M),Pharmacology,Gastrointestinal System,Antiemetics,Ondansetron acts on which receptor?,5-HT3,D2,H1,Muscarinic,,A,Ondansetron is a selective 5-HT3 receptor antagonist used to prevent nausea and vomiting.
Pharm-GIT-Antiemetics-004,2026,Anesthesia - 5 January (M),Pharmacology,Gastrointestinal System,Antiemetics,A patient with a known case of Parkinson's disease is bedridden with frequent nausea and vomiting. The antiemetic given in this case is:,Metoclopramide,Ondansetron,Omeprazole,Cimetidine,,B,Metoclopramide can increase symptoms of Parkinson disease as it blocks dopamine so it is avoided.
Pharm-GIT-Antiemetics-005,2026,Anesthesia - 5 January (M),Pharmacology,Gastrointestinal System,Antiemetics,Which of the following is associated with extrapyramidal side effects in a patient with Parkinson's disease receiving gastropariesis treatment?,Ondansetron,Metoclopramide,Omeprazole,Dimenhydrinate,,B,"Metoclopramide blocks dopamine D2 receptors, causing extrapyramidal symptoms, which are particularly problematic in Parkinson's disease."
Pharm-GIT-Antiemetics-006,2026,Anesthesia - 5 January (M),Pharmacology,Gastrointestinal System,Antiemetics,A patient develops repeated vomiting after surgery. An antiemetic is prescribed. Which is the mechanism of action of ondansetron?,Dopamine D₂ receptor blockade,Histamine H₁ receptor blockade,Serotonin 5-HT₃ receptor blockade,Muscarinic receptor blockade,NK-1 receptor blockade,C,
Pharm-GIT-Antiemetics-007,2026,Medicine - 7 January (M),Pharmacology,Gastrointestinal System,Antiemetics,Which Antiemetic in parkinson's patient post cholecystectomy should be used?,Metoclopramide,Diphenhydramine,Omeprazole,Cetirizine,,B,
Pharm-GIT-Inflammatory Bowel Disease-001,2026,Surgery - 6 January (E),Pharmacology,Gastrointestinal System,Inflammatory Bowel Disease,Which of the following drugs is used to treat Crohn disease?,Epinephrine,Loperamide,Mesalamine,Cholestyramine,,C,
Pharm-GIT-Inflammatory Bowel Disease-002,2026,Medicine - 6 January (E),Pharmacology,Gastrointestinal System,Inflammatory Bowel Disease,Drug used in Crohn disease from given options:,Mesalamine,Ursodeoxycholic acid,Loperamide,Cholestyramine,,A,
Pharm-GIT-Motility-001,2026,Medicine - 7 January (M),Pharmacology,Gastrointestinal System,Motility,Drug of choice for esophageal spasm is:,Nifedipine,Verapamil,Omeprazole,Metoclopramide,,A,
Pharm-GIT-Motility-002,2026,Anesthesia - 5 January (M),Pharmacology,Gastrointestinal System,Motility,Treatment of diabetic gastroparesis is?,Ondansetron,Metoclopramide,Omeprazole,Dimenhydrinate,,B,"Metoclopramide is a prokinetic agent that increases gastric emptying, making it the drug of choice for diabetic gastroparesis."
Physio-GIT-Digestion & Absorption-001,2026,Gynecology - 7 January (E),Physiology,Gastrointestinal System,Digestion & Absorption,Total glucose absorption occurs via:,Passive diffusion,Active transport (SGLT1 and GLUT2),Facilitated diffusion only,Pinocytosis,,B,
Physio-GIT-Digestion & Absorption-002,2026,Surgery - 7 January (E),Physiology,Gastrointestinal System,Digestion & Absorption,Total glucose absorption occurs via:,Passive diffusion,Active transport (SGLT1 and GLUT2),Faciliated diffusion only,Pinocytosis,,B,
Physio-GIT-Digestion & Absorption-003,2026,Medicine - 5 January (E),Physiology,Gastrointestinal System,Digestion & Absorption,A patient has frequent watery stools and a 3 kg weight loss over 6 months following resection of the ileum and proximal jejunum. What is the most likely cause?,Osmotic diarrhea,Secretory diarrhea,Osmotic plus secretory diarrhea,Inflammatory diarrhea,,C,"<div class=""explanation-container""><div class=""explanation-text""><div style=""color:#16a34a;font-weight:800;margin-bottom:6px;"">✔ Correct Answer: Osmotic plus secretory diarrhea</div><div style=""margin-bottom:8px;""><b>Concept:</b> Small bowel resection physiology</div><div style=""margin-bottom:8px;""><b>Explanation:</b> Ileal and proximal jejunal resection reduces absorptive surface and bile acid reabsorption, causing osmotic diarrhea from malabsorption and secretory diarrhea from bile acid-induced colonic secretion.</div><div style=""margin-bottom:10px;padding:8px 10px;background:#ecfdf5;border-left:4px solid #16a34a;border-radius:6px;""><b>Clinical Pearl:</b> Mixed diarrhea is typical after significant small bowel loss due to bile acid malabsorption.</div><br><div style=""color:#dc2626;margin-bottom:4px;""><b>✘ Osmotic diarrhea:</b></div>Only part of the mechanism.<br><br><div style=""color:#dc2626;margin-bottom:4px;""><b>✘ Secretory diarrhea:</b></div>Occurs but not alone.<div style=""color:#dc2626;margin-bottom:4px;""><br><b>✘ Inflammatory diarrhea:</b></div>No mucosal inflammation described.</div></div></div>"
Physio-GIT-Digestion & Absorption-004,2026,Medicine - 5 January (E),Physiology,Gastrointestinal System,Digestion & Absorption,What does increased dietary fiber in the gut primarily cause?,Decreased gut motility,Increased cholesterol absorption,Increased gut motility and decreased cholesterol absorption,Increased bile acid reabsorption,,C,"<div class=""explanation-container""><div class=""explanation-text""><div style=""color:#16a34a;font-weight:800;margin-bottom:6px;"">✔ Correct Answer: Increased gut motility and decreased cholesterol absorption</div><div style=""margin-bottom:8px;""><b>Explanation:</b> Dietary fiber increases stool bulk, speeds intestinal transit, and binds bile acids reducing cholesterol absorption.</div><div style=""margin-bottom:10px;padding:8px 10px;background:#ecfdf5;border-left:4px solid #16a34a;border-radius:6px;""><b>Clinical Pearl:</b> Fiber lowers cholesterol via bile acid binding.</div><br><div style=""color:#dc2626;margin-bottom:4px;""><b>✘ Decreased gut motility:</b></div>Fiber increases motility.<br><br><div style=""color:#dc2626;margin-bottom:4px;""><b>✘ Increased cholesterol absorption:</b></div>Opposite effect; fiber reduces absorption.<br><br><div style=""color:#dc2626;margin-bottom:4px;""><b>✘ Increased bile acid reabsorption:</b></div>Fiber reduces enterohepatic recycling.</div></div></div>"
Physio-GIT-Hormones-001,2026,Radiology - 5 January (M),Physiology,Gastrointestinal System,Hormones,"During fasting, which hormone stimulates gut motility?",Gastrin,Motilin,Secretin,CCK,,B,
Physio-GIT-Hormones-002,2026,Anesthesia - 5 January (M),Physiology,Gastrointestinal System,Hormones,A girl is fasting for six hours. She feels cramps and abdominal pain. Which of the following hormones is responsible for these cramps?,Motilin,Secretin,Cholecystokinin,Somatostatin,Gastrin,A,Motilin: Stimulates contraction which will cause abdominal pain.
Physio-GIT-Hormones-003,2026,Gynecology - 5 January (M),Physiology,Gastrointestinal System,Hormones,Motilin is secreted predominantly during:,Postprandial period,Fasting (interdigestive) period,Sleep,Stress,,B,"Small intestine (duodenum & jejunum) – Initiates migrating motor complexes (MMCs) during the fasting state. Motilin receptor agonists (e.g., erythromycin) stimulate intestinal peristalsis."
Physio-GIT-Hormones-004,2026,Medicine - 8 January (M),Physiology,Gastrointestinal System,Hormones,A patient with duodenal ulcer has excessive acid entering the duodenum. Which hormone is released to neutralize gastric acid by increasing pancreatic bicarbonate secretion?,Gastrin,Cholecystokinin,Secretin,Motilin,,C,Secretin is released from S cells of the duodenum in response to acidic chyme and stimulates bicarbonate-rich pancreatic juice.
Physio-GIT-Motility-001,2026,Medicine - 6 January (E),Physiology,Gastrointestinal System,Motility,"A person after Fatty meal consumed wakes up at 5am with gastric pain and bloating, which of following delay gastric emptying?",gastrin,glucagon,insulin,secretin,,A,Pancreatic Secretion Increased by – CCK (First Aid). HCO3 secretion Increased by – Secretin. CCK increase Calcium by – IP3 mechanism. Gastric Motility Increased by – Gastrin. Gastric Motility Decreased by – Somatostatin. Increase Small intestine Motility and Decrease Gastric motility – CCK.
Physio-GIT-Motility-002,2026,Surgery - 6 January (E),Physiology,Gastrointestinal System,Motility,A person wakes at 5 AM with gastric pain and bloating after a fatty meal. Which of the following delays gastric emptying?,Gastrin,Bilirubin,Insulin,CCK,,D,
Physio-GIT-Motility-003,2026,Radiology - 6 January (M),Physiology,Gastrointestinal System,Motility,A diabetic patient complains of fullness and nausea after meals. The underlying cause of delayed gastric emptying is likely due to?,Enteric nervous system inhibition,Vagal nerve inhibition,Sympathetic stimulation,Increased gastrin secretion,,B,
Physio-GIT-Motility-004,2026,Medicine - 7 January (M),Physiology,Gastrointestinal System,Motility,Which hormone decreases gastric motility?,Gastrin,Secretin,Motilin,Cholecystokinin,,B,- Gastric Motility Increased by – Gastrin <br><br> - Increase Small intestine Motility and Decrease Gastric motility – CCK
Physio-GIT-Motility-005,2026,Medicine - 7 January (M),Physiology,Gastrointestinal System,Motility,Intestinal motility is increased by:,Dopamine,Serotonin (5-HT),Secretin,Somatostatin,,B,
Physio-GIT-Motility-006,2026,Medicine - 5 January (E),Physiology,Gastrointestinal System,Motility,What primarily increases gastric motility?,Decreased gastric volume,Increased gastric and duodenal volume,Sympathetic stimulation,Fasting,,B,"<div class=""explanation-container""><div class=""explanation-text""><div style=""color:#16a34a;font-weight:800;margin-bottom:6px;"">✔ Correct Answer: Increased gastric and duodenal volume</div><div style=""margin-bottom:8px;""><b>Explanation:</b> Gastric motility increases when the stomach and duodenum are distended, activating local reflexes.</div><div style=""margin-bottom:10px;padding:8px 10px;background:#ecfdf5;border-left:4px solid #16a34a;border-radius:6px;""><b>Clinical Pearl:</b> Distension triggers enteric nervous system stimulation.</div><br><div style=""color:#dc2626;margin-bottom:4px;""><b>✘ Decreased gastric volume:</b></div>Reduces motility stimulus.<br><br><div style=""color:#dc2626;margin-bottom:4px;""><b>✘ Sympathetic stimulation:</b></div>Decreases gastrointestinal motility.<br><br><div style=""color:#dc2626;margin-bottom:4px;""><b>✘ Fasting:</b></div>Decreases gastric motility.</div></div></div>"
Physio-GIT-Stomach-001,2026,Medicine - 7 January (M),Physiology,Gastrointestinal System,Stomach,Which part of the stomach produces intrinsic factor?,Antrum,Fundus,Pylorus,Cardia,,B,
Surg-GIT-Appendix-001,2026,Surgery - 6 January (E),Surgery,Gastrointestinal System,Appendix,A child presents with right lower quadrant pain and abdominal guarding. What is the most likely diagnosis?,Mesenteric adenitis,Meckel's diverticulitis,Cholelithiasis,Acute appendicitis,,D,
Surg-GIT-Appendix-002,2026,Radiology - 6 January (M),Surgery,Gastrointestinal System,Appendix,A child presents with right iliac fossa pain and guarding. Most likely diagnosis is:,Mesenteric adenitis,Acute appendicitis,Intussusception,Meckel diverticulitis,,B,
Surg-GIT-Appendix-003,2026,Medicine - 6 January (E),Surgery,Gastrointestinal System,Appendix,A child presents with right iliac fossa ppain and guarding. Most likely diagnosis is:,Mesenteric adenitis,Acute appendicitis,Intussusception,Meckel diverticulitis,,B,
Surg-GIT-Appendix-004,2026,Radiology - 5 January (M),Surgery,Gastrointestinal System,Appendix,"A 16-year-old male presents with acute onset right lower quadrant abdominal pain, nausea, and vomiting. On examination, McBurney’s point is tender. What is the most common cause of this condition?",Lymphoid hyperplasia,Fecolith,Viral infection,Foreign body,,A,
Surg-GIT-Appendix-005,2026,Radiology - 5 January (M),Surgery,Gastrointestinal System,Appendix,Pain of appendicitis is initially felt at:,Umbilical region,RLQ,Epigastric region,Hypogastrium,,A,
Surg-GIT-Bowel Obstruction-001,2026,Radiology - 5 January (M),Surgery,Gastrointestinal System,Bowel Obstruction,X-ray shows air under the right diaphragm. At what cecal diameter does perforation occur?,3 cm,6 cm,>9 cm,2 cm,,C,
Surg-GIT-Bowel Obstruction-002,2026,Radiology - 5 January (M),Surgery,Gastrointestinal System,Bowel Obstruction,Investigation for small intestine obstruction is:,Barium enema,Barium follow-through,Barium meal,Barium swallow,,B,Prefer CT Scan > Barium follow through for small intestine<br>Barium enema for Colon<br>Barium meal for upper GI issue
Surg-GIT-Bowel Obstruction-003,2026,Radiology - 5 January (M),Surgery,Gastrointestinal System,Bowel Obstruction,Patient with acute intestinal obstruction. Appropriate investigaation:,Plain erect abdominal Xray,CT Scan,MRI,Ultrasound,,A,
Surg-GIT-Duodenum-001,2026,Surgery - 7 January (E),Surgery,Gastrointestinal System,Duodenum,A patient has a posterior duodenal ulcer that has caused gastrointestinal bleeding. Which artery is most likely eroded by the ulcer?,Gastroduodenal artery,Splenic artery,Gastroepiploic artery,Left gastric artery,,A,"Perforation of posterior wall of duodenum, Bleed by Gastro duodenal artery. Perforation of lesser curvature Bleed by Left gastric artery. Perforation of posterior wall of stomach - Bleed by Splenic artery"
Surg-GIT-Esophagus-001,2026,Surgery - 6 January (E),Surgery,Gastrointestinal System,Esophagus,A patient who ingested a corrosive acid is suspected to have an esophageal perforation; what is the next diagnostic investigation?,Water-soluble contrast esophagogram,Chest X-ray,CT scan,Urine toxicology screen,,A,
Surg-GIT-Esophagus-002,2026,Medicine - 6 January (E),Surgery,Gastrointestinal System,Esophagus,A patient ingested corrosive acid and now has suspected esophageal perforation. Next investigation?,CT scan,Chest X-ray,MRI,Water-soluble contrast esophagogram,,D,Water-soluble contrast study avoids mediastinitis risk.
Surg-GIT-Gall Bladder-001,2026,Surgery - 7 January (E),Surgery,Gastrointestinal System,Gall Bladder,"A 40-year-old patient presents with a long history of postprandial right upper quadrant (RUQ), pain. He now has fever and an elevated total leukocyte count. On examination, there is tenderness in the RUQ with arrest of inspiration on deep palpation (positive Murphy's sign). Ultrasound shows gallbladder wall thickening, multiple gallstones, and pericholecystic fluid. What is the most likely diagnosis?",Perforated gallbladder,Gallbladder mucocele,Biliary colic,Acute cholecystitis,Chronic cholecystitis,D,
Surg-GIT-Hernia-001,2026,Surgery - 7 January (E),Surgery,Gastrointestinal System,Hernia,A patient presents with a groin hernia that lies below and lateral to the pubic tubercle. What type of hernia is this?,Indirect inguinal hernia,Direct inguinal hernia,Femoral hernia,Umbilical hernia,Incisional hernia,C,
Surg-GIT-Hernia-002,2026,Surgery - 7 January (E),Surgery,Gastrointestinal System,Hernia,A hernia protrudes through Hesselbach's triangle. What type of hernia is this?,Indirect inguinal hernia,Femoral,Direct Inguinal Hernia,Umbilical hernia,Epigastric,C,
Surg-GIT-Hernia-003,2026,Medicine - 8 January (M),Surgery,Gastrointestinal System,Hernia,A child presents with a swelling lateral to the inferior epigastric artery. What type of hernia does this indicate?,Femoral hernia,Direct inguinal hernia,Indirect inguinal hernia,Umbilical hernia,,C,
Surg-GIT-Hernia-004,2026,Medicine - 6 January (E),Surgery,Gastrointestinal System,Hernia,A female presents with a swelling below and lateral to the pubic tubercle. What is the diagnosis?,Direct inguinal hernia,Indirect inguinal hernia,Femoral hernia,Incisional hernia,,C,"A Femoral Hernia is defined by its position passing through the femoral canal; therefore, the swelling presents inferior to the inguinal ligament and typically lateral to the pubic tubercle (though the neck of the sac is medial)."
Surg-GIT-Hernia-005,2026,Medicine - 6 January (E),Surgery,Gastrointestinal System,Hernia,A male patient presents with groin swelling that increases on coughing and has a positive cough impulse. After occluding deep inguinal ring it does not appear Diagnosis?,Femoral hernia,Direct inguinal hernia,Indirect inguinal hernia,Obturator hernia,,C,If it appears after occluding deep inguinal ring it is likely direct hernia.
Surg-GIT-Hernia-006,2026,Gynecology - 6 January (M),Surgery,Gastrointestinal System,Hernia,Patient has a history of gunshot injury. Now he presented with the complain of swelling that appears above the clavicle while coughing or sneezing. Swelling more likely is?,Pleural membrane,Clavicular fascia,Virchow's node,Pectoral fascia,,A,A swelling above the clavicle that appears with coughing/sneezing (Valsalva maneuver) suggests a herniation or protrusion of a structure due to increased intrathoracic pressure. This could be a defect in the fascia/muscles allowing the cervical dome of the pleura (or a viscus like the lung apex) to protrude.
Surg-GIT-Hernia-007,2026,Radiology - 6 January (M),Surgery,Gastrointestinal System,Hernia,Patient has a history of gunshot injury. Now he presented with the complain of swelling that appears above the clavicle while coughing or sneezing. Swelling more likely is?,Pleural membrane,Clavicular fascia,Virchow’s node,Pectoral fascia,,A,A swelling above the clavicle that appears with coughing/sneezing (Valsalva maneuver) suggests a herniation or protrusion of a structure due to increased intrathoracic pressure. This could be a defect in the fascia/muscles allowing the cervical dome of the pleura (or a viscus like the lung apex) to protrude.
Surg-GIT-Intestine-001,2026,Medicine - 6 January (E),Surgery,Gastrointestinal System,Intestine,"Patient on 3rd post-operative day has abdominal pain, nausea, distension, and no flatus for 22 hrs. Immediate plan?",CT abdomen,MRI,Emergency laparotomy,X-ray abdomen erect spine,,D,Suspected post-operative ileus → first investigation is plain X-ray abdomen.
Biochem-General Biochem-Enzymes-001,2026,Surgery - 7 January (E),Biochemistry,General Biochemistry,Enzymes,"In a chemical reaction, the reactant that limits product formation is called?",Catalyst,Buffer,Limiting reagent,Excess reagent,Enzyme,C,
Patho-General Patho-Calcification-001,2026,Radiology - 5 January (M),Pathology,General Pathology,Calcification,"After shoulder injury, calcification of soft tissue on X-ray indicates:",Metastatic calcification,Dystrophic calcification,Gout,Osteosarcoma,,B,
Patho-General Patho-Cell Cycle-001,2026,Surgery - 7 January (E),Pathology,General Pathology,Cell Cycle,In which phase of the cell cycle are chromosomes most clearly visible under a light microscope?,Interphase,Prophase,Metaphase,Anaphase,Telophase,C,
Patho-General Patho-Cell Cycle-002,2026,Surgery - 6 January (E),Pathology,General Pathology,Cell Cycle,Which macromolecule is most critical for a cell to enter and progress through the G1 phase of the cell cycle?,Protein,RNA,DNA,Chloroplasts,,A,
Patho-General Patho-Cell Cycle-003,2026,Medicine - 6 January (E),Pathology,General Pathology,Cell Cycle,Which substance is most essential for the G1 phase of the cell cycle?,DNA,Protein,RNA,Mitochondria,,B,The G1 phase involves protein synthesis required for cell growth before DNA replication.
Patho-General Patho-Cell Cycle-004,2026,Radiology - 6 January (M),Pathology,General Pathology,Cell Cycle,Under microscope absorbed cells which will highest telomerase activity?,Germ cells,Neurons,Cardiac cells,Skeletal muscle cells,,A,
Patho-General Patho-Cell Injury-001,2026,Medicine - 6 January (E),Pathology,General Pathology,Cell Injury,Reduction in cancer cell size after chemotherapy occurs due to:,Cell Injury,Autophagy,Cell Injury,Mitotic arrrest,,C,
Patho-General Patho-Cell Injury-002,2026,Gynecology - 5 January (M),Pathology,General Pathology,Cell Injury,Which of the following is the initial step in the execution of Cell Injury?,Overexpression of BCL-2,Release of cytochrome-c from mitochondria,Activation of caspases,DNA fragmentation,,C,Initial execution step is caspase activation. (Text says cytochrome-c release but answer given as C)
Patho-General Patho-Cell Injury-003,2026,Surgery - 6 January (E),Pathology,General Pathology,Cell Injury,A decrease in cancer cell size after chemotherapy most commonly results from which cellular process?,Photosynthesis,Cell Injury,Autophagy,Cell Injury,,B,
Patho-General Patho-Cell Injury-004,2026,Gynecology - 7 January (E),Pathology,General Pathology,Cell Injury,A patient with chronic viral hepatitis undergoes autopsy. Councilman bodies are identified in the liver. These findings are most consistent with which pathological process?,Lipofuscin deposition,Cell Injury,Triglyceride accumulation,Coagulative Cell Injury,,B,
Patho-General Patho-Cell Injury-005,2026,Radiology - 5 January (M),Pathology,General Pathology,Cell Injury,Cell Injury is initiated by which of the following?,Caspases,Perforins,Cytokines,Lipases,,A,
Patho-General Patho-Cell Injury-006,2026,Anesthesia - 5 January (M),Pathology,General Pathology,Cell Injury,The initial step of Cell Injury is:,Activation of caspases,Chemotaxis,Initiation of kinins,Diffusion of cytoplasm,Influx of sodium,A,
Patho-General Patho-Cell Injury-007,2026,Anesthesia - 5 January (M),Pathology,General Pathology,Cell Injury,Councilman bodies are present in:,Reversible injury,Cell Injury,Infarction,Hemorrhage,Cell Injury,E,Examples of Cell Injury:<br>Physiological conditions:<br>- Endometrial cells (Menstruation).<br>- Cell removal during embryogenesis.<br>- Virus infected cells and neoplastic cells by cytotoxic T cells.<br><br>Pathological Conditions:<br>- Councilman bodies: Viral hepatitis.<br>- Gland atrophy following duct obliteration as in cystic fibrosis.<br>- Graft versus host disease (GVHD).
Patho-General Patho-Cell Injury-008,2026,Surgery - 7 January (E),Pathology,General Pathology,Cell Injury,Councilman bodies occur in process of:,Hypertrophy,Cell Injury,Atrophy,Yellow fever,,B,Occurs in process of Cell Injury<br>Seen in disease – Yellow Fever
Patho-General Patho-Cell Injury-009,2026,Gynecology - 5 January (M),Pathology,General Pathology,Cell Injury,Councilman bodies occur in proctitis of:,Hypertrophy,Cell Injury,Atrophy,Yellow fever,,B,Occurs in process of Cell Injury. Seen in disease – Yellow fever.
Patho-General Patho-Cell Injury-010,2026,Radiology - 5 January (M),Pathology,General Pathology,Cell Injury,Councilman bodies are seen in:,Cell Injury,Cell Injury,Inflammation,Fibrosis,,A,
Patho-General Patho-Cell Injury-011,2026,Medicine - 6 January (E),Pathology,General Pathology,Cell Injury,Which tissue is most vulnerable to ischemia/hypoxia?,Cardiac muscle,Skeletal muscle,Neurons,Lens,,C,Neurons are highly sensitive to oxygen deprivation due to high metabolic demand and limited anaerobic capacity.
Patho-General Patho-Cell Injury-012,2026,Surgery - 6 January (E),Pathology,General Pathology,Cell Injury,"In hypoxic injury, cellular swelling results primarily from accumulation of which intracellular substance?",Water,Protein,Glycogen,Viral particles,,A,
Patho-General Patho-Cell Injury-013,2026,Surgery - 6 January (E),Pathology,General Pathology,Cell Injury,Which tissue is most susceptible to injury from ischemia and hypoxia?,Cardiac muscle,Skeletal muscle,Nail plate,Neurons,,D,
Patho-General Patho-Cell Injury-014,2026,Radiology - 5 January (M),Pathology,General Pathology,Cell Injury,Ionizing radiation primarily damages which cellular component?,Lipids,Proteins,DNA,Mitochondria,,C,
Patho-General Patho-Cell Injury-015,2026,Radiology - 6 January (M),Pathology,General Pathology,Cell Injury,A 50-year-old woman undergoes radiotherapy for cervical cancer. The ionizing gamma radiation used in her treatment primarily damages tumor cells via formation of...,DNA thymine dimers,Free radicals from water radiolysis,Cross-linking of proteins,Pyrimidine base alkylation,,B,
Patho-General Patho-Cell Injury-016,2026,Medicine - 5 January (E),Pathology,General Pathology,Cell Injury,Amorphous mitochondrial densities seen on histological examination of cells are characteristic of what type of injury?,Reversible cell injury,Irreversible cell injury,Cell Injury,Cell Injury,,B,"<div class=""explanation-container""><div class=""explanation-text""><div style=""color:#16a34a;font-weight:800;margin-bottom:6px;"">✔ Correct Answer: Irreversible cell injury</div><div style=""margin-bottom:8px;""><b>Concept:</b> Ultrastructural changes in cell injury</div><div style=""margin-bottom:8px;""><b>Explanation:</b> Amorphous mitochondrial densities represent severe mitochondrial damage with loss of membrane integrity, a hallmark of irreversible cell injury.</div><div style=""margin-bottom:10px;padding:8px 10px;background:#ecfdf5;border-left:4px solid #16a34a;border-radius:6px;""><b>Clinical Pearl:</b> Mitochondrial damage is a key point of no return in cell injury.</div><br><div style=""color:#dc2626;margin-bottom:4px;""><b>✘ Reversible cell injury:</b></div>Includes swelling and fatty change only.<br><br><div style=""color:#dc2626;margin-bottom:4px;""><b>✘ Cell Injury:</b></div>Programmed, non-inflammatory cell death.<div style=""color:#dc2626;margin-bottom:4px;""><br><b>✘ Cell Injury:</b></div>Broader pattern, but mitochondrial dense bodies specifically indicate irreversible injury stage.</div></div></div>"
Patho-General Patho-Cell Injury-017,2026,Medicine - 7 January (M),Pathology,General Pathology,Cell Injury,Amorphous densities in cytoplasm are a feature of:,Reversible cell injury,Irreversible cell injury,Normal cells,Cell Injury only,,B,
Patho-General Patho-Cell Injury-018,2026,Medicine - 6 January (E),Pathology,General Pathology,Cell Injury,Cellular swelling seen in hypoxic injury is primarily due to accumulation of which substance inside the cell?,Protein,Glycogen,Fat,Water,,D,Hypoxia → ATP depletion → Na+/K+ pump failure → water influx.
Patho-General Patho-Cell Injury-019,2026,Medicine - 6 January (E),Pathology,General Pathology,Cell Injury,Elderly diabetic man with black well-demarcated foot lesion; biopsy shows Staph aureus. Diagnosis:,Coagulative Cell Injury,Caseous Cell Injury,Fat Cell Injury,Gangrenous Cell Injury,,D,"Diabetic foot with infection leads to dry or wet gangrene, often colonized by bacteria."
Patho-General Patho-Cell Injury-020,2026,Surgery - 6 January (E),Pathology,General Pathology,Cell Injury,Which type of tissue Cell Injury is characteristic of tuberculosis?,Hyaline degeneration,Liquefactive,Caseous,Coagulative,,C,
Patho-General Patho-Cell Injury-021,2026,Surgery - 6 January (E),Pathology,General Pathology,Cell Injury,"The patient presents with epigastric pain radiating to the back and an elevated serum amylase, consistent with acute pancreatitis. Which type of Cell Injury is seen in this condition?",Caseous Cell Injury,Coagulative Cell Injury,Fat Cell Injury,Fibrinoid Cell Injury,,C,
Patho-General Patho-Cell Injury-022,2026,Surgery - 6 January (E),Pathology,General Pathology,Cell Injury,An elderly man with diabetes has a well-demarcated black lesion on his foot; biopsy grows Staphylococcus aureus. What is the most likely type of Cell Injury?,Caseous Cell Injury,Gangrenous Cell Injury,Coagulative Cell Injury,Fibrinoid Cell Injury,,B,
Patho-General Patho-Cell Injury-023,2026,Gynecology - 7 January (E),Pathology,General Pathology,Cell Injury,A young male presents with acute testicular pain and undergoes surgery for torsion. Fibrin deposition in vessel walls is noted. What type of Cell Injury is this?,Coagulative Cell Injury,Liquefactive Cell Injury,Fibrinoid Cell Injury,Caseous Cell Injury,,C,#NAME?
Patho-General Patho-Cell Injury-024,2026,Gynecology - 7 January (E),Pathology,General Pathology,Cell Injury,What type of Cell Injury is seen in Brain?,Fat Cell Injury,Coagulative Cell Injury,Fibrinoid Cell Injury,Liquefactive Cell Injury,Medial Cell Injury,D,
Patho-General Patho-Cell Injury-025,2026,Medicine - 7 January (M),Pathology,General Pathology,Cell Injury,"In the brain, the type of Cell Injury typically seen following ischemic infarction is:",Coagulative Cell Injury,Caseous Cell Injury,Liquefactive Cell Injury,Fat Cell Injury,,C,"Explanation: Brain - liquefactive Cell Injury. Kidney, heart and adrenal glands - Coagulative Cell Injury. Tb- caseous Cell Injury. Any vasculitis- fibrinoid Cell Injury. Dry gangrene - Coagulative Cell Injury. Breast trauma or abdominal trauma - Traumatic fat Cell Injury."
Patho-General Patho-Cell Injury-026,2026,Medicine - 8 January (M),Pathology,General Pathology,Cell Injury,Type of Cell Injury characteristically seen in brain infarction is:,Coagulative,Caseous,Fat Cell Injury,Liquefactive,,D,
Patho-General Patho-Cell Injury-027,2026,Surgery - 7 January (E),Pathology,General Pathology,Cell Injury,A patient with chronic hepatitis develops sudden testicular torsion; histology shows fibrin deposition in the tunica media of the testicular artery. The type of Cell Injury is:,Caseous Cell Injury,Fat Cell Injury,Fibrinoid Cell Injury,Coagulative Cell Injury,Liquefactive Cell Injury,C,"Fibrinoid Cell Injury occurs in immune-mediated vascular injury (e.g., PAN) associated with HBV. With fibrin-like deposits."
Patho-General Patho-Cell Injury-028,2026,Surgery - 7 January (E),Pathology,General Pathology,Cell Injury,A patient with chronic hepatitis B presents with sudden severe testicular pain due to testicular torsion. Histopathology shows fibrino-like deposition in the tunica media of the testicular artery. What type of Cell Injury is this?,Caseous Cell Injury,Fat Cell Injury,Fibrinoid Cell Injury,Coagulative Cell Injury,Liquefactive Cell Injury,C,"Fibrinoid Cell Injury is characterized by immune complex-mediated vascular injury, commonly seen in polyarteritis nodosa (PAN), which is associated with chronic hepatitis B."
Patho-General Patho-Cell Injury-029,2026,Surgery - 7 January (E),Pathology,General Pathology,Cell Injury,Cell Injury seen in brain infarction is,Coagulative,Caseous,Liquefactive,Fat,Fibrinoid,C,
Patho-General Patho-Cellular Adaptations-001,2026,Gynecology - 6 January (M),Pathology,General Pathology,Cellular Adaptations,"A reversible replacement of one differentiated (mature) cell type by another differentiated cell type, usually in response to chronic irritation, is known as:",Choriostoma,Dysplasia,Hyperplasia,Metaplasia,Atrophy,D,
Patho-General Patho-Cellular Adaptations-002,2026,Radiology - 6 January (M),Pathology,General Pathology,Cellular Adaptations,Which of the following describes metaplasia?,Replacement of one adult epithelium type by another,Dysplasia of epithelium,Hyperplasia of epithelium,Neoplasia,,A,"Metaplasia is reversible change where one mature epithelium type is replaced by another better suited to stress (e.g., squamous metaplasia in smokers)."
Patho-General Patho-Cellular Adaptations-003,2026,Anesthesia - 5 January (M),Pathology,General Pathology,Cellular Adaptations,Changes seen in the lungs of a smoker,Decrease in number of cilia,Squamous metaplasia,Decrease in number of microvilli,Decrease in goblet cells,,B,
Patho-General Patho-Cellular Adaptations-004,2026,Medicine - 5 January (E),Pathology,General Pathology,Cellular Adaptations,Which cellular process mediates uterine involution following delivery?,Cell Injury,Cell Injury,Lysosomal degradation,Atrophy,,D,"<div class=""explanation-container""><div class=""explanation-text""><div style=""color:#16a34a;font-weight:800;margin-bottom:6px;"">✔ Correct Answer: Atrophy</div><div style=""margin-bottom:8px;""><b>Concept:</b> Postpartum uterine involution</div><div style=""margin-bottom:8px;""><b>Explanation:</b> After delivery, the uterus returns to pre-pregnancy size mainly through shrinkage of individual smooth muscle cells due to reduced hormonal stimulation. This is cellular atrophy, not Cell Injury as the dominant mechanism.</div><div style=""margin-bottom:10px;padding:8px 10px;background:#ecfdf5;border-left:4px solid #16a34a;border-radius:6px;""><b>Clinical Pearl:</b> Uterine involution is a classic example of physiologic atrophy in adults.</div><br><div style=""color:#dc2626;margin-bottom:4px;""><b>✘ Cell Injury:</b></div>Occurs minimally, not the main driver.<br><br><div style=""color:#dc2626;margin-bottom:4px;""><b>✘ Cell Injury:</b></div>Pathological cell death, not physiologic.<div style=""color:#dc2626;margin-bottom:4px;""><br><b>✘ Lysosomal degradation:</b></div>Secondary process, not primary mechanism.</div></div></div>"
Patho-General Patho-Cellular Adaptations-005,2026,Medicine - 7 January (M),Pathology,General Pathology,Cellular Adaptations,Metaplasia is defined as:,Malignant transformation,Change of one type of epithelium to another,Cell Injury,Hyperplasia,,B,
Patho-General Patho-Cellular Adaptations-006,2026,Medicine - 8 January (M),Pathology,General Pathology,Cellular Adaptations,Which cellular adaptation is considered premalignant?,Hyperplasia,Hypertrophy,Metaplasia,Atrophy,,C,
Patho-General Patho-Cellular Adaptations-007,2026,Medicine - 8 January (M),Pathology,General Pathology,Cellular Adaptations,A Pap smear shows that the normal columnar epithelium of the endocervix has been replaced by stratified squamous epithelium. What is this change an example of?,Hyperplasia,Dysplasia,Metaplasia,Anaplasia,,C,
Patho-General Patho-Cellular Adaptations-008,2026,Medicine - 8 January (M),Pathology,General Pathology,Cellular Adaptations,A pathologist notes that one tissue type has been replaced by another mature tissue type in a biopsy. What is this process called?,Hyperplasia,Metaplasia,Dysplasia,Atrophy,,B,
Patho-General Patho-Cellular Adaptations-009,2026,Medicine - 7 January (M),Pathology,General Pathology,Cellular Adaptations,Which intervention reduces cellular aging?,High-protein diet,Resistance exercise,Reduced caloric intake,Smoking cessation,,C,
Patho-General Patho-Edema-001,2026,Surgery - 7 January (E),Pathology,General Pathology,Edema,Type of fluid due to CHF is:,Exudate,Transudate,,,B,,
Patho-General Patho-Edema-002,2026,Surgery - 7 January (E),Pathology,General Pathology,Edema,"A patient with a localized bacterial cellulitis develops marked swelling, warmth and an exudative fluid accumulation in the interstitial space. Pathologically, what type of edema fluid is expected in infected/inflamed tissue?","Transudative (low protein, fluid due to hydrostatic changes)","Exudative (high protein, fluid due to increased vascular permeability)",Lymphatic edema due to lymphatic obstruction only,Osmotic edema from hypoalbuminemia only,Fitting edema due to deep venous thrombosis,B,
Patho-General Patho-Edema-003,2026,Gynecology - 7 January (E),Pathology,General Pathology,Edema,Edema in feet that increases from morning to evening (worsens during day) is due to:,Increased hydrostatic pressure,Decreased plasma oncotic pressure,Lymphatic obstruction,Increased vascular permeability,,A,It is mainly in heart failure or gravity affect that increase during day. Decrease plasma oncotic pressure typically cause generalized edema like nephrotic syndrome or liver disease related edema. Increase vascular permeability is seen in allergic or inflammatory reaction.
Patho-General Patho-Edema-004,2026,Gynecology - 5 January (M),Pathology,General Pathology,Edema,A patient develops swelling with protein-rich fluid and inflammatory cells. What type of fluid is this?,Exudate,Transudate,Serous fluid,Lymph,,A,
Patho-General Patho-Hyperemia & Congestion-001,2026,Anesthesia - 5 January (M),Pathology,General Pathology,Hyperemia & Congestion,A teacher asks Student in front of everyone a question she blushes what is the process called?,Secondary hyperemia,Active hyperemia,Vasovagal response,Parasympathetic stimulation,,B,
Patho-General Patho-Hyperemia & Congestion-002,2026,Radiology - 5 January (M),Pathology,General Pathology,Hyperemia & Congestion,Hyperemia is:,Active process,Passive process,Arterial obstruction,Venous congestion,,A,Hyperemia is an active increase in blood flow due to arteriolar dilation.
Patho-General Patho-Inflammation-001,2026,Medicine - 5 January (E),Pathology,General Pathology,Inflammation,Which cells primarily mediate granulomatous inflammation?,Neutrophils,Plasma cells,Epithelioid macrophages,Mast cells,,C,"<div class=""explanation-container""><div class=""explanation-text""><div style=""color:#16a34a;font-weight:800;margin-bottom:6px;"">✔ Correct Answer: Epithelioid macrophages</div><div style=""margin-bottom:8px;""><b>Explanation:</b> Granulomatous inflammation is characterized by activated macrophages (epithelioid cells) forming granulomas.</div><div style=""margin-bottom:10px;padding:8px 10px;background:#ecfdf5;border-left:4px solid #16a34a;border-radius:6px;""><b>Clinical Pearl:</b> Granuloma = epithelioid macrophages + giant cells.</div><br><div style=""color:#dc2626;margin-bottom:4px;""><b>✘ Neutrophils:</b></div>Acute inflammation.<br><br><div style=""color:#dc2626;margin-bottom:4px;""><b>✘ Plasma cells:</b></div>Antibody-producing cells.<br><br><div style=""color:#dc2626;margin-bottom:4px;""><b>✘ Mast cells:</b></div>Allergic reactions.</div></div></div>"
Patho-General Patho-Inflammation-002,2026,Medicine - 5 January (E),Pathology,General Pathology,Inflammation,Which mediator is released by platelets during inflammation?,Histamine,Serotonin,Bradykinin,Prostaglandin E2,,B,"<div class=""explanation-container""><div class=""explanation-text""><div style=""color:#16a34a;font-weight:800;margin-bottom:6px;"">✔ Correct Answer: Serotonin</div><div style=""margin-bottom:8px;""><b>Explanation:</b> Platelets release serotonin during inflammation, contributing to vasoconstriction and increased vascular permeability.</div><div style=""margin-bottom:10px;padding:8px 10px;background:#ecfdf5;border-left:4px solid #16a34a;border-radius:6px;""><b>Clinical Pearl:</b> Platelets = serotonin reservoir.</div><br><div style=""color:#dc2626;margin-bottom:4px;""><b>✘ Histamine:</b></div>Released mainly from mast cells.<br><br><div style=""color:#dc2626;margin-bottom:4px;""><b>✘ Bradykinin:</b></div>Plasma-derived mediator.<br><br><div style=""color:#dc2626;margin-bottom:4px;""><b>✘ Prostaglandin E2:</b></div>Produced via arachidonic acid pathway.</div></div></div>"
Patho-General Patho-Inflammation-003,2026,Medicine - 5 January (E),Pathology,General Pathology,Inflammation,What primarily causes the formation of an exudate during acute inflammation?,Increased hydrostatic pressure,Decreased plasma oncotic pressure,Increased vascular permeability,Lymphatic obstruction,,C,"<div class=""explanation-container""><div class=""explanation-text""><div style=""color:#16a34a;font-weight:800;margin-bottom:6px;"">✔ Correct Answer: Increased vascular permeability</div><div style=""margin-bottom:8px;""><b>Explanation:</b> Exudate formation in acute inflammation is primarily due to increased vascular permeability, allowing plasma proteins and fluid to leak into the interstitial space.</div><div style=""margin-bottom:10px;padding:8px 10px;background:#ecfdf5;border-left:4px solid #16a34a;border-radius:6px;""><b>Clinical Pearl:</b> Exudate = protein-rich fluid from leaky vessels.</div><br><div style=""color:#dc2626;margin-bottom:4px;""><b>✘ Increased hydrostatic pressure:</b></div>Causes transudate, not exudate.<br><br><div style=""color:#dc2626;margin-bottom:4px;""><b>✘ Decreased oncotic pressure:</b></div>Also causes transudate (e.g., nephrotic syndrome).<br><br><div style=""color:#dc2626;margin-bottom:4px;""><b>✘ Lymphatic obstruction:</b></div>Leads to lymphedema, not classic inflammatory exudate.</div></div></div>"
Patho-General Patho-Inflammation-004,2026,Medicine - 5 January (E),Pathology,General Pathology,Inflammation,In which of the following conditions are Langhans giant cells classically found?,Acute bacterial abscesses,Granulomatous inflammation,Viral inclusion bodies,Necrotizing fasciitis,,B,"<div class=""explanation-container""><div class=""explanation-text""><div style=""color:#16a34a;font-weight:800;margin-bottom:6px;"">✔ Correct Answer: Granulomatous inflammation</div><div style=""margin-bottom:8px;""><b>Explanation:</b> Langhans giant cells are a hallmark of granulomatous inflammation, commonly seen in conditions like tuberculosis and sarcoidosis.</div><div style=""margin-bottom:10px;padding:8px 10px;background:#ecfdf5;border-left:4px solid #16a34a;border-radius:6px;""><b>Clinical Pearl:</b> Langhans giant cells = granulomas (TB, sarcoid).</div><br><div style=""color:#dc2626;margin-bottom:4px;""><b>✘ Acute bacterial abscesses:</b></div>Neutrophil-rich pus, not giant cells.<br><br><div style=""color:#dc2626;margin-bottom:4px;""><b>✘ Viral inclusion bodies:</b></div>Seen in viral infections, not granulomas.<br><br><div style=""color:#dc2626;margin-bottom:4px;""><b>✘ Necrotizing fasciitis:</b></div>Acute severe bacterial infection with tissue Cell Injury, no granulomas.</div></div></div>"
Patho-General Patho-Inflammation-005,2026,Medicine - 7 January (M),Pathology,General Pathology,Inflammation,Markers of inflammation include:,"IL-2, TNF-alpha, Histamine","IFN, IL-1, interleukins","Complement C3, C4",CRP only,,B,
Patho-General Patho-Inflammation-006,2026,Medicine - 8 January (M),Pathology,General Pathology,Inflammation,"A biopsy shows aggregation of epithelioid histiocytes surrounded by lymphocytes, plasma cells, and fibrosis without caseous Cell Injury. What is the type of inflammation?",Acute suppurative inflammation,Granulomatous chronic inflammation,Fibrinous inflammation,Serous inflammation,,B,"Non-caseating granulomas are characteristic of chronic granulomatous inflammation (e.g., sarcoidosis, foreign body reactions)."
Patho-General Patho-Inflammation-007,2026,Gynecology - 5 January (M),Pathology,General Pathology,Inflammation,Hyperemia occurring due to arterial dilatation is an example of which process?,Active process,Passive process,Immune-mediated process,Hormonal process,,A,
Patho-General Patho-Inflammation-008,2026,Radiology - 5 January (M),Pathology,General Pathology,Inflammation,Initial step of acute inflammation:,Chemotaxis,Margination,Migration,Diapedesis,,B,"Margination<br>- Due to Increase vascular permeability RBC acquire central position and Neutrophil peripheral or marginal position called margination<br>Rolling<br>- Leukocytes roll along the endothelium called Rolling<br>Adhesion<br>- Adhesion of Leukocyte to Endothelium<br>- WBC attach to Endothelium -ICAM<br>- WBC attach to bacteria – Opsonin<br>Transmigration(Diapheses).<br>- Migration of neutrophils along the smooth epithelium of blood vessels<br>Migration(Chemotaxis).<br>- Movement of Leukocyte toward site of injury by chemical mediators<br>Phagocytosis, Degranulation and killing<br>- Neutrophil and macrophage recognize organisms if they are coated with Fc Fragment of IgG and C3b component of complement and then attach and finally kill them"
Patho-General Patho-Inflammation-009,2026,Anesthesia - 5 January (M),Pathology,General Pathology,Inflammation,Which factor initially activates both the clotting cascade and the kinin (bradykinin) pathway?,Interleukin-1,Factor VII,Factor VIII,Factor II,Factor XII (Hageman factor),E,"Hageman factor (Factor XII) activates:<br>- Intrinsic coagulation pathway<br>- Bradykinin system (via kallikrein-kinin system)<br>Other factors (VII, VIII, IX) are involved in coagulation but do not activate bradykinin."
Patho-General Patho-Inflammation-010,2026,Radiology - 5 January (M),Pathology,General Pathology,Inflammation,Inflammatory fluid is called:,Transudate,Exudate,Lymph,Plasma,,B,
Patho-General Patho-Inflammation-011,2026,Surgery - 6 January (E),Pathology,General Pathology,Inflammation,"Liver histology shows a central necrotic area surrounded by epithelioid cells, lymphocytes, and multinucleated giant cells. This pattern is characteristic of which type of Cell Injury?",Acute appendicitis,Coagulative Cell Injury,Caseous Cell Injury,Fat Cell Injury,,C,
Patho-General Patho-Inflammation-012,2026,Radiology - 5 January (M),Pathology,General Pathology,Inflammation,Kinin and coagulation pathway after tissue injury is activated by which factor?,Factor II,Factor III,Factor XII,Factor X,,C,Factor XII (Hageman factor) rates intrinsic coagulation and kinin ways after injury.
Patho-General Patho-Inflammation-013,2026,Anesthesia - 5 January (M),Pathology,General Pathology,Inflammation,Which of the following correctly describes the first step in leukocyte extravasation during acute inflammation?,Adhesion,Pavementing,Margination,Rolling,Transmigration,C,"The steps for the sequence of WBCs to the inflammation site are: Migration > Rolling > Adhesion > Transmigration (Diapedesis, Migration) > Chemotaxis Phagocytosis/Action."
Patho-General Patho-Inflammation-014,2026,Gynecology - 5 January (M),Pathology,General Pathology,Inflammation,"During acute inflammation, leukocytes first slow down and begin interacting with the endothelium. What is the earliest step?",Chemotaxis,Margination,Rolling,Adhesion,,B,Sequence: Margination > Rolling > Adhesion > Transmigration > Chemotaxis.
Patho-General Patho-Inflammation-015,2026,Gynecology - 5 January (M),Pathology,General Pathology,Inflammation,Correct sequence of events for neutrophil migration toward site of acute inflammation:,"Margination, adhesion, rolling, transmigration","Margination, rolling, adhesion, transmigration","Rolling, adhesion, margination, transmigration","Transmigration, rolling, adhesion, Margination",,B,
Patho-General Patho-Inflammation-016,2026,Surgery - 7 January (E),Pathology,General Pathology,Inflammation,A boy presents with pain and swelling in the arm. Surgeons examines but boy refuses due to pain. Which mediator is mainly responsible for pain at the site?,Prostaglandins,Histamine,Leukotrienes,Bradykinin,,D,
Patho-General Patho-Inflammation-017,2026,Gynecology - 7 January (E),Pathology,General Pathology,Inflammation,Edema fluid due to inflammation:,Exudate,Transudate,Serous,Fibrinous,,A,
Patho-General Patho-Intracellular Accumulations-001,2026,Medicine - 6 January (E),Pathology,General Pathology,Intracellular Accumulations,"A known case of Alzheimer disease died. On autopsy, his heart appears atrophied and brown in color. Which pigment is responsible?","Lipofuscin (""wear and tear"" pigment)",Kayser–Fleischer pigment,Hemochromatosis,Neurofibrillary tangles,Atherosclerotic plaque,A,"A yellow-brown ""wear and tear"" pigment associated with normal aging. Composed of polymers of lipids and phospholipids complexed with protein. May be derived through lipid peroxidation of polyunsaturated lipids of subcellular membranes. Autopsy of elderly person will reveal deposits in heart, colon, liver, kidney, eye, and other organs."
Patho-General Patho-Intracellular Accumulations-002,2026,Surgery - 6 January (E),Pathology,General Pathology,Intracellular Accumulations,"A patient with known Alzheimer's disease died; autopsy revealed a small, brown heart. Which pigment is responsible for the brown discoloration?","Lipofuscin (""wear and tear"" pigment)",Neurofibrillary tangles,Kayser-Fleischer pigment,Melanin pigment,,A,
Patho-General Patho-Intracellular Accumulations-003,2026,Radiology - 5 January (M),Pathology,General Pathology,Intracellular Accumulations,Alcoholic with hepatocytes showing clear cytoplasm on H&E. Cause:,Glycogen,Triglycerides (TGs),Protein,Water,,B,Fatty change (steatosis) in alcoholic liver. TG accumulation → clear vacuolated cells on H&E.
Patho-General Patho-Intracellular Accumulations-004,2026,Anesthesia - 5 January (M),Pathology,General Pathology,Intracellular Accumulations,A clear cytoplasm in a hepatocyte is most likely due to accumulation of which of the following molecules?,Glycogen,Protein,Mucin,Water,Cholesterol crystals,A,
Patho-General Patho-Neoplasia-001,2026,Medicine - 8 January (M),Pathology,General Pathology,Neoplasia,UV light most commonly causes mutation in which gene?,RB gene,TP53,KRAS,MYC,,B,
Patho-General Patho-Neoplasia-002,2026,Anesthesia - 5 January (M),Pathology,General Pathology,Neoplasia,Which of the following is associated with carcinoma in smokers?,Aniline dye,Hydrocarbons (Polycyclic aromatic),Asbestos,Silicon,Plastic,B,
Patho-General Patho-Neoplasia-003,2026,Surgery - 7 January (E),Pathology,General Pathology,Neoplasia,Cigarette smoke contains many carcinogens. Which of the following is a major carcinogen present in cigarette smoke?,Polycyclic aromatic hydrocarbons,Nitrosamines,Aflatoxin B1,Arsenic,,A,
Patho-General Patho-Organelles-001,2026,Surgery - 7 January (E),Pathology,General Pathology,Organelles,Mitochondria contain which of the following?,Paternal DNA,mRNA,Maternal DNA,RNA,,C,"Mitochondria contain their own circular DNA, known as mitochondrial DNA (mtDNA). This DNA is inherited almost exclusively from the mother because the mitochondria in the sperm cell are typically destroyed after fertilization."
Patho-General Patho-Organelles-002,2026,Surgery - 6 January (E),Pathology,General Pathology,Organelles,From which cellular organelle is the sperm acrosome derived?,Mitochondria,Chloroplast,Golgi apparatus,Lysosome,,C,
Patho-General Patho-Postmortem Changes-001,2026,Surgery - 7 January (E),Pathology,General Pathology,Postmortem Changes,"During autopsy of a patient who died suddenly, a clot is found in the right atrium. It has a gelatinous yellow upper part and a red lower part. Which of the following best describes this finding?",Ante-mortem thrombus,"Chicken fat"" clot",Mural thrombus,Embolus,,B,
Patho-General Patho-Postmortem Changes-002,2026,Gynecology - 5 January (M),Pathology,General Pathology,Postmortem Changes,A postmortem blood clot showing yellow supernatant and red dependent portion is known as:,Thrombus,Antemortem clot,Chicken fat clot,Saddle embolus,,C,
Patho-General Patho-Postmortem Changes-003,2026,Anesthesia - 5 January (M),Pathology,General Pathology,Postmortem Changes,A dead body is found and sent for post-mortem. Which of the following describes a post-mortem clot?,Antemortem thrombi,Lines of Zahn,Chicken fat appearance,Trans-mural thrombus,Cerebral thrombus,C,Line of Zahn seen in<br>- Coralline Thrombus<br>- Pre mortem Thrombus<br>- Arterial Thrombus<br><br>Chicken Fat Appearance seen in<br>- Post Mortem Thrombus
Patho-General Patho-Postmortem Changes-004,2026,Gynecology - 7 January (E),Pathology,General Pathology,Postmortem Changes,"During autopsy of a patient who died suddenly, a clot is found in the right atrium. It has a gelatinous yellow upper part and a red lower part. Which of the following best describes this finding?",Ante-mortem thrombus,Post-mortem clot (“chicken fat” clot),Mural thrombus,Embolus,,B,Types of thrombi Arterial (White) - Develop in arteries or heart - On Transection Dark gray lines of Aggregated platelets interspersed between paler layer of Coagulated Fibin these lamellae called Lines of Zahn Form Snake like structure away from heart Venous (Red) Rich in RBC so are red On Transection Fibrin seen Form snake like structure towards Heart Venous Thrombi vs Postmortem Clot Venous thrombi are firm and Postmortem clot rubbery Venous thrombi rich in RBC and Post mortem clot dependent port rich in RBC appear as Red Currant Jelly and Supernat Portion free of RBC appear as Chicken Fat Venous thrombi attach to vessel and Postmortem clot not
Patho-General Patho-Postmortem Changes-005,2026,Radiology - 5 January (M),Pathology,General Pathology,Postmortem Changes,Postmortem thrombi appear as:,Chicken fat supernatant,Red thrombus,White thrombus,Mixed thrombus,,A,
Patho-General Patho-T&E-001,2026,Gynecology - 6 January (M),Pathology,General Pathology,Thrombosis & Embolism,A patient develops sudden respiratory distress after a long bone fracture. Fat embolism is suspected. Which diagnostic method confirms the presence of fat emboli?,Blood culture,CT angiography,Frozen section of fat,Chest X-ray,Arterial blood gases,C,
Patho-General Patho-T&E-002,2026,Medicine - 5 January (E),Pathology,General Pathology,Thrombosis & Embolism,What is the principal underlying cause of a DVT developing on the 8th day post-surgery?,Hypercoagulability,Endothelial injury,Venous stasis,Thrombocytosis,,C,"<div class=""explanation-container""><div class=""explanation-text""><div style=""color:#16a34a;font-weight:800;margin-bottom:6px;"">✔ Correct Answer: Venous stasis</div><div style=""margin-bottom:8px;""><b>Explanation:</b> Postoperative immobility leads to venous stasis, a key component of Virchow’s triad causing DVT.</div><div style=""margin-bottom:10px;padding:8px 10px;background:#ecfdf5;border-left:4px solid #16a34a;border-radius:6px;""><b>Clinical Pearl:</b> Surgery + immobility → stasis → DVT.</div><br><div style=""color:#dc2626;margin-bottom:4px;""><b>✘ Hypercoagulability:</b></div>Also contributes but less specific here.<br><br><div style=""color:#dc2626;margin-bottom:4px;""><b>✘ Endothelial injury:</b></div>Occurs during surgery but stasis dominates post-op.<br><br><div style=""color:#dc2626;margin-bottom:4px;""><b>✘ Thrombocytosis:</b></div>Not primary mechanism.</div></div></div>"
Patho-General Patho-T&E-003,2026,Medicine - 8 January (M),Pathology,General Pathology,Thrombosis & Embolism,Which of the following is component of Virchow’s triad?,Endothelial injury,Sepsis,Hypercalcemia,Vasodilation,,A,
Patho-General Patho-T&E-004,2026,Gynecology - 7 January (E),Pathology,General Pathology,Thrombosis & Embolism,Pulmonary embolism with hematopoietic cells originates from:,Bone marrow,Spleen,Liver,Lymph nodes,,A,
Patho-General Patho-T&E-005,2026,Radiology - 5 January (M),Pathology,General Pathology,Thrombosis & Embolism,Systemic thrombi are derived from:,Left atrium,Left ventricle,Right atrium,Right ventricle,,A,"Thrombi from left ventricle can cause systemic embolization (e.g., stroke, limb ischemia)."
Patho-General Patho-T&E-006,2026,Anesthesia - 5 January (M),Pathology,General Pathology,Thrombosis & Embolism,Systemic arterial emboli most commonly originate from:,Right atrium,Left atrium / Left ventricle,Femoral artery,Right ventricle,Pulmonary artery,B,
Patho-General Patho-T&E-007,2026,Gynecology - 7 January (E),Pathology,General Pathology,Thrombosis & Embolism,"After RTA (road traffic accident), pulmonary embolism is most likely due to:",Thromboembolism from DVT,Fat embolism from long bone fracture,Air embolism,Amniotic fluid embolism,,B,
Patho-General Patho-T&E-008,2026,Gynecology - 7 January (E),Pathology,General Pathology,Thrombosis & Embolism,Pulmonary embolism originates from:,Arterial thrombus,Venous thromboembolism (DVT),Cardiac thrombus,Arterial dissection,,B,
Patho-General Patho-T&E-009,2026,Gynecology - 7 January (E),Pathology,General Pathology,Thrombosis & Embolism,Where do most pulmonary emboli originate?,Right atrium,Left atrium,Deep veins of the leg,Pulmonary artery itself,Lungs,C,
Patho-General Patho-T&E-010,2026,Gynecology - 7 January (E),Pathology,General Pathology,Thrombosis & Embolism,Postpartum thrombosis with Zahn lines on histology indicates:,Arterial thrombus,Venous thrombus,Septic thrombophlebitis,Disseminated intravascular coagulation,,B,
Biochem-Genetics-Chromosomal Abnormalities-001,2026,Medicine - 7 January (M),Biochemistry,Genetics,Chromosomal Abnormalities,Turner syndrome is characterized by:,Complete Monosomy of X,Incomplete monosomy,Trinucleotide repeat,Complete Monosomy of Y,,A,"<div class=""explanation-container""><div class=""explanation-text""><div style=""color:#16a34a;font-weight:800;margin-bottom:6px;"">✔ Correct Answer: Complete Monosomy of X</div><div style=""margin-bottom:8px;""><b>Concept:</b> Chromosomal abnormality</div><div style=""margin-bottom:8px;""><b>Explanation:</b> Turner syndrome results from complete absence of one X chromosome (45,X). It leads to gonadal dysgenesis, short stature, and characteristic physical features.</div><div style=""margin-bottom:10px;padding:8px 10px;background:#ecfdf5;border-left:4px solid #16a34a;border-radius:6px;""><b>Clinical Pearl:</b> Turner syndrome is the only viable monosomy in humans.</div><br><div style=""color:#dc2626;margin-bottom:4px;""><b>✘ Incomplete monosomy:</b></div>Partial deletions exist but classic Turner is complete monosomy.<br><br><div style=""color:#dc2626;margin-bottom:4px;""><b>✘ Trinucleotide repeat:</b></div>Seen in disorders like Huntington’s disease.<div style=""color:#dc2626;margin-bottom:4px;""><br><b>✘ Complete Monosomy of Y:</b></div>Not compatible with life.</div></div></div>"
Biochem-Genetics-Chromosomal Inheritance-001,2026,Gynecology - 5 January (M),Biochemistry,Genetics,Chromosomal Inheritance,"If a mother carries a succinate dehydrogenase (SDH) gene mutation, what is the approximate risk of passing this mutation to her offspring?",25%,50%,0%,100%,,B,"<div class=""explanation-container""><div class=""explanation-text""><div style=""color:#16a34a;font-weight:800;margin-bottom:6px;"">✔ Correct Answer: 50%</div><div style=""margin-bottom:8px;""><b>Concept:</b> Autosomal dominant inheritance</div><div style=""margin-bottom:8px;""><b>Explanation:</b> Succinate dehydrogenase (SDH) mutations follow an autosomal dominant inheritance pattern. Each child of an affected parent has a 50% chance of inheriting the mutation because only one mutated allele is required.</div><div style=""margin-bottom:10px;padding:8px 10px;background:#ecfdf5;border-left:4px solid #16a34a;border-radius:6px;""><b>Clinical Pearl:</b> Autosomal dominant = 50% risk to offspring regardless of gender.</div><br><div style=""color:#dc2626;margin-bottom:4px;""><b>✘ 25%:</b></div>Seen in autosomal recessive inheritance when both parents are carriers.<br><br><div style=""color:#dc2626;margin-bottom:4px;""><b>✘ 0%:</b></div>Incorrect unless the parent does not carry the mutation.<div style=""color:#dc2626;margin-bottom:4px;""><br><b>✘ 100%:</b></div>Would only occur in rare cases like homozygous dominant inheritance.</div></div></div>"
Biochem-Genetics-Chromosomal Inheritance-002,2026,Medicine - 5 January (E),Biochemistry,Genetics,Chromosomal Inheritance,Which of these genetic conditions follows an autosomal dominant inheritance pattern?,Phenylketonuria,Alkaptonuria,Gaucher disease,Marfan syndrome,,D,"<div class=""explanation-container""><div class=""explanation-text""><div style=""color:#16a34a;font-weight:800;margin-bottom:6px;"">✔ Correct Answer: Marfan syndrome</div><div style=""margin-bottom:8px;""><b>Explanation:</b> Marfan syndrome is an autosomal dominant connective tissue disorder caused by fibrillin-1 gene mutation.</div><div style=""margin-bottom:10px;padding:8px 10px;background:#ecfdf5;border-left:4px solid #16a34a;border-radius:6px;""><b>Clinical Pearl:</b> AD disorders often show vertical transmission.</div><br><div style=""color:#dc2626;margin-bottom:4px;""><b>✘ Phenylketonuria:</b></div>Autosomal recessive.<br><br><div style=""color:#dc2626;margin-bottom:4px;""><b>✘ Alkaptonuria:</b></div>Autosomal recessive.<br><br><div style=""color:#dc2626;margin-bottom:4px;""><b>✘ Gaucher disease:</b></div>Autosomal recessive lysosomal storage disorder.</div></div></div>"
Med-Genetics-Chormosomal Abnormalities-001,2026,Medicine - 6 January (E),Medicine,Genetics,Chormosomal Abnormalities,"A 2-year-old baby has hypotonia, umbilical hernia, protruded tongue, up-slanting eyes. Diagnosis?",Trisomy 21,Trisomy 13,Trisomy 18,DiGeorge syndrome,,A,
Med-Genetics-Chormosomal Abnormalities-002,2026,Radiology - 5 January (M),Medicine,Genetics,Chormosomal Abnormalities,"A baby presents with intellectual disability, hypotonia (floppy baby), up-slanting palpebral fissures, epicanthic folds, small low-set ears, protruding tongue, and a single transverse palmar crease. Chromosomes: 46. What is the diagnosis?",Turner syndrome,Down syndrome,Hypothyroidism,Klinefelter syndrome,,B,
Med-Genetics-Chormosomal Abnormalities-003,2026,Radiology - 6 January (M),Medicine,Genetics,Chormosomal Abnormalities,"A child presents with a single palmar crease, flat facial features, and hypotonia, but chromosome analysis is normal (46,XY/XX). What is this condition called?",Mosaic Down syndrome,Familial “normal karyotype” Down-like phenotype,Trisomy 21,Turner syndrome,,B,Some children have Down-like features without chromosomal trisomy → called Down-like syndrome or phenocopy. True Down syndrome → trisomy 21. Mosaic Down → only some cells have trisomy 21.
Med-Genetics-Chromosomal Abnormalities-001,2026,Medicine - 7 January (M),Medicine,Genetics,Chromosomal Abnormalities,"A female patient presents with short stature, a webbed neck, and absent ovaries. Which condition is most likely?",Klinefelter syndrome,Turner syndrome,Noonan syndrome,Swyer syndrome,,B,
Med-Genetics-Chromosomal Abnormalities-002,2026,Gynecology - 5 January (M),Medicine,Genetics,Chromosomal Abnormalities,"A short-statured female with webbed neck, shield chest, streak ovaries, and coarctation of aorta most likely has:",Klinefelter syndrome,Turner syndrome,Androgen insensitivity,Mullerian agenesis,,B,
Med-Genetics-Metabolic Disorders-001,2026,Gynecology - 6 January (M),Medicine,Genetics,Metabolic Disorders,"A patient presents with corneal clouding, hemolytic anemia, and renal failure. On genetic testing deficiency of which enzyme?",Tangier Disease,Abetalipoproteinemia,Lecithin-Cholesterol Acryltransferase deficiency,Fish eye disease,,C,"LCAT deficiency leads to the accumulation of unesterified cholesterol, which deposits in peripheral tissues and cell membranes causing the classic symptoms."
Patho-Genetics-Chromosomal Abnormalities-001,2026,Surgery - 6 January (E),Pathology,Genetics,Chromosomal Abnormalities,"A 2-year-old child presents with hypotonia, an umbilical hernia, macroglossia, and upward-slanting palpebral fissures. What is the most likely diagnosis?",Trisomy 18,Trisomy 13,Klinefelter syndrome,Trisomy 21,,D,
Patho-Genetics-Chromosomal Abnormalities-002,2026,Gynecology - 7 January (E),Pathology,Genetics,Chromosomal Abnormalities,Monosomy of an entire chromosome is most commonly seen in:,Down syndrome,Turner syndrome,Klinefelter syndrome,Edwards syndrome,,B,
Patho-Genetics-Chromosomal Abnormalities-003,2026,Radiology - 6 January (M),Pathology,Genetics,Chromosomal Abnormalities,"A newborn is noted to have absent plantar creases, wide-spaced toes, flat nasal bridge, and low-set ears. What is the most likely chromosome number in this child?",46,45,48,47,,D,
Patho-Genetics-Chromosomal Abnormalities-004,2026,Radiology - 5 January (M),Pathology,Genetics,Chromosomal Abnormalities,"A girl with short stature, webbed neck, widely spaced nipples, and primary amenorrhea presents to clinic. What will you see on karyotype?","47, XXY","46, XO","45, XO","69, XXY",,B,
Patho-Genetics-Chromosomal Abnormalities-005,2026,Anesthesia - 5 January (M),Pathology,Genetics,Chromosomal Abnormalities,"A 15-year-old girl presents with short stature and delayed puberty. She has not yet attained menarche. Physical examination shows a webbed neck, low posterior hairline, and broad chest with widely spaced nipples. What is the most likely karyotype?",46 XX / 46 XY,47 XXX,46 XY,47 XXY,45 XO,E,
Patho-Genetics-Chromosomal Abnormalities-006,2026,Medicine - 7 January (M),Pathology,Genetics,Chromosomal Abnormalities,"A patient has primary amenorrhea, short stature, webbed neck. What is the appropriate test for diagnosis of this condition",FISH,Karyotype,MRI,CT,,B,
Patho-Genetics-Chromosomal Abnormalities-007,2026,Medicine - 5 January (E),Pathology,Genetics,Chromosomal Abnormalities,"What is the most likely diagnosis for a boy presenting with a long face, large ears, and developmental delay?",Down syndrome,Fragile X syndrome,Rett syndrome,Angelman syndrome,,B,"<div class=""explanation-container""><div class=""explanation-text""><div style=""color:#16a34a;font-weight:800;margin-bottom:6px;"">✔ Correct Answer: Fragile X syndrome</div><div style=""margin-bottom:8px;""><b>Concept:</b> Trinucleotide repeat disorders</div><div style=""margin-bottom:8px;""><b>Explanation:</b> Fragile X is caused by CGG repeat expansion in FMR1 gene leading to intellectual disability, long face, large ears, and developmental delay.</div><div style=""margin-bottom:10px;padding:8px 10px;background:#ecfdf5;border-left:4px solid #16a34a;border-radius:6px;""><b>Clinical Pearl:</b> Most common inherited cause of intellectual disability.</div><br><div style=""color:#dc2626;margin-bottom:4px;""><b>✘ Down syndrome:</b></div>Typically flat facies, epicanthic folds, not long face.<br><br><div style=""color:#dc2626;margin-bottom:4px;""><b>✘ Rett syndrome:</b></div>Seen mainly in females with regression.<div style=""color:#dc2626;margin-bottom:4px;""><br><b>✘ Angelman syndrome:</b></div>Happy demeanor, ataxia, seizures.</div></div></div>"
Patho-Genetics-Chromosomal Abnormalities-008,2026,Medicine - 5 January (E),Pathology,Genetics,Chromosomal Abnormalities,"Which genetic disorder is most probable in a 3-month-old with a protruding tongue, flat facial profile, small head, upward slanting palpebral fissures, and low-set ears?",Turner syndrome,Down syndrome,Edwards syndrome,Patau syndrome,,B,"<div class=""explanation-container""><div class=""explanation-text""><div style=""color:#16a34a;font-weight:800;margin-bottom:6px;"">✔ Correct Answer: Down syndrome</div><div style=""margin-bottom:8px;""><b>Explanation:</b> Trisomy 21 causes characteristic facial features including protruding tongue, flat facial profile, and upslanting palpebral fissures.</div><div style=""margin-bottom:10px;padding:8px 10px;background:#ecfdf5;border-left:4px border:#16a34a;border-radius:6px;""><b>Clinical Pearl:</b> Down syndrome = hypotonia + characteristic facies + intellectual disability.</div><br><div style=""color:#dc2626;margin-bottom:4px;""><b>✘ Turner syndrome:</b></div>Webbed neck, streak ovaries.<br><br><div style=""color:#dc2626;margin-bottom:4px;""><b>✘ Edwards syndrome:</b></div>Clenched fists, rocker-bottom feet.<br><br><div style=""color:#dc2626;margin-bottom:4px;""><b>✘ Patau syndrome:</b></div>Cleft lip, holoprosencephaly.</div></div></div>"
Patho-Genetics-Chromosomal Abnormalities-009,2026,Radiology - 5 January (M),Pathology,Genetics,Chromosomal Abnormalities,Which of the following is a trinucleotide repeat disorder?,Down syndrome,Patau syndrome,Edwards syndrome,Fragile X syndrome,,D,Huntington -CAG and Autosomal dominant<br>Myotonic dystrophy - CTG and AD<br>Fragile X - CGG and X Dominant<br>Friedreich ataxia - GAA and AR
Patho-Genetics-Chromosomal Abnormalities-010,2026,Gynecology - 6 January (M),Pathology,Genetics,Chromosomal Abnormalities,A male with one barr body and gynecomastia likely has?,"46, XY","47, XXY","47, XYY","45, X","46, XX",B,
Patho-Genetics-Chromosomal Inheritance-001,2026,Surgery - 7 January (E),Pathology,Genetics,Chromosomal Inheritance,When both alleles are fully expressed in heterozygous called?,Codominance,Transduction,Polymorphisms,Reduce penetrance,Variable expressivity,A,
Patho-Genetics-Chromosomal Inheritance-002,2026,Anesthesia - 5 January (M),Pathology,Genetics,Chromosomal Inheritance,"When both alleles of a gene are expressed equally in a phenotype, it is called",Robertsonian,Codominance,Dominance,Epistasis,Incomplete dominance,B,"Codominance occurs when both alleles are fully expressed, e.g., AB blood group."
Patho-Genetics-Chromosomal Inheritance-003,2026,Gynecology - 5 January (M),Pathology,Genetics,Chromosomal Inheritance,A genetic condition in which both alleles are fully expressed in a heterozygous is termed:,Incomplete dominance,Recessive inheritance,Codominance,Epistasis,,C,"In codominance, both alleles are expressed equally AB blood group is the classic example of codominance."
Patho-Genetics-Chromosomal Inheritance-004,2026,Radiology - 5 January (M),Pathology,Genetics,Chromosomal Inheritance,Both alleles expressed in heterozygous is called:,Incomplete dominance,Codominance,Recessive expression,Dominant expression,,B,"Codominance occurs when both alleles contribute to phenotype (e.g., AB blood group)."
Patho-Genetics-Chromosomal Inheritance-005,2026,Gynecology - 7 January (E),Pathology,Genetics,Chromosomal Inheritance,Mitochondrial DNA in the fetus is inherited from:,Father,Mother,Both parents equally,Maternal mitochondria only,,D,Mitochondrial DNA is maternally inherited; sperm mitochondria are typically destroyed after fertilization.
Patho-Genetics-Chromosomal Inheritance-006,2026,Medicine - 6 January (E),Pathology,Genetics,Chromosomal Inheritance,Familial adenomatous polyposis (FAP) follows which pattern of inheritance?,Autosomal recessive,X-linked recessive,Autosomal dominant,Mitochondrial,,C,FAP is due to APC gene mutation with autosomal dominant inheritance.
Peads-Genetics-Chromosomal Abnormalities-001,2026,Gynecology - 5 January (M),Pediatrics,Genetics,Chromosomal Abnormalities,"A child presents with intellectual disability, long face, large ears, and macroorchidism. The genetic abnormality involves trinucleotide repeat expansion in:",Huntington disease,Myotonic dystrophy,Fragile X syndrome,Friedreich ataxia,,C,#NAME?
Peads-Genetics-Skeletal Dysplasia-001,2026,Gynecology - 7 January (E),Pediatrics,Genetics,Skeletal Dysplasia,"A newborn is noted to have small hands and feet, short upper limbs disproportionately, and a small face. These findings are most consistent with which of the following conditions?",Achondroplasia,Marfan syndrome,Turner syndrome,Down syndrome,,A,"Achondroplasia is characterized by disproportionate short stature, especially short proximal limbs (rhizomelic dwarfism). Affected infants have short hands and feet and characteristic craniofacial features. Marfan syndrome presents with tall stature and long limbs. Turner syndrome and Down syndrome have different dysmorphic features."
ObGyn-Gyne-Cervix-001,2026,Gynecology - 7 January (E),Gynecology & Obstetrics,Gynecology,Cervix,A 42-year-old woman with high-risk HPV infection undergoes colposcopy and LEEP for CIN 2. What is the recommended follow-up?,Repeat colposcopy within 6 months,Repeat HPV testing in 6 months,Repeat colposcopy within 12 months,Repeat HPV testing in 12 months,,B,
ObGyn-Gyne-Congenital Anomalies-001,2026,Gynecology - 5 January (M),Gynecology & Obstetrics,Gynecology,Congenital Anomalies,"A 20-year-old woman presents with primary amenorrhea, cyclic lower abdominal pain for 4 years, a 20 cm abdominal mass, and a bulging pink hymen on examination. The diagnosis is:",Mullerian agenesis,Vaginal septum,Imperforate hymen with hematocolpos,Endometriosis,,C,
ObGyn-Gyne-Congenital Anomalies-002,2026,Gynecology - 7 January (E),Gynecology & Obstetrics,Gynecology,Congenital Anomalies,"17 year old girl presented with amenorrhea, she said she never had her menstruation, on examination, she has well developed breast, axillary and pubic hair, she also said that she has cyclical pain which is worsening now, and she has bluish membrane on per vaginal examination, which of the following is your diagnosis?",Imperforate hymen with hematocolpos,Ovarian cystadenoma,Mayer-Rokintansky-Kuster-Hauser syndrome,Transverse vaginal septum,,A,"- Mullerian obstruction/ Imperforate Hymen_Primary Amenorrhea + worsening abdominal pain, - In MRKH there would be no cyclical pain or bluish membrane on vagina."
ObGyn-Gyne-Congenital Anomalies-003,2026,Gynecology - 7 January (E),Gynecology & Obstetrics,Gynecology,Congenital Anomalies,"An 18-year-old unmarried girl presents with cyclical lower abdominal pain for 2 years, no menarche, and on exam a bulging, bluish hymen. Uterus is slightly enlarged. What is the most appropriate management?",Resection of transverse vaginal septum,Hymenotomy / hymenectomy,Hysterectomy,Observation,,B,Reference: SK OBS/GYNAE THEORY BOOK TOPIC IMPERFORATE HYMEN PG 9 (CPSP MOST FAV TOPIC)
ObGyn-Gyne-Congenital Anomalies-004,2026,Gynecology - 7 January (E),Gynecology & Obstetrics,Gynecology,Congenital Anomalies,"A tall girl with feminine features presents with primary amenorrhea. She has well-developed secondary sexual characteristics, and bilateral abdominal masses (5 x 3 cm) are palpable. What is the next best step to confirm the diagnosis?",Pelvic ultrasound,Serum testosterone level,Karyotyping,Serum FSH and LH levels,,C,"The presentation is classic for Androgen Insensitivity Syndrome (AIS). AIS patients have female phenotype, primary amenorrhea, absent uterus, and intra-abdominal testes. Karyotyping (46,XY) is required to confirm the diagnosis. Ultrasound may show absent uterus but is not confirmatory."
ObGyn-Gyne-Congenital Anomalies-005,2026,Gynecology - 7 January (E),Gynecology & Obstetrics,Gynecology,Congenital Anomalies,Imperforate hymen with transverse vaginal septum requires:,Simple heminectomy,Surgical excision of the septum,Dilation alone,Hormonal therapy,,B,Transverse vaginal septum requires surgical excision; simple heminectomy is insufficient.
ObGyn-Gyne-Contraception-001,2026,Gynecology - 5 January (M),Gynecology & Obstetrics,Gynecology,Contraception,Which component of oral contraceptive pills is primarily responsible for breast tenderness?,Estrogen,Progesterone,Folate,Iron,,B,Progesterone increases breast glandular tissue → tenderness. REMEMBER: Progesterone functions in sequence: Maintain endometrial lining & pregnancy > secretory phase of menstrual cycle > Development of alveoli and lobule in breast (MCQ).
ObGyn-Gyne-Contraception-002,2026,Gynecology - 6 January (M),Gynecology & Obstetrics,Gynecology,Contraception,"A patient came to you after 24hour of unprotected sex, which of the following is the best emergency contraception?",Copps,POPs,Cu iucd,Ulipristal acetate,,C,
ObGyn-Gyne-Contraception-003,2026,Gynecology - 6 January (M),Gynecology & Obstetrics,Gynecology,Contraception,A patient using an IUD presents with excessive bleeding. What is the best management?,Immediate delivery,Platelet transfusion,Blood transfusion,Remove IUD and treat conservatively,Emergency hysterectomy,D,
ObGyn-Gyne-Contraception-004,2026,Gynecology - 5 January (M),Gynecology & Obstetrics,Gynecology,Contraception,The primary mechanism of action of oral contraceptive pills is:,Prevent implantation,Increase cervical mucus viscosity,Inhibit ovulation,Suppress menstruation,,C,"OCPs suppress LH surge, preventing ovulation."
ObGyn-Gyne-Contraception-005,2026,Gynecology - 5 January (M),Gynecology & Obstetrics,Gynecology,Contraception,Long-term use of oral contraceptive pills increases the risk of:,Osteoporosis,Endometrial cancer,Thromboembolism,Ovarian cyst rupture,,C,Estrogen-containing OCPs increase thrombotic risk.<br>- Low estrogen OCP cause – Hepatic Adenoma<br>- High Estrogen OCP Prolong/Long term use cause in post-menopausal – Endometrial CA<br>- Estrogen Containing OCP Increase risk of – Thromboembolism (DVT)<br>- HRT (Mixed) cause – Breast CA(Robins) > DVT
ObGyn-Gyne-Contraception-006,2026,Gynecology - 7 January (E),Gynecology & Obstetrics,Gynecology,Contraception,The Mirena IUD provides contraception primarily by:,Mechanical barrier,Releasing levonorgestrel locally causing endometrial atrophy and cervical mucosal thickening,Copper toxicity to sperm,Preventing ovulation systemically,,B,"Mirena releases progestin locally, thickening cervical mucus and atrophying endometrium."
ObGyn-Gyne-Contraception-007,2026,Radiology - 5 January (M),Gynecology & Obstetrics,Gynecology,Contraception,IUCD mechanism of action:,Prevents ovulation,Inhibits implantation,Toxic to sperm / sterile inflammatory response,Suppresses endometrium,,C,
ObGyn-Gyne-Contraception-008,2026,Radiology - 5 January (M),Gynecology & Obstetrics,Gynecology,Contraception,"In combined oral contraceptives, which component causes breast tenderness?",Estrogen,Progesterone,Testosterone,FSH,,A,
ObGyn-Gyne-Endocrinology-001,2026,Gynecology - 6 January (M),Gynecology & Obstetrics,Gynecology,Endocrinology,"A woman presents with subfertility and amenorrhea. Labs: Low FSH, Low LH, normal prolactin, low estradiol. What is the most likely cause?",Prolactinoma,Hypothalamic-pituitary dysfunction,Hypothalamic-pituitary overactive,Ovarian failure,PCOS,B,Low FSH and LH with low estradiol suggest secondary hypogonadism due to hypothalamic-pituitary dysfunction. Normal prolactin rules out prolactinoma.
ObGyn-Gyne-Endocrinology-002,2026,Gynecology - 6 January (M),Gynecology & Obstetrics,Gynecology,Endocrinology,"A 25-year-old woman presents with oligomenorrhea, infertility, obesity, and hirsutism. Which condition is most consistent with these features?",Premature ovarian failure,Hypothalamic amenorrhea,Polycystic ovarian syndrome (PCOS),Hyperprolactinemia,,C,
ObGyn-Gyne-Endocrinology-003,2026,Gynecology - 6 January (M),Gynecology & Obstetrics,Gynecology,Endocrinology,A young underweight woman presents with secondary amenorrhea. Most likely cause?,Pituitary tumor,Hypothalamic amenorrhea due to nutritional deficiency,Thyroid dysfunction,Turner syndrome,,B,Low body fat → decreased GnRH pulsatility → secondary amenorrhea.
ObGyn-Gyne-Endocrinology-004,2026,Radiology - 6 January (M),Gynecology & Obstetrics,Gynecology,Endocrinology,"A teenage girl with primary amenorrhea, normal breast development, and absent pubic/axillary hair likely has:",Turner syndrome,Mullerian agenesis,Androgen insensitivity syndrome,Kallmann syndrome,,C,
ObGyn-Gyne-Endocrinology-005,2026,Gynecology - 7 January (E),Gynecology & Obstetrics,Gynecology,Endocrinology,"In PCOS, the LH:FSH ratio is typically:",01:01,02:01,03:01,Equal levels,,C,
ObGyn-Gyne-Endocrinology-006,2026,Radiology - 6 January (M),Gynecology & Obstetrics,Gynecology,Endocrinology,"A 25-year-old woman presents with oligomenorrhea, infertility, obesity, and hirsutism. Which condition is most consistent with these features?",Premature ovarian failure,Hypothalamic amenorrhea,Polycystic ovarian syndrome (PCOS),Hyperprolactinemia,,C,
ObGyn-Gyne-Female Genital Tract-001,2026,Gynecology - 7 January (E),Gynecology & Obstetrics,Gynecology,Female Genital Tract,Genital tuberculosis most commonly damages the:,Uterus,Fallopian tubes,Ovaries,Vagina,,B,
ObGyn-Gyne-Infec-001,2026,Gynecology - 5 January (M),Gynecology & Obstetrics,Gynecology,Infections,"In pelvic inflammatory disease, pus is aspirated through the posterior fornix from which anatomical space?",Vesicouterine pouch,Broad ligament,Rectouterine pouch,Ovarian fossa,,C,Posterior fornix gives access to pouch of Douglas.
ObGyn-Gyne-Infec-002,2026,Gynecology - 6 January (M),Gynecology & Obstetrics,Gynecology,Infections,"A 28-year-old woman presents with lower abdominal pain, foul vaginal discharge, and cervical tenderness. Most likely diagnosis?",Endometriosis,Pelvic inflammatory disease (PID),Ectopic pregnancy,Ovarian cyst,,B,"Lower abdominal pain, cervical motion tenderness, and purulent discharge are classic features of PID, usually due to ascending infection."
ObGyn-Gyne-Infertility-001,2026,Gynecology - 5 January (M),Gynecology & Obstetrics,Gynecology,Infertility,A couple undergoing IVF asks which step most enhances the success of fertilization by enabling sperm to penetrate the ovum.,Fusion of sperm and ovum membranes,Capacitation,Insemination,Cleavage,,B,
ObGyn-Gyne-Infertility-002,2026,Gynecology - 6 January (M),Gynecology & Obstetrics,Gynecology,Infertility,"A 6 month married couple has visited fertility clinic with complaint of subfertility, couple states that they have been having regular unprotected intercourse for 2 to 3 times per week but has not conceived yet, what is the approximate percentage of couples who conceive within 1 year of trying?",75%,80%,90%,95%,70%,B,
ObGyn-Gyne-Infertility-003,2026,Radiology - 6 January (M),Gynecology & Obstetrics,Gynecology,Infertility,"A 6 month married couple has visited fertility clinic with complain of subfertility, couple states that they have been having regular unprotected intercourse for 2 to 3 times per week but has not conceived yet, what is the approximate percentage of couples who conceive within 1 year of trying?",75%,80%,90%,85%,70%,B,Within 6 months → 70% chances...After 12 months → 80%...After 24 months → 90%
ObGyn-Gyne-Infertility-004,2026,Gynecology - 7 January (E),Gynecology & Obstetrics,Gynecology,Infertility,Best test to check fallopian tube patency is:,Ultrasound,Hysterosalpingography (HSG),Laparoscopy,MRI,,B,
ObGyn-Gyne-Infertility-005,2026,Gynecology - 7 January (E),Gynecology & Obstetrics,Gynecology,Infertility,Patient cannot conceive after puerperal sepsis due to:,Ovarian damage,Fallopian tube blockage,Uterine scarring,Hormonal dysfunction,,B,
ObGyn-Gyne-Menstrual Cycle-001,2026,Gynecology - 5 January (M),Gynecology & Obstetrics,Gynecology,Menstrual Cycle,A woman is in the secretary face of her menstrual cycle has endometrial glands showing hypertrophy. Which hormone is responsible.,Estrogen,Progesterone,FSH,LH,,B,Progesterone causes secretory changes and gland hypertrophy.
ObGyn-Gyne-Menstrual Cycle-002,2026,Surgery - 7 January (E),Gynecology & Obstetrics,Gynecology,Menstrual Cycle,18-year-old female with normal hormonal profile vitally stable and 8 weeks amenorrhea is suffering from,Anovulation,Gonadal failure,Turner syndrome,Sheehan syndrome,,A,"This is the most common cause of non-pregnant secondary amenorrhea, especially in young women. If she is anovulatory (not releasing an egg), she won't produce the progesterone needed to trigger a period."
ObGyn-Gyne-Oncology-001,2026,Gynecology - 6 January (M),Gynecology & Obstetrics,Gynecology,Oncology,A female patient was diagnosed with carcinoma cervix and underwent radical hysterectomy. The which lymph nodes are primarily removed during this procedure?,External iliac lymph nodes,Internal iliac lymph nodes,Superficial inguinal lymph nodes,Para-aortic lymph nodes,Obturator lymph nodes,B,"External iliac lymph nodes: Medial horizontal inguinal (Scrotum, Skin of penis, Uterus (internal + external > internal iliac > external iliac), 1/3rd distal anal canal); Vertical superficial inguinal (Buttock, Medial leg, Thigh, Perineum). Internal iliac lymph nodes: Cervix, Uterus (internal + external > internal iliac > external iliac), Middle 1/3rd of vagina, Lower part of rectum, Urethra, Prostate, Penis deep structures, Seminal vesicles."
ObGyn-Gyne-Oncology-002,2026,Gynecology - 5 January (M),Gynecology & Obstetrics,Gynecology,Oncology,"A 35-year-old woman presents with abdominal distension and pelvic discomfort. Imaging reveals an ovarian mass. Histopathology shows small cells arranged in clusters resembling tiny seedlings, giving characteristically ""seedling"" appearance. ""seedling"" appearance on histology is characteristic of which tumor?",Ovarian tumor,Testicular tumor,Liver tumor,Renal tumor,,A,"The ""seedling"" appearance is seen in dysgerminomas of the ovary; when tumor cells grow in small clusters separated by fibrous septa. This histologic pattern is distinctive and helps differentiate it from other tumors."
ObGyn-Gyne-Oncology-003,2026,Gynecology - 7 January (E),Gynecology & Obstetrics,Gynecology,Oncology,"A postmenopausal woman undergoes transvaginal ultrasound, showing endometrial thickness of 9–19 mm. She is not on hormone therapy. What is the next step / final diagnosis most consistent with this finding?",Normal postmenopausal endometrium,Endometrial hyperplasia or malignancy,Atrophic endometrium,Endometrial polyp,,B,Reference: SK OBS/GYNAE THEORY BOOK CHAP MALIGNANT DISEASES OF UTERUS
ObGyn-Gyne-Oncology-004,2026,Gynecology - 7 January (E),Gynecology & Obstetrics,Gynecology,Oncology,Ovarian cystadenoma tumor marker is:,AFP,CA-125,CEA,PSA,,B,
ObGyn-Gyne-Oncology-005,2026,Gynecology - 7 January (E),Gynecology & Obstetrics,Gynecology,Oncology,Woman with adnexal mass containing teeth and hair: most likely diagnosis is:,Mature cystic teratoma (dermoid cyst),Dysgerminoma,Granulosa cell tumor,Sertoli-Leydig cell tumor,,A,
ObGyn-Gyne-Oncology-006,2026,Gynecology - 7 January (E),Gynecology & Obstetrics,Gynecology,Oncology,Woman's daughter diagnosed with teratoma: risk of malignancy in teratoma is:,1%,5%,10%,25%,,A,
ObGyn-Gyne-Ovary-001,2026,Surgery - 7 January (E),Gynecology & Obstetrics,Gynecology,Ovary,Woman with adnexal mass containing teeth and hair; most likely diagnosis is:,Mature cystic teratoma (dermoid cyst),Dysgerminoma,Granulosa cell tumor,Sertoli-Leydig cell tumor,,A,
ObGyn-Gyne-Ovary-002,2026,Gynecology - 5 January (M),Gynecology & Obstetrics,Gynecology,Ovary,"A 24 year old woman presents with lower abdominal pain, ultrasound shows a thin walled uniocular ovarian cyst measuring 4cm. There are no solid components or septations. What is the most common ovarian cyst in women of reproductive age?",Serous cystadenoma,Corpus luteum cyst,Follicular cyst,Endometrioma,,C,
ObGyn-Gyne-Ovary-003,2026,Gynecology - 7 January (E),Gynecology & Obstetrics,Gynecology,Ovary,A woman in her first trimester of pregnancy is found to have a cyst in the right ovary on ultrasound. What is the most likely diagnosis?,Theca lutein cyst,Follicular cyst,Corpus luteum cyst,Endometrioma,,C,
ObGyn-Gyne-Ovary-004,2026,Gynecology - 5 January (M),Gynecology & Obstetrics,Gynecology,Ovary,A woman present with hyperandrogenism and irregular menses which of the following initial and first Test will you advise ?,Hormonal profile,Ultrasound,Biopsy,Karyotyping,,A,Hormonal profile is first step in suspected PCOS.
ObGyn-Gyne-Physio-001,2026,Gynecology - 6 January (M),Gynecology & Obstetrics,Gynecology,Physiology,How to confirm ovulation has occurred?,Estrogen,Progesterone,Inhibin,FSH,Pre-ovulatory levels of LH,B,
ObGyn-Gyne-Physio-002,2026,Gynecology - 6 January (M),Gynecology & Obstetrics,Gynecology,Physiology,Estrogen plays a vital role in female reproductive development and physiology. Which of the following is the most important function of estrogen?,Milk secretion,Development of secondary sexual characteristics,Maintenance of pregnancy,Secretory changes in endometrium,,B,
ObGyn-Gyne-Physio-003,2026,Gynecology - 5 January (M),Gynecology & Obstetrics,Gynecology,Physiology,Menstrual bleeding occurs due to:,Increased estrogen,Increased LH,Loss of progesterone support,High FSH,,C,Withdrawal of progesterone destabilizes endometrium → bleeding.
ObGyn-Gyne-Physio-004,2026,Gynecology - 6 January (M),Gynecology & Obstetrics,Gynecology,Physiology,A 27-year-old woman tracks her menstrual cycle. Ovulation typically occurs after the mid-cycle LH surge. How long after the LH surge does ovulation usually occur?,12 hours,24-36 hours,48-72 hours,5-7 days,,B,
ObGyn-Gyne-Physio-005,2026,Gynecology - 5 January (M),Gynecology & Obstetrics,Gynecology,Physiology,Ovulation occurs how long after the LH surge?,12–18 hrs,24–36 hrs,48–72 hrs,5–7 days,,B,
ObGyn-Gyne-Physio-006,2026,Gynecology - 6 January (M),Gynecology & Obstetrics,Gynecology,Physiology,What is the most important function of progesterone?,Secretory changes in endometrium,Formation of lobules in breast,Follicle maturation,Ovulation,Menstrual bleeding,A,"Progesterone functions in estrogenic maintenance, endometrial lining & pregnancy > secretory phase of menstrual cycle > Development of alveoli and lobule in breast learn it from mnemonic MESAL."
ObGyn-Gyne-Physio-007,2026,Gynecology - 5 January (M),Gynecology & Obstetrics,Gynecology,Physiology,Puberty occurs due to:,Estrogen alone,Progesterone alone,Increased sensitivity of hypothalamus to estrogen,Increased gonadotropin secretion by hypothalamus,,C,Hypothalamic GnRH neurons increase sensitivity to estrogen → initiate puberty.
ObGyn-Gyne-Physio-008,2026,Gynecology - 7 January (E),Gynecology & Obstetrics,Gynecology,Physiology,"A couple is on ovulation induction for 3 months, they want to know the fate of all developing follicles, which of the following best describes their outcome:",Degeneration,Atresia,Regression,Ovulation,,B,
ObGyn-Gyne-Physio-009,2026,Gynecology - 7 January (E),Gynecology & Obstetrics,Gynecology,Physiology,Ovulation is confirmed by measuring serum:,Estrogen,LH surge,Progesterone (mid-luteal phase),FSH,,C,Progesterone >3 ng/mL in mid-luteal phase (day 21 of 28-day cycle) confirms ovulation.
ObGyn-Gyne-Preventive Med-001,2026,Gynecology - 7 January (E),Gynecology & Obstetrics,Gynecology,Preventive Medicine,HPV testing recommendation for cervical cancer screening: strains to test are:,"HPV 6, 11","HPV 16, 18","HPV 31, 33",All HPV strains,,B,
ObGyn-Gyne-Surgical Complications-001,2026,Gynecology - 5 January (M),Gynecology & Obstetrics,Gynecology,Surgical Complications,A woman develops flank pain following hysterectomy. The most likely injured structure is:,Renal artery,Ureter,Ovarian vein,Inferior vena cava,,B,"The most common surgical landmark for the ureter in pelvic surgery (like hysterectomy) is the point where it runs close to the cervix, passing under the uterine artery (a branch of the internal iliac artery). A close option is its relationship to the main vessels: it generally passes over the common iliac vessels and then runs medially. However, the most critical moment is where it crosses the 2 cm proximal to the internal iliac artery and passes beneath the uterine artery—mnemonic is ""water under the bridge."""
ObGyn-Gyne-Surgical Complications-002,2026,Gynecology - 6 January (M),Gynecology & Obstetrics,Gynecology,Surgical Complications,"Patient underwent Hysterectomy, Surgeon should know relation of ureter where it can be damage during hysterectomy",Pelvic brim,2cm from Ischial spine,When it moves upward and laterally behind Broad ligament,When crosses common iliac artery,At bifurcation of iliac vessels,C,
ObGyn-Gyne-Surgical Complications-003,2026,Gynecology - 7 January (E),Gynecology & Obstetrics,Gynecology,Surgical Complications,A patient experiences urinary dribbling when coughing or sneezing. What type of incontinence is this?,Stress incontinence,Urge incontinence,Overflow incontinence,,,A,Leakage of urine with increased intra-abdominal pressure is characteristic of stress incontinence.
ObGyn-Gyne-Uterus-001,2026,Gynecology - 5 January (M),Gynecology & Obstetrics,Gynecology,Uterus,A woman presents with uterine prolapse. Which ligament damage is most commonly responsible?,Uterocervical ligament,Cardinal ligament,Round ligament,,,A,"Uterosacral ligament provides primary support for cervix and prevents prolapse. (Option given as ""Uterocervical"" in text)"
ObGyn-Gyne-Uterus-002,2026,Gynecology - 6 January (M),Gynecology & Obstetrics,Gynecology,Uterus,"A woman presents with dysmenorrhea, cyclical pelvic pain, and blue-red nodules involving the ovaries and pelvic ligaments. Symptoms worsen during menstruation. What is the most likely diagnosis?",Endometriosis,Adenomyosis,Fibroid uterus,Endometriosis,Pelvic inflammatory disease,D,(Options show D as Endometriosis despite duplication)
ObGyn-Gyne-Uterus-003,2026,Gynecology - 7 January (E),Gynecology & Obstetrics,Gynecology,Uterus,Pain during the menstrual cycle is most likely caused by which condition?,Fibroids,Endometriosis,Ovarian cyst,Pelvic inflammatory disease,Adenomyosis,B,
ObGyn-Gyne-Uterus-004,2026,Gynecology - 6 January (M),Gynecology & Obstetrics,Gynecology,Uterus,A female presents with third-degree uterine prolapse. Which ligament is primarily responsible for support of the uterus?,Round ligament,Broad ligament,Uterosacral ligament,Cardinal ligament,Pubocervical ligament,C,"Broad Ligament: fold of peritoneum, supports tubes, ovaries, uterus. Round Ligament: maintains anteverted position. Uterosacral Ligament: provides primary support for cervix and prevents uterine prolapse. Cardinal Ligament: chief support for uterus. Pubocervical Ligament: additional support for uterus and bladder."
ObGyn-Gyne-Uterus-005,2026,Gynecology - 5 January (M),Gynecology & Obstetrics,Gynecology,Uterus,A woman with a bicornuate uterus has this condition due to:,Failure of mesonephric duct formation,Failure of paramesonephric duct fusion,Failure of paramesonephric duct canalization,Persistence of urogenital sinus,,B,Bicornuate uterus results from incomplete fusion of paramesonephric ducts.
ObGyn-Gyne-Uterus-006,2026,Gynecology - 5 January (M),Gynecology & Obstetrics,Gynecology,Uterus,A 45-year-old woman has heavy menstrual bleeding for 6 months with no structural pathology. First-line medical management is:,Tranexamic acid,Combined OCP,Mefenamic acid,GnRH analogs,,C,NSAIDs like mefenamic acid reduce prostaglandins and bleeding.
ObGyn-Gyne-Uterus-007,2026,Gynecology - 7 January (E),Gynecology & Obstetrics,Gynecology,Uterus,"A 35-year-old woman with a history of heavy menstrual bleeding and dysmenorrhea now presents with worsening menstrual pain for the past 2 months. On bimanual pelvic examination, the ovaries are normal, but the uterus is uniformly enlarged and tender. Which of the following is the most likely diagnosis?",Uterine Fibroids (leiomyoma),Adenomyosis,Endometriosis,Endometritis,Chronic Pelvic inflammatory disease,B,
ObGyn-Gyne-Uterus-008,2026,Gynecology - 7 January (E),Gynecology & Obstetrics,Gynecology,Uterus,A patient has both submucosal and intramural uterine fibroids. Which surgery is usually required?,Myomectomy,Hysterectomy,Hysterectomy with bilateral salpingo-oophorectomy,Endometrial ablation,Laparoscopic excision,B,Submucosal and intramural fibroids affecting fertility or causing symptoms are usually treated with myomectomy to preserve the uterus.
ObGyn-Gyne-Uterus-009,2026,Gynecology - 7 January (E),Gynecology & Obstetrics,Gynecology,Uterus,A 38-year-old woman presents with heavy menstrual bleeding and pelvic pressure. Ultrasound reveals a fibroid uterus with a 4x4 cm intramural fibroid and a 5x3 cm subserosal fibroid - What is the most appropriate management?,Uterine artery embolization,Hysterectomy with oophorectomy,Hysterectomy,Hormonal therapy,,C,
ObGyn-Gyne-Vagina-001,2026,Gynecology - 6 January (M),Gynecology & Obstetrics,Gynecology,Vagina,"A 65-year-old menopausal woman presents with vaginal pruritus, soreness, dyspareunia for 6 months. Which drug should be given?",Topical equine estrogen,Colbastal proprionate 0.01%,Oral progesterone,Fluconazole,Testosterone cream,A,"Atrophic vaginitis in postmenopausal women responds well to topical estrogen, which restores vaginal epithelium and alleviates symptoms."
Ana-H&N-Cranial Nerves-001,2026,Medicine - 6 January (E),Anatomy,Head & Neck,Cranial Nerves,Injury to the posterior triangle of neck results in weakness of shoulder shrug. Which nerve is damaged?,Cranial accessory nerve,Hypoglossal nerve,Spinal accessory nerve,Phrenic nerve,,C,
Ana-H&N-Cranial Nerves-002,2026,Medicine - 6 January (E),Anatomy,Head & Neck,Cranial Nerves,A boy undergoes nodal dissection in the posterior triangle of the neck. Which nerve is most at risk?,Vagus nerve,Spinal accessory nerve,Phrenic nerve,Hypoglossal nerve,,B,The spinal accessory nerve (CN XI) traverses the posterior triangle and is commonly injured during lymph node dissection.
Ana-H&N-Cranial Nerves-003,2026,Anesthesia - 5 January (M),Anatomy,Head & Neck,Cranial Nerves,"During an altercation, a patient presented in ER with a stab injury at the back of the neck. The patient is unable to shrug his shoulders. Which of the following nerves is involved in a stab injury to posterior triangle of the neck?",Axillary nerve,Suprascapular nerve,Spinal accessory nerve,Long thoracic nerve,Brachial plexus,C,
Ana-H&N-Cranial Nerves-004,2026,Medicine - 5 January (E),Anatomy,Head & Neck,Cranial Nerves,Which muscle is most likely spared in a patient with a fracture at the jugular foramen?,Stylopharyngeus,Hyoglossus,Palatoglossus,Sternocleidomastoid,,B,"<div class=""explanation-container""><div class=""explanation-text""><div style=""color:#16a34a;font-weight:800;margin-bottom:6px;"">✔ Correct Answer: Hyoglossus</div><div style=""margin-bottom:8px;""><b>Explanation:</b> Hyoglossus is supplied by the hypoglossal nerve and is not affected in jugular foramen lesions.</div><div style=""margin-bottom:10px;padding:8px 10px;background:#ecfdf5;border-left:4px solid #16a34a;border-radius:6px;""><b>Clinical Pearl:</b> Jugular foramen lesions affect CN IX, X, XI—not hypoglossal innervated tongue muscles.</div><br><div style=""color:#dc2626;margin-bottom:4px;""><b>✘ Stylopharyngeus:</b></div>Supplied by CN IX, affected in jugular foramen lesions.<br><br><div style=""color:#dc2626;margin-bottom:4px;""><b>✘ Palatoglossus:</b></div>Innervated by vagus nerve (CN X).<br><br><div style=""color:#dc2626;margin-bottom:4px;""><b>✘ Sternocleidomastoid:</b></div>Innervated by accessory nerve (CN XI).</div></div></div>"
Ana-H&N-Cranial Nerves-005,2026,Surgery - 6 January (E),Anatomy,Head & Neck,Cranial Nerves,A lesion in the posterior triangle of the neck causes weakness when shrugging the shoulder. Which nerve is injured?,Hypoglossal nerve,Phrenic nerve,Tibial nerve,Spinal accessory nerve,,D,
Ana-H&N-Cranial Nerves-006,2026,Surgery - 6 January (E),Anatomy,Head & Neck,Cranial Nerves,"During lymph node dissection in the posterior triangle of the neck, which nerve is most at risk?",Spinal accessory nerve,Hypoglossal nerve,Phrenic nerve,Median nerve,,A,
Ana-H&N-Cranial Nerves-007,2026,Radiology - 5 January (M),Anatomy,Head & Neck,Cranial Nerves,Symptoms of facial palsy and hearing less are due to nerve passing through:,Jugular foramen,Internal acoustic meatus,Stylomastoid foramen,Foramen Ovale,,B,
Ana-H&N-Cranial Nerves-008,2026,Radiology - 5 January (M),Anatomy,Head & Neck,Cranial Nerves,A patient presents with inability to shrug the right shoulder after a penetrating injury to the posterior triangle of the neck. Which nerve is most likely affected.,Axillary nerve,Spinal accessory nerve,Supracscapular nerve,Long thoracic nerve,,C,
Ana-H&N-Cranial Nerves-009,2026,Anesthesia - 5 January (M),Anatomy,Head & Neck,Cranial Nerves,A patient develops painful sensitivity to loud sounds after facial nerve injury. Which muscle is affected?,Tensor tympani,Stapedius,Levator veli palatini,Salpingopharyngeus,Vocalis,B,
Ana-H&N-Ear-001,2026,Surgery - 6 January (E),Anatomy,Head & Neck,Ear,During mastoid antrum surgery an ENT surgeon encounters profuse bleeding from the posterior wall of the antrum. What is the most likely source of the hemorrhage?,Inferior petrosal sinus,Sigmoid sinus,Superior petrosal sinus,Maxillary sinus,,B,
Ana-H&N-Facial Vasculature-001,2026,Medicine - 8 January (M),Anatomy,Head & Neck,Facial Vasculature,Where is the facial artery most easily palpable for hemostasis?,At the anterior border of the masseter muscle,At the angle of the mouth,Just lateral to the external nares,At the mental protuberance,,A,
Ana-H&N-Lacrimal Gland-001,2026,Medicine - 6 January (E),Anatomy,Head & Neck,Lacrimal Gland,"A patient present with excessive lacrimation which of the following nerve is associated with pterygopalatine ganglion, is most likely involved in the nerve supply responsible for lacrimation?",Greater petrosal nerve,Lesser petrosal nerve,Chorda tympani,Auriculotemporal nerve,,A,
Ana-H&N-Lacrimal Gland-002,2026,Medicine - 6 January (E),Anatomy,Head & Neck,Lacrimal Gland,A patient presents with watering of the eye. Which nerve carries the postganglionic parasympathetic fibers responsible for lacrimation?,Maxillary nerve,Mandibular nerve,Facial nerve,Vagus nerve,,A,Postganglionic fibers from the pterygopalatine ganglion travel via the maxillary nerve (V2) to the lacrimal gland.
Ana-H&N-Larynx-001,2026,Radiology - 5 January (M),Anatomy,Head & Neck,Larynx,Tension of cricoid cartilage is determined by:,Collagen,Elastin,Actin,Fibronectin,,B,
Ana-H&N-Lymphatics-001,2026,Gynecology - 7 January (E),Anatomy,Head & Neck,Lymphatics,Deep cervical lymph nodes are located in which triangle of the neck?,Posterior triangle,Supraclavicular triangle,Carotid triangle,Submandibular triangle,,C,
Ana-H&N-Muscles of Mastication-001,2026,Medicine - 8 January (M),Anatomy,Head & Neck,Muscles of Mastication,A patient sustains bilateral mandibular dislocation. The jaw deviates to one side. Which muscle is primarily responsible for unilateral lateral deviation?,Masseter,Medial pterygoid,Lateral pterygoid,Temporalis,,C,
Ana-H&N-Neck-001,2026,Radiology - 6 January (M),Anatomy,Head & Neck,Neck,A patient presents with a slow-growing mass in the posterior triangle of the neck. Imaging suggests that the mass is located deep to the sternocleidomastoid and trapezius muscles and is related to the deep muscles of the neck. The mass is most likely located in which fascial layer?,Investing layer of deep cervical fascia,Pretracheal fascia,Prevertebral fascia,Carotid sheath,,C,The posterior triangle overlies structures covered by the prevertebral fascia. Masses arising from deep neck muscles or cervical vertebrae expand within this fascial layer. Investing fascia forms the roof; carotid sheath and pretracheal fascia are anterior.
Ana-H&N-Nose-001,2026,Surgery - 7 January (E),Anatomy,Head & Neck,Nose,A Patient presented with epistaxis and Bleeding from lateral wall of nose artery involved is:,Posterior ethmoidal artery,Sphenopalatine artery,Inferior labial artery,Lesser palatine artery,Anterior Ethmoidal artery,B,
Ana-H&N-Nose-002,2026,Medicine - 7 January (M),Anatomy,Head & Neck,Nose,The primary lymphatic drainage of the external nose and anterior part of the nasal cavity is to:,Cervical,Submandibular,Retropharyngeal,Parotid,,B,
Ana-H&N-Orbit-001,2026,Radiology - 6 January (M),Anatomy,Head & Neck,Orbit,The lamina papyracea is a thin bony structure located in the medial wall of the orbit. It lies between which two structures?,Orbit and ethmoid sinus,Orbit and maxillary sinus,Orbit and frontal sinus,Orbit and sphenoid sinus,,A,"Lamina papyracea is part of the ethmoid bone, separating the orbital cavity from the ethmoid air cells. Extremely thin and susceptible to fracture or infection spread (orbital cellulitis)."
Ana-H&N-Palate-001,2026,Radiology - 5 January (M),Anatomy,Head & Neck,Palate,Patient with regurgitation of food and nasal voice due to soft palate defect. Cause:,Levator veli palatini,Tensor veli palatini,Palatoglossus,Palatopharyngeus,,A,
Ana-H&N-Pharynx-001,2026,Medicine - 8 January (M),Anatomy,Head & Neck,Pharynx,The buccopharyngeal fascia separates:,Parotid gland from masseter,Buccinator muscle from overlying tissue,Nasopharynx from oropharynx,Salivary Gland from digastric,,B,
Ana-H&N-Salivary Glands-001,2026,Medicine - 5 January (E),Anatomy,Head & Neck,Salivary Glands,"In the submandibular triangle, the lingual nerve runs laterally to which structure?",Submandibular nerve,Hypoglossal nerve,Lingual artery,Facial vein,,B,"<div class=""explanation-container""><div class=""explanation-text""><div style=""color:#16a34a;font-weight:800;margin-bottom:6px;"">✔ Correct Answer: Hypoglossal nerve</div><div style=""margin-bottom:8px;""><b>Explanation:</b> In the submandibular triangle, the lingual nerve lies superior to the hypoglossal nerve, and the hypoglossal nerve is the key nerve running deep and inferior in close relation to the submandibular region structures.</div><div style=""margin-bottom:10px;padding:8px 10px;background:#ecfdf5;border-left:4px solid #16a34a;border-radius:6px;""><b>Clinical Pearl:</b> Hypoglossal nerve is a key landmark during Salivary Gland surgery and runs inferior to the lingual nerve.</div><br><div style=""color:#dc2626;margin-bottom:4px;""><b>✘ Submandibular nerve:</b></div>Not a real named nerve.<br><br><div style=""color:#dc2626;margin-bottom:4px;""><b>✘ Lingual artery:</b></div>Deeper relation beneath hyoglossus, not lateral reference here.<div style=""color:#dc2626;margin-bottom:4px;""><br><b>✘ Facial vein:</b></div>More superficial and anterior, not the key lateral relation asked.</div></div></div>"
Ana-H&N-Salivary Glands-002,2026,Surgery - 7 January (E),Anatomy,Head & Neck,Salivary Glands,Which of the following salivary glands is a mixed gland containing both serous and mucous acini with serous demilunes?,Parotid gland,Lingual gland,Salivary Gland,Lacrimal gland,,C,SALIVARY GLANDS<br>Parotid - Serous - Thick capsule - Ducts long and wide - Acidophilic<br>Submandibular - Mixed - Have capsule - Ducts short and narrow<br>Sublingual - Mucinous - Lacks capsule - Basophilic - Ducts absent
Ana-H&N-Salivary Glands-003,2026,Radiology - 5 January (M),Anatomy,Head & Neck,Salivary Glands,"After right Salivary Gland biopsy, which structure can be injured?",Right mylohyoid,Left mylohyoid,Digastric,Marginal mandibular branch of facial nerve,,D,While doing Salivary Gland surgery following nerves damage:<br>- Marginal mandibular nerve branch of facial.<br>- Lingual nerve.<br>- Hypoglossal.<br>- Mylohyoid nerve.<br>- Mandibular nerve will not be damaged which is branch of trigeminal.
Ana-H&N-Skull-001,2026,Surgery - 6 January (E),Anatomy,Head & Neck,Skull,Which bone contributes to the middle cranial fossa?,Occipital bone,Clavicle,Temporal bone,Greater wing of sphenoid,,D,
Ana-H&N-Skull-002,2026,Medicine - 6 January (E),Anatomy,Head & Neck,Skull,Which bone forms part of the middle cranial fossa?,Temporal bone,Greater wing of sphenoid,Frontal bone,Occipital bone,,B,
Ana-H&N-Skull-003,2026,Radiology - 6 January (M),Anatomy,Head & Neck,Skull,A patient presents with trauma and bleeding from the junction of four bones on the side of the skull.,Bregma,Lambda,Pterion,Asterion,Vertex,C,"Pterion is the junction of frontal, parietal, temporal, and sphenoid bones; fracture can injure middle meningeal artery."
Ana-H&N-Skull-004,2026,Gynecology - 6 January (M),Anatomy,Head & Neck,Skull,A patient presents with trauma and bleeding from the junction of four bones on the side of the skull.,Bregma,Lambda,Pterion,Asterion,Vertex,C,"Pterion is the junction of frontal, parietal, temporal, and sphenoid bones; fracture can injure middle meningeal artery."
Ana-H&N-Skull-005,2026,Medicine - 6 January (E),Anatomy,Head & Neck,Skull,A patient has a mass originating in the infratemporal fossa that spreads medially into the cranial cavity. Through which structure does it most likely pass?,Foramen ovale,Greater wing of sphenoid,Lesser wing of sphenoid,Foramen rotundum,,B,
Ana-H&N-Skull-006,2026,Surgery - 6 January (E),Anatomy,Head & Neck,Skull,A mass arising in the infratemporal fossa extends medially into the cranial cavity. Through which structure does it most likely pass?,Greater wing of sphenoid,Foramen ovale,Internal acoustic meatus,Foramen rotundum,,B,
Ana-H&N-Skull-007,2026,Medicine - 5 January (E),Anatomy,Head & Neck,Skull,Which artery is most commonly injured by trauma to the pterion?,Middle meningeal artery,Superior temporal artery,Internal carotid artery,Anterior cerebral artery,,A,"<div class=""explanation-container""><div class=""explanation-text""><div style=""color:#16a34a;font-weight:800;margin-bottom:6px;"">✔ Correct Answer: Middle meningeal artery</div><div style=""margin-bottom:8px;""><b>Explanation:</b> The middle meningeal artery is commonly injured at the pterion, leading to epidural hematoma.</div><div style=""margin-bottom:10px;padding:8px 10px;background:#ecfdf5;border-left:4px solid #16a34a;border-radius:6px;""><b>Clinical Pearl:</b> Pterion fracture = epidural hematoma risk.</div><br><div style=""color:#dc2626;margin-bottom:4px;""><b>✘ Superior temporal artery:</b></div>Superficial scalp vessel, not intracranial bleed source.<br><br><div style=""color:#dc2626;margin-bottom:4px;""><b>✘ Internal carotid artery:</b></div>Deeper structure, not pterion-related.<br><br><div style=""color:#dc2626;margin-bottom:4px;""><b>✘ Anterior cerebral artery:</b></div>Supplies medial brain, not associated with pterion injury.</div></div></div>"
Ana-H&N-Skull-008,2026,Medicine - 5 January (E),Anatomy,Head & Neck,Skull,Within which bone is the sella turcica located?,Temporal bone,Ethmoid bone,Sphenoid bone,Occipital bone,,C,"<div class=""explanation-container""><div class=""explanation-text""><div style=""color:#16a34a;font-weight:800;margin-bottom:6px;"">✔ Correct Answer: Sphenoid bone</div><div style=""margin-bottom:8px;""><b>Explanation:</b> The sella turcica is a saddle-shaped depression in the sphenoid bone that houses the pituitary gland.</div><div style=""margin-bottom:10px;padding:8px 10px;background:#ecfdf5;border-left:4px solid #16a34a;border-radius:6px;""><b>Clinical Pearl:</b> Pituitary sits in sella turcica (sphenoid bone).</div><br><div style=""color:#dc2626;margin-bottom:4px;""><b>✘ Temporal bone:</b></div>Forms lateral skull base.<br><br><div style=""color:#dc2626;margin-bottom:4px;""><b>✘ Ethmoid bone:</b></div>Part of nasal cavity/cribriform plate.<br><br><div style=""color:#dc2626;margin-bottom:4px;""><b>✘ Occipital bone:</b></div>Posterior skull base.</div></div></div>"
Ana-H&N-Skull-009,2026,Medicine - 8 January (M),Anatomy,Head & Neck,Skull,Injury to the styloid process is associated with fracture of which bone?,Maxilla,Zygoma,Sphenoid,Temporal bone,,D,Styloid process is a projection of the temporal bone.
Ana-H&N-Skull-010,2026,Medicine - 8 January (M),Anatomy,Head & Neck,Skull,A patient presents after a road traffic accident with pain near the base of the skull. Imaging shows fracture of a slender bony projection extending inferiorly from the skull base. This structure is part of which bone?,Greater wing of sphenoid,Squamous temporal bone,Petrous temporal bone,Zygomatic arch,,C,
Ana-H&N-Spinal Cord-001,2026,Surgery - 6 January (E),Anatomy,Head & Neck,Spinal Cord,The patient has sensory loss from below the chin to the upper border of the manubrium. Which cervical dermatome is affected?,C2–C3,C4–C5,C3–C4,T4,,C,
Ana-H&N-Temporomandibular Joint-001,2026,Gynecology - 6 January (M),Anatomy,Head & Neck,Temporomandibular Joint,"A female after an RTA has difficulty opening her mouth. On examination, the mandible deviates on protrusion, and jaw protrusion is weak. Which muscle, attaching to the TMJ capsule, is affected?",Masseter,Medial pterygoid,Lateral pterygoid,Temporalis,Digastric,C,"Lateral pterygoid protrudes and stabilizes the mandible; injury causes rotation toward the affected side during mouth opening. Levators of Jaw (Close mouth): Masseter, Anterior fibers of Temporalis, Medial Pterygoid. Depressors of Jaw (Open mouth): Lateral Pterygoid, Digastric, Mylohyoid, Geniohyoid."
Ana-H&N-Temporomandibular Joint-002,2026,Radiology - 6 January (M),Anatomy,Head & Neck,Temporomandibular Joint,"A female after an RTA has difficulty opening her mouth. On examination, the mandible deviates on protrusion, and jaw protrusion is weak. Which muscle, attaching to the TMJ capsule, is affected?",Masseter,Medial pterygoid,Lateral pterygoid,Temporalis,Digastric,C,Lateral pterygoid protrudes and stabilizes the mandible; injury causes deviation toward the affected side during mouth opening.
Ana-H&N-Thyroid Gland-001,2026,Surgery - 6 January (E),Anatomy,Head & Neck,Thyroid Gland,Which nerve is endangered when vessels adjacent to the superior thyroid artery are ligated during thyroidectomy?,Facial nerve,Recurrent laryngeal nerve,External laryngeal nerve,Superior laryngeal nerve,,C,
Ana-H&N-Tongue-001,2026,Surgery - 7 January (E),Anatomy,Head & Neck,Tongue,A patient with carcinoma involving the anterior two-thirds of the tongue. The primary arterial supply to this region is from which artery?,Superior thyroid artery,Maxillary artery,Lingual artery,Facial artery,,C,
Ana-H&N-Tongue-002,2026,Radiology - 5 January (M),Anatomy,Head & Neck,Tongue,Lymphatic drainage of the anterior two-thirds of the tongue is to which nodes?,Submandibular lymph nodes,Submental lymph nodes,Deep cervical lymph nodes,Supraclavicular lymph nodes,,A,Anterior 2/3rd Tongue Lymph - Submandibular<br>Posterior 1/3rd Tongue Lymph - Jugulo omohyoid.<br>Tip of Tongue Lymph - Submental<br>Anterior 2/3 general sensation - Lingual nerve<br>Anterior 2/3 Taste sensation - Chord tympani.<br>Posterior 1/3rd Taste sensation - Glossopharyngeal nerve<br>Posterior most part Taste sensation - Vagus
Ana-H&N-Tongue-003,2026,Medicine - 5 January (E),Anatomy,Head & Neck,Tongue,To where does the lymphatic drainage of the apex of the tongue primarily go?,Submandibular nodes,Jugulo-omohyoid nodes,Deep cervical nodes,Submental nodes,,D,"<div class=""explanation-container""><div class=""explanation-text""><div style=""color:#16a34a;font-weight:800;margin-bottom:6px;"">✔ Correct Answer: Submental lymph nodes</div><div style=""margin-bottom:8px;""><b>Explanation:</b> The tip (apex) of the tongue primarily drains to the submental lymph nodes as described in standard anatomy texts like Snell. These nodes receive lymph from the central anterior part of the tongue before it may pass on to deeper cervical nodes.</div><div style=""margin-bottom:10px;padding:8px 10px;background:#ecfdf5;border-left:4px solid #16a34a;border-radius:6px;""><b>Clinical Pearl:</b> Submental lymph node enlargement can be an early sign of lesions at the tip of the tongue.</div><br><div style=""color:#dc2626;margin-bottom:4px;""><b>✘ Submandibular nodes:</b></div>Drain lateral anterior 2/3 of tongue, not the tip.<br><br><div style=""color:#dc2626;margin-bottom:4px;""><b>✘ Deep cervical nodes:</b></div>Receive secondary drainage after submental/submandibular nodes, not primary for the apex.<br><br><div style=""color:#dc2626;margin-bottom:4px;""><b>✘ Jugulo-omohyoid nodes:</b></div>Important deep cervical node but not primary drainage site of tongue tip.</div></div></div>"
Embryo-H&N-Derivatives-001,2026,Gynecology - 5 January (M),Embryology,Head & Neck,Derivatives,Which structure is derived from surface ectoderm?,Lens of eye,Retina,Neural tube,Cornea stroma,,A,Lens develops from surface ectoderm; retina from neuroectoderm.
Embryo-H&N-Derivatives-002,2026,Gynecology - 6 January (M),Embryology,Head & Neck,Derivatives,From which of the following embryonic structures does the thyroid gland primarily develop?,Third Pharyngeal Pouch,Second Branchial Arch,Endoderm of the Primitive Pharynx,Neural Crest Cells,,C,The thyroid gland originates as an outpouching of the endoderm of the floor of the primitive pharynx (specifically near the foramen cecum at the base of the developing tongue) and then descends to its final position in the neck.
Embryo-H&N-Derivatives-003,2026,Medicine - 5 January (E),Embryology,Head & Neck,Derivatives,"Embryologically, thyroid follicles are derived from:",Endoderm,Ectoderm,Mesoderm,Neural crest,,A,"<div class=""explanation-container""><div class=""explanation-text""><div style=""color:#16a34a;font-weight:800;margin-bottom:6px;"">✔ Correct Answer: Endoderm</div><div style=""margin-bottom:8px;""><b>Explanation:</b> Thyroid follicles develop from endoderm of the primitive pharynx.</div><div style=""margin-bottom:10px;padding:8px 10px;background:#ecfdf5;border-left:4px solid #16a34a;border-radius:6px;""><b>Clinical Pearl:</b> Parafollicular C cells are neural crest derived, not follicles.</div><br><div style=""color:#dc2626;margin-bottom:4px;""><b>✘ Ectoderm:</b></div>Forms nervous system structures.<br><br><div style=""color:#dc2626;margin-bottom:4px;""><b>✘ Mesoderm:</b></div>Gives muscle, bone, connective tissue.<br><br><div style=""color:#dc2626;margin-bottom:4px;""><b>✘ Neural crest:</b></div>Gives C cells, not follicular cells.</div></div></div>"
Embryo-H&N-Derivatives-004,2026,Medicine - 8 January (M),Embryology,Head & Neck,Derivatives,The primitive oral cavity forms from a depression that initially lacks an epithelial lining from the gut tube. This structure originates from:,Foregut endoderm,Midgut endoderm,Hindgut endoderm,Ectoderm,,D,The stomodeum is ectodermal origin and later connects with foregut endoderm after rupture of the oropharyngeal membrane.
Histo-H&N-Eye-001,2026,Medicine - 5 January (E),Histology,Head & Neck,Eye,How is the conjunctival epithelium most accurately classified histologically?,Stratified squamous non-keratinized,Simple squamous,Stratified columnar,Pseudostratified ciliated,,A,"<div class=""explanation-container""><div class=""explanation-text""><div style=""color:#16a34a;font-weight:800;margin-bottom:6px;"">✔ Correct Answer: Stratified squamous non-keratinized</div><div style=""margin-bottom:8px;""><b>Explanation:</b> Conjunctival epithelium is primarily stratified squamous non-keratinized with goblet cells for mucus secretion.</div><div style=""margin-bottom:10px;padding:8px 10px;background:#ecfdf5;border-left:4px solid #16a34a;border-radius:6px;""><b>Clinical Pearl:</b> Goblet cells in conjunctiva maintain tear film stability.</div><br><div style=""color:#dc2626;margin-bottom:4px;""><b>✘ Simple squamous:</b></div>Seen in alveoli and endothelium.<br><br><div style=""color:#dc2626;margin-bottom:4px;""><b>✘ Stratified columnar:</b></div>Rare, found in large ducts.<br><br><div style=""color:#dc2626;margin-bottom:4px;""><b>✘ Pseudostratified ciliated:</b></div>Respiratory epithelium type.</div></div></div>"
Histo-H&N-Salivary Glands-001,2026,Surgery - 6 January (E),Histology,Head & Neck,Salivary Glands,Which salivary gland is a seromucous gland with predominantly serous acini?,Thyroid gland,Minor salivary glands,Parotid,Submandibular,,D,
Histo-H&N-Salivary Glands-002,2026,Medicine - 8 January (M),Histology,Head & Neck,Salivary Glands,Which salivary gland is predominantly mucinous in nature?,Parotid,Sublingual,Submandibular,Buccal glands,,B,
Histo-H&N-Salivary Glands-003,2026,Medicine - 6 January (E),Histology,Head & Neck,Salivary Glands,Which salivary gland is seromucous with predominance of serous cells?,Parotid,Sublingual,Submandibular,Minor salivary glands,,C,
Med-H&N-Ear-001,2026,Radiology - 5 January (M),Medicine,Head & Neck,Ear,Dull tympanic membrane and glue ear: Tympanogram will show:,Type A,Type B,Type C,Type D,,B,
Med-H&N-Ear-002,2026,Anesthesia - 5 January (M),Medicine,Head & Neck,Ear,Type of tympanometry seen in glue ear (Otitis media with effusion):,Type A,Type B,Type C,Type D,Type AD,B,Glue ear (otitis media with effusion) → fluid in middle ear → flat tympanogram (Type B).<br>Other types:<br>- Type A: Normal compliance<br>- Type C: Negative middle ear pressure<br>- Type D: Deep compliance (ossicular discontinuity)<br>- Type AD: Hypercompliant
Med-H&N-Ear-003,2026,Medicine - 8 January (M),Medicine,Head & Neck,Ear,A diabetic patient presents with severe ear pain and purulent ear discharge. Which antibiotic is the drug of choice?,Gentamicin,TMP-SMX,Erythromycin,Amoxicillin,,A,
Patho-H&N-Orbit-001,2026,Medicine - 5 January (E),Pathology,Head & Neck,Orbit,Through which structure does melanoma typically invade the orbital cavity?,Sclera,Optic Nerve,Emissary Vein,Retina,Lymphatic,C,"<div class=""explanation-container""><div class=""explanation-text""><div style=""color:#16a34a;font-weight:800;margin-bottom:6px;"">✔ Correct Answer: Emissary vein</div><div style=""margin-bottom:8px;""><b>Explanation:</b> Uveal melanoma can extend beyond the eye through emissary veins that connect intraocular structures to the orbit.</div><div style=""margin-bottom:10px;padding:8px 10px;background:#ecfdf5;border-left:4px solid #16a34a;border-radius:6px;""><b>Clinical Pearl:</b> Emissary veins provide a pathway for tumor spread beyond the globe.</div><br><div style=""color:#dc2626;margin-bottom:4px;""><b>✘ Sclera:</b></div>Dense barrier, not primary invasion route.<br><br><div style=""color:#dc2626;margin-bottom:4px;""><b>✘ Optic nerve:</b></div>Possible route but less typical than emissary veins.<br><br><div style=""color:#dc2626;margin-bottom:4px;""><b>✘ Retina:</b></div>Internal structure, not a route to orbit.<br><br><div style=""color:#dc2626;margin-bottom:4px;""><b>✘ Lymphatic:</b></div>Eye lacks true lymphatics.</div></div></div>"
Patho-H&N-Salivary Glands-001,2026,Medicine - 7 January (M),Pathology,Head & Neck,Salivary Glands,Pleomorphic adenoma (benign mixed tumor of salivary gland) histopathology shows:,Pure epithelial,Pure stromal,Mixed epithelial and mesenchymal,Squamous only,,C,
Surg-H&N-Cranial Nerves-001,2026,Surgery - 7 January (E),Surgery,Head & Neck,Cranial Nerves,Frey’s syndrome is characterized by sweating and flushing over the preauricular region during eating. This syndrome is results from injury to which of the following nerve?,Auriculotemporal nerve,Facial nerve,Glossopharyngeal nerve,Trigeminal nerve,,A,"Abbrant regeneration post, parotid surgery/ trauma.<br>Auriculotemporal nerve (V3).<br>parasympathetic fibers reinnervate sweat glands.<br>Gustatory sweating: triggered by eating."
Surg-H&N-Neck-001,2026,Radiology - 5 January (M),Surgery,Head & Neck,Neck,Midline neck swelling that moves with deglutition is likely:,Thyroglossal cyst,Branchial cyst,Lymphangioma,Dermoid cyst,,A,"Thyroglossal duct cyst will move with protrusion of the tongue & protrusion of tongue test is positive while in ectopic thyroid gland there will be no movement of the swelling with protrusion of tongue and hence, protrusion test is negative."
Surg-H&N-Skull-001,2026,Medicine - 6 January (E),Surgery,Head & Neck,Skull,"An Ent surgeon operating on mastoid antrum see profuse bleeding from posterior wall of mastoid antrum, Source of bleeding?",Sup petrosal sinus,Inferior petrosal sinus,Cavernous sinus,Jugular Bulb,Sigmoid sinus,E,Posterior Wall - Sigmoid Sinus. Anterior Wall - Internal carotid artery. Floor - Jugular Bulb.
Surg-H&N-Thyroglossal Cyst-001,2026,Medicine - 6 January (E),Surgery,Head & Neck,Thyroglossal Cyst,A child presents with a midline neck swelling below the hyoid bone that moves with tongue protrusion. Diagnosis is:,Branchial Cyst,Thyroglossal Duct Cyst,Dermoid Cyst,Lymphadenopathy,,B,
Surg-H&N-Thyroglossal Cyst-002,2026,Surgery - 6 January (E),Surgery,Head & Neck,Thyroglossal Cyst,A child has a midline neck mass below the hyoid bone that moves with tongue protrusion. What is the most likely diagnosis?,Dermoid cyst,Cervical rib,Thyroglossal duct cyst,Branchial cleft cyst,,C,
Surg-H&N-Tonsils-001,2026,Surgery - 6 January (E),Surgery,Head & Neck,Tonsils,"A patient has odynophagia, high-grade fever, leukocytosis (TLC 15,000), and a muffled ""hot-potato"" voice. What is the most likely diagnosis?",Gastric ulcer,Acute epiglottitis,Peritonsillar abscess,Retropharyngeal abscess,,C,
Surg-H&N-Tonsils-002,2026,Medicine - 6 January (E),Surgery,Head & Neck,Tonsils,"A patient presents with odynophagia, high-grade fever, leukocytosis (TLC 15,000), and muffled ""hot-potato"" voice. Diagnosis?",Acute epiglottitis,Retropharyngeal abscess,Peritonsillar abscess,Diphtheria,,C,Classic signs of peritonitis abscess (quincy).
CM-Health Education-Health Belief Model-001,2026,Medicine - 7 January (M),Community Medicine,Health Education,Health Belief Model,The health belief model implies patient compliance by adressing.,Only patient perceptions,Only doctor perceptions,Both,Economic factors,,B,
CM-Health Education-Reproductive Health-001,2026,Radiology - 6 January (M),Community Medicine,Health Education,Reproductive Health,A program assigns responsibility for reproductive health education to women with higher secondary education. What is the rationale?,Higher literacy leads to better understanding,Only women can deliver reproductive health,Social hierarchy,Random selection,,A,
Embryo-Blood-Derivatives-001,2026,Medicine - 8 January (M),Embryology,Hematological System,Derivatives,The primary site of erythropoiesis in the first trimester of embryonic life is:,Liver,Spleen,Yolk sac,Bone marrow,,C,"Fetal erythropoiesis occurs in: Yolk sac (3–8 weeks), Liver (6 weeks–birth), Spleen (10–28 weeks), Bone marrow (18 weeks to adult)."
Histo-Blood-Cells-001,2026,Surgery - 6 January (E),Histology,Hematological System,Cells,Which leukocyte involved in allergic reactions has a bilobed nucleus and blue-pink cytoplasmic granules?,Eosinophil,Neutrophil,Platelet,Basophil,,A,
Histo-Blood-Cells-002,2026,Medicine - 6 January (E),Histology,Hematological System,Cells,Which leukocyte involved in allergic reactions shows a bilobed nucleus with blue-pink cytoplasmic granules?,Neutrophil,Macrophage,Eosinophil,Basophil,,C,
Med-Blood-Anemias-001,2026,Medicine - 7 January (M),Medicine,Hematological System,Anemias,A patient presenting with decreased hemoglobin levels and an increased mean corpuscular volume (MCV) most likely has:,Iron deficiency anemia,Vitamin B12 deficiency,Thalassemia,Sideroblastic anemia,,B,
Med-Blood-Anemias-002,2026,Medicine - 8 January (M),Medicine,Hematological System,Anemias,"A 60-year-old man presents with anemia, glossitis, paresthesias, and positive anti-parietal cell antibodies. Despite adequate dietary intake, his serum vitamin B12 level is low. The primary pathogenic deficiency responsible for this condition is:",Vitamin B12,Intrinsic factor,Iron,Folate,,B,"Pernicious anemia results from autoimmune destruction of gastric parietal cells, leading to intrinsic factor deficiency, which secondarily causes vitamin B12 malabsorption."
Med-Blood-Anemias-003,2026,Radiology - 5 January (M),Medicine,Hematological System,Anemias,"14-year-old female with heavy menstrual bleeding, MCV 60, MCH 20, low iron. Diagnosis:",Thalassemia,Iron deficiency anemia,Aplastic anemia,Sideroblastic anemia,,B,
Med-Blood-Anemias-004,2026,Anesthesia - 5 January (M),Medicine,Hematological System,Anemias,"A 25-year-old woman presents with fatigue, pallor, and spoon-shaped nails. Labs show microcytic, hypochromic anemia with low serum ferritin. Most likely cause?",Vitamin B12 deficiency,Folate deficiency,Iron deficiency anemia,Sideroblastic anemia,Thalassemia minor,C,
Med-Blood-Anemias-005,2026,Surgery - 6 January (E),Medicine,Hematological System,Anemias,"An elderly woman presents with lethargy and tingling; labs show hemoglobin 12, MCV 101, bilirubin 12, and ALT 80. What is the most likely diagnosis?",Aplastic anemia,Myelodysplastic syndrome,Polycythemia vera,Megaloblastic anemia,,D,
Med-Blood-Anemias-006,2026,Radiology - 5 January (M),Medicine,Hematological System,Anemias,A patient with a history of anemia presents with fatigue and pallor. Laboratory tests reveal RBCs have undergone hemolysis and many cells with iron granules are found. What is the diagnosis?,G6PD deficiency,Paroxysmal nocturnal hemoglobinuria,Autoimmune hemolytic anemia,Sideroblastic anemia,,D,
Med-Blood-Anemias-007,2026,Radiology - 6 January (M),Medicine,Hematological System,Anemias,"A child presents with Hb 5 g/dL, MCV 48 fL, MCH 18 pg, suggesting microcytic anemia. Which investigation would confirm thalassemia major rather than iron deficiency?",HB electrophoresis,Serum ferritin,Reticulocyte count,Peripheral smear,,A,
Med-Blood-Anemias-008,2026,Surgery - 6 January (E),Medicine,Hematological System,Anemias,"A child with anemia, jaundice, and splenomegaly is diagnosed with hereditary spherocytosis. Which red blood cell membrane protein defect is most common?",Ankyrin,Band 3,Spectrin,Myosin,,A,
Med-Blood-Anemias-009,2026,Gynecology - 7 January (E),Medicine,Hematological System,Anemias,"After taking antimalarial drugs, a patient develops hemolysis with hemoglobin 7 g/dL. What is the likely cause?",Iron deficiency,G6PD deficiency,Sickle cell anemia,Autoimmune hemolysis,Thalassemia,B,
Med-Blood-Anemias-010,2026,Radiology - 6 January (M),Medicine,Hematological System,Anemias,"A child with anemia, jaundice, and splenomegaly is diagnosed with hereditary spherocytosis. Which membrane protein defect is most common?",Spectrin,Band 3,Ankyrin,Actin,,A,"Hereditary spherocytosis is an autosomal dominant defect in RBC membrane skeleton and plasma membrane (Spectrin, Ankyrin Band 3 and Protein 4.2). Osmotic fragility test used."
Med-Blood-Anemias-011,2026,Radiology - 5 January (M),Medicine,Hematological System,Anemias,Sickle cell crises worsened due to:,Infection,Hypoxia,Dehydration,All of the above,,D,
Med-Blood-Anemias-012,2026,Anesthesia - 5 January (M),Medicine,Hematological System,Anemias,"Patient has anisocytosis, poikilocytosis, and sickle-shaped RBCs. Sickling is enhanced by:",Hypertension,Dehydration,Hypoxia,Anemia,,C,
Med-Blood-Anemias-013,2026,Surgery - 7 January (E),Medicine,Hematological System,Anemias,"A 52-year-old man presents with pallor and fatigue. Laboratory studies show hemoglobin of 9.0 g/dL, elevated serum homocysteine, and normal methylmalonic acid levels. Which of the following is the most likely cause of his anemia?",Vitamin B12 deficiency,Folic acid deficiency,Iron deficiency,Sideroblastic anemia,Anemia of chronic disease,B,"Folate vs. B12 Deficiency:<br>o Folate deficiency: ↑ homocysteine, normal MMA.<br>o B12 deficiency: ↑ homocysteine and ↑ MMA."
Med-Blood-Anemias-014,2026,Surgery - 7 January (E),Medicine,Hematological System,Anemias,A male presented to OPD with 104 fevers for last 4 days and gives history of using Anti-malarial. She has been passing cola color urine for the last 1 day with deranged LFTs and increased unconjugated bilirubin. What is the cause?,G6PD,Black Water fever,Drug induced jaundice,Paroxysmal nocturnal hemoglobinuria,Hematolytic yemic syndrome,A,
Med-Blood-Anemias-015,2026,Medicine - 6 January (E),Medicine,Hematological System,Anemias,"A person doing excessive exercise develops fatigue, scleral icterus, dark urine, pale stools. Diagnosis?",CML,Intravascular hemolysis,BCR-ABL,Myelofibrosis,,B,Exercise-induced hemolysis causes jaundice and dark urine.
Med-Blood-Anemias-016,2026,Medicine - 6 January (E),Medicine,Hematological System,Anemias,"Elderly woman with lethargy, tingling, Hb 12, MCV 101, bilirubin 12, ALT 80. Likely diagnosis:",Aplastic anemia,Anemia of chronic disease,Megaloblastic anemia,Myelodysplastic syndrome,,C,
Med-Blood-Anemias-017,2026,Gynecology - 5 January (M),Medicine,Hematological System,Anemias,Sickling of red blood cells occurs most commonly under which condition?,Hypoxia,Dehydration,Antibiotics,,,A,Hypoxia promotes HbS polymerization.
Med-Blood-Anemias-018,2026,Medicine - 8 January (M),Medicine,Hematological System,Anemias,"In intravascular hemolysis, which substance is primarily increased in the plasma?",Unconjugated bilirubin bound to albumin,Haptoglobin-bound hemoglobin,Conjugated bilirubin in bile,Urobilinogen in urine,,A,
Med-Blood-Anemias-019,2026,Medicine - 7 January (M),Medicine,Hematological System,Anemias,"A patient presents with fever, evidence of hemolysis, and blister cells on peripheral blood smear. The most likely diagnosis is:",Autoimmune hemolytic anemia,G6PD deficiency,Sickle cell anemia,Hereditary spherocytosis,,B,"Explanation: G6PD deficiency leads to oxidative hemolysis during febrile illness or stress, producing characteristic blister cells on peripheral smear."
Med-Blood-Bleeding Disorders-001,2026,Medicine - 8 January (M),Medicine,Hematological System,Bleeding Disorders,A patient presents with easy bruising and prolonged bleeding. Labs show a deficiency of a large glycoprotein crucial for platelet adhesion. Which factor is deficient?,Fibrinogen,Thromboplastin,Von Willebrand Factor (vWF),Protein C,,C,
Med-Blood-Bleeding Disorders-002,2026,Gynecology - 5 January (M),Medicine,Hematological System,Bleeding Disorders,"A female present with menorrhagia and mucosal bleeding. Laboratory investigations show: increased bleeding time (BT), normal PT and APTT, and markedly decreased von Willebrand factor (vWF) levels. Which of the following processes is primarily affected?",Platelet adhesion,Platelet aggregation,Fibrin formation,Coagulation Cascade,,A,vWF mediates platelet adhesion to damaged vessel wall.
Med-Blood-Bleeding Disorders-003,2026,Gynecology - 6 January (M),Medicine,Hematological System,Bleeding Disorders,A patient has bleeding tendency. Which feature is typical of von Willebrand disease (vWD)?,Prolonged PT,Prolonged aPTT,Increased bleeding time (BT),Thrombocytopenia,Normal BT,C,
Med-Blood-Bleeding Disorders-004,2026,Gynecology - 5 January (M),Medicine,Hematological System,Bleeding Disorders,"A patient has increased bleeding time (6 minutes), slightly prolonged APTT, normal PT, and a positive family history affecting both males and females. Diagnosis is:",Hemophilia A,Hemophilia B,Von Willebrand disease,DIC,,C,
Med-Blood-Bleeding Disorders-005,2026,Surgery - 7 January (E),Medicine,Hematological System,Bleeding Disorders,First-line treatment for immune thrombocytopenic purpura (ITP) is:,Platelet transfusion,Splenectomy,Steroids,IV antibiotics,Bone marrow transplant,C,
Med-Blood-Bleeding Disorders-006,2026,Surgery - 6 January (E),Medicine,Hematological System,Bleeding Disorders,Bone marrow examination shows increased megakaryocytes while the peripheral blood demonstrates thrombocytopenia. What is the most likely diagnosis?,TTP,DIC,Osteoporosis,ITP,,D,
Med-Blood-Bone Marrow-001,2026,Medicine - 7 January (M),Medicine,Hematological System,Bone Marrow,"A 50-year-old man presents with fatigue, petechiae, and ecchymoses on the skin. Labs: Hb 4 g/dL, WBC 2,000/μL, platelets 20,000/μL. What is the most likely diagnosis?",Acute lymphoblastic leukemia,Iron deficiency,Aplastic anemia,Megaloblastic anemia,,C,
Med-Blood-Cells-001,2026,Surgery - 7 January (E),Medicine,Hematological System,Cells,A 35 years old male presents with complaint of respiratory distress lab investigations shows elevated levels of eosinophil count which of following can be cause of his condition:,Hay fever,Asthma,Parasitic infection,Pneumonia,,,
Med-Blood-Coagulation Disorders-001,2026,Medicine - 6 January (E),Medicine,Hematological System,Coagulation Disorders,"Bone marrow examination increased megakaryocytes, peripheral thrombocytopenia, likely diagnosis?",Aplastic anemia,TTP,ITP,DIC,,C,
Med-Blood-Coagulation Disorders-002,2026,Surgery - 6 January (E),Medicine,Hematological System,Coagulation Disorders,A male neonate bled from the umbilical stump at birth and several cousins have had similar bleeding episodes. Which test is most important to establish the diagnosis?,Blood culture,Prothrombin time (PT),Activated partial thromboplastin time (APTT),Bleeding time,,C,
Med-Blood-Coagulation Disorders-003,2026,Surgery - 6 January (E),Medicine,Hematological System,Coagulation Disorders,"A newborn boy had bleeding from the umbilical stump at birth, and two brothers had similar bleeding episodes. What is the most likely diagnosis?",Von Willebrand factor deficiency,Factor X deficiency,Sickle cell trait,Factor VIII deficiency,,D,
Med-Blood-Leukemias-001,2026,Surgery - 7 January (E),Medicine,Hematological System,Leukemias,55-Year-old patient with generalized lymphadenopathy. Platelets and TLC count was raised. Peripheral smear showed mature lymphocytes. What is the diagnosis?,CML,Hairy cell leukemia,Burkitt lymphoma,Hodgkin lymphoma,CLL,E,
Med-Blood-Leukemias-002,2026,Surgery - 7 January (E),Medicine,Hematological System,Leukemias,"A 35-year-old patient presents with fatigue, weight loss, and a low-grade fever, on physical examination, the patient has splenomegaly and mild pallor, laboratory findings show an elevated white blood cell count of 120k/microliter with a predominance of myeloid cells, red blood cells and platelet count are normal which of the following is your diagnosis:",ALL,CLL,AML,CML,,D,"AML → Adults; myeloblasts with Auer rods; MPO positive. Auer rods = azurophilic needle-shaped granules in myeloblast cytoplasm. Pathognomonic for AML, especially acute promyelocytic leukemia (M3, t(15;17)). Seen in myeloid but never in lymphoid leukemias.<br>ALL → Children; lymphoblasts with TdT positive; no Auer rods.<br>CML → Adults; marked leukocytosis with mature myeloid forms; Philadelphia chromosome t(9;22).<br>CLL → Elderly; small mature lymphocytes + smudge cells.<br>MDS (myelodysplastic syndrome) → Older adults; cytopenias + dysplastic marrow cells, not full-blown blasts."
Med-Blood-Leukemias-003,2026,Radiology - 5 January (M),Medicine,Hematological System,Leukemias,A patient tests positive for BCR-ABL fusion gene but the Philadelphia chromosome is not detected on karyotype. What is the most likely diagnosis?,Acute lymphoblastic leukemia,Chronic myeloid leukemia (CML) atypical case,Polycythemia vera,Essential thrombocythemia,,B,
Med-Blood-Leukemias-004,2026,Anesthesia - 5 January (M),Medicine,Hematological System,Leukemias,"A patient presents with BCR-ABL gene mutation but no Philadelphia chromosome, a large spleen, and elevated leukocytes. What is the probable diagnosis?",Chronic myelomonocytic leukemia,ALL,CML,CLL,AML,C,
Med-Blood-Leukemias-005,2026,Gynecology - 5 January (M),Medicine,Hematological System,Leukemias,An elderly patient presents with painless lymphadenopathy. Peripheral smear shows small mature lymphocytes and smudge cells. Diagnosis is most consistent with:,Acute lymphoblastic leukemia,Chronic myeloid leukemia,Chronic lymphocytic leukemia,Hodgkin lymphoma,,C,Smudge cells are characteristic of CLL.
Med-Blood-Leukemias-006,2026,Gynecology - 5 January (M),Medicine,Hematological System,Leukemias,A patient has features of chronic myeloid leukemia. Cytogenetic analysis shows absence of Philadelphia chromosome but presence of BCR-ABL fusion gene. This is best explained by:,Point mutation,Cryptic translocation,Gene deletion,Trisomy,,B,
Med-Blood-Leukemias-007,2026,Gynecology - 6 January (M),Medicine,Hematological System,Leukemias,A patient presents with massive splenomegaly (10 cm) and myeloblasts on smear. Which chromosomal translocation is most likely?,t(8;21),t(9;22),t(15;17),t(14;18),t(12;21),B,
Med-Blood-Lymphomas-001,2026,Medicine - 6 January (E),Medicine,Hematological System,Lymphomas,A lymphoma shows a very high Ki-67 proliferation index (~100%) and CD markers consistent with aggressive proliferation. Which diagnosis is most likely?,Burkitt lymphoma,Diffuse large B-cell lymphoma,Follicular lymphoma,Mantle cell lymphoma,,A,"Burkitt lymphoma is characterized by an extremely high Ki-67 proliferation index, often approaching 100%, reflecting its rapid cell turnover. While DLBCL is also aggressive, its Ki-67 index is typically lower and more variable. Follicular and mantle cell lymphomas generally have significantly lower proliferation rates."
Med-Blood-Myeloproliferative Disorders-001,2026,Radiology - 5 January (M),Medicine,Hematological System,Myeloproliferative Disorders,A peripheral blood smear shows teardrop-shaped red blood cells in a patient with anemia and splenomegaly. What is the most likely diagnosis?,Iron-deficiency anemia,Myelofibrosis,Thalassemia,Sideroblastic anemia,,B,
Med-Blood-Myeloproliferative Disorders-002,2026,Anesthesia - 5 January (M),Medicine,Hematological System,Myeloproliferative Disorders,"A 55-year-old man presented with fatigue, early satiety, and abdominal fullness. On examination, there is ruddy complexion. Hb 18.5, WBC 12 x 10^9/L, Platelets 550 x 10^9/L. Bone marrow is hypercellular. Patient reports headache, dizziness, and pruritus after warm showers. What is the diagnosis?",CML,Myelofibrosis,Polycythemia Vera,Essential thrombocythemia,Myelodysplastic syndrome,C,
Med-Blood-Myeloproliferative Disorders-003,2026,Medicine - 8 January (M),Medicine,Hematological System,Myeloproliferative Disorders,A patient with polycythemia rubra vera will have which erythropoietin (EPO) level?,Increased,Normal,Decreased,Fluctuating,,C,
Med-Blood-Myeloproliferative Disorders-004,2026,Surgery - 7 January (E),Medicine,Hematological System,Myeloproliferative Disorders,"A 55-year-old man complains of intense itching and redness of the skin after taking a hot bath. He also reports headache and dizziness. On examination, he has a complex combination of symptoms, including increased hemoglobin, hematocrit, and leukocytosis, with erythrocyte levels. What is the most likely diagnosis?",Secondary polycythemia due to chronic hypoxia,Polycythemia vera,Essential thrombocythemia,Chronic myeloid leukemia,Relative polycythemia due to dehydration,B,
Med-Blood-Plasma Cell Disorders-001,2026,Radiology - 5 January (M),Medicine,Hematological System,Plasma Cell Disorders,"Patient presents with lytic bone lesions, M protein. Diagnosis?",Myelofibrosis,Multiple myeloma,Leukemia,Lymphoma,,B,Multiple myeloma<br>- Overproduction of IgG 60% > IgA 20-25% > IgM 15% or rarely seen<br>Clinical features: CRAB<br>- HyperCalcemia<br>- Renal involvement<br>- Anemia<br>- Bone lytic lesions (punched out on X-ray A. - Back pain<br>- Rouleaux formation<br>Bone marrow analysis shows > 10% monoclonal plasma cells with clock-face chromatin C and intracytoplasmic inclusions containing IgG.
Med-Blood-Plasma Cell Disorders-002,2026,Anesthesia - 5 January (M),Medicine,Hematological System,Plasma Cell Disorders,"An elderly patient presents with bone pain, anemia, and an M-band on serum electrophoresis. Diagnosis?",Metastatic carcinoma,Osteosarcoma,Lymphoma,Waldenström macroglobulinemia,Multiple myeloma,E,
Med-Blood-Transfusion Med-001,2026,Medicine - 8 January (M),Medicine,Hematological System,Transfusion Medicine,A patient receiving multiple platelet transfusions develops poor platelet increments despite transfusion. Which immune-mediated mechanism is most likely responsible?,Anti-IgA anaphylaxis,HLA alloimmunization,ABO incompatibility,Graft-versus-host disease,,B,
Microbio-Blood-Infec-001,2026,Medicine - 7 January (M),Microbiology,Hematological System,Infections,Megaloblastic anemia is commonly associated with infection by:,Ascaris lumbricoides,Diphyllobothrium latum,Taenia solium,Enterobius vermicularis,,B,
Patho-Blood-Anemias-001,2026,Medicine - 5 January (E),Pathology,Hematological System,Anemias,"What is the diagnosis for a boy presenting with Heinz bodies, dark urine, and jaundice following sulfonamide therapy?",Hereditary spherocytosis,Autoimmune hemolytic anemia,G6PD deficiency,Thalassemia,,C,"<div class=""explanation-container""><div class=""explanation-text""><div style=""color:#16a34a;font-weight:800;margin-bottom:6px;"">✔ Correct Answer: G6PD deficiency</div><div style=""margin-bottom:8px;""><b>Explanation:</b> Heinz bodies, jaundice, and dark urine after oxidative stress (e.g., sulfonamides) indicate G6PD deficiency causing hemolysis.</div><div style=""margin-bottom:10px;padding:8px 10px;background:#ecfdf5;border-left:4px solid #16a34a;border-radius:6px;""><b>Clinical Pearl:</b> Oxidative drugs → hemolysis in G6PD deficiency.</div><br><div style=""color:#dc2626;margin-bottom:4px;""><b>✘ Hereditary spherocytosis:</b></div>Membrane defect, not drug-triggered Heinz bodies.<br><br><div style=""color:#dc2626;margin-bottom:4px;""><b>✘ Autoimmune hemolytic anemia:</b></div>Coombs positive, no Heinz bodies.<br><br><div style=""color:#dc2626;margin-bottom:4px;""><b>✘ Thalassemia:</b></div>Microcytic anemia, not acute hemolysis pattern.</div></div></div>"
Patho-Blood-Anemias-002,2026,Medicine - 5 January (E),Pathology,Hematological System,Anemias,Development of hemolysis with bite cells after receiving an alternative drug for chloroquine-resistant malaria suggests which enzyme deficiency?,G6PD deficiency,Pyruvate kinase deficiency,Hereditary spherocytosis,Alpha-thalassemia,,A,"<div class=""explanation-container""><div class=""explanation-text""><div style=""color:#16a34a;font-weight:800;margin-bottom:6px;"">✔ Correct Answer: G6PD deficiency</div><div style=""margin-bottom:8px;""><b>Explanation:</b> Oxidative stress from drugs causes Heinz bodies and bite cells in G6PD deficiency due to impaired NADPH production.</div><div style=""margin-bottom:10px;padding:8px 10px;background:#ecfdf5;border-left:4px solid #16a34a;border-radius:6px;""><b>Clinical Pearl:</b> Bite cells + Heinz bodies = G6PD deficiency.</div><br><div style=""color:#dc2626;margin-bottom:4px;""><b>✘ Pyruvate kinase deficiency:</b></div>Chronic hemolysis without bite cells.<br><br><div style=""color:#dc2626;margin-bottom:4px;""><b>✘ Hereditary spherocytosis:</b></div>Spherocytes, not Heinz bodies.<br><br><div style=""color:#dc2626;margin-bottom:4px;""><b>✘ Alpha-thalassemia:</b></div>Microcytic anemia.</div></div></div>"
Patho-Blood-Anemias-003,2026,Surgery - 6 January (E),Pathology,Hematological System,Anemias,"A patient develops fatigue, scleral icterus, dark urine, and pale stools after strenuous exercise. What is the most likely diagnosis?",CML,Myelofibrosis,Acute appendicitis,Intravascular hemolysis,,D,
Patho-Blood-Anemias-004,2026,Gynecology - 6 January (M),Pathology,Hematological System,Anemias,"A 9-year-old boy presents with pallor, jaundice, and splenomegaly. Peripheral smear shows spherocytes. Family history is significant for similar symptoms. Which of the following protein defects is most likely responsible for his condition?",Ankyrin,Spectrin,Band 3 protein,Protein 4.2,Glycophorin,B,
Patho-Blood-Anemias-005,2026,Gynecology - 6 January (M),Pathology,Hematological System,Anemias,Hereditary spherocytosis which protein defective,Ankyrin,Band 3 protein,Protein 4.2,All of the above,,D,"- Hereditary spherocytosis<br>- Autosomal dominant<br>- Defect in RBC membrane skeleton and plasma membrane (Spectrin, Ankyrin Band 3 and Protein 4.2).<br>- Osmotic fragility test used"
Patho-Blood-Anemias-006,2026,Radiology - 6 January (M),Pathology,Hematological System,Anemias,Hereditary spherocytosis which protein defective,Spectrin,Elastin,Myosin,Ankyrin,,A,
Patho-Blood-Anemias-007,2026,Gynecology - 5 January (M),Pathology,Hematological System,Anemias,Hereditary hemochromatosis can complicate diseases with chronic RBC destruction. In a patient with hereditary spherocytosis iron overlord occurs due to?,Genetic HFE mutation,Secondary to increased RBC turnover,Dietary excess,Chronic liver disease,,B,
Patho-Blood-Bleeding Disorders-001,2026,Medicine - 5 January (E),Pathology,Hematological System,Bleeding Disorders,Von Willebrand disease is primarily associated with a defect in:,Platelet adhesion,Platelet aggregation,Coagulation factor IX,Fibrin polymerization,,A,"<div class=""explanation-container""><div class=""explanation-text""><div style=""color:#16a34a;font-weight:800;margin-bottom:6px;"">✔ Correct Answer: Platelet adhesion</div><div style=""margin-bottom:8px;""><b>Concept:</b> von Willebrand factor function</div><div style=""margin-bottom:8px;""><b>Explanation:</b> von Willebrand factor mediates platelet adhesion by linking platelet GpIb receptors to exposed subendothelial collagen. Defect leads to mucocutaneous bleeding.</div><div style=""margin-bottom:10px;padding:8px 10px;background:#ecfdf5;border-left:4px solid #16a34a;border-radius:6px;""><b>Clinical Pearl:</b> vWF disease affects primary hemostasis, not coagulation cascade.</div><br><div style=""color:#dc2626;margin-bottom:4px;""><b>✘ Platelet aggregation:</b></div>GpIIb/IIIa mediated.<br><br><div style=""color:#dc2626;margin-bottom:4px;""><b>✘ Coagulation factor IX:</b></div>Hemophilia B.<div style=""color:#dc2626;margin-bottom:4px;""><br><b>✘ Fibrin polymerization:</b></div>Final step of coagulation cascade.</div></div></div>"
Patho-Blood-Bleeding Disorders-002,2026,Medicine - 5 January (E),Pathology,Hematological System,Bleeding Disorders,What is the most common cause of a prolonged bleeding time?,Hemophilia A,Thrombocytopenia,Vitamin K deficiency,VWD,,B,"<div class=""explanation-container""><div class=""explanation-text""><div style=""color:#16a34a;font-weight:800;margin-bottom:6px;"">✔ Correct Answer: Thrombocytopenia</div><div style=""margin-bottom:8px;""><b>Concept:</b> Primary hemostasis defect</div><div style=""margin-bottom:8px;""><b>Explanation:</b> Prolonged bleeding time reflects a defect in platelet number or function. Thrombocytopenia is the most common cause and directly impairs primary hemostatic plug formation.</div><div style=""margin-bottom:10px;padding:8px 10px;background:#ecfdf5;border-left:4px solid #16a34a;border-radius:6px;""><b>Clinical Pearl:</b> Bleeding time = platelet problem, not coagulation factor problem.</div><br><div style=""color:#dc2626;margin-bottom:4px;""><b>✘ Hemophilia A:</b></div>Normal bleeding time, prolonged aPTT.<br><br><div style=""color:#dc2626;margin-bottom:4px;""><b>✘ Vitamin K deficiency:</b></div>Affects clotting factors, not bleeding time.<div style=""color:#dc2626;margin-bottom:4px;""><br><b>✘ VWD:</b></div>Also causes prolonged bleeding time, but less common than thrombocytopenia overall.</div></div></div>"
Patho-Blood-Bleeding Disorders-003,2026,Medicine - 7 January (M),Pathology,Hematological System,Bleeding Disorders,Hemophilia is associated with:,Prolonged bleeding time only,Increased PT,Increased aPTT,Normal coagulation tests,,C,Explanation: APTT raised only – Hemophilia (Intrinsic Pathway). APTT and BT raised – VWBD (Intrinsic Pathway). All 3 raised -- DIC. Only BT raised – ITP (Low Platelets) or Platelets Function Defect (Platelets count normal). Heparin monitoring is done by – APTT (Intrinsic Pathway). Warfarin monitoring is -- INR > PT (Extrinsic Pathway)
Patho-Blood-Bleeding Disorders-004,2026,Gynecology - 6 January (M),Pathology,Hematological System,Bleeding Disorders,"A female present with menorrhagia and mucosal bleeding. Laboratory investigations show: increased bleeding time (BT), normal PT and APTT, and markedly decreased von Willebrand factor (vWF) levels. Which of the following processes is primarily affected?",Platelet adhesion,Platelet aggregation,Fibrin formation,Coagulation Cascade,,A,"The primary function of von Willebrand factor (vWF) is in platelet adhesion:<br>- Platelet Adhesion: This is the first step in forming a platelet plug, where platelets stick to the damaged blood vessel wall. vWF mediates this initial sticking. Therefore, low vWF directly impairs adhesion, leading to a prolonged bleeding time (BT).<br>- Platelet Aggregation: This is the second step, where platelets stick to other platelets to build up the plug. This is primarily mediated by Fibrinogen binding to the platelet GPIIb/IIIa receptor, not vWF."
Patho-Blood-Bleeding Disorders-005,2026,Radiology - 5 January (M),Pathology,Hematological System,Bleeding Disorders,vWF deficiency cases:,Defective platelet adhesion,Defective platelet aggregation,Coagulation factor deficiency,Vitamin K deficiency,,A,
Patho-Blood-Bleeding Disorders-006,2026,Medicine - 6 January (E),Pathology,Hematological System,Bleeding Disorders,A patient with immune thrombocytopenic purpura undergoes splenectomy. Delayed wound healing afterward is most likely due to?,Thrombocytopenia,Infection,Steroid Therapy,Anemia,,B,
Patho-Blood-Bleeding Disorders-007,2026,Medicine - 5 January (E),Pathology,Hematological System,Bleeding Disorders,A defect in which platelet function is the underlying cause of Essential (Glanzmann) thrombasthenia?,Platelet adhesion,Platelet aggregation,Platelet production,Coagulation cascade,,B,"<div class=""explanation-container""><div class=""explanation-text""><div style=""color:#16a34a;font-weight:800;margin-bottom:6px;"">✔ Correct Answer: Platelet aggregation</div><div style=""margin-bottom:8px;""><b>Explanation:</b> Glanzmann thrombasthenia is due to GpIIb/IIIa deficiency, impairing platelet aggregation.</div><div style=""margin-bottom:10px;padding:8px 10px;background:#ecfdf5;border-left:4px solid #16a34a;border-radius:6px;""><b>Clinical Pearl:</b> GpIIb/IIIa defect → aggregation failure.</div><br><div style=""color:#dc2626;margin-bottom:4px;""><b>✘ Platelet adhesion:</b></div>vWF-related defect.<br><br><div style=""color:#dc2626;margin-bottom:4px;""><b>✘ Platelet production:</b></div>Bone marrow issue.<br><br><div style=""color:#dc2626;margin-bottom:4px;""><b>✘ Coagulation cascade:</b></div>Clotting factor defect.</div></div></div>"
Patho-Blood-Bleeding Disorders-008,2026,Medicine - 5 January (E),Pathology,Hematological System,Bleeding Disorders,"A patient recovers from a sore throat, epistaxis, and petechiae, and now has an elevated platelet count. What best explains this?",Primary thrombocytosis,Reactive thrombocytosis,ITP,TTP,,B,"<div class=""explanation-container""><div class=""explanation-text""><div style=""color:#16a34a;font-weight:800;margin-bottom:6px;"">✔ Correct Answer: Reactive thrombocytosis</div><div style=""margin-bottom:8px;""><b>Explanation:</b> Platelet count rises after infection or inflammation due to cytokine-driven bone marrow stimulation.</div><div style=""margin-bottom:10px;padding:8px 10px;background:#ecfdf5;border-left:4px solid #16a34a;border-radius:6px;""><b>Clinical Pearl:</b> Post-infectious platelet rise = reactive thrombocytosis.</div><br><div style=""color:#dc2626;margin-bottom:4px;""><b>✘ Primary thrombocytosis:</b></div>Myeloproliferative disorder.<br><br><div style=""color:#dc2626;margin-bottom:4px;""><b>✘ ITP:</b></div>Causes low platelets.<br><br><div style=""color:#dc2626;margin-bottom:4px;""><b>✘ TTP:</b></div>Platelet consumption disorder.</div></div></div>"
Patho-Blood-Cells-001,2026,Medicine - 7 January (M),Pathology,Hematological System,Cells,Eosinopenia is caused by:,Infection,Glucocorticoids,Allergy,Parasitic infection,,B,
Patho-Blood-Cells-002,2026,Medicine - 5 January (E),Pathology,Hematological System,Cells,Which lab finding would be most helpful in diagnosing a patient with eosinophilia and heart failure who dies from a viral infection?,IgE level,ANA,ESR,CRP,,A,"<div class=""explanation-container""><div class=""explanation-text""><div style=""color:#16a34a;font-weight:800;margin-bottom:6px;"">✔ Correct Answer: IgE level</div><div style=""margin-bottom:8px;""><b>Explanation:</b> Elevated IgE is associated with eosinophil activation in allergic, parasitic, and eosinophilic cardiac syndromes leading to end-organ damage.</div><div style=""margin-bottom:10px;padding:8px 10px;background:#ecfdf5;border-left:4px solid #16a34a;border-radius:6px;""><b>Clinical Pearl:</b> IgE-driven eosinophilia suggests hypersensitivity or parasitic immune response.</div><br><div style=""color:#dc2626;margin-bottom:4px;""><b>✘ ANA:</b></div>Autoimmune marker.<br><br><div style=""color:#dc2626;margin-bottom:4px;""><b>✘ ESR:</b></div>Nonspecific inflammation marker.<div style=""color:#dc2626;margin-bottom:4px;""><br><b>✘ CRP:</b></div>Acute phase reactant, not specific for eosinophilic disease.</div></div></div>"
Patho-Blood-Coagulation Disorders-001,2026,Gynecology - 5 January (M),Pathology,Hematological System,Coagulation Disorders,Which laboratory finding is characteristic of disseminated intravascular coagulation (DIC)?,Decreased D-dimer,Decreased FDPs,Increased fibrin degradation products,Increased platelet count,,C,"The platelet count and the fibrinogen level are almost always decreased in the presence of DIC. Although these tests are not specific for DIC, normal levels exclude the possibility of DIC.<br>The presence of schistocytes, or red cell fragments, is a frequent but non-specific finding in DIC.<br>Increased levels of fibrin degradation products (FDP) occur in a variety of conditions in which clot formation and lysis occur. D-dimers are produced by the action of plasmin on cross-linked fibrin. These tests reflect the microangiopathy of DIC and have been found to be sensitive, specific, and efficient in the diagnosis of DIC.<br>The combination of the D-dimer and the FDP assay provides the most rapid and specific diagnosis of DIC."
Patho-Blood-Leukemias-001,2026,Medicine - 7 January (M),Pathology,Hematological System,Leukemias,"A patient presents with fever, night sweats, and weight loss, has a total leukocyte count of 50 x10^9/L, absolute lymphocytes 25 x10^9/L, and mature B cells on peripheral smear. The most likely diagnosis is:",Acute lymphoblastic leukemia,Chronic lymphocytic leukemia (CLL),Hairy cell leukemia,Non-Hodgkin lymphoma,,B,Explanation: AML -> Adults; myeloblasts with Auer rods; MPO positive. Pathognomonic for AML (M3). ALL -> Children; lymphoblasts with TdT positive; no Auer rods. CML -> Adults; marked leukocytosis with mature myeloid forms; Philadelphia chromosome t(9;22). CLL -> Elderly; small mature lymphocytes + smudge cells.
Patho-Blood-Leukemias-002,2026,Gynecology - 7 January (E),Pathology,Hematological System,Leukemias,A 4-year-old child’s peripheral smear shows myeloblasts with Auer rods. The most likely diagnosis is:,Acute myeloid leukemia (AML),Polycythemia vera,Chronic myeloid leukemia (CML),Acute lymphoblastic leukemia (ALL),Chronic lymphocytic leukemia (CLL),A,"Auer rods are needle-like granulocytes in myeloblasts, characteristic of AML (especially APL)."
Patho-Blood-Leukemias-003,2026,Gynecology - 7 January (E),Pathology,Hematological System,Leukemias,"A 64 years old female with fatigue, easy bruisibility after small cuts and recurrent infection alongside fever from 2 weeks. After investigations the report shows blast cells and Auer bodies in smear. What is the likely diagnosis?",Acute promyeloblastic leukemia,Acute lymphoblastic leukemia,Acute myeloid leukemia,Non Hodgkin lymphoma,Aplastic anemia,C,
Patho-Blood-Leukemias-004,2026,Gynecology - 6 January (M),Pathology,Hematological System,Leukemias,"A 32-year-old man presents with fatigue, easy bruising, and recurrent infections. CBC shows pancytopenia. Peripheral smear reveals large myeloblast with abundant cytoplasm and needle-shaped azurophilic inclusions. Which of the following is the most likely diagnosis?",Acute lymphoblastic leukemia (ALL),Acute myeloid leukemia (AML),Chronic myeloid leukemia (CML),Chronic lymphocytic leukemia (CLL),Myelodysplastic syndrome,B,"- AML → Adults; myeloblasts with Auer rods; MPO positive. Auer rods = azurophilic needle-shaped granules in myeloblast cytoplasm. Pathognomonic for AML, especially acute promyelocytic leukemia (M3, t(15;17)). Seen in myeloid but never in lymphoid leukemias.<br>- ALL → Children; lymphoblasts with TdT positive; no Auer rods.<br>- CML → Adults; marked leukocytosis with mature myeloid forms; Philadelphia chromosome t(9;22).<br>- CLL → Elderly; small mature lymphocytes + smudge cells.<br>MDS (myelodysplastic syndrome) → Older adults; cytopenias + dysplastic marrow cells, not full-blown blasts."
Patho-Blood-Leukemias-005,2026,Radiology - 5 January (M),Pathology,Hematological System,Leukemias,"30 year old male with fever, weight loss, lymphadenopathy, mature B lymphocytes on investigation. Diagnosis:",AML,CLL,Hodgkin lymphoma,Non-Hodgkin Lymphoma,Follicular Lymphoma,D,
Patho-Blood-Lymphomas-001,2026,Surgery - 6 January (E),Pathology,Hematological System,Lymphomas,A lymphoma has a very high Ki-67 proliferation index (~100%) and CD markers indicating an aggressive B cell neoplasm. Which diagnosis is most likely?,Kaposi sarcoma,Diffuse large B-cell lymphoma,Mantle cell lymphoma,Burkitt lymphoma,,D,
Patho-Blood-Lymphomas-002,2026,Surgery - 7 January (E),Pathology,Hematological System,Lymphomas,“Starry-sky” appearance is classically associated with:,CLL,Multiple myeloma,Hodgkin lymphoma,Burkitt lymphoma,CML,D,
Patho-Blood-Lymphomas-003,2026,Radiology - 5 January (M),Pathology,Hematological System,Lymphomas,Starry sky appearance on histology is characteristic of:,Burkitt lymphoma,Hodgkin lymphoma,Multiple myeloma,Acute lymphoblastic leukemia,,A,
Patho-Blood-Myeloproliferative Disorders-001,2026,Medicine - 5 January (E),Pathology,Hematological System,Myeloproliferative Disorders,Which investigation is most useful for a patient presenting with heart failure and peripheral eosinophilia?,IL-5 measurement,T-cell receptor gene rearrangement,Bone marrow trephine biopsy,Serum ferritin,,C,"<div class=""explanation-container""><div class=""explanation-text""><div style=""color:#16a34a;font-weight:800;margin-bottom:6px;"">✔ Correct Answer: Bone marrow trephine biopsy</div><div style=""margin-bottom:8px;""><b>Explanation:</b> Trephine biopsy provides information on marrow cellularity, fibrosis, and architecture, which are essential for diagnosing and classifying myeloproliferative neoplasms.</div><div style=""margin-bottom:10px;padding:8px 10px;background:#ecfdf5;border-left:4px solid #16a34a;border-radius:6px;""><b>Clinical Pearl:</b> Aspiration may be dry tap in myelofibrosis; biopsy is definitive.</div><br><div style=""color:#dc2626;margin-bottom:4px;""><b>✘ IL-5 measurement:</b></div>Research marker, not diagnostic.<br><br><div style=""color:#dc2626;margin-bottom:4px;""><b>✘ T-cell receptor gene rearrangement:</b></div>Used for lymphoid malignancies.<div style=""color:#dc2626;margin-bottom:4px;""><br><b>✘ Serum ferritin:</b></div>Inflammation/iron status marker, not diagnostic.</div></div></div>"
Patho-Blood-Myeloproliferative Disorders-002,2026,Medicine - 5 January (E),Pathology,Hematological System,Myeloproliferative Disorders,A myeloproliferative disorder diagnosis is best confirmed using:,Bone marrow aspiration,Bone marrow trephine biopsy,Peripheral smear,Serum erythropoietin,,B,"<div class=""explanation-container""><div class=""explanation-text""><div style=""color:#16a34a;font-weight:800;margin-bottom:6px;"">✔ Correct Answer: Bone marrow trephine biopsy</div><div style=""margin-bottom:8px;""><b>Explanation:</b> Trephine biopsy assesses marrow architecture, fibrosis, and hypercellularity, which are key diagnostic features of myeloproliferative disorders.</div><div style=""margin-bottom:10px;padding:8px 10px;background:#ecfdf5;border-left:4px solid #16a34a;border-radius:6px;""><b>Clinical Pearl:</b> Aspiration alone can miss fibrosis; biopsy is gold standard for structural assessment.</div><br><div style=""color:#dc2626;margin-bottom:4px;""><b>✘ Bone marrow aspiration:</b></div>Useful but may be inconclusive in fibrosis.<br><br><div style=""color:#dc2626;margin-bottom:4px;""><b>✘ Peripheral smear:</b></div>Supportive only.<div style=""color:#dc2626;margin-bottom:4px;""><br><b>✘ Serum erythropoietin:</b></div>Used in polycythemia evaluation, not definitive for MPN.</div></div></div>"
Patho-Blood-Plasma Cell Disorders-001,2026,Gynecology - 5 January (M),Pathology,Hematological System,Plasma Cell Disorders,"A 68 year old man presents with back pain, anemia, hypercalcemia and renal dysfunction. Serum protein electrophoresis shows a monoclonal spike. Peripheral smear reveals rouleaux formation. Which of the following is the most likely diagnosis?",Multiple myeloma,Chronic lymphocytic leukemia,Waldenstrom Macroglobulinemia,Primary amyloidosis,,A,
Peads-Blood-Anemias-001,2026,Medicine - 6 January (E),Pediatrics,Hematological System,Anemias,"A child with anemia, jaundice, and splenomegaly is diagnosed with hereditary spherocytosis. Which membrane protein defect is most common?",Spectrin,Band,Ankyrin,Actin,,A,"Hereditary spherocytosis<br>Autosomal dominant<br>Defect in RBC membrane skeleton with plasma membrane (Spectrin, Ankyrin Band 3 and Protein 4.2).<br>Osmotic fragility test used"
Peads-Blood-Anemias-002,2026,Gynecology - 6 January (M),Pediatrics,Hematological System,Anemias,"A newborn is admitted with severe jaundice, pallor, and hepatosplenomegaly. The obstetric record shows that the mother is Rh-negative and previously delivered an Rh-positive baby without receiving Anti-D prophylaxis. The current infant is diagnosed with erythroblastosis fetalis due to hemolysis caused by maternal antibodies crossing the placenta. Which type of hypersensitivity reaction is responsible?",Type I,Type II,Type III,Type IV,,B,
Peads-Blood-Hemophilia-001,2026,Medicine - 6 January (E),Pediatrics,Hematological System,Hemophilia,A boy presents with bleeding from the umbilical stump at birth. There is a history of similar bleeding episodes in his two brothers. What is the most likely diagnosis?,Factor X deficiency,Factor VIII deficiency,Factor V Leiden,Von Willebrand factor deficiency,Glycoprotein deficiency,B,Recurrent bleeding in male siblings suggests an X-linked recessive disorder. Hemophilia A (Factor VIII deficiency) commonly presents with umbilical stump bleeding in neonates.
Peads-Blood-Hemophilia-002,2026,Medicine - 6 January (E),Pediatrics,Hematological System,Hemophilia,A boy presents with umbilical stump bleeding at birth and has a family history of similar bleeding episodes in cousins. Which test is most important in making the diagnosis?,Activated partial thromboplastin time (APTT),Prothrombin time (PT),Platelet count,Bleeding time,Clotting time,A,
Peads-Blood-Leukemias-001,2026,Surgery - 7 January (E),Pediatrics,Hematological System,Leukemias,"A boy presents with fatigue, easy bruising, and recurrent infections for 3 weeks. Examination shows pallor, petechiae, and mild gingival bleeding. Labs show pancytopenia with circulating blasts. What is the most likely diagnosis?",Acute myeloid leukemia (AML),Chronic myeloid leukemia (CML),Acute lymphoblastic leukemia (ALL),Aplastic anemia,Iron deficiency anemia,C,"The rapid onset (3 weeks) of symptoms related to pancytopenia (fatigue/pallor from anemia, bruising/petechiae from thrombocytopenia, infections from neutropenia, combined with the presence of circulating blasts points to an Acute Leukemia. In a young boy, Acute Lymphoblastic Leukemia (ALL) is the most common type of acute leukemia and is therefore the most likely diagnosis."
Pharm-Blood-Anticoagulants & Antiplatelets-001,2026,Medicine - 5 January (E),Pharmacology,Hematological System,Anticoagulants & Antiplatelets,What does low-dose aspirin inhibit?,Prostacyclin (PGI2),Thromboxane A2,COX-2 only,Factor Xa,,B,"<div class=""explanation-container""><div class=""explanation-text""><div style=""color:#16a34a;font-weight:800;margin-bottom:6px;"">✔ Correct Answer: Thromboxane A2</div><div style=""margin-bottom:8px;""><b>Explanation:</b> Low-dose aspirin irreversibly inhibits COX-1 in platelets, reducing thromboxane A2 synthesis.</div><div style=""margin-bottom:10px;padding:8px 10px;background:#ecfdf5;border-left:4px solid #16a34a;border-radius:6px;""><b>Clinical Pearl:</b> Platelets cannot resynthesize COX → long lasting effect.</div><br><div style=""color:#dc2626;margin-bottom:4px;""><b>✘ Prostacyclin (PGI2):</b></div>Produced by endothelium, relatively spared at low dose.<br><br><div style=""color:#dc2626;margin-bottom:4px;""><b>✘ COX-2 only:</b></div>Aspirin is not COX-2 selective.<br><br><div style=""color:#dc2626;margin-bottom:4px;""><b>✘ Factor Xa:</b></div>Part of coagulation cascade, unrelated.</div></div></div>"
Pharm-Blood-Anticoagulants & Antiplatelets-002,2026,Medicine - 5 January (E),Pharmacology,Hematological System,Anticoagulants & Antiplatelets,The synthesis of which components is inhibited by warfarin?,Platelet aggregation factors,Vitamin K-dependent clotting factors,Thrombin directly,Fibrinolytic proteins,,B,"<div class=""explanation-container""><div class=""explanation-text""><div style=""color:#16a34a;font-weight:800;margin-bottom:6px;"">✔ Correct Answer: Vitamin K-dependent clotting factors</div><div style=""margin-bottom:8px;""><b>Explanation:</b> Warfarin inhibits synthesis of vitamin K-dependent clotting factors II, VII, IX, and X by blocking vitamin K epoxide reductase.</div><div style=""margin-bottom:10px;padding:8px 10px;background:#ecfdf5;border-left:4px solid #16a34a;border-radius:6px;""><b>Clinical Pearl:</b> Warfarin prolongs PT/INR by reducing factor VII first.</div><br><div style=""color:#dc2626;margin-bottom:4px;""><b>✘ Platelet aggregation factors:</b></div>Not affected by warfarin.<br><br><div style=""color:#dc2626;margin-bottom:4px;""><b>✘ Thrombin directly:</b></div>Direct thrombin inhibitors do this, not warfarin.<br><br><div style=""color:#dc2626;margin-bottom:4px;""><b>✘ Fibrinolytic proteins:</b></div>Warfarin does not act on fibrinolysis.</div></div></div>"
Pharm-Blood-Anticoagulants & Antiplatelets-003,2026,Medicine - 7 January (M),Pharmacology,Hematological System,Anticoagulants & Antiplatelets,Which antithrombotic drug can cause thrombocytopenia?,Warfarin,Heparin,Aspirin,Clopidogrel,,B,
Pharm-Blood-Anticoagulants & Antiplatelets-004,2026,Medicine - 7 January (M),Pharmacology,Hematological System,Anticoagulants & Antiplatelets,Aspirin primarily affects:,Coagulation cascade,Platelet aggregation,Fibrinolysis,Clot retraction,,B,
Pharm-Blood-Anticoagulants & Antiplatelets-005,2026,Gynecology - 7 January (E),Pharmacology,Hematological System,Anticoagulants & Antiplatelets,What is the mechanism of action of warfarin?,Direct inhibition of thrombin,Activation of antithrombin III,Inhibition of vitamin K-dependent clotting factor synthesis,Inhibition of platelet aggregation,Conversion of fibrinogen to fibrin,C,"Warfarin inhibits vitamin K epoxide reductase, preventing regeneration of reduced vitamin K. This decreases synthesis of vitamin K-dependent clotting factors II,"
Pharm-Blood-Anticoagulants & Antiplatelets-006,2026,Radiology - 6 January (M),Pharmacology,Hematological System,Anticoagulants & Antiplatelets,Which of the following best describes the mechanism of dabigatran?,Direct thrombin inhibitor,Vitamin K antagonist,Factor Xa inhibitor,Antiplatelet agent,,A,"Dabigatran binds and inhibits thrombin (factor IIA), directly → prevents conversion of fibrinogen to fibrin. Rivaroxaban/apixaban → factor Xa inhibitors; warfarin → vitamin K antagonist."
Pharm-Blood-Anticoagulants & Antiplatelets-007,2026,Anesthesia - 5 January (M),Pharmacology,Hematological System,Anticoagulants & Antiplatelets,LMWH is prescribed in a pregnant woman because:,It crosses the placenta,It causes more thrombocytopenia,It generally does not require aPTT monitoring,It blocks clotting factor II,,C,"Low molecular weight heparin (LMWH) is preferred in pregnancy because:<br>It does not cross the placenta, so it's safe for the fetus.<br>It has predictable pharmacokinetics, so routine monitoring is generally not required.<br>Unfractionated heparin (UFH) requires monitoring (aPTT).<br>It can cause thrombocytopenia, but less commonly than UFH."
Pharm-Blood-Anticoagulants & Antiplatelets-008,2026,Anesthesia - 5 January (M),Pharmacology,Hematological System,Anticoagulants & Antiplatelets,How long before surgery should dabigatran be stopped?,8 hours,14 hours,72 hours,Two days,5 days,C,
Pharm-Blood-Anticoagulants & Antiplatelets-009,2026,Anesthesia - 5 January (M),Pharmacology,Hematological System,Anticoagulants & Antiplatelets,A 29-year-old patient with a previous history of CKD presented in OPD with a history of recurrent DVT. Which of the following is the drug of choice in this patient?,Unfractionated heparin,Low molecular weight heparin,Rivaroxaban,Apixaban,Streptokinase,A,
Pharm-Blood-Anticoagulants & Antiplatelets-010,2026,Anesthesia - 5 January (M),Pharmacology,Hematological System,Anticoagulants & Antiplatelets,A 28-year-old woman with a history of recurrent DVT was on warfarin. She presented with a positive UPT. Which of the following is used in pregnancy for the management of DVT in this patient?,Unfractionated heparin,Low molecular weight heparin,Rivaroxaban,Warfarin,Streptokinase,B,
Pharm-Blood-Anticoagulants & Antiplatelets-011,2026,Gynecology - 6 January (M),Pharmacology,Hematological System,Anticoagulants & Antiplatelets,Which of the following anticoagulant drugs acts as a direct thrombin inhibitor?,Warfarin,Heparin,Dabigatran,Aspirin,Clopidogrel,C,
Pharm-Blood-Hematopoietic Growth Factors-001,2026,Medicine - 5 January (E),Pharmacology,Hematological System,Hematopoietic Growth Factors,What is the most appropriate treatment for a cancer patient who develops normocytic normochromic anemia while on chemotherapy?,Iron supplementation,Folic acid,Vitamin B12,Erythropoietin,,D,"<div class=""explanation-container""><div class=""explanation-text""><div style=""color:#16a34a;font-weight:800;margin-bottom:6px;"">✔ Correct Answer: Erythropoietin</div><div style=""margin-bottom:8px;""><b>Explanation:</b> Chemotherapy-induced normocytic normochromic anemia is treated with erythropoiesis-stimulating agents like erythropoietin.</div><div style=""margin-bottom:10px;padding:8px 10px;background:#ecfdf5;border-left:4px border:#16a34a;border-radius:6px;""><b>Clinical Pearl:</b> Chemo anemia = low EPO production → give EPO.</div><br><div style=""color:#dc2626;margin-bottom:4px;""><b>✘ Iron supplementation:</b></div>Not primary unless iron deficiency confirmed.<br><br><div style=""color:#dc2626;margin-bottom:4px;""><b>✘ Folic acid:</b></div>Megaloblastic anemia only.<br><br><div style=""color:#dc2626;margin-bottom:4px;""><b>✘ Vitamin B12:</b></div>Macrocytic anemia, not chemo-induced normocytic type.</div></div></div>"
Pharm-Blood-Hematopoietic Growth Factors-002,2026,Radiology - 6 January (M),Pharmacology,Hematological System,Hematopoietic Growth Factors,Filgrastim is primarily used in which of the following conditions?,Acute anemia,Systemic bacterial infection with neutropenia,Thrombocytopenia,Hypocalcemia,,B,"Filgrastim (G-CSF) stimulates neutrophil production, commonly used in chemotherapy-induced neutropenia or severe bacterial infections."
Pharm-Blood-Hematopoietic Growth Factors-003,2026,Gynecology - 6 January (M),Pharmacology,Hematological System,Hematopoietic Growth Factors,A neutropenic patient with Hodgkin lymphoma on chemotherapy develops fever. He is given filgrastim. What is its mechanism?,T-cell activation,Stimulates neutrophil production,Stimulates erythropoiesis,B-cell activation,,B,- Filgrastim (G-CSF) → stimulates bone marrow neutrophil production.<br>- Used in chemotherapy-induced neutropenia to reduce infection risk.
Pharm-Blood-Hematotoxicity-001,2026,Surgery - 7 January (E),Pharmacology,Hematological System,Hematotoxicity,A drug that can precipitate hemolysis in G6PD deficiency is:,Amoxicillin,Primaquine,Paracetamol,Penicillin,Aspirin,B,Oxidant drugs such as primaquine can trigger hemolysis in G6PD deficiency.
Physio-Blood-Bleeding Disorders-001,2026,Gynecology - 5 January (M),Physiology,Hematological System,Bleeding Disorders,Platelets are stored at room temperature in blood banks in order to:,Prevent bacterial growth,Increase shelf life,Optimize platelet function,Prevent hemolysis,,C,
Physio-Blood-Bleeding Disorders-002,2026,Gynecology - 5 January (M),Physiology,Hematological System,Bleeding Disorders,The immediate physiological response following vascular injury is:,Platelet aggregation,Coagulation cascade activation,Vasoconstriction,Fibrinolysis,,C,
Physio-Blood-Cells-001,2026,Surgery - 6 January (E),Physiology,Hematological System,Cells,What is the primary function of erythrocytes?,Regulating blood pH,Maintaining viscosity,Synthesizing insulin,Producing antibodies,,A,
Physio-Blood-Cells-002,2026,Surgery - 7 January (E),Physiology,Hematological System,Cells,A 30-year-old male suffers a road traffic accident and loses approximately 1–2 liters of blood. He is admitted to the hospital and stabilized. Which of the following laboratory parameters will be least affected immediately after hemorrhage?,Hemoglobin after 2 days of hemorrhage,Hematocrit immediately after blood loss,Plasma volume immediately after blood loss,Reticulocyte count after 2 days,Bleeding time,B,
Physio-Blood-Cells-003,2026,Medicine - 6 January (E),Physiology,Hematological System,Cells,Main role of erythrocytes:,Regulating blood pH,Maintaining viscosity,Initiating blood clotting,Producing antibodies,,B,RBCs maintain blood viscosity and oxygen transport; pH regulation is secondary via Hb buffering.
Physio-Blood-Cells-004,2026,Medicine - 8 January (M),Physiology,Hematological System,Cells,Cells having a lifespan of 120 days are:,Erythrocytes,Leukocytes,Basophils,Platelets,,A,
Physio-Blood-Coagulation Disorders-001,2026,Medicine - 7 January (M),Physiology,Hematological System,Coagulation Disorders,Heparin is naturally released by:,Platelets,Mast cells,Liver,Endothelium,,B,
Physio-Blood-Coagulation Disorders-002,2026,Medicine - 7 January (M),Physiology,Hematological System,Coagulation Disorders,Activation of kinins and the clotting cascade is initiated by:,Factor VIII,Factor XII,Thrombin,Fibrinogen,,B,
Physio-Blood-Coagulation Disorders-003,2026,Medicine - 7 January (M),Physiology,Hematological System,Coagulation Disorders,Extrinsic coagulation pathway is activated by:,Factor XII,Thromboplastin,Thrombin,Platelet factor 3,,B,
Physio-Blood-Coagulation Disorders-004,2026,Gynecology - 5 January (M),Physiology,Hematological System,Coagulation Disorders,Hageman factor (Factor XII) activates which of the following systems?,Extrinsic pathway only,Intrinsic pathway only,Intrinsic pathway and kinin system,Complement system only,,C,
Physio-Blood-Coagulation Disorders-005,2026,Gynecology - 5 January (M),Physiology,Hematological System,Coagulation Disorders,Which of the following is a natural antithrombin in the body?,Heparin,Prothrombin,Warfarin,Plasminogen,,A,
Ana-Hepato-Bile Duct-001,2026,Radiology - 6 January (M),Anatomy,Hepatobiliary System,Bile Duct,"A 40-year-old patient is diagnosed with pancreatic divisum during evaluation for recurrent pancreatitis. Regarding the anatomical relation of the common bile duct, where is it located in relation to the pancreas?",Anterior and inferior,Anterior and lateral,Superior and lateral,Inferior and medial,Posterior and medial,E,
Ana-Hepato-Liver-001,2026,Radiology - 5 January (M),Anatomy,Hepatobiliary System,Liver,Which structure divides the liver into right and left halves?,Right hepatic vein,Left hepatic vein,Middle hepatic vein,Ligamentum teres,,C,
Ana-Hepato-Liver-002,2026,Radiology - 6 January (M),Anatomy,Hepatobiliary System,Liver,How many segments does the liver have according to the Couinaud classification?,4,6,8,10,,C,
Ana-Hepato-Pancreas-001,2026,Radiology - 5 January (M),Anatomy,Hepatobiliary System,Pancreas,Which part of pancreas is intraperitoneal?,Head,Uncinate process,Body,Tail,,D,SAD PUCKER:<br>Suprarenal (adrenal) glands [not shown]<br>Aorta and IVC<br>Duodenum (2nd through 4th parts)<br>Pancreas (except tail)<br>Ureters [not shown]<br>Colon (descending and ascending)<br>Kidneys<br>Esophagus (thoracic portion) [not shown]<br>Rectum (partially) [not shown]
Biochem-Hepato-Liver-001,2026,Radiology - 5 January (M),Biochemistry,Hepatobiliary System,Liver,Which step is required before bilirubin can be excreted into bile?,Binding to albumin in blood,Conjugation with glucuronic acid in liver,Conversion to stercobilin in the gut,Reduction to urobilinogen by gut bacteria,,B,
Histo-Hepato-Liver-001,2026,Medicine - 8 January (M),Histology,Hepatobiliary System,Liver,A patient with septicemia shows increased clearance of bacteria from portal circulation. Which specialized macrophage population is responsible for this function?,Splenic macrophages,Alveolar macrophages,Kupffer cells,Bone marrow histiocytes,,C,
Med-Hepato-Bile Duct-001,2026,Surgery - 6 January (E),Medicine,Hepatobiliary System,Bile Duct,"A patient presents with jaundice, dark urine, and pale stools suggesting common bile duct obstruction. Which investigation is most useful to diagnose the obstruction?",ALP,ALT,AST,Hemoglobin,,A,
Med-Hepato-Bile Duct-002,2026,Medicine - 6 January (E),Medicine,Hepatobiliary System,Bile Duct,"A patient present with jaundice, dark urine, pale stools, and CBD obstruction. Which investigation helps diagnose obstruction?",ALT,AST,ALP,Total bilirubin,,C,
Med-Hepato-Bile Duct-003,2026,Gynecology - 5 January (M),Medicine,Hepatobiliary System,Bile Duct,A patient with obstructive jaundice has increased bile salts. This will most commonly cause?,Puritus,Malabsorption,Malignancy,,,A,Accumulated bile salts in skin cause pruritus.
Med-Hepato-Liver-001,2026,Medicine - 8 January (M),Medicine,Hepatobiliary System,Liver,"A middle-aged woman presents with jaundice, elevated transaminases, and hypergammaglobulinemia. Serology reveals antibodies against smooth muscle. What is the most likely diagnosis?",Viral hepatitis,Alcoholic liver disease,Autoimmune hepatitis,Primary biliary cholangitis,,C,"Anti-smooth muscle antibodies are characteristic of autoimmune hepatitis, often associated with elevated Ig levels."
Med-Hepato-LIver-001,2026,Medicine - 7 January (M),Medicine,Hepatobiliary System,LIver,Gilbert syndrome usually presents as intermittent jaundice that occurs under certain conditions which of the following best describes its presentation:,Persistent jaundice,Stress/fasting induced jaundice,Hemolysis,Liver failure,,B,
Med-Hepato-Liver-002,2026,Medicine - 8 January (M),Medicine,Hepatobiliary System,Liver,A 28-year-old man is incidentally found to be HBsAg positive after blood donation. He is asymptomatic and immunocompetent. What is the most likely outcome?,Fulminant hepatic failure,Chronic hepatitis,Complete recovery with immunity,Carrier state,,C,
Med-Hepato-Liver-003,2026,Medicine - 8 January (M),Medicine,Hepatobiliary System,Liver,A young adult develops acute hepatitis C. What percentage of patients recover completely?,<10%,0.2,0.5,0.8,,B,
Med-Hepato-Liver-004,2026,Gynecology - 5 January (M),Medicine,Hepatobiliary System,Liver,HBeAg positivity in a patient with hepatitis B indicates:,Low infectivity,Recovery phase,Virus actively dividing,Window period,,C,HBeAg indicates active viral replication.
Med-Hepato-Liver-005,2026,Gynecology - 6 January (M),Medicine,Hepatobiliary System,Liver,"A pregnant woman has abdominal pain. Labs: HBsAg negative, Anti-HBc IgG positive, HBeAg negative. What is the mechanism behind this serological pattern?",Vaccination against HBV,Chronic carrier of HBV,Previous exposure to HBV,Acute HBV infection,Immunization failure,C,"Anti-HBc positive with HBsAg negative indicates past HBV infection. She has developed immunity, not an active infection."
Med-Hepato-Liver-006,2026,Gynecology - 6 January (M),Medicine,Hepatobiliary System,Liver,"A 52-year-old teacher presents with generalized body weakness and fatigue. He gives a history of receiving two units of blood transfusion a few months ago. On laboratory investigation, liver function tests are found to be deranged to three times the normal values. What is the most likely cause of his condition?",Hepatitis A virus,Hepatitis B virus,Hepatitis C virus,Cytomegalovirus (CMV),Hepatitis E virus,B,"Hepatitis B is a blood-borne virus and a common cause of post-transfusion hepatitis, leading to significant elevation of liver enzymes. CMV may be transmitted via transfusion but usually causes hepatitis in immunocompromised patients, making HBV the most likely cause in this scenario."
Med-Hepato-Liver-007,2026,Surgery - 7 January (E),Medicine,Hepatobiliary System,Liver,"A patient develops fever, malaise, and jaundice after receiving a blood transfusion. Which type of hepatitis is most commonly transmitted by blood transfusion?",Hep. D,Hep. A,Hep. C,Hep. B,Hep. G,D,Orofacial Route - Hep A > Hep E<br>Most lethal Hepatitis - Hep D<br>Most common in pregnancy - Hep A<br>Most lethal/Remote Area in pregnancy - Hep E<br>Most lethal/Common virus after blood transfusion – CMV > Hep B > Hep C<br>Most common sexual spread – Hep B<br>HCC - Hep B > Hep C<br>Cirrhosis - Hep C > Hep B<br>Needle Stick injury Risk – Hep B (30%) > C (3%). > HIV (0.3%)<br>Hep A & E - Naked Viruses
Med-Hepato-Liver-008,2026,Radiology - 6 January (M),Medicine,Hepatobiliary System,Liver,"A 52-year-old teacher presents with generalized body weakness and fatigue. He gives a history of receiving two units of blood transfusion a few months ago. On laboratory investigation, liver function tests are found to be deranged to three times the normal values. What is the most likely cause of his condition?",Hepatitis A virus,Hepatitis B virus,Hepatitis C virus,Cytomegalovirus (CMV),Hepatitis E virus,B,"Hepatitis B is a blood-borne virus and a common cause of post-transfusion hepatitis, leading to significant elevation of liver enzymes. CMV may be transmitted via transfusion but usually causes hepatitis in immunocompromised patients, making HBV the most likely cause in this scenario."
Med-Hepato-Liver-009,2026,Surgery - 7 January (E),Medicine,Hepatobiliary System,Liver,"A patient has HbsAg +, Anti HbC IgM + and HbeAg -ve what is likely diagnose?",Past exposure,Acute hepatitis,Carrier with low replication,Carrier with high replication,Chronic carrier,,
Med-Hepato-Liver-010,2026,Medicine - 8 January (M),Medicine,Hepatobiliary System,Liver,"A 60-year-old male presents with abdominal pain, ascites, hemorrhagic exudative fluid on tap, and mass-like splenomegaly. Most suitable investigation is:",Ultrasound abdomen,CT scan abdomen,Ascitic fluid culture,Ascitic fluid cytology,,B,Massive spleen with blood ascites can be due to splenic lymphoma or splenic vein thrombosis so do CT scan abdomen.
Med-Hepato-Liver-011,2026,Gynecology - 6 January (M),Medicine,Hepatobiliary System,Liver,A patient with acute liver injury shows markedly elevated serum AST and ALT levels. What is the primary reason for the rise of these enzymes in blood?,Increased enzyme synthesis,Reduced renal clearance,Cell membrane rupture,Increased bile secretion,Autoimmune activation,C,"Hepatocyte membrane damage releases intracellular enzymes (AST, ALT) into circulation."
Med-Hepato-Liver-012,2026,Medicine - 8 January (M),Medicine,Hepatobiliary System,Liver,"A young patient presents with hepatic dysfunction, neurological tremors, and green-brown rings at the corneal margin. Which disorder is most likely?",Hemochromatosis,Wilson disease,Chronic hepatitis B,Gilbert syndrome,,B,"Wilson disease is an autosomal recessive copper metabolism disorder characterized by liver disease, neuropsychiatric symptoms, and Kayser-Fleischer rings."
Med-Hepato-Pancreas-001,2026,Medicine - 7 January (M),Medicine,Hepatobiliary System,Pancreas,A patient presents with sudden severe upper abdominal pain radiating to the back and markedly elevated serum amylase and lipase. This presentation is characteristic of:,Chronic gastritis,Acute pancreatitis,Cholelithiasis,Peptic ulcer disease,,B,
Med-Hepato-Pancreas-002,2026,Medicine - 8 January (M),Medicine,Hepatobiliary System,Pancreas,"In pancreatitis, deficiency of which vitamin is most likely?",Vitamin B9,Vitamin A,Riboflavin,Niacin,,B,"Pancreatic insufficiency causes fat malabsorption leading to fat-soluble vitamin deficiency, especially vitamin A."
Med-Hepato-Pancreas-003,2026,Medicine - 8 January (M),Medicine,Hepatobiliary System,Pancreas,"A patient presents with severe epigastric pain radiating to the back. Serum amylase is mildly elevated, but a more specific and sensitive test is required. Which enzyme best confirms the diagnosis?",Amylase,Trypsinogen,Lipase,Chymotrypsin,,C,
Microbio-Hepato-Liver-001,2026,Medicine - 7 January (M),Microbiology,Hepatobiliary System,Liver,HBV infection confirmed by:,HBsAg,Anti-HBc IgM,PCR,Liver biopsy,,C,
Microbio-Hepato-LIver-001,2026,Medicine - 7 January (M),Microbiology,Hepatobiliary System,LIver,The window period of HBV infection refers to:,"No HBsAg, no anti-HBs detectable",Vaccination period,Incubation period,Chronic stage,,A,
Patho-Hepato-Liver-001,2026,Medicine - 5 January (E),Pathology,Hepatobiliary System,Liver,What is the most probable etiology of liver disease in a woman who has been in long-term rehabilitation?,Viral hepatitis,Alcoholic liver disease,Autoimmune hepatitis,Drug-induced hepatitis,,B,"<div class=""explanation-container""><div class=""explanation-text""><div style=""color:#16a34a;font-weight:800;margin-bottom:6px;"">✔ Correct Answer: Alcoholic liver disease</div><div style=""margin-bottom:8px;""><b>Explanation:</b> Long-term rehabilitation commonly implies alcohol dependence, making alcoholic liver disease the most likely etiology.</div><div style=""margin-bottom:10px;padding:8px 10px;background:#ecfdf5;border-left:4px solid #16a34a;border-radius:6px;""><b>Clinical Pearl:</b> Rehab history → think alcohol-related pathology unless stated otherwise.</div><br><div style=""color:#dc2626;margin-bottom:4px;""><b>✘ Viral hepatitis:</b></div>No exposure clues given.<br><br><div style=""color:#dc2626;margin-bottom:4px;""><b>✘ Autoimmune hepatitis:</b></div>Typically in younger females with autoimmune history.<br><br><div style=""color:#dc2626;margin-bottom:4px;""><b>✘ Drug-induced hepatitis:</b></div>No drug exposure mentioned.</div></div></div>"
Patho-Hepato-Liver-002,2026,Surgery - 7 January (E),Pathology,Hepatobiliary System,Liver,A long-distance truck driver with a history of chronic alcohol consumption presents for evaluation. Liver biopsy is performed. Which lipid is most likely to accumulate in his hepatocytes?,Cholesterol,Phospholipids,Triglycerides,Free fatty acids,Ketone bodies,C,
Patho-Hepato-Liver-003,2026,Gynecology - 5 January (M),Pathology,Hepatobiliary System,Liver,Histology of liver in a chronic alcoholic shows accumulation of triglycerides within hepatocytes. This condition is termed:,Fat Cell Injury,Steatohepatitis,Fatty liver,Cirrhosis,,C,
Patho-Hepato-Liver-004,2026,Gynecology - 5 January (M),Pathology,Hepatobiliary System,Liver,A malnourished child develops fatty liver. The primary mechanism is:,Increased fat intake,Increased lipogenesis,Reduced protein intake leading to decreased lipoprotein synthesis,Increased cholesterol absorption,,C,Hypocalcemia from parathyroid injury causes tetany.
Patho-Hepato-Liver-005,2026,Medicine - 5 January (E),Pathology,Hepatobiliary System,Liver,"What is the most likely diagnosis for a 20-year-old presenting with jaundice, dark stools, pale urine, and palpable spleen?",Obstructive jaundice,Hepatocellular jaundice,Hemolytic jaundice,Neonatal jaundice,,C,"<div class=""explanation-container""><div class=""explanation-text""><div style=""color:#16a34a;font-weight:800;margin-bottom:6px;"">✔ Correct Answer: Hemolytic jaundice</div><div style=""margin-bottom:8px;""><b>Explanation:</b> Hemolytic jaundice presents with jaundice, dark stools (↑ stercobilin), splenomegaly, and no obstruction.</div><div style=""margin-bottom:10px;padding:8px 10px;background:#ecfdf5;border-left:4px solid #16a34a;border-radius:6px;""><b>Clinical Pearl:</b> Hemolysis → dark stools + splenomegaly.</div><br><div style=""color:#dc2626;margin-bottom:4px;""><b>✘ Obstructive jaundice:</b></div>Pale stools, dark urine.<br><br><div style=""color:#dc2626;margin-bottom:4px;""><b>✘ Hepatocellular:</b></div>Mixed features.<br><br><div style=""color:#dc2626;margin-bottom:4px;""><b>✘ Neonatal:</b></div>Different age group.</div></div></div>"
Patho-Hepato-Liver-006,2026,Medicine - 5 January (E),Pathology,Hepatobiliary System,Liver,Which organ can become inflamed due to chronic infection with Clonorchis sinensis?,Pancreas,Gallbladder,Liver,Spleen,,C,"<div class=""explanation-container""><div class=""explanation-text""><div style=""color:#16a34a;font-weight:800;margin-bottom:6px;"">✔ Correct Answer: Liver</div><div style=""margin-bottom:8px;""><b>Concept:</b> Parasitic biliary infections</div><div style=""margin-bottom:8px;""><b>Explanation:</b> Clonorchis sinensis infects bile ducts leading to chronic inflammation of intrahepatic biliary system and risk of cholangiocarcinoma.</div><div style=""margin-bottom:10px;padding:8px 10px;background:#ecfdf5;border-left:4px solid #16a34a;border-radius:6px;""><b>Clinical Pearl:</b> Chronic infection is strongly linked to bile duct cancer.</div><br><div style=""color:#dc2626;margin-bottom:4px;""><b>✘ Pancreas:</b></div>Not primary site.<br><br><div style=""color:#dc2626;margin-bottom:4px;""><b>✘ Gallbladder:</b></div>Not main target.<div style=""color:#dc2626;margin-bottom:4px;""><br><b>✘ Spleen:</b></div>No involvement.</div></div></div>"
Patho-Hepato-Pancreas-001,2026,Medicine - 6 January (E),Pathology,Hepatobiliary System,Pancreas,Patient presents with epigastric pain radiating to the back and raised serum amylase. Diagnosis is acute pancreatitis. Type of Cell Injury:,Coagulative Cell Injury,Caseous Cell Injury,Fat Cell Injury,Gangrenous Cell Injury,,C,Acute pancreatitis causes enzymatic fat Cell Injury of peripancreatic adipose tissue.
Patho-Hepato-Pancreas-002,2026,Medicine - 7 January (M),Pathology,Hepatobiliary System,Pancreas,The type of Cell Injury seen in the pancreas due to pancreatitis is:,Coagulative Cell Injury,Caseous Cell Injury,Liquefactive Cell Injury,Fat Cell Injury,,D,
Patho-Hepato-Pancreas-003,2026,Medicine - 5 January (E),Pathology,Hepatobiliary System,Pancreas,Autoimmune pancreatitis is commonly associated with which antibody?,ANA,Anti-dsDNA,IgG4,p-ANCA,,C,"<div class=""explanation-container""><div class=""explanation-text""><div style=""color:#16a34a;font-weight:800;margin-bottom:6px;"">✔ Correct Answer: IgG4</div><div style=""margin-bottom:8px;""><b>Explanation:</b> Autoimmune pancreatitis is strongly associated with IgG4-related disease.</div><div style=""margin-bottom:10px;padding:8px 10px;background:#ecfdf5;border-left:4px solid #16a34a;border-radius:6px;""><b>Clinical Pearl:</b> IgG4 disease = fibroinflammatory pancreatic enlargement.</div><br><div style=""color:#dc2626;margin-bottom:4px;""><b>✘ ANA:</b></div>General autoimmune marker.<br><br><div style=""color:#dc2626;margin-bottom:4px;""><b>✘ Anti-dsDNA:</b></div>SLE marker.<br><br><div style=""color:#dc2626;margin-bottom:4px;""><b>✘ p-ANCA:</b></div>Vasculitis marker.</div></div></div>"
Patho-Hepato-Pancreas-004,2026,Medicine - 5 January (E),Pathology,Hepatobiliary System,Pancreas,"What is the most likely diagnosis for a patient with severe epigastric pain radiating to the back, elevated ALT, elevated leukocytes, and serum amylase of 346 U/L?",Acute gastritis,Acute pancreatitis,Peptic ulcer disease,Acute hepatitis,,B,"<div class=""explanation-container""><div class=""explanation-text""><div style=""color:#16a34a;font-weight:800;margin-bottom:6px;"">✔ Correct Answer: Acute pancreatitis</div><div style=""margin-bottom:8px;""><b>Explanation:</b> Epigastric pain radiating to the back with elevated amylase and leukocytosis is classic for acute pancreatitis.</div><div style=""margin-bottom:10px;padding:8px 10px;background:#ecfdf5;border-left:4px solid #16a34a;border-radius:6px;""><b>Clinical Pearl:</b> Pancreatitis pain radiates to the back due to retroperitoneal location.</div><br><div style=""color:#dc2626;margin-bottom:4px;""><b>✘ Acute gastritis:</b></div>Causes epigastric discomfort but not elevated amylase.<br><br><div style=""color:#dc2626;margin-bottom:4px;""><b>✘ Peptic ulcer disease:</b></div>May cause pain but not enzyme elevation.<br><br><div style=""color:#dc2626;margin-bottom:4px;""><b>✘ Acute hepatitis:</b></div>Raises liver enzymes, not amylase.</div></div></div>"
Patho-Hepato-Pancreas-005,2026,Medicine - 5 January (E),Pathology,Hepatobiliary System,Pancreas,A deficiency in which enzyme primarily leads to steatorrhea in chronic pancreatitis?,Amylase,Lipase,Trypsin,Enterokinase,,B,"<div class=""explanation-container""><div class=""explanation-text""><div style=""color:#16a34a;font-weight:800;margin-bottom:6px;"">✔ Correct Answer: Lipase</div><div style=""margin-bottom:8px;""><b>Explanation:</b> Lipase deficiency in chronic pancreatitis leads to fat malabsorption and steatorrhea because it is essential for triglyceride digestion.</div><div style=""margin-bottom:10px;padding:8px 10px;background:#ecfdf5;border-left:4px solid #16a34a;border-radius:6px;""><b>Clinical Pearl:</b> Steatorrhea = pancreatic lipase failure.</div><br><div style=""color:#dc2626;margin-bottom:4px;""><b>✘ Amylase:</b></div>Carbohydrate digestion enzyme.<br><br><div style=""color:#dc2626;margin-bottom:4px;""><b>✘ Trypsin:</b></div>Protein digestion enzyme.<br><br><div style=""color:#dc2626;margin-bottom:4px;""><b>✘ Enterokinase:</b></div>Activates trypsinogen, not fat digestion.</div></div></div>"
Physio-Hepato-Pancreas-001,2026,Medicine - 7 January (M),Physiology,Hepatobiliary System,Pancreas,Glucagon secretion increases during:,Sleep,Exercise,Postprandial state,Rest,,B,Glucagon increases during hypoglycemia and energy demand such as exercise.
Surg-Hepato-Gall Bladder-001,2026,Radiology - 6 January (M),Surgery,Hepatobiliary System,Gall Bladder,"A 60-year-old patient presents with progressive painless jaundice, intense pruritus, and weight loss. Imaging reveals a tumor located at the junction of the right and left hepatic ducts causing biliary obstruction. What is the most likely diagnosis?",Hepatocellular carcinoma,Carcinoma of the gallbladder,Klatskin tumor,Pancreatic head carcinoma,,C,"Klatskin tumor is a cholangiocarcinoma at the hepatic hilum, involving the bifurcation of right and left hepatic ducts. Causes painless obstructive jaundice with no gallbladder enlargement. Pancreatic head carcinoma causes Courvoisier sign; HCC arises from hepatocytes."
Surg-Hepato-Gall Bladder-002,2026,Radiology - 6 January (M),Surgery,Hepatobiliary System,Gall Bladder,A patient’s imaging shows calcification of the gallbladder wall and penetration of the hepatic flexure. What is the most likely diagnosis?,Cholelithiasis,Acute cholecystitis,Gallbladder carcinoma,Choledochal cyst,,C,"Porcelain gallbladder (calcified GB wall) is strongly associated with gallbladder carcinoma. Can invade adjacent structures, such as the hepatic flexure."
Surg-Hepato-Liver-001,2026,Radiology - 6 January (M),Surgery,Hepatobiliary System,Liver,A 45-year-old woman undergoes abdominal imaging for nonspecific pain. CT scan reveals a well-defined echogenic lesion in the liver. What is the most likely diagnosis?,Hepatoma,Metastasis,Liver adenoma,Focal nodular hyperplasia,Hemangioma,E,
Med-Immuno-Antibodies-001,2026,Gynecology - 6 January (M),Medicine,Immune System,Antibodies,Which portion of an immunoglobulin molecule is involved in phagocytosis?,Fab of IgA,Fab of IgG,Fc of IgG,Fc of IgM,Variable region of IgE,C,"The Fc portion of IgG binds to Fc receptors on phagocytes, promoting opsonization and phagocytosis."
Med-Immuno-Antibodies-002,2026,Gynecology - 6 January (M),Medicine,Immune System,Antibodies,Which immunoglobulin crosses the placenta?,IgG,IgA,IgM,IgD,,A,
Med-Immuno-Antigen Presentation-001,2026,Medicine - 7 January (M),Medicine,Immune System,Antigen Presentation,MHCI class I molecules present antigens to which of the following cells?,CD4+ T helper cells,CD8+ cytotoxic T cells,B lymphocytes,Natural killer (NK) cells,,B,
Med-Immuno-Complement System-001,2026,Medicine - 8 January (M),Medicine,Immune System,Complement System,Complement fragments C3a and C5a primarily cause:,Bacterial cell lysis,Chemotaxis of neutrophils,Increased vascular permeability,Opsonization,,C,
Med-Immuno-HIV-001,2026,Gynecology - 5 January (M),Medicine,Immune System,HIV,"Among patients with advanced HIV infection, which pathogen is the most frequent cause of HIV enterocolitis that involves ulcerations?",Salmonella,Giardia lamblia,Histoplasma capsulatum,Cytomegalovirus,,D,CMV causes severe ulcerative colitis in AIDS patients.
Med-Immuno-HIV-002,2026,Medicine - 7 January (M),Medicine,Immune System,HIV,HIV patient with painless lymphadenopathy and signs of malignancy. The most likely diagnosis is:,Hodgkin lymphoma,Burkitt lymphoma,Kaposi sarcoma,T-cell lymphoma,,B,
Med-Immuno-Hypersensitivity-001,2026,Medicine - 6 January (E),Medicine,Immune System,Hypersensitivity,IgE primarily binds to which cell surface?,Neutrophils,Eosinophils,Basophils,Macrophages,,C,
Med-Immuno-Hypersensitivity-002,2026,Surgery - 6 January (E),Medicine,Immune System,Hypersensitivity,On which cell type's surface does IgE primarily bind?,Neutrophils,Basophils,Eosinophils,Hepatocytes,,B,
Med-Immuno-Hypersensitivity-003,2026,Radiology - 6 January (M),Medicine,Immune System,Hypersensitivity,"A newborn is admitted with severe jaundice, pallor, and hepatosplenomegaly. The obstetric record shows that the mother is Rh-negative and previously delivered an Rh-positive baby without receiving Anti-D prophylaxis. The current infant is diagnosed with erythroblastosis fetalis due to hemolysis caused by maternal antibodies crossing the placenta. Which type of hypersensitivity reaction is responsible?",Type I,Type II,Type III,Type IV,,B,
Med-Immuno-Hypersensitivity-004,2026,Medicine - 7 January (M),Medicine,Immune System,Hypersensitivity,A positive tuberculin skin test represents:,Type I hypersensitivity,Type II hypersensitivity,Type III hypersensitivity,Type IV hypersensitivity,,D,Type IV hypersensitivity is T-cell mediated delayed response seen in tuberculin test.
Med-Immuno-Hypersensitivity-005,2026,Medicine - 8 January (M),Medicine,Immune System,Hypersensitivity,IgE-mediated hypersensitivity belongs to which type?,Type I,Type II,Type III,Type IV,,A,
Med-Immuno-Hypersensitivity-006,2026,Medicine - 8 January (M),Medicine,Immune System,Hypersensitivity,A patient develops urticaria minutes after exposure to peanuts. What type of hypersensitivity reaction is involved?,Type I,Type II,Type III,Type IV,,A,
Med-Immuno-Immunity-001,2026,Radiology - 5 January (M),Medicine,Immune System,Immunity,Viral infections are primarily controlled by:,B cells,NK cells,Helper cells,Cytotoxic T cells,,D,
Med-Immuno-Immunity-002,2026,Gynecology - 5 January (M),Medicine,Immune System,Immunity,Natural killer (NK) cells primarily function to:,Produce antibodies,Present antigen to T cells,Inhibit virally infected cells,Activate complement system,,C,NK cells kill virus-infected and tumor cells without prior sensitization.
Med-Immuno-Immunity-003,2026,Surgery - 7 January (E),Medicine,Immune System,Immunity,First line Immunity against virus and tumor cells is of:,Neutrophils,NK cells,Macrophages,Basophil,Eosinophil,B,
Med-Immuno-Immunity-004,2026,Anesthesia - 5 January (M),Medicine,Immune System,Immunity,First responders to viral infection are,Neutrophils,Macrophages,Natural killer (NK) cells,Monocytes,,C,
Med-Immuno-Immunity-005,2026,Medicine - 7 January (M),Medicine,Immune System,Immunity,Anti-D immunoglobulin is effective because:,It crosses placenta,It does not cross placenta,It neutralizes IgM,It is cheap,,B,Anti-D Ig is IgG but works by binding fetal RBCs in maternal circulation preventing sensitization.
Med-Immuno-Immunodeficiency-001,2026,Surgery - 7 January (E),Medicine,Immune System,Immunodeficiency,A patient with agammaglobulinemia presents with recurrent infections. What is typically reduced in this disorder?,T lymphocytes,B lymphocytes,Neutrophils,Eosinophils,Platelets,B,X-linked agammaglobulinemia (Bruton's): BTK mutation → impaired B cell maturation (↓ all immunoglobulin).
Med-Immuno-Immunodeficiency-002,2026,Radiology - 5 January (M),Medicine,Immune System,Immunodeficiency,Baby with recurrent infections and truncal rash thrombocytopenia likely has:,Cystic fibrosis,Severe combined immunodeficiency,Celiac disease,Wiskott-Aldrich syndrome,,D,
Med-Immuno-Immunodeficiency-003,2026,Medicine - 5 January (E),Medicine,Immune System,Immunodeficiency,Severe combined immunodeficiency (SCID) caused by ADA deficiency primarily affects:,B cells only,T cells only,Both B and T cells,NK cells only,,C,"<div class=""explanation-container""><div class=""explanation-text""><div style=""color:#16a34a;font-weight:800;margin-bottom:6px;"">✔ Correct Answer: Both B and T cells</div><div style=""margin-bottom:8px;""><b>Explanation:</b> ADA deficiency in SCID leads to toxic metabolite accumulation affecting both B and T lymphocytes.</div><div style=""margin-bottom:10px;padding:8px 10px;background:#ecfdf5;border-left:4px solid #16a34a;border-radius:6px;""><b>Clinical Pearl:</b> ADA SCID = combined immunodeficiency.</div><br><div style=""color:#dc2626;margin-bottom:4px;""><b>✘ B cells only:</b></div>Incorrect, both arms of adaptive immunity affected.<br><br><div style=""color:#dc2626;margin-bottom:4px;""><b>✘ T cells only:</b></div>B cells also dysfunctional.<br><br><div style=""color:#dc2626;margin-bottom:4px;""><b>✘ NK cells only:</b></div>Not primary target in ADA deficiency.</div></div></div>"
Med-Immuno-Immunodeficiency-004,2026,Medicine - 7 January (M),Medicine,Immune System,Immunodeficiency,X-linked agammaglobulinemia is a defect in:,Pro-B to B cell maturation,Precursor T to CD4 cell maturation,Plasma cell maturation,T cell receptor signalling,,A,Explanation: In X-Linked (Bruton agammaglobulinemia) Defect in BTK tyrosine kinase gene = no B-cell maturation from pro-B cells
Med-Immuno-Immunodeficiency-005,2026,Medicine - 7 January (M),Medicine,Immune System,Immunodeficiency,Patients with selective IgA deficiency or common variable immunodeficiency (CVID) typically present with:,Autoimmune hemolytic anemia,Recurrent respiratory and GI infections,Severe viral infections only,Hypocalcemia,,B,
Med-Immuno-Immunodeficiency-006,2026,Medicine - 5 January (E),Medicine,Immune System,Immunodeficiency,What does a patient with a history of recurrent infections and transfusion reactions likely have?,IgA deficiency,Graft versus host disease,SCID,Hyper IgM syndrome,,A,"<div class=""explanation-container""><div class=""explanation-text""><div style=""color:#16a34a;font-weight:800;margin-bottom:6px;"">✔ Correct Answer: Selective IgA deficiency</div><div style=""margin-bottom:8px;""><b>Explanation:</b> IgA deficiency leads to recurrent mucosal infections and anaphylactic reactions to transfusions due to anti-IgA antibodies.</div><div style=""margin-bottom:10px;padding:8px 10px;background:#ecfdf5;border-left:4px solid #16a34a;border-radius:6px;""><b>Clinical Pearl:</b> Most common primary immunodeficiency.</div><br><div style=""color:#dc2626;margin-bottom:4px;""><b>✘ Graft versus host disease:</b></div>Occurs after transplant, not primary immunodeficiency.<br><br><div style=""color:#dc2626;margin-bottom:4px;""><b>✘ SCID:</b></div>Severe combined immunodeficiency affects infants with profound immunosuppression.<br><br><div style=""color:#dc2626;margin-bottom:4px;""><b>✘ Hyper IgM syndrome:</b></div>Class switch defect, different clinical pattern.</div></div></div>"
Med-Immuno-Inflammation-001,2026,Medicine - 6 January (E),Medicine,Immune System,Inflammation,"Intercellular adhesion molecule-1 (ICAM-1) (Statement, not a question)",,,,,,,
Med-Immuno-Inflammation-002,2026,Surgery - 6 January (E),Medicine,Immune System,Inflammation,A 22-year-old man has meningitis caused by Gram-negative diplococci. Which mediator primarily drives the inflammatory response?,Interleukin 6,Tumor Cell Injury factor,Insulin,Interleukin 1,,B,
Med-Immuno-Inflammation-003,2026,Radiology - 6 January (M),Medicine,Immune System,Inflammation,A patient presents with fever due to an inflammatory process. Which cytokine is primarily responsible for mediating fever?,IL-2,IL-4,IL-1,TNF-β,IFN-γ,C,
Med-Immuno-Inflammation-004,2026,Surgery - 6 January (E),Medicine,Immune System,Inflammation,Which molecule mediates leukocyte passage through the endothelium during inflammation?,ICAM-1,Hemoglobin,PECAM-1 (CD31),L-selectin,,C,
Med-Immuno-Inflammation-005,2026,Gynecology - 7 January (E),Medicine,Immune System,Inflammation,Which of the following is a pain mediator cytokine?,Bradykinin,Prostaglandin,Histamine,C3b,C3a,A,"- Pain – Bradykinin > Prostaglandins E2 - IL-1 and TNF – Fever mediator - Prostaglandins F2, E2 and D2 – Vasodilation"
Med-Immuno-Inflammation-006,2026,Medicine - 6 January (E),Medicine,Immune System,Inflammation,Which of the following molecules plays a key role in leukocyte transmigration through endothelium during inflammation?,ICAM-1,PECAM-1 (CD31),VCAM-1,Selectin L,,B,PECAM-1 (CD31) is expressed on endothelial cells and leukocytes and is crucial for diapedesis (movement of leukocytes through the endothelium junctions). ICAM-1 and VCAM-1 are mainly involved in adhesion of leukocytes and selectins mediate rolling on endothelium.
Med-Immuno-Transplantation-001,2026,Gynecology - 6 January (M),Medicine,Immune System,Transplantation,A patient presents 1 month after organ transplantation. Biopsy shows lymphocytic infiltration of the graft. What type of rejection is this?,Hyperacute rejection,Acute rejection,Chronic rejection,Antibody-mediated rejection,Graft-versus-host disease,B,
Med-Immuno-Transplantation-002,2026,Surgery - 6 January (E),Medicine,Immune System,Transplantation,"Six months after a kidney transplant, a patient on cyclosporine develops graft rejection that improves with enhanced immunosuppression. Which type of rejection is most likely?",Acute cellular,Acute tubular Cell Injury,Hyperacute,Antibody-mediated,,A,
Med-Immuno-Transplantation-003,2026,Gynecology - 7 January (E),Medicine,Immune System,Transplantation,"One month after kidney transplant, rash and fever develop: most likely diagnosis is:",Chronic rejection,Acute rejection,Hyperacute rejection,Infection only,,B,
Med-Immuno-Transplantation-004,2026,Radiology - 5 January (M),Medicine,Immune System,Transplantation,"A patient received a kidney transplant from her sister. After a few months, rejection occurred. Which cells are primarily involved?",Lymphocytes,NK cells,Monocytes,Plasma cells,,A,
Med-Immuno-Transplantation-005,2026,Radiology - 6 January (M),Medicine,Immune System,Transplantation,A patient presents 1 month after organ transplantation. Biopsy shows lymphocytic infiltration of the graft. What type of rejection is this?,Hyperacute rejection,Acute rejection,Chronic rejection,Antibody-mediated rejection,Graft-versus-host disease,B,
Med-Immuno-Transplantation-006,2026,Medicine - 7 January (M),Medicine,Immune System,Transplantation,"Following an organ transplant, a patient develops signs of graft rejection mediated by immune cells that recognize foreign antigens on the transplanted tissue. Which of the following cells is primarily responsible for this response?",T Lymphocytes,NK cells,Plasma cells,B Lymphocytes,,A,
Med-Immuno-Transplantation-007,2026,Medicine - 6 January (E),Medicine,Immune System,Transplantation,A kidney transplant patient on cyclosporin develops rejection 6 months post-transplant but responds to immunosuppression. Most likely type of rejection:,Hyperacute,Acute cellular,Chronic,Antibody-mediated,,B,Acute cellular rejection occurs weeks to months after transplant and responds to immunosuppressive therapy.
Patho-Immuno-HIV-001,2026,Medicine - 5 January (E),Pathology,Immune System,HIV,What is the most common skin cancer in HIV/AIDS patients?,Kaposi sarcoma,Hodgkin Lymphoma,Basal cell carcinoma,Squamous cell carcinoma,Multiple Myeloma,A,"<div class=""explanation-container""><div class=""explanation-text""><div style=""color:#16a34a;font-weight:800;margin-bottom:6px;"">✔ Correct Answer: Kaposi sarcoma</div><div style=""margin-bottom:8px;""><b>Explanation:</b> Kaposi sarcoma is the most common skin malignancy in HIV/AIDS due to HHV-8 infection.</div><div style=""margin-bottom:10px;padding:8px 10px;background:#ecfdf5;border-left:4px solid #16a34a;border-radius:6px;""><b>Clinical Pearl:</b> Purple vascular lesions in AIDS patients = Kaposi sarcoma.</div><br><div style=""color:#dc2626;margin-bottom:4px;""><b>✘ Hodgkin lymphoma:</b></div>Can occur but not most common skin cancer.<br><br><div style=""color:#dc2626;margin-bottom:4px;""><b>✘ Basal cell carcinoma:</b></div>Common general skin cancer, not AIDS-specific.<br><br><div style=""color:#dc2626;margin-bottom:4px;""><b>✘ Multiple myeloma:</b></div>Plasma cell malignancy, not skin cancer.</div></div></div>"
Patho-Immuno-Hypersensitivity-001,2026,Gynecology - 6 January (M),Pathology,Immune System,Hypersensitivity,A patient with systemic lupus erythematosus (SLE) is being evaluated for type of hypersensitivity involved.,Type I,Type II,Type III,Type IV,,C,"SLE is mediated by immune complex deposition, which is a type III hypersensitivity reaction."
Patho-Immuno-Hypersensitivity-002,2026,Medicine - 5 January (E),Pathology,Immune System,Hypersensitivity,Which hypersensitivity type is reflected by the tuberculin skin test?,Type I,Type II,Type III,Type IV,,D,"<div class=""explanation-container""><div class=""explanation-text""><div style=""color:#16a34a;font-weight:800;margin-bottom:6px;"">✔ Correct Answer: Type IV</div><div style=""margin-bottom:8px;""><b>Explanation:</b> Tuberculin skin test is a delayed-type hypersensitivity reaction mediated by T cells (Type IV).</div><div style=""margin-bottom:10px;padding:8px 10px;background:#ecfdf5;border-left:4px solid #16a34a;border-radius:6px;""><b>Clinical Pearl:</b> Type IV = T-cell mediated, no antibodies involved.</div><br><div style=""color:#dc2626;margin-bottom:4px;""><b>✘ Type I:</b></div>IgE mediated immediate hypersensitivity.<br><br><div style=""color:#dc2626;margin-bottom:4px;""><b>✘ Type II:</b></div>Antibody-mediated cytotoxic reactions.<br><br><div style=""color:#dc2626;margin-bottom:4px;""><b>✘ Type III:</b></div>Immune complex mediated reactions.</div></div></div>"
Patho-Immuno-Hypersensitivity-003,2026,Medicine - 5 January (E),Pathology,Immune System,Hypersensitivity,Which immunoglobulin primarily mediates allergic rhinitis?,IgG,IgA,IgE,IgM,,C,"<div class=""explanation-container""><div class=""explanation-text""><div style=""color:#16a34a;font-weight:800;margin-bottom:6px;"">✔ Correct Answer: IgE</div><div style=""margin-bottom:8px;""><b>Explanation:</b> Allergic rhinitis is a Type I hypersensitivity reaction mediated by IgE antibodies bound to mast cells, leading to histamine release on allergen exposure.</div><div style=""margin-bottom:10px;padding:8px 10px;background:#ecfdf5;border-left:4px solid #16a34a;border-radius:6px;""><b>Clinical Pearl:</b> IgE = immediate hypersensitivity (allergy, asthma, rhinitis).</div><br><div style=""color:#dc2626;margin-bottom:4px;""><b>✘ IgG:</b></div>Secondary immune response and opsonization, not allergy mediator.<br><br><div style=""color:#dc2626;margin-bottom:4px;""><b>✘ IgA:</b></div>Mucosal immunity, not primary allergy mediator.<br><br><div style=""color:#dc2626;margin-bottom:4px;""><b>✘ IgM:</b></div>First antibody in primary response, not allergy related.</div></div></div>"
Patho-Immuno-Hypersensitivity-004,2026,Medicine - 5 January (E),Pathology,Immune System,Hypersensitivity,What type of hypersensitivity reaction causes a pruritic vesicular rash on the hands 2 days after exposure to poison ivy?,Type I,Type II,Type III,Type IV,,D,"<div class=""explanation-container""><div class=""explanation-text""><div style=""color:#16a34a;font-weight:800;margin-bottom:6px;"">✔ Correct Answer: Type IV</div><div style=""margin-bottom:8px;""><b>Explanation:</b> Poison ivy causes delayed hypersensitivity mediated by T-cells (Type IV).</div><div style=""margin-bottom:10px;padding:8px 10px;background:#ecfdf5;border-left:4px solid #16a34a;border-radius:6px;""><b>Clinical Pearl:</b> Delayed rash (48 hrs) = Type IV.</div><br><div style=""color:#dc2626;margin-bottom:4px;""><b>✘ Type I:</b></div>Immediate IgE reaction.<br><br><div style=""color:#dc2626;margin-bottom:4px;""><b>✘ Type II:</b></div>Antibody-mediated cytotoxicity.<br><br><div style=""color:#dc2626;margin-bottom:4px;""><b>✘ Type III:</b></div>Immune complex deposition.</div></div></div>"
Patho-Immuno-Hypersensitivity-005,2026,Medicine - 5 January (E),Pathology,Immune System,Hypersensitivity,"Which immunological mechanism is responsible in a 20 year old female for feveloping sudden itching, urticaria, wheezing, and hypotension minutes after eating peanuts?",IgG-mediated cytotoxicity,Immune complex deposition,IgE-mediated mast cell degranulation,T-cell mediated reaction,,C,"<div class=""explanation-container""><div class=""explanation-text""><div style=""color:#16a34a;font-weight:800;margin-bottom:6px;"">✔ Correct Answer: IgE-mediated mast cell degranulation</div><div style=""margin-bottom:8px;""><b>Explanation:</b> Immediate allergic reactions like anaphylaxis are mediated by IgE-triggered mast cell degranulation.</div><div style=""margin-bottom:10px;padding:8px 10px;background:#ecfdf5;border-left:4px solid #16a34a;border-radius:6px;""><b>Clinical Pearl:</b> Anaphylaxis = Type I hypersensitivity.</div><br><div style=""color:#dc2626;margin-bottom:4px;""><b>✘ IgG cytotoxicity:</b></div>Type II reaction.<br><br><div style=""color:#dc2626;margin-bottom:4px;""><b>✘ Immune complexes:</b></div>Type III reaction.<br><br><div style=""color:#dc2626;margin-bottom:4px;""><b>✘ T-cell mediated:</b></div>Type IV reaction.</div></div></div>"
Patho-Immuno-Hypersensitivity-006,2026,Medicine - 5 January (E),Pathology,Immune System,Hypersensitivity,Rh incompatibility causing jaundice in a newborn involves which type of hypersensitivity reaction?,Type I,Type II,Type III,Type IV,,B,"<div class=""explanation-container""><div class=""explanation-text""><div style=""color:#16a34a;font-weight:800;margin-bottom:6px;"">✔ Correct Answer: Type II</div><div style=""margin-bottom:8px;""><b>Explanation:</b> Rh incompatibility involves IgG antibodies targeting fetal RBCs, a Type II hypersensitivity reaction.</div><div style=""margin-bottom:10px;padding:8px 10px;background:#ecfdf5;border-left:4px solid #16a34a;border-radius:6px;""><b>Clinical Pearl:</b> Type II = antibody-mediated cell destruction.</div><br><div style=""color:#dc2626;margin-bottom:4px;""><b>✘ Type I:</b></div>Allergic reaction.<br><br><div style=""color:#dc2626;margin-bottom:4px;""><b>✘ Type III:</b></div>Immune complexes.<br><br><div style=""color:#dc2626;margin-bottom:4px;""><b>✘ Type IV:</b></div>T-cell mediated.</div></div></div>"
Patho-Immuno-Transplantation-001,2026,Medicine - 5 January (E),Pathology,Immune System,Transplantation,Which cells primarily mediate acute graft rejection in a recent organ transplant recipient?,Macrophages,B lymphocytes,NK cells,T lymphocytes,,D,"<div class=""explanation-container""><div class=""explanation-text""><div style=""color:#16a34a;font-weight:800;margin-bottom:6px;"">✔ Correct Answer: T lymphocytes</div><div style=""margin-bottom:8px;""><b>Explanation:</b> Acute graft rejection is primarily mediated by T lymphocytes recognizing donor antigens, leading to cellular immune response.</div><div style=""margin-bottom:10px;padding:8px 10px;background:#ecfdf5;border-left:4px solid #16a34a;border-radius:6px;""><b>Clinical Pearl:</b> Acute rejection = Type IV hypersensitivity (T-cell mediated).</div><br><div style=""color:#dc2626;margin-bottom:4px;""><b>✘ Macrophages:</b></div>Secondary role in inflammation.<br><br><div style=""color:#dc2626;margin-bottom:4px;""><b>✘ B lymphocytes:</b></div>More involved in antibody-mediated (chronic) rejection.<br><br><div style=""color:#dc2626;margin-bottom:4px;""><b>✘ NK cells:</b></div>Part of innate immunity, not primary mediators here.</div></div></div>"
Patho-Immuno-Transplantation-002,2026,Medicine - 5 January (E),Pathology,Immune System,Transplantation,"Following a allogeneic bone marrow transplant, which cells primarily mediate graft-versus-host disease?",B lymphocytes,CD4+ T cells,CD8+ T cells,NK cells,Erythrocytes,C,"<div class=""explanation-container""><div class=""explanation-text""><div style=""color:#16a34a;font-weight:800;margin-bottom:6px;"">✔ Correct Answer: CD8+ T cells</div><div style=""margin-bottom:8px;""><b>Concept:</b> GVHD pathogenesis</div><div style=""margin-bottom:8px;""><b>Explanation:</b> In graft-versus-host disease, donor-derived T lymphocytes attack host tissues. CD8+ cytotoxic T cells are the main effectors causing direct cellular damage.</div><div style=""margin-bottom:10px;padding:8px 10px;background:#ecfdf5;border-left:4px solid #16a34a;border-radius:6px;""><b>Clinical Pearl:</b> GVHD = donor T cells attacking recipient tissues.</div><br><div style=""color:#dc2626;margin-bottom:4px;""><b>✘ B lymphocytes:</b></div>Primarily involved in antibody production, not main mediators here.<br><br><div style=""color:#dc2626;margin-bottom:4px;""><b>✘ CD4+ T cells:</b></div>Help coordinate immune response but are not primary cytotoxic effectors.<div style=""color:#dc2626;margin-bottom:4px;""><br><b>✘ NK cells:</b></div>Part of innate immunity, not the main drivers of GVHD.<div style=""color:#dc2626;margin-bottom:4px;""><br><b>✘ Erythrocytes:</b></div>Have no immune function.</div></div></div>"
Patho-Immuno-Transplantation-003,2026,Gynecology - 5 January (M),Pathology,Immune System,Transplantation,Histological examination of rejected transplant shows dense lymphocytic infiltration. This finding indicates:,Hyperacute rejection,Acute cellular rejection,Chronic rejection,Antibody-mediated rejection,,B,
Peads-Immuno-DiGeorge Syndrome-001,2026,Gynecology - 6 January (M),Pediatrics,Immune System,DiGeorge Syndrome,"A patient presented with cleft palate, repeated infections with klebsiella. 22q11 deletion with defect in 3rd and 4th pharyngeal pouches. What will happen?",Tetany,Hyperactivity of osteoclasts,Calcium ion increased in ECF,Tetanus,,A,DiGeorge syndrome (22q11 deletion) → underdevelopment of parathyroid glands → hypocalcemia → tetany.
Pharm-Immuno-Immunosuppressants-001,2026,Medicine - 8 January (M),Pharmacology,Immune System,Immunosuppressants,Cyclosporine prevents transplant rejection by:,Blocking IL-2 receptor,Inhibiting calcineurin,Inhibiting DNA synthesis,Blocking TNF-α,,B,
Physio-Immuno-Antibodies-001,2026,Radiology - 6 January (M),Physiology,Immune System,Antibodies,Which immunoglobulin crosses the placenta?,IgG,IgA,IgM,IgD,,A,IgG
Physio-Immuno-Inflammation-001,2026,Surgery - 7 January (E),Physiology,Immune System,Inflammation,Histamine released during an allergic reaction is primarily produced from histidine in which of the following cells?,Neutrophils,Eosinophils,Mast cells,Lymphocytes,Macrophages,C,
Physio-Immuno-Inflammation-002,2026,Gynecology - 6 January (M),Physiology,Immune System,Inflammation,A patient presents with fever due to an inflammatory process. Which cytokine is primarily responsible for mediating fever?,IL-2,IL-4,IL-1,TNF-β,IFN-γ,C,
Microbio-Infection Control-Disinfection-001,2026,Surgery - 6 January (E),Microbiology,Infection Control,Disinfection,"After a blood spill from an HIV-positive patient, which disinfectant is recommended for floor decontamination?",1% hypochlorite,0.5% phenol,Normal saline,70% alcohol,,A,
Microbio-Infection Control-Disinfection-002,2026,Anesthesia - 5 January (M),Microbiology,Infection Control,Disinfection,In HIV patient surgery done then which antiseptic to use after surgery to clean floor?,1% hypochlorite,4% hypochlorite,Glutaraldehyde,Soap & water,Water,A,Floor – 1% Hypochlorite<br>Instruments – 2% Glutarddehyde
Microbio-Infection Control-Disinfection-003,2026,Medicine - 6 January (E),Microbiology,Infection Control,Disinfection,"For floor disinfection after HIV-positive blood spill, recommended disinfectant is: (Question incomplete)",,,,,,,
Microbio-Infection Control-Hygiene-001,2026,Anesthesia - 5 January (M),Microbiology,Infection Control,Hygiene,Which of the following is used to clean hands before surgery or entering a patient’s room?,Water,1% hypochlorite,2% glutaraldehyde,Chlorhexidine,,D,Chlorhexidine is commonly used for hand antisepsis before surgery and before entering a patient’s room because it has broad antimicrobial activity and a persistent residual effect.
Microbio-Infection Control-Hygiene-002,2026,Gynecology - 7 January (E),Microbiology,Infection Control,Hygiene,"In nosocomial infection control, when should nurses wash their hands?",Before wearing gloves,After removing gloves,Before touching the patient,After patient contact,All of the above,E,
Microbio-Infection Control-Sterilization-001,2026,Surgery - 7 January (E),Microbiology,Infection Control,Sterilization,"Endoscopic instrument was used for a procedure in HepB+ patient, method of sterilization for it:",Autoclaving (With correct time and pressure mentioned),Soaking in Glutaraldehyde 2% for 30 mins,Sitz bath,,,B,
Microbio-Infection Control-Sterilization-002,2026,Surgery - 6 January (E),Microbiology,Infection Control,Sterilization,Dry-heat sterilization kills microorganisms primarily by what mechanism?,Coagulation,Desiccation,Oxidation,Photosynthesis,,C,
Microbio-Infection Control-Sterilization-003,2026,Anesthesia - 5 January (M),Microbiology,Infection Control,Sterilization,Which of the following is used to clean instruments after surgery?,1% hypochlorite,2% glutaraldehyde,Water,Chlorhexidine,,B,
Microbio-Infection Control-Sterilization-004,2026,Medicine - 6 January (E),Microbiology,Infection Control,Sterilization,Dry heat sterilization destroyes microorganisms by which mechanism?,Coagulation,Oxidation,Radiation,Desiccation,,B,
Med-ID-Diarrhea-001,2026,Medicine - 8 January (M),Medicine,Infectious Diseases,Diarrhea,A patient develops profuse watery diarrhea after a course of broad-spectrum antibiotics. Which organism is most likely responsible and what is the first-line treatment?,Giardia – Albendazole,Clostridium difficile – Metronidazole,E. coli – Ciprofloxacin,Salmonella – Azithromycin,,B,
Med-ID-Fungal Infec-001,2026,Gynecology - 6 January (M),Medicine,Infectious Diseases,Fungal Infections,A lady has recurrent vaginal candidiasis and has been using topical cotrimazole for many months. Which systemic drug should be used?,Fluconazole,Ketoconazole,Amphotericin B,Terbinafine,Itraconazole,A,
Med-ID-Infectious Mononucleosis-001,2026,Gynecology - 6 January (M),Medicine,Infectious Diseases,Infectious Mononucleosis,"A patient presents with fever and sore throat and is treated empirically with amoxicillin, but symptoms do not improve. Laboratory investigations show an increase in a particular type of white blood cell, suggesting a non-bacterial etiology. Which cell type is most likely raised?",Neutrophils,Eosinophils,Basophils,Lymphocytes,Monocytes,D,Failure to respond to antibiotics with lymphocytosis suggests a viral infection.
Med-ID-Infectious Mononucleosis-002,2026,Medicine - 6 January (E),Medicine,Infectious Diseases,Infectious Mononucleosis,"Patient with fever, weight loss, sore throat. Histology shows atypical lymphocytosis. Diagnosis?",Acute pharyngitis,CMV,Infectious mononucleosis,Tuberculosis,,C,EBV infection causes atypical lymphocytes.
Med-ID-Leishmaniasis-001,2026,Gynecology - 5 January (M),Medicine,Infectious Diseases,Leishmaniasis,"A patient from Chitral presents with pancytopenia, hyperpigmentation, and massive splenomegaly. Bone marrow aspirate shows intracellular organisms. Most likely diagnosis:",Leishmaniasis,Myeloproliferative disorder,Malaria,Aplastic anemia,,A,"Visceral leishmaniasis (kala-azar) presents with pancytopenia, splenomegaly, and endemic in that region."
Med-ID-Leishmaniasis-002,2026,Medicine - 6 January (E),Medicine,Infectious Diseases,Leishmaniasis,"Patient with high grade fever, low Hb, chills, splenomegaly, raised IgM. Diagnosis?",CML,Brucellosis,Leishmaniasis,Malaria,,C,Kala-azar → pancytopenia + splenomegaly + high IgM.
Med-ID-Parasitic Infec-001,2026,Gynecology - 5 January (M),Medicine,Infectious Diseases,Parasitic Infections,A cystic lesion in the liver containing daughter cysts is most consistent with:,Liver abscess,Polycystic liver disease,Hydatid cyst,Hepatocellular carcinoma,,C,Daughter cysts are pathognomonic of hydatid disease.
Med-ID-Parasitic Infec-002,2026,Medicine - 6 January (E),Medicine,Infectious Diseases,Parasitic Infections,A patient with dog exposure presents with liver cyst with daughter cysts. Cause?,Entamoeba histolytica,Hydatid disease,TB,Liver abscess,,B,Echinococcus granulosus causes hydatid cysts.
Med-ID-Rabies-001,2026,Medicine - 7 January (M),Medicine,Infectious Diseases,Rabies,Management of a dog bite includes:,Rabies vaccination only,Rabies immunoglobulin,Antibiotics only,Steroids,,B,
Med-ID-Thrombophlebitis-001,2026,Medicine - 8 January (M),Medicine,Infectious Diseases,Thrombophlebitis,A patient develops septic thrombophlebitis following facial infection (danger area of face). Which cranial venous sinus is most commonly involved?,Superior sagittal sinus,Transverse sinus,Cavernous sinus,Sigmoid sinus,,C,
Med-ID-Toxic Shock Syndrome-001,2026,Gynecology - 5 January (M),Medicine,Infectious Diseases,Toxic Shock Syndrome,"A woman using high-absorbency tampons for prolonged periods develops fever, hypotension, and rash. The causative organism produces disease via:",Endotoxin,Exotoxin,Superantigen,Invasive enzymes,,C,Staphylococcus aureus causes toxic shock syndrome via superantigen toxin.
Peads-ID-Congenital Infec-001,2026,Gynecology - 6 January (M),Pediatrics,Infectious Diseases,Congenital Infections,A woman comes with her husband and newborn complaining of him not being well. Pregnancy was spent at home where she lives with her partner and 3 cats. Imaging of the newborn reveals intracranial calcifications. What disease does the newborn most likely have?,Congenital toxoplasmosis,Congenital rubella syndrome,Down syndrome,Tuberculosis,Cytomegalovirus,A,"The triad of findings for congenital toxoplasmosis includes: Chorioretinitis, Hydrocephalus & Intracranial calcifications (often scattered or diffuse). The mother's exposure to cats (who shed Toxoplasma gondii oocysts in their feces) is the classic epidemiological link for this congenital infection."
Peads-ID-Menin-001,2026,Surgery - 7 January (E),Pediatrics,Infectious Diseases,Meningitis,"A child presents with fever, headache, vomiting, and neck stiffness. On examination, both Kernig’s sign and Brudzinski’s sign are positive. What is the most appropriate initial treatment?",Oral amoxicillin,Acyclovir,Ceftriaxone,Chloramphenicol,Supportive treatment only,C,
Peads-ID-Neonatal Varicella-001,2026,Surgery - 7 January (E),Pediatrics,Infectious Diseases,Neonatal Varicella,"A neonate brought from the nursery develops a generalized vesicular rash. The lesions are present in different stages and appear as clear vesicles on an erythematous base, described as dew drops on rose petals."" The most likely causative organism is:""",Measles virus,Varicella-zoster virus,Rubella virus,Streptococcus pyogenes,Human herpesvirus-6,B,
Ana-Lower-Hip-001,2026,Radiology - 5 January (M),Anatomy,Lower Limb,Hip,Avulsion of AIIS causes injury to:,Psoas,Biceps femoris,Rectus femoris,Sartorius,,C,
Ana-Lower-Inguinal Region-001,2026,Gynecology - 5 January (M),Anatomy,Lower Limb,Inguinal Region,A surgeon performing repair of an inguinal hernia identifies spermatic cord in the inguinal canal. Which of the following is the smallest structure visible over the spermatic cord?,Scrotal nerve,Genital branch of gentiofemoral nerve,Testicular artery,Pampiniform plexus,,B,
Ana-Lower-Inguinal Region-002,2026,Anesthesia - 5 January (M),Anatomy,Lower Limb,Inguinal Region,Which nerve runs along the inguinal canal?,Femoral nerve,Iliohypogastric nerve,Ilioinguinal nerve,Pudendal nerve,Obturator nerve,C,
Ana-Lower-Inguinal Region-003,2026,Medicine - 5 January (E),Anatomy,Lower Limb,Inguinal Region,"Relative to the inferior epigastric vessels, where is the deep inguinal ring located?",Lateral,Medial,Posterior,Superior,,A,"<div class=""explanation-container""><div class=""explanation-text""><div style=""color:#16a34a;font-weight:800;margin-bottom:6px;"">✔ Correct Answer: Lateral</div><div style=""margin-bottom:8px;""><b>Explanation:</b> The deep inguinal ring is an opening in the transversalis fascia and lies lateral to the inferior epigastric vessels, which is a key anatomical landmark.</div><div style=""margin-bottom:10px;padding:8px 10px;background:#ecfdf5;border-left:4px solid #16a34a;border-radius:6px;""><b>Clinical Pearl:</b> Indirect hernias pass lateral to inferior epigastric vessels.</div><br><div style=""color:#dc2626;margin-bottom:4px;""><b>✘ Medial:</b></div>Suggests direct hernia.<br><br><div style=""color:#dc2626;margin-bottom:4px;""><b>✘ Posterior:</b></div>Not a defining relation here.<div style=""color:#dc2626;margin-bottom:4px;""><br><b>✘ Superior:</b></div>Incorrect anatomical relation.</div></div></div>"
Ana-Lower-Inguinal Region-004,2026,Medicine - 5 January (E),Anatomy,Lower Limb,Inguinal Region,What forms the posterior wall of a hernia that occurs below the inguinal ligament?,Conjoint tendon,Cremasteric fascia,Inguinal ring,Fascia iliaca,,D,"<div class=""explanation-container""><div class=""explanation-text""><div style=""color:#16a34a;font-weight:800;margin-bottom:6px;"">✔ Correct Answer: Fascia iliaca</div><div style=""margin-bottom:8px;""><b>Explanation:</b> A hernia below the inguinal ligament is a femoral hernia, whose posterior wall is formed by the fascia iliaca.</div><div style=""margin-bottom:10px;padding:8px 10px;background:#ecfdf5;border-left:4px solid #16a34a;border-radius:6px;""><b>Clinical Pearl:</b> Femoral hernia = below inguinal ligament, high strangulation risk.</div><br><div style=""color:#dc2626;margin-bottom:4px;""><b>✘ Conjoint tendon:</b></div>Forms posterior wall of inguinal canal (above ligament).<br><br><div style=""color:#dc2626;margin-bottom:4px;""><b>✘ Cremasteric fascia:</b></div>Covers spermatic cord, not hernia boundary.<br><br><div style=""color:#dc2626;margin-bottom:4px;""><b>✘ Inguinal ring:</b></div>Entrance to inguinal canal, not posterior wall.</div></div></div>"
Ana-Lower-Inguinal Region-005,2026,Medicine - 7 January (M),Anatomy,Lower Limb,Inguinal Region,"In the inguinal region, structures medial to lateral are arranged as:","Nerve, Artery, Vein (NAV)","Vein, Artery, Nerve (VAN)","Artery, Vein, Nerve (AVN)","Nerve, Vein, Artery (NVA)",,B,
Ana-Lower-Inguinal Region-006,2026,Medicine - 8 January (M),Anatomy,Lower Limb,Inguinal Region,A patient presents with swelling lateral to the femoral artery. Which structure will you encounter first under the skin?,Aponeurosis of external oblique,Aponeurosis of internal oblique,Fascia transversalis,Fascia iliaca,,A,
Ana-Lower-Joints-001,2026,Medicine - 8 January (M),Anatomy,Lower Limb,Joints,A patient with ankle sprain due to excessive inversion while playing. Ligament damaged?,Deltoid,Anterior Talofibular,Posterior Talofibular,Calcaneonavicular,,B,
Ana-Lower-Muscles-001,2026,Medicine - 6 January (E),Anatomy,Lower Limb,Muscles,Inability to invert the foot medially is due to damage of:,Peroneus longus,Tibialis anterior,Tibialis posterior,Both B and C,,D,
Ana-Lower-Muscles-002,2026,Surgery - 6 January (E),Anatomy,Lower Limb,Muscles,Loss of the ability to invert the foot (turn the sole medially) results from injury to which muscle(s)?,Both B and C,Gastrocnemius,Tibialis anterior,Tibialis posterior,,A,
Ana-Lower-Muscles-003,2026,Radiology - 5 January (M),Anatomy,Lower Limb,Muscles,Trauma lateral to knee causing posterolateral pain and impaired knee flexion: Rupture of:,Anterior cruciate ligament,Posterior cruciate ligament,Biceps femoris,Semitendinosus,,C,
Ana-Lower-Muscles-004,2026,Anesthesia - 5 January (M),Anatomy,Lower Limb,Muscles,Pain during flexion of the knee — muscle involved is,Semimembranosus,Biceps femoris (Hamstrings),Popliteus,Gastrocnemius,,B,The biceps femoris is a musculus responsible for knee flexion; injury causes pain during this movement.
Ana-Lower-Muscles-005,2026,Radiology - 5 January (M),Anatomy,Lower Limb,Muscles,Which muscle originates from the ischial tuberosity?,Rectus femoris,Hamstrings,Gluteus medius,Sartorius,,B,
Ana-Lower-Muscles-006,2026,Surgery - 6 January (E),Anatomy,Lower Limb,Muscles,A striker developed calf pain while running; the next day he had foot ecchymosis and severe pain but could still stand on his toes. What is the most likely diagnosis?,Achilles tendon rupture,Acute otitis media,DVT,Plantaris tendon rupture,,D,
Ana-Lower-Nerves-001,2026,Medicine - 6 January (E),Anatomy,Lower Limb,Nerves,A patient cannot dorsiflex the first lumbrical muscle of the foot. Which nerve is most likely injured?,Tibial nerve,Sural nerve,Peroneal nerve,Femoral nerve,,C,"The common peroneal (fibular) nerve winds around the fibular neck — most vulnerable to fractures there. Injury produces foot drop (loss of dorsiflexion, and impaired eversion). Because both deep (dorsiflexion, and superficial (eversion, branches are affected. Deep peroneal alone causes dorsiflexion loss + first webspace sensory loss; superficial peroneal alone causes loss of eversion and lateral leg sensation."
Ana-Lower-Nerves-002,2026,Medicine - 6 January (E),Anatomy,Lower Limb,Nerves,A posterior acetabular fracture results in inability to dorsiflex the foot. Which nerve is injured?,Femoral,Obturator,Sciatic,Pudendal,,C,
Ana-Lower-Nerves-003,2026,Medicine - 6 January (E),Anatomy,Lower Limb,Nerves,A patient with posterior dislocation of the hip joint develops foot drop. Which nerve is most likely injured?,Femoral,Obturator,Sciatic,Pudendal,,C,
Ana-Lower-Nerves-004,2026,Radiology - 5 January (M),Anatomy,Lower Limb,Nerves,Waddling gait is due to damage of which nerve?,Sciatic nerve,Femoral nerve,Superior gluteal nerve,Inferior gluteal nerve,,C,Difficulty in standing from sitting – Gluteus maximum damage (Inferior gluteal nerve).<br>Waddling Gate – Gluteus medius and minimus damage (Superior gluteal nerve)
Ana-Lower-Nerves-005,2026,Radiology - 6 January (M),Anatomy,Lower Limb,Nerves,Improper intramuscular injection in the buttock most often injures:,Femoral nerve,Sciatic nerve,Pudendal nerve,Lateral cutaneous nerve,,B,Incorrect placement (not in upper outer quadrant) → sciatic nerve damage risk.
Ana-Lower-Nerves-006,2026,Medicine - 7 January (M),Anatomy,Lower Limb,Nerves,"A patient presents with posterior dislocation of the hip, with pain in the hip and knee. The nerve most likely injured is:",Femoral nerve,Sciatic nerve,Obturator nerve,Superior gluteal nerve,,B,
Ana-Lower-Nerves-007,2026,Gynecology - 6 January (M),Anatomy,Lower Limb,Nerves,Improper intramuscular injection in the buttock most often injures:,Femoral nerve,Sciatic nerve,Pudendal nerve,Lateral cutaneous nerve,,B,Incorrect placement (not in upper outer quadrant) → sciatic nerve damage risk.
Ana-Lower-Nerves-008,2026,Medicine - 7 January (M),Anatomy,Lower Limb,Nerves,A patient presenting with loss of dorsiflexion and flaccid muscles of the anterior compartment of the leg most likely has injury to:,Tibial nerve,Deep peroneal (fibular) nerve,Superficial peroneal nerve,Sciatic nerve,,B,Explanation: The deep peroneal nerve supplies the anterior compartment muscles responsible for dorsiflexion of the foot; injury results in foot drop.
Ana-Lower-Nerves-009,2026,Radiology - 5 January (M),Anatomy,Lower Limb,Nerves,"If L1 and L2 spinal cord segments are damaged, which function is affected?",Medial thigh sensation lost,Iliopsoas and anterior thigh sensation lost,Sciatic nerve function lost,Gluteal muscle function lost,,B,
Ana-Lower-Nerves-010,2026,Radiology - 5 January (M),Anatomy,Lower Limb,Nerves,Which nerve supplies the anterior thigh muscles?,Femoral nerve,Obturator nerve,Sciatic nerve,Lateral femoral cutaneous nerve,,A,
Ana-Lower-Nerves-011,2026,Anesthesia - 5 January (M),Anatomy,Lower Limb,Nerves,Numbness in the first web space of the foot indicates involvement of which nerve?,Deep peroneal nerve,Superficial peroneal nerve,Tibial nerve,Saphenous nerve,,A,
Ana-Lower-Nerves-012,2026,Surgery - 6 January (E),Anatomy,Lower Limb,Nerves,The patient cannot dorsiflex the great toe. Which nerve is most likely injured?,Phrenic nerve,Femoral nerve,Tibial nerve,Peroneal nerve,,D,
Ana-Lower-Nerves-013,2026,Medicine - 7 January (M),Anatomy,Lower Limb,Nerves,Damage to the S2–S4 nerve roots can lead to:,Urinary retention only,Loss of knee reflex,Fecal incontinence,Foot drop,,C,
Ana-Lower-Nerves-014,2026,Medicine - 8 January (M),Anatomy,Lower Limb,Nerves,A patient has bilateral injury to S2–S4 nerve roots. Which of the following would most likely occur?,Urinary incontinence only,Fecal incontinence only,Both urinary and fecal incontinence,Lower limb paralysis,,C,
Ana-Lower-Nerves-015,2026,Surgery - 6 January (E),Anatomy,Lower Limb,Nerves,"After a posterior hip dislocation, a patient develops foot drop. Which nerve is most likely injured?",Sciatic,Phrenic,Femoral,Obturator,,A,
Ana-Lower-Nerves-016,2026,Surgery - 6 January (E),Anatomy,Lower Limb,Nerves,A posterior acetabular fracture causes inability to dorsiflex the foot. Which nerve is injured?,Phrenic,Femoral,Obturator,Sciatic,,D,
Ana-Lower-Nerves-017,2026,Radiology - 6 January (M),Anatomy,Lower Limb,Nerves,"A patient sustains a posterior dislocation of the femur and acetabulum, and now complains of loss of sensation in the affected limb. Which nerve is most likely injured?",Femoral nerve,Obturator nerve,Sciatic nerve,Superior gluteal nerve,,C,"Posterior hip dislocations often damage the sciatic nerve, particularly its tibial or peroneal branches, causing motor deficits in posterior thigh, leg, and foot, and sensory loss in lateral leg and foot."
Ana-Lower-Popliteal Fossa-001,2026,Radiology - 6 January (M),Anatomy,Lower Limb,Popliteal Fossa,Which is the correct order of popliteal fossa contents from medial to latertal?,Tibial nerve → Popliteal vein → Popliteal artery,Popliteal artery → Popliteal vein → Tibial nerve,Popliteal vein → Popliteal artery → Tibial nerve,Tibial nerve → Popliteal artery → Popliteal vein,,A,
Ana-Lower-Vasculature-001,2026,Radiology - 6 January (M),Anatomy,Lower Limb,Vasculature,A patient with a history of road traffic accident undergoes surgery for control of bleeding around the hip joint. Injury to which artery most commonly leads to avascular Cell Injury of the femoral head?,Lateral circumflex femoral artery,Obturator artery,Inferior gluteal artery,Medial circumflex femoral artery,Medial circumflex femoral artery and obturator artery,D,The medial circumflex femoral artery is the principal blood supply to the femoral head.
Ana-Lower-Vasculature-002,2026,Medicine - 5 January (E),Anatomy,Lower Limb,Vasculature,"If a nail punctures the space between the 1st and 2nd metatarsals, which artery is injured?",Posterior tibial,Peroneal,Dorsalis pedis,Plantar arch,,C,"<div class=""explanation-container""><div class=""explanation-text""><div style=""color:#16a34a;font-weight:800;margin-bottom:6px;"">✔ Correct Answer: Dorsalis pedis</div><div style=""margin-bottom:8px;""><b>Explanation:</b> The dorsalis pedis artery runs between the first and second metatarsals, making it vulnerable to injury in this region.</div><div style=""margin-bottom:10px;padding:8px 10px;background:#ecfdf5;border-left:4px solid #16a34a;border-radius:6px;""><b>Clinical Pearl:</b> Dorsalis pedis pulse is palpated in this space.</div><br><div style=""color:#dc2626;margin-bottom:4px;""><b>✘ Posterior tibial:</b></div>Behind medial malleolus.<br><br><div style=""color:#dc2626;margin-bottom:4px;""><b>✘ Peroneal:</b></div>Deep lateral compartment vessel.<br><br><div style=""color:#dc2626;margin-bottom:4px;""><b>✘ Plantar arch:</b></div>Located on plantar surface.</div></div></div>"
Ana-Lower-Vasculature-003,2026,Anesthesia - 5 January (M),Anatomy,Lower Limb,Vasculature,"A aptient presented in emergency with altered state of consiciousness. Blood pressure is 90/60, heart rate is 55. There is suspicion of massive internal bleeding pulses could not be identified so he was planned for venesection of great saphenous vein. Which is best location to do it?",Anterior to medial malleolus,Posterior to medial malleolus,Anterior to lateral malleolus,Posterior to lateral malleolus,,A,
Surg-Lower-Foot-001,2026,Medicine - 7 January (M),Surgery,Lower Limb,Foot,Sprained angkle resulting from excesive inversion mist likely demonstrates which structure damage:,Deltoid ligament,Talofibular ligament,Calcaneal tendon,Interosseous ligament,,B,Lateral ligament complex is most commonly injured.
Biochem-Metab-Amino Acids-001,2026,Radiology - 5 January (M),Biochemistry,Metabolism,Amino Acids,A newborn has a musty odor in urine. Which enzyme is deficient?,Phenylalanine hydroxylase,Branched-chain α-ketoacid dehydrogenase,Tyrosinase,Homogentissate oxidase,,A,
Biochem-Metab-Amino Acids-002,2026,Medicine - 6 January (E),Biochemistry,Metabolism,Amino Acids,A Five days old newborn presented with poor feeding vomiting lethargy and seizures. The parents noticed that the infant urine has a sweet maple syrup order which deficiency is responsible for this condition.,Branched-chain alpha-keto acid dehydrogenase,Phenylalanine hydroxylase,Homogentisate oxidase,Tyrosine aminotransferase,Propionyl-CoA carboxylase,A,
Biochem-Metab-Amino Acids-003,2026,Radiology - 5 January (M),Biochemistry,Metabolism,Amino Acids,A patient with an allergic reaction is found to have increased activity of an enzyme that converts an amino acid into histamine. Which enzyme is responsible for this reaction?,Tyrosine hydroxylase,Glutamate decarboxylase,Tryptophan hydroxylase,Phenylalanine hydroxylase,Histidine decarboxylase,E,"Histidine decarboxylase converts histidine to histamine, a key mediator in allergic reactions."
Biochem-Metab-Amino Acids-004,2026,Gynecology - 7 January (E),Biochemistry,Metabolism,Amino Acids,A patient with recurrent renal stones is found to have calcium oxalate crystals in urine. Excess metabolism of which amino acid most likely contributed?,Leucine,Glycine,Valine,Phenylalanine,,B,
Biochem-Metab-Amino Acids-005,2026,Radiology - 6 January (M),Biochemistry,Metabolism,Amino Acids,Abnormal metabolism of amino acid causes renal formation?,Glycine,Tryptophan,Leucine,Cysteine,,D,"Disorder: Phenylketonuria (PKU) - AR, Phenylalanine hydroxylase deficiency, Neonatal vomiting, mental retardation, musty body odor; Alcaptonuria - AR, Homogentisic acid oxidase deficiency, Black urine, ochronosis; Maple Syrup Urine Disease (MSUD) - AR, Branched-chain α-keto acid dehydrogenase deficiency, Burnt sugar odor urine, vomiting, seizures; Albinism - AR, Tyrosinase deficiency, Lack of pigmentation; Cystinuria - AR, Defect in renal & GI transporter for COLA amino acids: Cysteine, Ornithine, Lysine, Arginine, Renal stones; Homocystinuria - AR, Cystathionine β-synthase deficiency, Mental retardation, lens dislocation, skeletal abnormalities; Carbamoyl Phosphate Synthetase Deficiency - AR, Urea cycle defect, Hyperammonemia, lethargy, seizures."
Biochem-Metab-Amino Acids-006,2026,Medicine - 5 January (E),Biochemistry,Metabolism,Amino Acids,"Catecholamines (dopamine, norepinephrine, and epinephrine) are synthesized from which amino acid?",Tyrosine,Tryptophan,Histidine,Glucose,,A,
Biochem-Metab-Amino Acids-007,2026,Medicine - 7 January (M),Biochemistry,Metabolism,Amino Acids,"Catecholamines norepinephrine, dopamine, and epinephrine are derived from:",Tyrosine,Tryptophan,Histidine,Asn,,A,"Amino Acid Derivatives: Tyrosine - Thyroxine, melanin, Dopamine, norepinephrine, epinephrine. Tryptophan - Niacin, serotonin (melatonin is serotonin derivative). Glycine - Heme; Glycine + cysteine → bile salts; Glycine + arginine + methionine → Creatinine; Glycine + glutamic acid and aspartic acid → Purine bases. Glutamic acid - GABA, glutamic acid → pyrimidine bases. Alanine - Coenzyme A. Histidine - Histamine."
Biochem-Metab-Amino Acids-008,2026,Gynecology - 6 January (M),Biochemistry,Metabolism,Amino Acids,Into which category of amino acids is tyrosine classified?,Essential,Conditionally essential,Non-essential,Ketogenic only,,B,"<div class=""explanation-container""><div class=""explanation-text""><div style=""color:#16a34a;font-weight:800;margin-bottom:6px;"">✔ Correct Answer: Conditionally essential</div><div style=""margin-bottom:8px;""><b>Explanation:</b> Tyrosine is normally synthesized from phenylalanine but becomes essential in conditions like PKU or liver disease.</div><div style=""margin-bottom:10px;padding:8px 10px;background:#ecfdf5;border-left:4px solid #16a34a;border-radius:6px;""><b>Clinical Pearl:</b> PKU → tyrosine becomes essential.</div><br><div style=""color:#dc2626;margin-bottom:4px;""><b>✘ Essential:</b></div>Not always required from diet under normal conditions.<br><br><div style=""color:#dc2626;margin-bottom:4px;""><b>✘ Non-essential:</b></div>True generally, but question tests special condition concept.<br><br><div style=""color:#dc2626;margin-bottom:4px;""><b>✘ Ketogenic only:</b></div>Tyrosine is both ketogenic and glucogenic.</div></div></div>"
Biochem-Metab-Amino Acids-009,2026,Gynecology - 7 January (E),Biochemistry,Metabolism,Amino Acids,Which of the following enzyme deficiency occurs in Maple syrup urine disease?,Branched chain Alpha ketoacid dehydrogenase,Phenylalanine hydroxylase,Homogentisatic acid synthase,Tyrosinase,,A,Deficiency of branched-chain ketoacid dehydrogenase.
Biochem-Metab-Amino Acids-010,2026,Radiology - 5 January (M),Biochemistry,Metabolism,Amino Acids,Which of the following is a non essential amino acid?,Lysine,Methionine,Tyrosine,Leucine,,C,"Explanation: Essential AA (10) PVT TIM HALL = Phenylalanine, valine, tryptophan, threonine, isoleucine, methionine, histidine, arginine, leucine, lysine. Non-essential Tyrosine, Glycine, alanine, serine, cysteine, aspartate, glutamate, glutamine, proline. Semi-essential Histidine, arginine"
Biochem-Metab-Carbohydrates-001,2026,Radiology - 6 January (M),Biochemistry,Metabolism,Carbohydrates,"A 6-month-old infant presents with hypoglycemia, hepatomegaly, and lactic acidosis. Lab shows elevated uric acid and triglycerides. Which enzyme deficiency is responsible?",Glucose-6-phosphatase,Glucokinase,Hexokinase,Glycogen phosphorylase,,A,"VVV IMP TABLE (2-3 BCQS REPEATS FROM THIS TABLE) Disease (Type) | Enzyme Deficiency Type 1 – Von Gierke’s disease | Glucose-6-phosphatase Type 2 – Pompe | Lysosomal acid α-1,4-glucosidase (Acid maltase) Type 3 – Cori disease | Debranching deficiency: α-1,6-glucosidase + 4-α-D-glucanotransferase Type 4 – Andersen disease | Branching enzyme (α-1,4-glucan/transferase) Type 5 – McArdle disease | Skeletal muscle phosphorylase Type 6 – Hers disease | Hepatic phosphorylase"
Biochem-Metab-Carbohydrates-002,2026,Radiology - 5 January (M),Biochemistry,Metabolism,Carbohydrates,"A 6-month-old infant presents with hypoglycemia, hepatomegaly, and lactic acidosis. Lab shows elevated uric acid and triglycerides. Which enzyme deficiency is responsible?",Glucose-6-phosphatase,Glucokinase,Hexokinase,Glycogen phosphorylase,,A,"VVV IMP TABLE (2-3 BCQS REPEATS FROM THIS TABLE)<br>Type 1 – Von Gierke’s disease: Glucose-6-phosphatase<br>Type 2 – Pompe disease: Lysosomal acid α-1,4-glucosidase (Acid maltase)<br>Type 3 – Cori disease: Debranching enzyme<br>Type 4 – Andersen disease: Branching enzyme<br>Type 5 – McArdle disease: Skeletal muscle glycogen phosphorylase<br>Type 6 – Hers disease: Hepatic glycogen phosphorylase"
Biochem-Metab-Carbohydrates-003,2026,Surgery - 6 January (E),Biochemistry,Metabolism,Carbohydrates,"A patient presents with severe chest pain radiating to the jaw. ECG confirms acute myocardial infarction, and PCI is performed to restore blood flow. Before reperfusion, which metabolic process had already occurred in ischemic myocardial cells?",Increased oxidative phosphorylation,Complete ATP synthesis,Aerobic glycolysis,Anaerobic glycolysis,Fatty acid oxidation,D,"Ischemia leads to oxygen deprivation, forcing myocardial cells to rely on anaerobic glycolysis."
Biochem-Metab-Carbohydrates-004,2026,Radiology - 5 January (M),Biochemistry,Metabolism,Carbohydrates,"After digesting a cake with milk products (lactose) and sucrose, which monosaccharides are primarily absorbed into the bloodstream?",Glucose only,Fructose only,Glucose and Fructose,Galactose and Fructose,,C,"<div class=""explanation-container""><div class=""explanation-text""><div style=""color:#16a34a;font-weight:800;margin-bottom:6px;"">✔ Correct Answer: Glucose and Fructose</div><div style=""margin-bottom:8px;""><b>Explanation:</b> Sucrose is broken into glucose and fructose, while lactose yields glucose and galactose.</div><div style=""margin-bottom:10px;padding:8px 10px;background:#ecfdf5;border-left:4px solid #16a34a;border-radius:6px;""><b>Clinical Pearl:</b> Sucrose = glucose + fructose.</div><br><div style=""color:#dc2626;margin-bottom:4px;""><b>✘ Glucose only:</b></div>Incorrect breakdown.<br><br><div style=""color:#dc2626;margin-bottom:4px;""><b>✘ Fructose only:</b></div>Incomplete absorption product.<br><br><div style=""color:#dc2626;margin-bottom:4px;""><b>✘ Galactose and fructose:</b></div>Galactose comes from lactose, not sucrose.</div></div></div>"
Biochem-Metab-Carbohydrates-005,2026,Gynecology - 5 January (M),Biochemistry,Metabolism,Carbohydrates,Anaerobic glycolysis occurs in RBCs (no mitochondria). End product is:,Pyruvate,Lactic acid,Acetyl CoA,Glucose,,B,"RBCs rely on anaerobic glycolysis, producing lactate as the final product."
Biochem-Metab-Carbohydrates-006,2026,Medicine - 5 January (E),Biochemistry,Metabolism,Carbohydrates,Red blood cells depend entirely on anaerobic metabolism. What is the end product of anaerobic glycolysis in RBCs?,Pyruvate,Lactate,Acetyl-CoA,Oxaloacetate,,B,RBCs lack mitochondria; glucose → lactate.
Biochem-Metab-Carbohydrates-007,2026,Medicine - 7 January (M),Biochemistry,Metabolism,Carbohydrates,"Severe fasting hypoglycemia, lactic acidosis, hepatomegaly, doll-like face, and elevated triglycerides and uric acid. A deficiency of which enzyme best explains this presentation?",Glycogen phosphorylase,"Debranching enzyme (α-1,6-glucosidase)",Glucose-6-phosphatase,Branching enzyme (glycogen synthase),Phosphofructokinase-1,C,"Glucose-6-phosphatase deficiency = von Gierke disease (GSD I): severe fasting hypoglycemia, lactic acidosis, hepatomegaly, hypertriglyceridemia, uric acid ↑. Debranching enzyme (Cori disease) has milder hypoglycemia and limit dextrin-like structures)."
Biochem-Metab-Energy-001,2026,Anesthesia - 5 January (M),Biochemistry,Metabolism,Energy,A patient has a respiratory quotient of 1 on metabolic testing. Which substrate is being metabolized?,Fat,Protein,Mixed diet,Ketone bodies,Carbohydrates,E,For protein 0.8<br>For fats 0.7
Biochem-Metab-Lipids-001,2026,Medicine - 6 January (E),Biochemistry,Metabolism,Lipids,A 10-month-old infant has hyperketotic hypoglycemia and accumulation of long-chain fatty acids despite normal carnitine levels. Which enzymatic defect is most likely?,Carnitine transporter,Carnitine acyltransferase 2 (CPT-2),Carnitine acyltransferase 1 (CPT-1),Glucose-6-phosphate dehydrogenase (G6PD) deficiency,,B,
Biochem-Metab-Lipids-002,2026,Surgery - 6 January (E),Biochemistry,Metabolism,Lipids,"A 10-year-old child presents with corneal opacities and mild anemia. Lab investigations show increased free cholesterol, decreased cholesterol esters and HDL levels. Further evaluation reveals that free cholesterol cannot be processed in the plasma due to an enzymatic defect. Which enzyme is most likely deficient?",Lecithin-cholesterol acyltransferase (LCAT),Acyl-CoA: cholesterol acyltransferase (ACAT),HMG-CoA reductase,Apolipoprotein A-I,Cholesterol esterase,A,"(Harper's LCAT catalyzes the formation of cholesterol esters in HDL; Deficiency of LCAT leads to accumulation of free cholesterol, reduced ester formation, and decreased HDL levels.)"
Biochem-Metab-Lipids-003,2026,Gynecology - 6 January (M),Biochemistry,Metabolism,Lipids,A low-fat diet primarily decreases:,LDL,VLDL,Chylomicrons,HDL,,C,
Biochem-Metab-Lipids-004,2026,Gynecology - 6 January (M),Biochemistry,Metabolism,Lipids,A marathon runner has been running continuously for several hours. His muscle and liver glycogen stores are completely depleted. Which of the following metabolic processes will now primarily provide energy for continued muscle activity?,Glycolysis,Glycogenesis,Gluconeogenesis,Lipogenesis,,C,
Biochem-Metab-Lipids-005,2026,Medicine - 5 January (E),Biochemistry,Metabolism,Lipids,A marathon runner has been running continuously for several hours. His muscle and liver glycogen stores are completely depleted. Which of the following metabolic processes will now primarily provide energy for continued muscle activity?,Glycolysis,Glycogenesis,Gluconeogenesis,Lipogenesis,,C,
Biochem-Metab-Lipids-006,2026,Medicine - 5 January (E),Biochemistry,Metabolism,Lipids,A patient consuming a low-fat diet shows decreased levels of which lipoprotein?,LDL,HDL,VLDL,Chylomicrons,,D,
Biochem-Metab-Lipids-007,2026,Gynecology - 5 January (M),Biochemistry,Metabolism,Lipids,"A patient has elevated levels of triglycerides, long chain fatty acids and lipid vacuoles in muscles due to which of the following?",Carnitine deficiency,Lipoprotein lipase,Tay sachs disease,Sphingomyelin,,A,"Carnitine is a molecule that plays a crucial role in this process. It acts as a shuttle, transporting long-chain fatty acids across the inner mitochondrial membrane into the mitochondrial matrix. Without adequate carnitine, these long-chain fatty acids cannot enter the mitochondria → they accumulate in the cell's cytoplasm → formation of lipid vacuoles & ↑ fatty acids and triglycerides in muscle tissue."
Biochem-Metab-Lipids-008,2026,Medicine - 8 January (M),Biochemistry,Metabolism,Lipids,"A patient has elevated levels of triglycerides, long chain fatty acids and lipid vacuoles in muscles due to which of the following?",Carnitine deficiency,Lipoprotein lipase,Tay sachs disease,Sphingomyelin,,A,"Carnitine is a molecule that plays a crucial role in this process. It acts as a shuttle, transporting long-chain fatty acids across the inner mitochondrial membrane into the mitochondrial matrix. Without adequate carnitine, these long-chain fatty acids cannot enter the mitochondria → they accumulate in the cell’s cytoplasm → formation of lipid vacuoles & ↑ fatty acids and triglycerides in muscle tissue."
Biochem-Metab-Lipids-009,2026,Radiology - 6 January (M),Biochemistry,Metabolism,Lipids,"A patient present with corneal clouding, hemolytic anemia, and renal failure. On Genetic testing deficiency of which enzyme?",Tangier disease,Abetalipoproteinemia,Lecithin-Cholesterol deficiency,Fish eye disease,,C,"LCAT deficiency leads to the accumulation of unesterified cholesterol, which deposits in peripheral tissues and cell membranes causing the classic symptoms."
Biochem-Metab-Lipids-010,2026,Anesthesia - 5 January (M),Biochemistry,Metabolism,Lipids,A patient with dandruff is prescribed antifungal medication. Which essential fatty acid deficiency might contribute to this condition?,Oleic acid,Linolenic acid,Palmitic acid,Stearic acid,,B,
Biochem-Metab-Lipids-011,2026,Gynecology - 5 January (M),Biochemistry,Metabolism,Lipids,"A pediatric patient has hypoketotic hypoglycemia and muscle weakness. Labs show low serum carnitine, but carnitine palmitoyltransferase activity is normal. What is the most likely defect?",Carnitine transport,Carnitine palmitoyltransferase I,Carnitine palmitoyltransferase II,Beta-oxidation enzymes,,A,"<div class=""explanation-container""><div class=""explanation-text""><div style=""color:#16a34a;font-weight:800;margin-bottom:6px;"">✔ Correct Answer: Carnitine transport</div><div style=""margin-bottom:8px;""><b>Explanation:</b> Hypoketotic hypoglycemia with normal CPT activity but low carnitine suggests a defect in carnitine transport into cells, impairing fatty acid oxidation.</div><div style=""margin-bottom:10px;padding:8px 10px;background:#ecfdf5;border-left:4px solid #16a34a;border-radius:6px;""><b>Clinical Pearl:</b> CPT enzymes normal + low carnitine = transport defect.</div><br><div style=""color:#dc2626;margin-bottom:4px;""><b>✘ Carnitine palmitoyltransferase I:</b></div>Would show enzyme defect directly affecting entry into mitochondria.<br><br><div style=""color:#dc2626;margin-bottom:4px;""><b>✘ Carnitine palmitoyltransferase II:</b></div>Causes muscle-related fatty acid oxidation defects, not low carnitine.<br><br><div style=""color:#dc2626;margin-bottom:4px;""><b>✘ Beta-oxidation enzymes:</b></div>Would affect downstream fatty acid breakdown, not carnitine levels.</div></div></div>"
Biochem-Metab-Lipids-012,2026,Surgery - 7 January (E),Biochemistry,Metabolism,Lipids,"A person consumed a large amount of garlic, which inhibits HMG-CoA reductase. What is the expected metabolic effect?",DEC Cholesterol synthesis,Ketone formation,Triglyceride synthesis,Increased vitamin C synthesis,,A,
Biochem-Metab-Lipids-013,2026,Medicine - 5 January (E),Biochemistry,Metabolism,Lipids,Decrease fat in diet will decrease:,LDL,VLDL,Chylomicrons,HDL,,C,Chylomicrons carry dietary triacylglycerols that are reduced fat intake lowers chylomicron formation.
Biochem-Metab-Lipids-014,2026,Medicine - 7 January (M),Biochemistry,Metabolism,Lipids,"Garlic causes phosphorylation of HMG-CoA reductase, leading to:",Decreased cholesterol synthesis,Increased cholesterol absorption,Increased LDL,Decreased bile acid production,,A,
Biochem-Metab-Lipids-015,2026,Medicine - 6 January (E),Biochemistry,Metabolism,Lipids,Garlic contains HMG-CoA reductase inhibitor which decreases biosynthesis of which molecule?,Lipid biosynthesis,Cholesterol biosynthesis,Glycogen biosynthesis,Triglyceride biosynthesis,Sucrose biosynthesis,B,Statins inhibit HMG-CoA reductase → rate-limiting enzyme in cholesterol synthesis → reduce LDL cholesterol.
Biochem-Metab-Lipids-016,2026,Gynecology - 5 January (M),Biochemistry,Metabolism,Lipids,In Gauche disease there is deficiency of:,Hexosaminidase-A,Glucocerebrosidase,Fructokinase,Hexokinase,Glucokinase,B,Bruising: Due to thrombocytopenia (pancytopenia). Hepatomegaly: Due to infiltration by lipid-laden macrophages. Wrinkled or crumpled tissue paper cytoplasm in macrophages = pathognomonic.
Biochem-Metab-Lipids-017,2026,Gynecology - 6 January (M),Biochemistry,Metabolism,Lipids,Person has taken increase amount of garlic as it inhibits HMG Co-A reductase. It will result in?,dec Cholesterol synthesis,Triglycerides synthesis,Increase cholesterol synthesis,Ketones formation,,A,Statins/garlic inhibit HMG-CoA reductase → decrease cholesterol synthesis.
Biochem-Metab-Lipids-018,2026,Medicine - 5 January (E),Biochemistry,Metabolism,Lipids,Person has taken increase amount of garlic as it inhibits HMG Co-A reductase. It will result in?,DEC Cholesterol synthesis,Triglycerides synthesis,Increase cholesterol synthesis,Ketones formation,,A,"Statins inhibit HMG-CoA reductase → rate-limiting enzyme in cholesterol synthesis → reduce LDL cholesterol<br>IMPORTANT RATE LIMITING ENZYMES: Glycolysis: Phosphofructokinase-1; Glycogenesis: Glycogen synthetase (Dephosphorylated form); Glycogenolysis: Phosphorylase (Phosphorylated); Gluconeogenesis: Pyruvate carboxylase and Phosphoenolpyruvate carboxykinase (PEP-C); TCA cycle: Isocitrate dehydrogenase; HMP shunt: Glucose-6-phosphate dehydrogenase; Urea Synthesis: CPS-I Carbamoyl phosphate synthetase, Or, Ornithine transcarboxylase; Fatty acid synthesis: Acetyl COA carboxylase; Cholesterol synthesis: HMG CoA reductase; Ketone bodies synthesize: HMG CoA fatty acid acyltransferase; Purine synthesis: Phosphoribosyl synthase (PRPP) Pyrophosphate synthetase; Uric acid synthesis: Xanthine oxidase; Porphyrin synthesis: d-ALA synthetase; Bile acid synthesis: 7-a-hydroxylase."
Biochem-Metab-Lipids-019,2026,Medicine - 7 January (M),Biochemistry,Metabolism,Lipids,Statins inhibit which of the following enzyme?,HMG CoA Synthase,HMG CoA Reductase,Cycloxygenase,PPAR-α,PG Antagonist,B,
Biochem-Metab-Lipids-020,2026,Anesthesia - 5 January (M),Biochemistry,Metabolism,Lipids,"Young woman with lethargy, inability to exercise, borderline glucose, elevated LDL/cholesterol: enzyme deficiency most likely is:",Glucose-6-phosphatase,Carnitine palmitoyltransferase (CPT) deficiency,Glycogen phosphorylase,Acid maltase,,B,
Biochem-Metab-Lipids-021,2026,Medicine - 7 January (M),Biochemistry,Metabolism,Lipids,"A patient struggling with failure to lose weight, despite lifestyle changes. Which dietary approach is recommended",High sugar,Low GI diet,High fat,High protein only,,B,Low glycemic index diet improves satiety and reduces insulin spikes.
Biochem-Metab-Nucleotides-001,2026,Gynecology - 7 January (E),Biochemistry,Metabolism,Nucleotides,"A 16 years old boy presented with self mutilation, involuntary movements, speech problems and painful joints and urine shows excess uric acid what is the deficient enzyme?",Xanthine oxidase,HGPRT,Urate oxidase,Adenine phosphoribosyltransferase,,B,
Biochem-Metab-Nucleotides-002,2026,Gynecology - 6 January (M),Biochemistry,Metabolism,Nucleotides,"A child with self-mutilation behavior has deficiency of, which of the following enzymes?",Phenylalanine hydroxylase,"Homogenisate 1,2-dioxygenase",Hypoxanthine-guanine phosphoribosyltransferase (HGPRT),Glucose-6-phosphate,,C,
Biochem-Metab-Nucleotides-003,2026,Medicine - 8 January (M),Biochemistry,Metabolism,Nucleotides,"Male child with self mutilation, neurological dysfunction, hyperuricemia, and dystonia?",Adenosine deaminase,HGPRT,Xanthine oxidase,PRPP synthase,Glucose 6-phosphate,B,
Biochem-Metab-Protein-001,2026,Medicine - 8 January (M),Biochemistry,Metabolism,Protein,Baby with kwashiorkor: Pathophysiology of fatty liver:,Decreased apolipoprotein synthesis,Glycogen storage,Cholesterol accumulation,Iron overload,,A,Protein deficiency → impaired lipoprotein synthesis → hepatic TG accumulation.
Biochem-Metab-Urea Cycle-001,2026,Surgery - 6 January (E),Biochemistry,Metabolism,Urea Cycle,A known case of CLD presents unconscious with Grade 4 hepatic encephalopathy. Which cycle is most affected?,Glycogen cycle,Ammonia cycle,Urea cycle,Cholesterol cycle,Bile cycle,C,
Biochem-Metab-Urea Cycle-002,2026,Medicine - 8 January (M),Biochemistry,Metabolism,Urea Cycle,"If a patient with hyperammonemia has an inherited defect, which urea cycle enzyme is likely affected?",Carbamoyl phosphate synthetase I,Carbamoyl phosphate synthetase II,Ornithine transcarbamylase,Argininosuccinate synthetase,,A,"<div class=""explanation-container""><div class=""explanation-text""><div style=""color:#16a34a;font-weight:800;margin-bottom:6px;"">✔ Correct Answer: Carbamoyl phosphate synthetase I</div><div style=""margin-bottom:8px;""><b>Explanation:</b> CPS I is the mitochondrial enzyme catalyzing the first step of the urea cycle; deficiency causes severe hyperammonemia.</div><div style=""margin-bottom:10px;padding:8px 10px;background:#ecfdf5;border-left:4px solid #16a34a;border-radius:6px;""><b>Clinical Pearl:</b> CPS I = mitochondrial urea cycle gatekeeper.</div><br><div style=""color:#dc2626;margin-bottom:4px;""><b>✘ Carbamoyl phosphate synthetase II:</b></div>Works in pyrimidine synthesis, not urea cycle.<br><br><div style=""color:#dc2626;margin-bottom:4px;""><b>✘ Ornithine transcarbamylase:</b></div>Urea cycle defect but later step (OTC deficiency).<br><br><div style=""color:#dc2626;margin-bottom:4px;""><b>✘ Argininosuccinate synthetase:</b></div>Defect causes citrullinemia, later step in cycle.</div></div></div>"
Biochem-Metab-Vitamins & Minerals-001,2026,Gynecology - 6 January (M),Biochemistry,Metabolism,Vitamins & Minerals,"A patient reports a diet consisting mainly of chocolate, milk, bread and chicken with minimal intake of green vegetables and fruits. Over time she develops megaloblastic changes. Deficiency of which vitamin is most likely?",Vitamin B12,Vitamin C,Vitamin D,Vitamin A,Folate,E,
Biochem-Metab-Vitamins & Minerals-002,2026,Gynecology - 5 January (M),Biochemistry,Metabolism,Vitamins & Minerals,A patient presents with angular cheilitis and corneal vascularization. Which vitamin deficiency is responsible?,Thiamine,Riboflavin,,,,B,"Vitamin B2 deficiency causes cheilosis, magenta tongue, corneal vascularization."
Biochem-Metab-Vitamins & Minerals-003,2026,Gynecology - 6 January (M),Biochemistry,Metabolism,Vitamins & Minerals,A patient present with chronic diarrhea and abdominal pain. Which vitamin deficiency is most likely?,Niacin,Thiamine,Riboflavin,Vitamin B12,,A,"Vitamin B3 (niacin) deficiency causes Hartnup disease, Pellagra 4D’s: diarrhea, dementia, dermatitis (collar rash like necklace) and death."
Biochem-Metab-Vitamins & Minerals-004,2026,Gynecology - 6 January (M),Biochemistry,Metabolism,Vitamins & Minerals,"A patient consumes mostly bread and processed foods, no vegetables. Labs show macrocytosis. Likely deficiency?",Vitamin B12,Vitamin C,Folic acid,Thiamine,,C,
Biochem-Metab-Vitamins & Minerals-005,2026,Medicine - 6 January (E),Biochemistry,Metabolism,Vitamins & Minerals,Vitamin deficiency commonly seen in cystic fibrosis is:,Vitamin B12,Vitamin C,Vitamin B6,Vitamin K,,D,
Biochem-Metab-Vitamins & Minerals-006,2026,Surgery - 6 January (E),Biochemistry,Metabolism,Vitamins & Minerals,Which vitamin deficiency is commonly seen in patients with cystic fibrosis?,Vitamin C,Vitamin B12,Vitamin B1,Vitamin K,,D,
Biochem-Metab-Vitamins & Minerals-007,2026,Radiology - 6 January (M),Biochemistry,Metabolism,Vitamins & Minerals,"A patient consumes mostly white bread, cream soup, eggs, and rice, with little to no vegetables or fruits. Which vitamin deficiency is most likely?",Vitamin B12,Vitamin C,Folic acid,Thiamine,,C,
Biochem-Metab-Vitamins & Minerals-008,2026,Surgery - 6 January (E),Biochemistry,Metabolism,Vitamins & Minerals,Which condition results from niacin (vitamin B3) deficiency?,Pellagra,Scurvy,Night blindness,Rickets,,A,
Biochem-Metab-Vitamins & Minerals-009,2026,Radiology - 6 January (M),Biochemistry,Metabolism,Vitamins & Minerals,A patient present with chronic diarrhea and abdominal pain. Which vitamin deficiency is most likely?,Niacin,Thiamine,Riboflavin,Vitamin B12,,A,"Vitamin B3 (niacin) deficiency causes Hartnup disease. Pellagra 4D’s: diarrhea, dementia, dermatitis (collar rash like necklace) and death."
Biochem-Metab-Vitamins & Minerals-010,2026,Surgery - 6 January (E),Biochemistry,Metabolism,Vitamins & Minerals,"A child has growth retardation, recurrent bronchitis, and chronic diarrhea. Which vitamin is deficient?",Retinoic acid,Thiamine,Cobalamin,Vitamin K,,A,
Biochem-Metab-Vitamins & Minerals-011,2026,Radiology - 6 January (M),Biochemistry,Metabolism,Vitamins & Minerals,"Child has growth retardation, recurrent bronchitis, chronic diarrhea. Deficiency of which vitamin?",Retinoic acid,Niacin,Thiamine,Cobalamin,,A,Vitamin A deficiency causes growth retardation and recurrent infections.
Biochem-Metab-Vitamins & Minerals-012,2026,Medicine - 6 January (E),Biochemistry,Metabolism,Vitamins & Minerals,Deficiency of vitamin B3 leads to:,Beri Beri,Pellagra,Rickets,Scurvy,,B,
Biochem-Metab-Vitamins & Minerals-013,2026,Radiology - 6 January (M),Biochemistry,Metabolism,Vitamins & Minerals,"A 45-year-old woman presents with severe diarrhea, dermatitis, confusion over the last 3 months Physical exam reveals hyperpigmented, scaly rash in sun-exposed areas. Laboratory findings show mild anemia. Which vitamin deficiency is most likely responsible for her symptoms?",Vitamin B1 (thiamine),Vitamin B2 (riboflavin),Vitamin B3 (niacin),Vitamin B6 (pyridoxine),Vitamin B12 (cobalamin),C,
Biochem-Metab-Vitamins & Minerals-014,2026,Surgery - 6 January (E),Biochemistry,Metabolism,Vitamins & Minerals,A chronic alcoholic presents with neurologic symptoms and deficient pyruvate dehydrogenase activity. Which vitamin is most likely lacking?,Thiamine (B1),Riboflavin (B2),Niacin (B3),Pyridoxine (B6),,A,0
Biochem-Metab-Vitamins & Minerals-015,2026,Surgery - 6 January (E),Biochemistry,Metabolism,Vitamins & Minerals,"A patient presenting with bleeding gums, easy bruising, and poor wound healing is most likely suffering from scurvy due to:",Vitamin B12 deficiency,Iron deficiency,Defective collagen structure,Calcium deficiency,,C,"Explanation: Scurvy results from vitamin C deficiency, leading to impaired hydroxylation of collagen and defective collagen structure."
Biochem-Metab-Vitamins & Minerals-016,2026,Gynecology - 7 January (E),Biochemistry,Metabolism,Vitamins & Minerals,A patient with heart failure due to nutritional deficiency is most likely deficient in:,Thiamine,Vitamin A,Vitamin B12,Vitamin C,,A,"B1 Deficiency – Dry Beri beri, Wet Beri beri, Wernicke korsakoff Measured by Transketolase activity<br>B2 Deficiency – Corneal Vascularization<br>B3 Deficiency – Pellagra (Diarrhea, Dementia, Dermatitis)<br>B5 Required – Co factor for Co enzyme A<br>B5 Deficiency – Adrenal Insufficiency<br>B7 (Biotin) – Bind Avidin in egg and Carrier of One carbon<br>B7 – Role in liver Metabolism<br>B9 (Folic acid – One Carbon Transfer)<br>B9 Deficiency – NTD<br>Deficiency – Megaloblastic Anemia"
Biochem-Metab-Vitamins & Minerals-017,2026,Radiology - 6 January (M),Biochemistry,Metabolism,Vitamins & Minerals,"After fasting for 24 hours, a patient’s metabolic profile shows that pyruvate carboxylase activity is intact, but gluconeogenesis from certain amino acids is impaired. Which of the following vitamin deficiencies would most likely explain this finding?",Niacin,Folate,Riboflavin,Pantothenic acid,,A,
Biochem-Metab-Vitamins & Minerals-018,2026,Gynecology - 6 January (M),Biochemistry,Metabolism,Vitamins & Minerals,An alcoholic patient presents with lactic acidosis. Which enzyme is most likely affected?,Lactate dehydrogenase,Pyruvate kinase,Pyruvate dehydrogenase,Hexokinase,,C,
Biochem-Metab-Vitamins & Minerals-019,2026,Gynecology - 6 January (M),Biochemistry,Metabolism,Vitamins & Minerals,Cheliosis and corneal vascularization is due to deficiency of which of the following vitamin?,Thiamine,Biotin,Riboflavin (Vitamin B2),Folate,Vitamin C,C,"B1 Deficiency – Dry Beri beri, Wet Beri beri, Wernicke korsakoff Measured by Transketolase activity<br>B2 Deficiency – Corneal Vascularization<br>B3 Deficiency – Pellagra (Diarrhea, Dementia, Dermatitis)<br>B5 Required – Co factor for Co enzyme A<br>B5 Deficiency – Adrenal Insufficiency<br>B7 (Biotin) – Bind Avidin in egg and Carrier of One carbon<br>B7 – Role in liver Metabolism<br>B9 (Folic acid) – One Carbon Transfer<br>B9 Deficiency – NTD<br>Deficiency – Megaloblastic Anemia"
Biochem-Metab-Vitamins & Minerals-020,2026,Gynecology - 6 January (M),Biochemistry,Metabolism,Vitamins & Minerals,Co factor for pyruvate carboxylase is,Riboflavin,Niacin,Folate,Biotin,Methylcobalamin,D,
Biochem-Metab-Vitamins & Minerals-021,2026,Radiology - 6 January (M),Biochemistry,Metabolism,Vitamins & Minerals,Deficiency of which one of the following causes cheilosis and corneal vascularization?,Vitamin B1,Vitamin B2,Vitamin B12,Vitamin B6,,B,
Biochem-Metab-Vitamins & Minerals-022,2026,Medicine - 5 January (E),Biochemistry,Metabolism,Vitamins & Minerals,"Pyruvate carboxylase, an enzyme in gluconeogenesis, requires which cofactor?",Vitamin B1,Vitamin B7,Vitamin B12,Vitamin B6,,B,
Biochem-Metab-Vitamins & Minerals-023,2026,Medicine - 7 January (M),Biochemistry,Metabolism,Vitamins & Minerals,"What is the most likely vitamin deficiency in a 2-year-old presenting with night blindness, pale bulky stools, and failure to thrive?",Vitamin D,Vitamin K,Vitamin A,Vitamin E,,C,"<div class=""explanation-container""><div class=""explanation-text""><div style=""color:#16a34a;font-weight:800;margin-bottom:6px;"">✔ Correct Answer: Vitamin A deficiency</div><div style=""margin-bottom:8px;""><b>Explanation:</b> Night blindness, pale bulky stools, and failure to thrive are classic features of fat-soluble vitamin A deficiency.</div><div style=""margin-bottom:10px;padding:8px 10px;background:#ecfdf5;border-left:4px border:#16a34a;border-radius:6px;""><b>Clinical Pearl:</b> Vitamin A deficiency → night blindness + malabsorption features.</div><br><div style=""color:#dc2626;margin-bottom:4px;""><b>✘ Vitamin D:</b></div>Rickets/osteomalacia.<br><br><div style=""color:#dc2626;margin-bottom:4px;""><b>✘ Vitamin K:</b></div>Bleeding tendency.<br><br><div style=""color:#dc2626;margin-bottom:4px;""><b>✘ Vitamin E:</b></div>Neurologic dysfunction.</div></div></div>"
Biochem-Metab-Vitamins & Minerals-024,2026,Radiology - 5 January (M),Biochemistry,Metabolism,Vitamins & Minerals,Which of the following acts as a 1 carbon carrier?,Folate,Pantothenic acid,Thiamine,Biotin,,D,"<div class=""explanation-container""><div class=""explanation-text""><div style=""color:#16a34a;font-weight:800;margin-bottom:6px;"">✔ Correct Answer: Biotin</div><div style=""margin-bottom:8px;""><b>Explanation:</b> Biotin acts as a carrier of one-carbon units in carboxylation reactions.</div><div style=""margin-bottom:10px;padding:8px 10px;background:#ecfdf5;border-left:4px solid #16a34a;border-radius:6px;""><b>Clinical Pearl:</b> Biotin = CO₂ carrier in carboxylation.</div><br><div style=""color:#dc2626;margin-bottom:4px;""><b>✘ Folate:</b></div>Transfers one-carbon units, not carrier in carboxylation.<br><br><div style=""color:#dc2626;margin-bottom:4px;""><b>✘ Pantothenic acid:</b></div>Part of CoA.<br><br><div style=""color:#dc2626;margin-bottom:4px;""><b>✘ Thiamine:</b></div>Decarboxylation reactions.</div></div></div>"
Biochem-Metab-Vitamins & Minerals-025,2026,Anesthesia - 5 January (M),Biochemistry,Metabolism,Vitamins & Minerals,Which of the following cofactors are essential for maintaining normal glucose levels during 24-hour fasting?,"Vitamin K, biotin, niacin","Biotin, niacin, pyridoxine","Niacin, thiamine, biotin","Folic acid, riboflavin",,B,
Biochem-Metab-Vitamins & Minerals-026,2026,Anesthesia - 5 January (M),Biochemistry,Metabolism,Vitamins & Minerals,Which of the following vitamins is most commonly associated with anti-aging properties due to antioxidant effect?,Vitamin C,Vitamin K,Vitamin B complex,Vitamin E,Vitamin D,D,Explanation: Vitamin E is anti-aging and anti-oxidant; it has similar neurological feature as Vitamin B12 deficiency but without megaloblastic anemia.
Biochem-Metab-Vitamins & Minerals-027,2026,Radiology - 5 January (M),Biochemistry,Metabolism,Vitamins & Minerals,Which one of the following is used in carboxylation enzymes?,Biotin,Riboflavin,Niacin,Cobalamin,,A,
Biochem-Metab-Vitamins & Minerals-028,2026,Anesthesia - 5 January (M),Biochemistry,Metabolism,Vitamins & Minerals,Which plasma protein primarily transports iron in the bloodstream?,Ferritin,Hemosiderin,Transferrin,Hemoglobin,,C,Iron Transport form – Transferrin. Iron excess storage form – Hemosiderin. Iron normal storage form – Ferritin.
Biochem-Metab-Vitamins & Minerals-029,2026,Gynecology - 7 January (E),Biochemistry,Metabolism,Vitamins & Minerals,Vitamin K is administered to newborns primarily to:,Improve immunity,Prevent neonatal sepsis,Prevent hemorrhagic disease of the newborn,Improve liver function,,C,
Peads-Metab-Inborn Errors of Metab-001,2026,Medicine - 5 January (E),Pediatrics,Metabolism,Inborn Errors of Metabolism,"What is the diagnosis for a 4-month-old male infant brought by his mother with poor feeding, seizures, kinky hair, hypotonia, and low serum copper and ceruloplasmin levels?",Wilson disease,Hartnup disease,Menkes disease,Hemochromatosis,,C,"<div class=""explanation-container""><div class=""explanation-text""><div style=""color:#16a34a;font-weight:800;margin-bottom:6px;"">✔ Correct Answer: Menkes disease</div><div style=""margin-bottom:8px;""><b>Explanation:</b> Menkes disease presents with kinky hair, hypotonia, seizures, and low copper due to defective ATP7A-mediated transport.</div><div style=""margin-bottom:10px;padding:8px 10px;background:#ecfdf5;border-left:4px solid #16a34a;border-radius:6px;""><b>Clinical Pearl:</b> Menkes = “kinky hair disease”.</div><br><div style=""color:#dc2626;margin-bottom:4px;""><b>✘ Wilson disease:</b></div>Copper accumulation, not deficiency.<br><br><div style=""color:#dc2626;margin-bottom:4px;""><b>✘ Hartnup disease:</b></div>Amino acid transport defect.<br><br><div style=""color:#dc2626;margin-bottom:4px;""><b>✘ Hemochromatosis:</b></div>Iron overload disorder.</div></div></div>"
Peads-Metab-Inborn Errors of Metab-002,2026,Gynecology - 6 January (M),Pediatrics,Metabolism,Inborn Errors of Metabolism,"A child admitted to hospital was found to have bruises on leg, bone pains and hepatosplenomegaly. Bone marrow examination showed wrinkled cells. What is he most likely having?",Tay Sachs’s disease,Gaucher disease,Fabry disease,Niemann-pick disease,Hurler disease,B,- Bruising: Due to thrombocytopenia (pancytopenia). Hepatomegaly: Due to infiltration by lipid-laden macrophages. Wrinkled or crumpled tissue paper cytoplasm in macrophages = pathognomonic.
Peads-Metab-Inborn Errors of Metab-003,2026,Medicine - 7 January (M),Pediatrics,Metabolism,Inborn Errors of Metabolism,A child presented with complains of having urine with a specific odor of maple syrup. Which of the following is the underlying cause.,Alkaptonuria,Branched chain ketoacid disorder,Urobilinogen,UTI,Hemophilia,B,
Peads-Metab-Inborn Errors of Metab-004,2026,Medicine - 6 January (E),Pediatrics,Metabolism,Inborn Errors of Metabolism,"10-month-old with hyperketotic hypoglycemia, normal carnitine, long-chain fatty acid accumulation. Defect in:",Carnitine transporter,Carnitine acyltransferase 1 (CPT-1),Carnitine acyltransferase 2 (CPT-2),Acyl-CoA dehydrogenase,,C,
Peads-Metab-Inborn Errors of Metab-005,2026,Medicine - 8 January (M),Pediatrics,Metabolism,Inborn Errors of Metabolism,"A child presents with hepatosplenomegaly, bone pain, anemia, and lipid-laden macrophages. Diagnosis?",Niemann-Pick disease,Gaucher disease,Fabry disease,Tay-Sachs disease,,B,"Gaucher disease results from lack of the lysosomal enzyme glucocerebrosidase and accumulation of glucocerebroside in mononuclear phagocytic cells. In the most common type I variant, affected phagocytes become enlarged (Gaucher cells) accumulate in liver, spleen, and bone marrow causing hepatosplenomegaly and bone erosion. These phagocytes — the Gaucher cells — become enlarged acquire a pathognomonic cytoplasmic appearance characterized as “wrinkled tissue paper”."
Peads-Metab-Inborn Errors of Metab-006,2026,Surgery - 7 January (E),Pediatrics,Metabolism,Inborn Errors of Metabolism,A child presents with self-mutilation and elevated uric acid levels. Which enzyme deficiency is responsible?,HGPRT (Hypoxanthine-guanine phosphoribosyltransferase),Adenine phosphoribosyltransferase,Xanthine oxidase,PRPP synthetase,,A,"Lesch-Nyhan Syndrome: X-linked recessive; deficiency of HGPRT → uric acid accumulation.<br>Triad: Self-mutilation (lip/finger biting, choreoathetosis, intellectual disability).<br>Hyperuricemia: Leads to gouty arthritis/renal stones.<br>Distractors: Tay-Sachs (cherry-red spot, hexosaminidase A deficiency, Hurler (coarse facies, corneal clouding))."
Peads-Metab-Inborn Errors of Metab-007,2026,Gynecology - 5 January (M),Pediatrics,Metabolism,Inborn Errors of Metabolism,"A 4-year-old boy presents with self-mutilating behavior, involuntary movements, and developmental delay. Laboratory testing shows hyperuricemia. Which of the following is the most likely diagnosis?",HGPRT deficiency,ADA deficiency,Decrease uric acid degradation,,,A,"Lesch-Nyhan syndrome: HGPRT deficiency, X-linked, self-mutilation, hyperuricemia."
Peads-Metab-Inborn Errors of Metab-008,2026,Medicine - 7 January (M),Pediatrics,Metabolism,Inborn Errors of Metabolism,"A 6-month-old male infant presents with a history of recurrent seizures, developmental regression, and failure to thrive since about three months of age. On physical examination, the physician notes severe hypotonia (floppy baby), peculiar facial features, and most distinctively, hair that is sparse, coarse, and feels kinky hair. Blood work is ordered and is expected to show low levels of copper and ceruloplasmin. What is the diagnosis?",Wilson Disease,Menkes Disease,Congenital Adrenal Hyperplasia,Phenylketonuria,,B,"Explanation: Menkes disease: X-linked recessive (ATP7A mutation) -> defective copper absorption/transport. Clinical: Hypotonia, seizures, hypopigmented ""kinky"" hair, hypothermia, vascular fragility. Labs: Decreased Serum Cu, decreased ceruloplasmin."
Ana-Musculo-Bone & Soft Tissue-001,2026,Medicine - 7 January (M),Anatomy,Musculoskeletal System,Bone & Soft Tissue,The secondary ossification center of a long bone forms:,Diaphysis,Epiphysis,Metaphysis,Periosteum,,B,Explanation: Primary center form Diaphysis. Secondary center from Epiphysis
Ana-Musculo-Muscles-001,2026,Medicine - 7 January (M),Anatomy,Musculoskeletal System,Muscles,The connective tissue covering an individual muscle fiber is:,Epimysium,Perimysium,Endomysium,Fascia,,C,- Epimysium – Enclose entire muscle<br><br>- Endomysium – Enclose single muscle fiber<br><br>- Perimysium – Enclose bundle of muscle fiber (Fasciculus)<br><br>- Endoneurium – Individual nerve fiber<br><br>- Perineurium – Bundle of nerve fibers<br><br>- Epineurium – Entire nerve
Ana-Musculo-Muscles-002,2026,Medicine - 8 January (M),Anatomy,Musculoskeletal System,Muscles,Which component of the cytoskeleton is composed of actin filaments?,Microtubules,Intermediate filaments,Microfilaments,Tonofilaments,,C,
Biochem-Musculo-Collagen-001,2026,Medicine - 5 January (E),Biochemistry,Musculoskeletal System,Collagen,A patient has a collagen type II deficiency. Which structure is primarily affected?,Skin,Bone,Cartilage,Basement membrane,Blood vessels,C,- Type 1 Collagen - Fibrocartilages + bone + tendons + fascia + Skin<br>- Type 2 – Elastic and Hyaline cartilage + vitreous body<br>- Type 3 – Blood vessels + Uterus + Reticulin + Skin<br>- Type 4 – Basement membrane + Lens<br>- Early wound healing + Granulation tissue – Type 3 collagen<br>- Late wound healing + Wound strength – Type 1 collagen
Embryo-Musculo-Somites-001,2026,Gynecology - 5 January (M),Embryology,Musculoskeletal System,Somites,"An experiment was conducted on mice to analyze sclerotome development. If the mice survive until birth, which muscle will be absent due to its failure to derive from the somite?",Latissimus dorsi,Rhomboid,Serratus anterior,Longissimus,Pectoralis Major,D,Longissimus is derived from somite (epimere).
Embryo-Musculo-Somites-002,2026,Radiology - 5 January (M),Embryology,Musculoskeletal System,Somites,"An experiment was conducted on mice to analyze sclerotome development. If specific somite cells are destroyed, which muscle will be absent?",Latissimus dorsi,Rhomboid,Serratus anterior,Longissimus,,D,
Embryo-Musculo-Somites-003,2026,Anesthesia - 5 January (M),Embryology,Musculoskeletal System,Somites,"An experiment conducted on mice ro analyze sclerotome development, involving somites, somitomeres and epimeres. The experiment led to destruction of specific cells. If the mice survive until birth, which muscle will be absent due to its failure to derive from the somite?",Latissimus dorsi,Rhomboid,Serratus anterior,Longissimus,Pectoralis Major,D,
Med-Musculo-Connective Tissue Disorders-001,2026,Medicine - 6 January (E),Medicine,Musculoskeletal System,Connective Tissue Disorders,A young patient presents with spontaneous rupture of the aorta and hyperextensible skin. Which underlying condition is most likely?,Marfan syndrome,Atherosclerosis,Ehlers-Danlos syndrome,Takayasu arteritis,,C,
Med-Musculo-Connective Tissue Disorders-002,2026,Medicine - 6 January (E),Medicine,Musculoskeletal System,Connective Tissue Disorders,Patient presents with severe chest pain and is diagnosed with aortic dilatation. Most likely cause?,Menkes syndrome,Ehlers-Danlos syndrome,Osteogenesis imperfecta,Atherosclerosis,,B,Ehlers-Danlos (type IV) causes vascular fragility and aortic dilation.
Med-Musculo-Connective Tissue Disorders-003,2026,Medicine - 6 January (E),Medicine,Musculoskeletal System,Connective Tissue Disorders,30-year-old patient presented with Marfan syndrome. The defect is due to:,Inherited defect in fibrillin,Inherited defect in elastin,Acquired defect in fibrillin,Acquired defect in elastin,,A,
Med-Musculo-Osteodystrophy-001,2026,Medicine - 6 January (E),Medicine,Musculoskeletal System,Osteodystrophy,A dialysis-dependent patient with chronic kidney disease developed increased osteoclast activity leading to bone resorption. This change is primarily due to increased levels of which hormone?,Cortisol,Parathyroid hormone (PTH),Calcitonin,Vitamin D,,B,"In chronic kidney disease, phosphate retention and reduced vitamin D activation lead to secondary hyperparathyroidism. Elevated PTH increases osteoclast activity, causing renal osteodystrophy."
Med-Musculo-Osteodystrophy-002,2026,Medicine - 6 January (E),Medicine,Musculoskeletal System,Osteodystrophy,A diabetic hypertensive patient on chronic dialysis presents with a femur fracture. Which hormone is responsible for extensive bone fractures?,Cortisol,Erythropoietin,Parathyroid hormone,Glucagon,,C,"Chronic kidney disease causes secondary hyperparathyroidism, leading to increased osteoclast activity and renal osteodystrophy."
Med-Musculo-Osteoporosis & Bone Metab-001,2026,Gynecology - 5 January (M),Medicine,Musculoskeletal System,Osteoporosis & Bone Metabolism,A 60-year-old postmenopausal woman is found to have low bone mineral density on DEXA scan. Which medication is most appropriate for prevention of fractures?,Progesterone,Raloxifene,Conjugated estrogen,Unconjugated estrogen,,B,"Raloxifene is a selective estrogen receptor modulator (SERM) that acts as an estrogen agonist on bone, reducing bone resorption and lowering fracture risk in postmenopausal osteoporosis. Progesterone has no significant role in bone protection, and estrogen therapy (conjugated or unconjugated) is generally avoided due to increased risks of breast cancer, thromboembolism, and cardiovascular disease."
Med-Musculo-Raynaud Phenomenon-001,2026,Medicine - 5 January (E),Medicine,Musculoskeletal System,Raynaud Phenomenon,What is Raynaud phenomenon commonly associated with?,Scleroderma,Hemophilia,Diabetes,Hyperthyroidism,,A,"<div class=""explanation-container""><div class=""explanation-text""><div style=""color:#16a34a;font-weight:800;margin-bottom:6px;"">✔ Correct Answer: Scleroderma</div><div style=""margin-bottom:8px;""><b>Explanation:</b> Raynaud phenomenon is most commonly associated with systemic sclerosis (scleroderma) as part of its vascular involvement.</div><div style=""margin-bottom:10px;padding:8px 10px;background:#ecfdf5;border-left:4px solid #16a34a;border-radius:6px;""><b>Clinical Pearl:</b> Raynaud can be an early sign of connective tissue disease.</div><br><div style=""color:#dc2626;margin-bottom:4px;""><b>✘ Hemophilia:</b></div>Coagulation disorder, unrelated.<br><br><div style=""color:#dc2626;margin-bottom:4px;""><b>✘ Diabetes:</b></div>Microvascular disease but not classic association.<div style=""color:#dc2626;margin-bottom:4px;""><br><b>✘ Hyperthyroidism:</b></div>No direct link.</div></div></div>"
Med-Musculo-Raynaud Phenomenon-002,2026,Radiology - 5 January (M),Medicine,Musculoskeletal System,Raynaud Phenomenon,Fingers turning pale on cold exposure indicate:,Raynaud’s phenomenon,Peripheral artery disease,Scleroderma,Buerger disease,,A,Raynaud’s causes episodic pallor due to vasospasm in extremities.
Med-Musculo-Raynaud Phenomenon-003,2026,Medicine - 8 January (M),Medicine,Musculoskeletal System,Raynaud Phenomenon,An elderly woman with a known rheumatologic disease develops recurrent pain in fingers with bluish discoloration on exposure to cold. What is the diagnosis? (Answer not explicitly given in text),Buerger Disease,Raynaud Phenomenon,Frostbite,Acrocyanosis,,B,
Med-Musculo-Rheumatoid Arthritis-001,2026,Gynecology - 6 January (M),Medicine,Musculoskeletal System,Rheumatoid Arthritis,A patient with rheumatoid arthritis is on long-term therapy and develops whitening of the anterior shins along with dark pigmentation of bones and skin. Which drug is most likely responsible?,Prednisolone,Methotrexate,Leflunomide,Hydroxychloroquine,Sulfasalazine,D,Hydroxychloroquine can cause skin depigmentation and pigmentation changes with long-term use.
Med-Musculo-Sjögren Syndrome-001,2026,Medicine - 5 January (E),Medicine,Musculoskeletal System,Sjögren Syndrome,With which condition does Sjögren syndrome most commonly occur?,Systemic lupus erythematosus,Rheumatoid arthritis,Scleroderma,Diabetes,,B,"<div class=""explanation-container""><div class=""explanation-text""><div style=""color:#16a34a;font-weight:800;margin-bottom:6px;"">✔ Correct Answer: Rheumatoid arthritis</div><div style=""margin-bottom:8px;""><b>Explanation:</b> Sjögren syndrome most commonly occurs as a secondary condition in rheumatoid arthritis.</div><div style=""margin-bottom:10px;padding:8px 10px;background:#ecfdf5;border-left:4px solid #16a34a;border-radius:6px;""><b>Clinical Pearl:</b> Always think RA when Sjögren is secondary.</div><br><div style=""color:#dc2626;margin-bottom:4px;""><b>✘ Systemic lupus erythematosus:</b></div>Can be associated but less common than RA.<br><br><div style=""color:#dc2626;margin-bottom:4px;""><b>✘ Scleroderma:</b></div>Overlap exists but not the most frequent association.<br><br><div style=""color:#dc2626;margin-bottom:4px;""><b>✘ Diabetes:</b></div>Not an autoimmune connective tissue association.</div></div></div>"
Med-Musculo-Systemic Lupus Erythematosus-001,2026,Medicine - 7 January (M),Medicine,Musculoskeletal System,Systemic Lupus Erythematosus,The most specific antibody for diagnosing systemic lupus erythematosus (SLE) is:,ANA,Anti-dsDNA,Anti-Smith,Anti-histone,,C,Explanation: For SLE. Best initial test - ANA. Most specific - Anti smith >Anti Dsdna
Med-Musculo-Systemic Lupus Erythematosus-002,2026,Medicine - 8 January (M),Medicine,Musculoskeletal System,Systemic Lupus Erythematosus,"A 29 year old woman presentes with photosensitive rash, joint pain and fatigue. Which of the following is the most specific test of this disease?",Anti Ds DNA,Anti Ro,ANA,Anti-Histone,,A,Most Sensitive - ANA <br><br> Most Specific Anti-Smith > Anti ds DNA
Med-Musculo-Vasculitis-001,2026,Medicine - 7 January (M),Medicine,Musculoskeletal System,Vasculitis,"A patient presents with claudication, temporal headache, visual disturbances. The most likely diagnosis is:",Giant cell arteritis,Polyarteritis nodosa,Takayasu arteritis,Wegener granulomatosis,,A,
Patho-Musculo-Bone & Soft Tissue-001,2026,Radiology - 6 January (M),Pathology,Musculoskeletal System,Bone & Soft Tissue,A 60-year-old man presents with bone pain. Laboratory investigations reveal elevated alkaline phosphatase levels with normal serum calcium. What is the most likely diagnosis?,Osteomalacia,Osteoporosis,Hyperparathyroidism,Bone metastasis,Paget disease of bone,E,
Patho-Musculo-Bone & Soft Tissue-002,2026,Gynecology - 5 January (M),Pathology,Musculoskeletal System,Bone & Soft Tissue,A midline skull base chordoma shows physaliphorous cells on histology. The lesion is derived from which embryological structure?,Neural crest,Mesoderm,Notochord,Endoderm,,C,
Patho-Musculo-Bone & Soft Tissue-003,2026,Radiology - 5 January (M),Pathology,Musculoskeletal System,Bone & Soft Tissue,Ewing sarcoma chromosomal translocation is:,t(9;22)(q34;q11),t(15;17)(q24;q21),t(11;22)(q24;q12),t(8;14)(q24;q32),,C,"8:14 burkitt lymphoma<br>t(11;14) Mantle cell lymphoma (cyclin D activation)<br>t(11;18) Marginal zone lymphoma<br>t(14;18) Follicular lymphoma (BCL activation)<br>t(15;17) APL (formerly M3 type of AML)<br>t(9;22) (Philadelphia chromosome) - CML (BCR-ABL hybrid), ALL (less common);"
Patho-Musculo-Connective Tissue Disorders-001,2026,Anesthesia - 5 January (M),Pathology,Musculoskeletal System,Connective Tissue Disorders,A 28 year old man presented with progressive exertional dysuria and fatigue for last six months. He also reports episodes of dizziness and palpitation when climbing stairs. He was diagnosed with heart murmur in childhood but never treated. On examination BP 60/80 and weak femoral pulses. There is a systolic ejection murmur but there is no cyanosis. Echo shows concentric left ventricular hypertrophy and narrowing of a ascending aorta just above the aortic valve. Diagnosis of supra ventricular aortic stenosis confirmed. Which of the following is deficient in this patient?,Collagen,Myosin,Elastin,Actin,Fibrillin,C,
Patho-Musculo-Connective Tissue Disorders-002,2026,Medicine - 5 January (E),Pathology,Musculoskeletal System,Connective Tissue Disorders,A defect in which specific protein is responsible for Marfan's syndrome?,Elastin,Fibrillin,Collagen,Actin,Myosin,B,"<div class=""explanation-container""><div class=""explanation-text""><div style=""color:#16a34a;font-weight:800;margin-bottom:6px;"">✔ Correct Answer: Fibrillin</div><div style=""margin-bottom:8px;""><b>Explanation:</b> Marfan syndrome is caused by a mutation in fibrillin-1, a key component of connective tissue microfibrils.</div><div style=""margin-bottom:10px;padding:8px 10px;background:#ecfdf5;border-left:4px solid #16a34a;border-radius:6px;""><b>Clinical Pearl:</b> FBN1 mutation → weak connective tissue.</div><br><div style=""color:#dc2626;margin-bottom:4px;""><b>✘ Elastin:</b></div>Associated with other disorders.<br><br><div style=""color:#dc2626;margin-bottom:4px;""><b>✘ Collagen:</b></div>Defective in Ehlers-Danlos syndrome.<br><br><div style=""color:#dc2626;margin-bottom:4px;""><b>✘ Actin/Myosin:</b></div>Muscle proteins, not connective tissue matrix.</div></div></div>"
Patho-Musculo-Connective Tissue Disorders-003,2026,Medicine - 5 January (E),Pathology,Musculoskeletal System,Connective Tissue Disorders,An autopsy of a female who died suddenly shows descending aorta medial Cell Injury. A connective tissue disorder is suspected genetically. What is the diagnosis?,Ehlers-Danlos syndrome,Marfan syndrome,Loeys-Dietz syndrome,Turner syndrome,,B,"<div class=""explanation-container""><div class=""explanation-text""><div style=""color:#16a34a;font-weight:800;margin-bottom:6px;"">✔ Correct Answer: Marfan syndrome</div><div style=""margin-bottom:8px;""><b>Explanation:</b> Marfan syndrome causes cystic medial degeneration of the aorta due to fibrillin-1 mutation, leading to aortic dissection risk.</div><div style=""margin-bottom:10px;padding:8px 10px;background:#ecfdf5;border-left:4px solid #16a34a;border-radius:6px;""><b>Clinical Pearl:</b> Marfan = aortic root + lens + tall habitus.</div><br><div style=""color:#dc2626;margin-bottom:4px;""><b>✘ Ehlers-Danlos syndrome:</b></div>Collagen defect, vascular rupture type exists but different pathology.<br><br><div style=""color:#dc2626;margin-bottom:4px;""><b>✘ Loeys-Dietz syndrome:</b></div>More aggressive aortic aneurysm syndrome but not classic exam answer here.<br><br><div style=""color:#dc2626;margin-bottom:4px;""><b>✘ Turner syndrome:</b></div>Associated with coarctation, not medial Cell Injury.</div></div></div>"
Patho-Musculo-Connective Tissue Disorders-004,2026,Surgery - 6 January (E),Pathology,Musculoskeletal System,Connective Tissue Disorders,A young patient presents with spontaneous aortic rupture and hyperextensible skin. Which underlying disorder most likely explains these findings?,Takayasu arteritis,Marfan syndrome,Ehlers-Danlos syndrome,Asthma,,C,
Patho-Musculo-Connective Tissue Disorders-005,2026,Surgery - 6 January (E),Pathology,Musculoskeletal System,Connective Tissue Disorders,A patient presents with severe chest pain and is found to have aortic dilatation. Which of the following is the most likely cause?,Ehlers-Danlos syndrome,Menkes syndrome,Iron deficiency anemia,Atherosclerosis,,A,
Patho-Musculo-Connective Tissue Disorders-006,2026,Surgery - 6 January (E),Pathology,Musculoskeletal System,Connective Tissue Disorders,A 30-year-old patient presents with Marfan syndrome. Which defect is responsible for this condition?,Inherited defect in elastin,Inherited defect in keratin,Acquired defect in elastin,Inherited defect in fibrillin,,D,
Patho-Musculo-Connective Tissue Disorders-007,2026,Gynecology - 7 January (E),Pathology,Musculoskeletal System,Connective Tissue Disorders,Tall stature with long fingers and arachnodactyly is characteristic of:,Achondroplasia,Marfan syndrome,Turner syndrome,Klinefelter syndrome,,B,
Patho-Musculo-Connective Tissue Disorders-008,2026,Surgery - 7 January (E),Pathology,Musculoskeletal System,Connective Tissue Disorders,"A 20-year-old male presents to hospital for a consultation. He is unusually tall and thin for his age, with an arm span significantly greater than his height. Physical examination reveals long, slender fingers, a high arched palate, and a severe scoliosis. His ophthalmologist recently diagnosed him with bilateral lens subluxation, displaced superotemporally. Given these findings, the most likely underlying genetic diagnosis is?",Ehlers-Danlos Syndrome,Marfan Syndrome,Turner Syndrome,Achondroplasia,,B,"The combination of features presented—tall stature, arachnodactyly (skeletal features), ectopia lentis (ocular features), classically displaced superotemporally), and scoliosis—is the classic clinical presentation for Marfan Syndrome. It is an autosomal dominant disorder caused by mutation in the FBN1 gene, which encodes the protein fibrillin-1. Fibrillin is a key component of the extracellular matrix, particularly in the aorta, eyes, and skeleton."
Patho-Musculo-Osteodystrophy-001,2026,Surgery - 6 January (E),Pathology,Musculoskeletal System,Osteodystrophy,A dialysis-dependent patient with chronic kidney disease has increased osteoclast activity causing bone resorption. Which hormone's elevated level primarily causes this change?,Parathyroid hormone (PTH),Calcitonin,Insulin,Vitamin D,,A,
Patho-Musculo-Osteodystrophy-002,2026,Surgery - 6 January (E),Pathology,Musculoskeletal System,Osteodystrophy,"A diabetic, hypertensive patient on chronic dialysis presents with a femur fracture. Which hormone is responsible for widespread bone loss and fractures?",Glucagon,Antidiuretic hormone (ADH),Cortisol,Parathyroid hormone,,D,
Pharm-Musculo-DMARDs-001,2026,Radiology - 6 January (M),Pharmacology,Musculoskeletal System,DMARDs,"A patient with rheumatoid arthritis has been on treatment for 2 months and now presents with blackening of skin, hyperpigmentation over the anterior shin, and bone pain. Which drug is most likely responsible?",Hydroxychloroquine,Tacrolimus,Prednisolone,Sulfasalazine,Etanercept,A,
Physio-Musculo-Muscles-001,2026,Radiology - 5 January (M),Physiology,Musculoskeletal System,Muscles,Person lifting a 5 kg weight: isometric contraction occurs due to:,Shortening of sarcomere,Maximum actin-myosin interaction,Hiding of tropomyosin,Constant muscle length,,D,Isometric contraction occurs when muscle generates force without changing length.
Physio-Musculo-Muscles-002,2026,Surgery - 7 January (E),Physiology,Musculoskeletal System,Muscles,"In Muscular dystrophy, which of the following substance is impermeable to membrane due to its large size?",Glucose,Amino acid,Albumin,Cholesterol,,C,
Physio-Musculo-Muscles-003,2026,Medicine - 7 January (M),Physiology,Musculoskeletal System,Muscles,Repeated stimuli causing contraction without relaxation is called:,Twitch,Tetanic contraction,Fibrillation,Tonic contraction,,B,"Tetanus occurs when rapid repeated stimulation prevents muscle relaxation, producing sustained contraction."
Physio-Musculo-Muscles-004,2026,Medicine - 5 January (E),Physiology,Musculoskeletal System,Muscles,What is muscle shortening against a constant load during football called?,Isometric,Isotonic,Tonic,Clonic,,B,"<div class=""explanation-container""><div class=""explanation-text""><div style=""color:#16a34a;font-weight:800;margin-bottom:6px;"">✔ Correct Answer: Isotonic</div><div style=""margin-bottom:8px;""><b>Explanation:</b> Muscle shortening against a constant load describes isotonic contraction.</div><div style=""margin-bottom:10px;padding:8px 10px;background:#ecfdf5;border-left:4px solid #16a34a;border-radius:6px;""><b>Clinical Pearl:</b> Isotonic = movement + constant tension.</div><br><div style=""color:#dc2626;margin-bottom:4px;""><b>✘ Isometric:</b></div>Muscle tension without shortening.<br><br><div style=""color:#dc2626;margin-bottom:4px;""><b>✘ Tonic:</b></div>General sustained contraction term, not classification.<br><br><div style=""color:#dc2626;margin-bottom:4px;""><b>✘ Clonic:</b></div>Rhythmic contraction type seen in seizures.</div></div></div>"
Radio-Musculo-Spinal Cord-001,2026,Radiology - 6 January (M),Radiology,Musculoskeletal System,Spinal Cord,A 28-year-old patient presents with chronic low back pain after a minor fall while playing football. Pain is worse with extension and rotation of the lumbar spine. The clinical orders an oblique X-ray of the lumbosacral spine to evaluate for suspected spondylolysis. Which structure is best visualized on this imaging view?,Intervertebral disc space,Pars interarticularis,Facet joints,Spinous processes,,B,
Microbio-Mycology-Infec-001,2026,Medicine - 5 January (E),Microbiology,Mycology,Infections,Which Candida species is most likely if a patient tests positive on a germ tube test?,Candida albicans,Candida tropicalis,Candida glabrata,Candida krusei,,A,"<div class=""explanation-container""><div class=""explanation-text""><div style=""color:#16a34a;font-weight:800;margin-bottom:6px;"">✔ Correct Answer: Candida albicans</div><div style=""margin-bottom:8px;""><b>Explanation:</b> Candida albicans is germ tube test positive, a key diagnostic feature used to identify it.</div><div style=""margin-bottom:10px;padding:8px 10px;background:#ecfdf5;border-left:4px solid #16a34a;border-radius:6px;""><b>Clinical Pearl:</b> Germ tube test is rapid identification for C. albicans.</div><br><div style=""color:#dc2626;margin-bottom:4px;""><b>✘ Candida tropicalis:</b></div>Germ tube negative species.<br><br><div style=""color:#dc2626;margin-bottom:4px;""><b>✘ Candida glabrata:</b></div>Does not form germ tubes.<br><br><div style=""color:#dc2626;margin-bottom:4px;""><b>✘ Candida krusei:</b></div>Germ tube negative and often resistant to fluconazole.</div></div></div>"
Microbio-Mycology-Infec-002,2026,Medicine - 7 January (M),Microbiology,Mycology,Infections,"A patient with dysphagia, thick membranes in the esophagus, and pseudohyphae likely has an infection with:",Candida,Aspergillus,Histoplasma,Cryptococcus,,A,"Explanation: Mucor and Rhizopus: Diabetic(DKA) and Neutropenic, Rhinosinusitis, Non Septate Hyphae branch at wide angle, Invade blood vessel. Aspergillus: Non Diabetic, Immuno compromised and Neutrophilic Dysfunction(CGD), Rhinosinusitis, Septate hyphae branch at acute angle. Candida: Diamorphic, Pseudohyphae, Oral thrush. Cryptococcus: Not Diamorphic, 5-10 um narrow budding, Brain meningitis, Encephalitis(Soap bubble lesion)."
Microbio-Mycology-Infec-003,2026,Surgery - 6 January (E),Microbiology,Mycology,Infections,Which aggressive fungal infection are patients with severe diabetic ketoacidosis especially at risk for?,Cryptococcus neoformans,Escherichia coli,Candida albicans,Mucormycosis,,D,
Peads-Neonate-Delivery Room Care-001,2026,Gynecology - 7 January (E),Pediatrics,Neonatology,Delivery Room Care,Which practice is most beneficial for the newborn?,Cord clamping immediately,Delayed cord clamping for 1–3 minutes,Delayed cord clamping for 20 minutes,Delayed cord clamping for 1 hour,,B,#NAME?
Peads-Neonate-Neonatal Cholestasis-001,2026,Medicine - 5 January (E),Pediatrics,Neonatology,Neonatal Cholestasis,What is the most likely cause for an infant presenting with pale stools and dark urine at 20 days old?,Hemolytic disease of the newborn,Biliary obstruction,Physiological jaundice,Breast milk jaundice,,B,"<div class=""explanation-container""><div class=""explanation-text""><div style=""color:#16a34a;font-weight:800;margin-bottom:6px;"">✔ Correct Answer: Biliary obstruction</div><div style=""margin-bottom:8px;""><b>Explanation:</b> Pale stools with dark urine at 20 days indicate obstructive (conjugated) jaundice due to biliary obstruction.</div><div style=""margin-bottom:10px;padding:8px 10px;background:#ecfdf5;border-left:4px solid #16a34a;border-radius:6px;""><b>Clinical Pearl:</b> Pale stool = no bile reaching gut.</div><br><div style=""color:#dc2626;margin-bottom:4px;""><b>✘ Hemolytic disease of newborn:</b></div>Unconjugated jaundice, stools remain normal.<br><br><div style=""color:#dc2626;margin-bottom:4px;""><b>✘ Physiological jaundice:</b></div>Occurs early, unconjugated, no pale stools.<br><br><div style=""color:#dc2626;margin-bottom:4px;""><b>✘ Breast milk jaundice:</b></div>Prolonged unconjugated jaundice without obstruction.</div></div></div>"
Peads-Neonate-Nutritional Disorders-001,2026,Gynecology - 6 January (M),Pediatrics,Neonatology,Nutritional Disorders,4-year-old boy presented with distended abdomen. Doctor also noticed some hair changes. What is the diagnosis?,Kwashiorkor,Marasmus,Hypothyroidism,Hyperthyroidism,,A,
Peads-Neonate-Nutritional Disorders-002,2026,Medicine - 6 January (E),Pediatrics,Neonatology,Nutritional Disorders,"Child has growth retardation, recurrent bronchitis, chronic diarrhea. Deficiency of which vitamin?",Retinoic acid,Niacin,Thiamine,Cobalamin,,A,Vitamin A deficiency causes growth retardation and recurrent infections.
Peads-Neonate-Nutritional Disorders-003,2026,Surgery - 7 January (E),Pediatrics,Neonatology,Nutritional Disorders,"A 3-year-old child presents with chronic diarrhea, foul-smelling pale stools, and failure to thrive. On examination, he appears undernourished. Which of the following vitamin deficiencies is most likely responsible for his condition?",Vitamin B1 (Thiamine),Vitamin B2 (Riboflavin),Vitamin B3 (Niacin),Retinoic acid (Vitamin A),Vitamin C,D,"A child with:<br>- Chronic diarrhea<br>- Foul-smelling, pale (light-colored) stools<br>- Failure to thrive<br>This suggests fat malabsorption (steatorrhea. → fat-soluble vitamins deficiency (A, D, E, K))."
Peads-Neonate-Post‑maturity Syndrome-001,2026,Medicine - 7 January (M),Pediatrics,Neonatology,Post‑maturity Syndrome,Post-maturity syndrome in a newborn may present with:,Premature skin peeling,Meconium-stained skin and long nails,Jaundice only,Microcephaly,,B,
Peads-Neonate-Preterm Infant-001,2026,Gynecology - 5 January (M),Pediatrics,Neonatology,Preterm Infant,"A baby is born prematurely. He has lanugo hair, regular breathing, sweating, and normal facial features. However, the doctor advises keeping him in a warm environment. At which weeks is the baby most likely born?",24 to 28 weeks,28 to 32 weeks,34 to 36 weeks,10 to 24 weeks,,C,34–36 weeks preterm have mature features but poor temperature regulation.
Patho-Cancer-Oncogenes & Tumor Suppressors-001,2026,Gynecology - 7 January (E),Pathology,Neoplasia,Oncogenes & Tumor Suppressors,A 55 year old man with a long history of cigarette smoking develops chronic cough and weight loss. He is diagnosed with squamous cell carcinoma of the lung. Which of the following is the most likely carcinogen is possible for this malignancy?,Polycystic aromatic hydrocarbons,Nitrosamines,Aflatoxin B1,Arsenic,,A,
Patho-Cancer-Oncogenes & Tumor Suppressors-002,2026,Surgery - 6 January (E),Pathology,Neoplasia,Oncogenes & Tumor Suppressors,Which of the following best defines a proto-oncogene?,A normal gene that suppresses cell proliferation,An abnormal gene that causes increased cell proliferation,A gene that encodes a structural collagen protein,A normal gene that promotes cell proliferation,,D,
Patho-Cancer-Oncogenes & Tumor Suppressors-003,2026,Medicine - 6 January (E),Pathology,Neoplasia,Oncogenes & Tumor Suppressors,Protic oncogene is defined as:,Abnormal gene cause cell proliferation,Abnormal gene cause cell Suppression,Normal gene cause cell proliferation,Normal gene cause cell Suppression,,C,
Patho-Cancer-Oncogenes & Tumor Suppressors-004,2026,Radiology - 5 January (M),Pathology,Neoplasia,Oncogenes & Tumor Suppressors,The tumor suppressor p53 acts primarily on:,RNA,Protein,DNA,Lipids,,C,"p53 regulates DNA repair, cell cycle arrest, and Cell Injury in response to DNA damage."
Patho-Cancer-Oncogenes & Tumor Suppressors-005,2026,Medicine - 5 January (E),Pathology,Neoplasia,Oncogenes & Tumor Suppressors,How are proto-oncogenes best defined?,Viral genes,Mutated genes,Normal genes regulating cell growth,Tumor suppressor genes,,C,"<div class=""explanation-container""><div class=""explanation-text""><div style=""color:#16a34a;font-weight:800;margin-bottom:6px;"">✔ Correct Answer: Normal genes regulating cell growth</div><div style=""margin-bottom:8px;""><b>Explanation:</b> Proto-oncogenes are normal cellular genes that regulate growth and differentiation; mutations convert them into oncogenes.</div><div style=""margin-bottom:10px;padding:8px 10px;background:#ecfdf5;border-left:4px solid #16a34a;border-radius:6px;""><b>Clinical Pearl:</b> Mutation of proto-oncogene → oncogene → cancer.</div><br><div style=""color:#dc2626;margin-bottom:4px;""><b>✘ Viral genes:</b></div>Not proto-oncogenes by definition.<br><br><div style=""color:#dc2626;margin-bottom:4px;""><b>✘ Mutated genes:</b></div>These are oncogenes, not proto-oncogenes.<br><br><div style=""color:#dc2626;margin-bottom:4px;""><b>✘ Tumor suppressor genes:</b></div>Different class of genes preventing cancer.</div></div></div>"
Patho-Cancer-Oncogenes & Tumor Suppressors-006,2026,Gynecology - 5 January (M),Pathology,Neoplasia,Oncogenes & Tumor Suppressors,The tumor suppressor gene p53 is activated primarily in response to:,RNA damage,Protein misfolding,Membrane damage,DNA damage,,D,p53 halts cell cycle and induces repair/Cell Injury after DNA damage.
Patho-Cancer-Oncogenes & Tumor Suppressors-007,2026,Anesthesia - 5 January (M),Pathology,Neoplasia,Oncogenes & Tumor Suppressors,Which of the following is the primary initiator of P53 activation?,Cell wall damage,Cell membrane damage,ATP depletion,Mitochondrial damage,DNA damage,E,"The p53 tumor suppressor protein is primarily activated in response to DNA damage, leading to cell cycle arrest, DNA repair, or Cell Injury to maintain genomic integrity."
Patho-Cancer-Radiation‑induced Tumors-001,2026,Surgery - 7 January (E),Pathology,Neoplasia,Radiation‑induced Tumors,Brain tumor most commonly occur after radiation?,Acute leukemia,Meningioma,AML,CML,,B,Most common after radiation - Leukemia<br>Most common brain tumor after radiation - Meningioma
Patho-Cancer-Squamous Cell Carcinoma-001,2026,Medicine - 5 January (E),Pathology,Neoplasia,Squamous Cell Carcinoma,"Histologically, which feature is characteristic of squamous cell carcinoma?",Mucin production,Keratin pearls,Signet ring cells,Rosettes,,B,"<div class=""explanation-container""><div class=""explanation-text""><div style=""color:#16a34a;font-weight:800;margin-bottom:6px;"">✔ Correct Answer: Keratin pearls</div><div style=""margin-bottom:8px;""><b>Explanation:</b> Keratin pearl formation is a classic histological feature of squamous cell carcinoma.</div><div style=""margin-bottom:10px;padding:8px 10px;background:#ecfdf5;border-left:4px solid #16a34a;border-radius:6px;""><b>Clinical Pearl:</b> Keratin pearls = well-differentiated SCC.</div><br><div style=""color:#dc2626;margin-bottom:4px;""><b>✘ Mucin production:</b></div>Seen in adenocarcinomas.<br><br><div style=""color:#dc2626;margin-bottom:4px;""><b>✘ Signet ring cells:</b></div>Seen in gastric adenocarcinoma.<br><br><div style=""color:#dc2626;margin-bottom:4px;""><b>✘ Rosettes:</b></div>Seen in neuroendocrine tumors.</div></div></div>"
Patho-Cancer-Staging-001,2026,Medicine - 5 January (E),Pathology,Neoplasia,Staging,"What is the most likely TNM classification for a 3.5 cm primary tumor, not fixed, with suspicious ipsilateral regional lymph nodes?",T1,T2,T3,T4,,B,"<div class=""explanation-container""><div class=""explanation-text""><div style=""color:#16a34a;font-weight:800;margin-bottom:6px;"">✔ Correct Answer: T2</div><div style=""margin-bottom:8px;""><b>Explanation:</b> Tumors measuring more than 2 cm but not more than 5 cm are classified as T2 in TNM staging.</div><div style=""margin-bottom:10px;padding:8px 10px;background:#ecfdf5;border-left:4px solid #16a34a;border-radius:6px;""><b>Clinical Pearl:</b> 2–5 cm = T2 cutoff rule.</div><br><div style=""color:#dc2626;margin-bottom:4px;""><b>✘ T1:</b></div>Tumors ≤2 cm.<br><br><div style=""color:#dc2626;margin-bottom:4px;""><b>✘ T3:</b></div>>5 cm or local extension depending on tumor type.<br><br><div style=""color:#dc2626;margin-bottom:4px;""><b>✘ T4:</b></div>Invasion into adjacent structures.</div></div></div>"
Patho-Cancer-Tumor Markers-001,2026,Surgery - 7 January (E),Pathology,Neoplasia,Tumor Markers,Which of the following is tumor marker of pancreatic adenocarcinoma?,CEA,AFP,LDH,CA-125,,A,
Patho-Cancer-Tumor Markers-002,2026,Surgery - 6 January (E),Pathology,Neoplasia,Tumor Markers,A 62-year-old man has colorectal carcinoma. Which tumor marker is most useful for monitoring treatment response and detecting recurrence?,AFP,beta-hCG,PSA,CEA,,D,
Patho-Cancer-Tumor Markers-003,2026,Radiology - 6 January (M),Pathology,Neoplasia,Tumor Markers,A 62-year-old man is diagnosed with colorectal carcinoma. Which tumor marker is most useful for monitoring treatment response and recurrence?,AFP,CA-125,PSA,CEA,,D,CEA
Patho-Cancer-Tumor Markers-004,2026,Radiology - 5 January (M),Pathology,Neoplasia,Tumor Markers,Marker for hepatocellular carcinoma (HCC):,CA 19-9,AFP,CEA,PSA,,B,
Patho-Cancer-Tumor Markers-005,2026,Surgery - 7 January (E),Pathology,Neoplasia,Tumor Markers,Tumor marker for medullary Ca of thyroid gland:,Calcium,PTH,Alp,CA 19-9,Calcitonin,E,
Patho-Cancer-Tumor Markers-006,2026,Medicine - 8 January (M),Pathology,Neoplasia,Tumor Markers,Correct tumor marker cancer pairs are:,AFP – Colon cancer,CA-19-9 – Pancreatic cancer,CEA – Ovarian cancer,PSA – Lung cancer,,B,
Patho-Cancer-Tumor Markers-007,2026,Medicine - 6 January (E),Pathology,Neoplasia,Tumor Markers,Most specific tumor marker for differentiated thyroid carcinoma is:,CEA,Thyroglobulin,Calcitonin,AFP,,B,
Patho-Cancer-Tumor Markers-008,2026,Gynecology - 6 January (M),Pathology,Neoplasia,Tumor Markers,Which of the following is the tumor marker of Medullary CA?,PTHrp,CA 19 – 9,Calcitonin,CA 15 – 5,ALP,C,
Patho-Cancer-Viral Oncogenesis-001,2026,Surgery - 7 January (E),Pathology,Neoplasia,Viral Oncogenesis,Kaposi's sarcoma is caused by infection with which of the following oncogenic viruses/gene(s)?,HPV 6,HPV 11,HPV 16,Human herpesvirus-8 (HHV-8),,D,
Ana-Neuro-Autonomic Neuro-001,2026,Surgery - 7 January (E),Anatomy,Nervous System,Autonomic Nervous System,Pain arising from irritation of the peritoneum in the epigastric region is transmitted to the spinal cord by which nerve?,Vagus nerve,Greater splanchnic nerve,Lesser splanchnic nerve,Phrenic nerve,,B,Prefer lower intercostal nerves
Ana-Neuro-Basal Ganglia-001,2026,Anesthesia - 5 January (M),Anatomy,Nervous System,Basal Ganglia,Corpus striatum contains?,Caudate + putamen,Caudate + lentiform,Caudate + globus pallidus,Lentiform + globus pallidus,,B,Neostriatum – Caudate + Putamen<br>Corpus striatum – Caudate + Lentiform<br>Paleo striatum – Globus pallidus<br>Lentiform nucleus – Globus pallidus + Putamen
Ana-Neuro-Brainstem-001,2026,Medicine - 8 January (M),Anatomy,Nervous System,Brainstem,A patient presents with right-sided ptosis and ophthalmoplegia along with left-sided weakness of the body. The lesion is most likely located in the:,Right cerebral hemisphere,Left internal capsule,Right brainstem,Cerebellar hemisphere,,C,Crossed hemiplegia
Ana-Neuro-Brainstem-002,2026,Medicine - 5 January (E),Anatomy,Nervous System,Brainstem,"A 45-year-old has right ptosis, right eye deviated ""down and out"", left limb weakness, and mouth deviating to the left. Where is the most likely site of the lesion?",Medial medulla,Lateral medulla,Ventral midbrain (cerebral peduncle),Ventral pons,,C,"<div class=""explanation-container""><div class=""explanation-text""><div style=""color:#16a34a;font-weight:800;margin-bottom:6px;"">✔ Correct Answer: Ventral midbrain (cerebral peduncle)</div><div style=""margin-bottom:8px;""><b>Explanation:</b> Ipsilateral CN III palsy with contralateral hemiparesis indicates Weber syndrome, caused by a lesion in the ventral midbrain.</div><div style=""margin-bottom:10px;padding:8px 10px;background:#ecfdf5;border-left:4px solid #16a34a;border-radius:6px;""><b>Clinical Pearl:</b> CN III palsy + contralateral weakness = midbrain lesion.</div><br><div style=""color:#dc2626;margin-bottom:4px;""><b>✘ Medial medulla:</b></div>Causes contralateral weakness + ipsilateral tongue deviation.<br><br><div style=""color:#dc2626;margin-bottom:4px;""><b>✘ Lateral medulla:</b></div>Wallenberg syndrome features.<br><br><div style=""color:#dc2626;margin-bottom:4px;""><b>✘ Ventral pons:</b></div>Causes facial nerve involvement (Millard-Gubler).</div></div></div>"
Ana-Neuro-Brainstem-003,2026,Medicine - 7 January (M),Anatomy,Nervous System,Brainstem,Head turning toward auditory site involves which structure:,Superior colliculus,Inferior colliculus,Cochlear nucleus,Vestibular nucleus,,B,
Ana-Neuro-Brainstem-004,2026,Surgery - 7 January (E),Anatomy,Nervous System,Brainstem,"A lesion affecting facial nerve nucleus, abducent nucleus, and corticospinal tracts most likely involves which part of the brainstem?",Midbrain,Medullary carcinoma,Pons,Thalamus,Cerebellum,C,
Ana-Neuro-Cerebellum-001,2026,Surgery - 7 January (E),Anatomy,Nervous System,Cerebellum,Patient has a lesion involving balance and eye movements. Which part of the cerebellum is affected?,Anterior lobe,Posterior lobe,Flocculonodular lobe,Vermis,Cerebellar hemisphere,C,The flocculonodular lobe (vestibulocerebellum) controls balance and eye movements; lesions cause truncal ataxia and nystagmus.
Ana-Neuro-Cerebellum-002,2026,Gynecology - 7 January (E),Anatomy,Nervous System,Cerebellum,Patient has a lesion involving balance and eye movements. Which part of the cerebellum is affected?,Anterior lobe,Posterior lobe,Flocculonodular lobe,Vermis,Cerebellar hemisphere,C,The flocculonodular lobe (vestibulocerebellum) controls balance and eye movements; lesions cause truncal ataxia and nystagmus.
Ana-Neuro-Cerebral Cortex-001,2026,Radiology - 6 January (M),Anatomy,Nervous System,Cerebral Cortex,"A 55-year-old patient presents with difficulty recognizing objects placed in his right hand with eyes closed. On examination, motor power and primary sensations (pain, temperature, touch) are intact. Which area of the brain is most likely affected?",Primary motor cortex,Visual association cortex,Primary somatosensory cortex,Somatosensory association area,Prefrontal cortex,D,"Stereognosis (recognizing objects by touch) requires integration of sensory information, which occurs in the parieto-occipital association cortex (parietal lobe)."
Ana-Neuro-Cerebral Cortex-002,2026,Surgery - 6 January (E),Anatomy,Nervous System,Cerebral Cortex,"A patient has lost fine touch, pain, and temperature sensation, and MRI demonstrates a parietal lobe lesion. Which Brodmann areas are involved?","1, 2, 2003",4,17,41,,A,
Ana-Neuro-Cerebral Cortex-003,2026,Radiology - 6 January (M),Anatomy,Nervous System,Cerebral Cortex,"A patient presents with Broca’s aphasia, characterized by non-fluent, effortful speech with relatively preserved comprehension. Which area of the brain is primarily affected in this condition?",Posterior part of the inferior frontal gyrus of the dominant hemisphere,Superior temporal gyrus of the dominant hemisphere,Angular gyrus of the dominant hemisphere,Supramarginal gyrus of the dominant hemisphere,,A,Lesion of non-dominant hemisphere brocas area leads to Anomic Aphasia Broca aphasia – Motor aphasia + Non-fluent + area 44 and 45 + inferior frontal gyrus Wernicke aphasia – Sensory aphasia + fluent + area 22+ superior temporal gyrus Global aphasia – Both Wernicke and brocaaphasia + arcuate fasciculus Anomic aphasia – Mild fluent aphasia + failure of word retrieval + angular gyrus
Ana-Neuro-Cerebral Cortex-004,2026,Anesthesia - 5 January (M),Anatomy,Nervous System,Cerebral Cortex,"A patient understands language but has non-fluent, effortful speech. Which area is involved?",Wernicke's area,Temporal lobe,Parietal lobe,Broca’s area,Occipital lobe,D,
Ana-Neuro-Cerebral Cortex-005,2026,Radiology - 5 January (M),Anatomy,Nervous System,Cerebral Cortex,Broca's area location:,Cingulate gyrus,Premotor cortex,Somatosensory cortex,Inferior frontal gyrus,,D,
Ana-Neuro-Cerebral Cortex-006,2026,Medicine - 8 January (M),Anatomy,Nervous System,Cerebral Cortex,"A pure motor stroke affecting face, arm, and leg equally suggests lesion in:",Thalamus,Internal capsule,Pons,Cerebellum,,B,
Ana-Neuro-Cerebral Cortex-007,2026,Medicine - 8 January (M),Anatomy,Nervous System,Cerebral Cortex,A patient presents with contralateral hemiplegia of the upper limb face and deviation of the tongue toward the right side. Which artery most likely involved?,Anterior cerebral artery,Posterior cerebral artery,Middle cerebral artery,Vertebral artery,,C,"Site of lesion: Anterior cerebral artery - Contralateral hemiparesis and sensory loss, lower extremity > upper. Middle cerebral artery - Contralateral hemiparesis and sensory loss, upper extremity > lower, Contralateral homonymous hemianopia, Aphasia. Posterior cerebral artery - Contralateral homonymous hemianopia with macular sparing, Visual agnosia, Cortical blindness, Thalamic syndrome, Weber's syndrome (ipsilateral CN III palsy, contralateral weakness). PICA (Wallenberg syndrome) - Ipsilateral facial pain/temp loss, Contralateral limb/torso pain/temp loss, ataxia, nystagmus. AICA (lateral pontine syndrome) - similar to Wallenberg plus ipsilateral facial paralysis and deafness."
Ana-Neuro-Cerebral Cortex-008,2026,Medicine - 7 January (M),Anatomy,Nervous System,Cerebral Cortex,SDH involves rupture of:,Middle Meningeal Artery,Bridging veins,Basal vein,ICA,,B,
Ana-Neuro-Cerebrospinal Fluid-001,2026,Surgery - 7 January (E),Anatomy,Nervous System,Cerebrospinal Fluid,CSF is mainly produced by:,Arachnoid granulations,Pia mater,Choroid plexus,Choroid sinuses,Ventricular walls,C,
Ana-Neuro-Cerebrovascular Disease-001,2026,Radiology - 5 January (M),Anatomy,Nervous System,Cerebrovascular Disease,First branch of basilar artery is:,Posterior cerebral artery (PCA),Anterior inferior cerebellar artery (AICA),Superior cerebellar artery,Pontine arteries,,B,
Ana-Neuro-Cerebrum-001,2026,Surgery - 7 January (E),Anatomy,Nervous System,Cerebrum,Broca's area located in:,Inferior frontal lobe,Superior frontal lobe,Superior temporal gyrus,Inferior frontal gyrus,,D,Lesion of non-dominant hemisphere brocas area leads to Anomic Aphasia
Ana-Neuro-Cerebrum-002,2026,Medicine - 5 January (E),Anatomy,Nervous System,Cerebrum,"A patient shows decreased social inhibition, problem-solving difficulties, and reduced aggression. Which brain region is most likely involved?",Prefrontal cortex,Limbic association cortex,Broca's area,Premotor cortex,Optic Chiasm,A,"<div class=""explanation-container""><div class=""explanation-text""><div style=""color:#16a34a;font-weight:800;margin-bottom:6px;"">✔ Correct Answer: Prefrontal cortex</div><div style=""margin-bottom:8px;""><b>Concept:</b> Executive function control</div><div style=""margin-bottom:8px;""><b>Explanation:</b> The prefrontal cortex regulates decision-making, social behavior, and inhibition. Damage leads to disinhibition, impaired judgment, and personality changes.</div><div style=""margin-bottom:10px;padding:8px 10px;background:#ecfdf5;border-left:4px solid #16a34a;border-radius:6px;""><b>Clinical Pearl:</b> Prefrontal cortex damage = “social filter gone.”</div><br><div style=""color:#dc2626;margin-bottom:4px;""><b>✘ Limbic association cortex:</b></div>Primarily involved in emotions and memory, not executive control.<br><br><div style=""color:#dc2626;margin-bottom:4px;""><b>✘ Broca's area:</b></div>Responsible for speech production.<div style=""color:#dc2626;margin-bottom:4px;""><br><b>✘ Premotor cortex:</b></div>Involved in planning voluntary movement.<div style=""color:#dc2626;margin-bottom:4px;""><br><b>✘ Optic chiasm:</b></div>Involved in visual pathway crossing, not behavior.</div></div></div>"
Ana-Neuro-Cerebrum-003,2026,Gynecology - 6 January (M),Anatomy,Nervous System,Cerebrum,A patient experiences one-sided weakness (hemiplegia) without sensory loss. Which part of the internal capsule is affected?,Genu,Anterior limb – anterior part,Anterior limb – posterior part,Posterior limb – anterior part,Posterior limb – posterior part,D,The anterior part of posterior limb of internal capsule contains corticospinal fibers; lesions cause pure motor hemiplegia with preserved sensation.
Ana-Neuro-Cranial Nerves-001,2026,Gynecology - 6 January (M),Anatomy,Nervous System,Cranial Nerves,A 68 year old smoker with bronchogenic carcinoma develops wasting and wrinkling of the right half of the tongue. Examination reveals cervical lymph adenopathy which cranial lymph nucleus is likely affected?,Corda Tympani,Lingual Nerve,Hypoglossal Nucleus,Glossopharyngeal nucleus,,C,Unilateral tongue wasting → LMN lesion (CN XII (hypoglossal)).<br>Tongue deviates toward lesion side.
Ana-Neuro-Cranial Nerves-002,2026,Medicine - 5 January (E),Anatomy,Nervous System,Cranial Nerves,A lesion of which cranial nerve is indicated by a laterally rotated eye?,Oculomotor (III),Trochlear (IV),Abducens (VI),Optic (II),,A,"<div class=""explanation-container""><div class=""explanation-text""><div style=""color:#16a34a;font-weight:800;margin-bottom:6px;"">✔ Correct Answer: Oculomotor (III)</div><div style=""margin-bottom:8px;""><b>Explanation:</b> A laterally deviated eye at rest classically indicates oculomotor nerve (CN III) palsy. Loss of medial, superior, and inferior rectus muscles leaves the lateral rectus (CN VI) unopposed, pulling the eye outward.</div><div style=""margin-bottom:10px;padding:8px 10px;background:#ecfdf5;border-left:4px solid #16a34a;border-radius:6px;""><b>Clinical Pearl:</b> CN III palsy = “down and out” eye due to unopposed CN VI and CN IV actions.</div><br><div style=""color:#dc2626;margin-bottom:4px;""><b>✘ Trochlear (IV):</b></div>Causes vertical diplopia and difficulty looking down (superior oblique weakness).<br><br><div style=""color:#dc2626;margin-bottom:4px;""><b>✘ Abducens (VI):</b></div>Causes inability to abduct the eye; eye rests medially (esotropia), not laterally.<br><br><div style=""color:#dc2626;margin-bottom:4px;""><b>✘ Optic (II):</b></div>Affects vision (afferent pathway), not eye position or movement.</div></div></div>"
Ana-Neuro-Cranial Nerves-003,2026,Medicine - 5 January (E),Anatomy,Nervous System,Cranial Nerves,"If a patient has a facial nerve injury proximal to the chorda tympani origin, which function remains preserved?",Taste sensation from anterior two-thirds of tongue,Lacrimation,Movements of muscles of upper face,Sensation from anterior two-thirds of tongue,,D,"<div class=""explanation-container""><div class=""explanation-text""><div style=""color:#16a34a;font-weight:800;margin-bottom:6px;"">✔ Correct Answer: Sensation from anterior two-thirds of tongue</div><div style=""margin-bottom:8px;""><b>Explanation:</b> Lesion proximal to chorda tympani spares general sensation of anterior tongue (V3 via lingual nerve) but affects taste and parasympathetics.</div><div style=""margin-bottom:10px;padding:8px 10px;background:#ecfdf5;border-left:4px solid #16a34a;border-radius:6px;""><b>Clinical Pearl:</b> Chorda tympani lesion = loss of taste, not general sensation.</div><br><div style=""color:#dc2626;margin-bottom:4px;""><b>✘ Taste sensation from anterior two-thirds of the tongue:</b></div>Lost in facial nerve lesion distal to chorda tympani.<br><br><div style=""color:#dc2626;margin-bottom:4px;""><b>✘ Lacrimation:</b></div>Depends on greater petrosal branch, may be affected depending on lesion level.<br><br><div style=""color:#dc2626;margin-bottom:4px;""><b>✘ Movements of muscles of upper face:</b></div>Usually affected in facial nerve palsy.</div></div></div>"
Ana-Neuro-Cranial Nerves-004,2026,Medicine - 7 January (M),Anatomy,Nervous System,Cranial Nerves,A patient complains of deep-seated pain around the upper cheek and lower orbital region. Which nerve is most likely involved?,Ophthalmic nerve (V1),Maxillary nerve (V2),Mandibular nerve (V3),Facial nerve (CN VII),,B,"Explanation: The maxillary branch of trigeminal nerve supplies sensation to midface, including the region below the eye and upper cheek, transmitting deep pain signals."
Ana-Neuro-Cranial Nerves-005,2026,Medicine - 7 January (M),Anatomy,Nervous System,Cranial Nerves,"A patient presents with ptosis, diplopia, and loss of light accommodation reflexes. The lesion is likely at the ciliary ganglion or afferent fibers. The preganglionic input is via:",Oculomotor nerve (CN III),Trochlear nerve (CN IV),Trigeminal nerve (CN V),Facial nerve (CN VII),,A,Explanation: In CN3 palsy - pupils dilation occurs + Ptosis. In Hornor syndrome - Damage to cervical Sympathetic chain + pupil constriction + Ptosis and Anhydrosis. In CN 4 palsy - Vertical Diplopia. In CN 6 palsy - Horizontal Diplopia. In CN3 palsy - both Vertical and Horizontal Diplopia.
Ana-Neuro-Cranial Nerves-006,2026,Medicine - 7 January (M),Anatomy,Nervous System,Cranial Nerves,A patient presents with a parotif gland related issue. Which cranial nerve is primarily involved in its parasympatthetic innervation,Facial nerve,Glossopharyngeal nerve,Vagus nerve,Trigeminal nerve,,B,
Ana-Neuro-Cranial Nerves-007,2026,Medicine - 8 January (M),Anatomy,Nervous System,Cranial Nerves,A patient complains of vertical diplopia that worsens while walking downstairs or reading. Which cranial nerve is most likely involved?,Oculomotor nerve,Trochlear nerve,Abducens nerve,Optic nerve,,B,Vertical Diplopia – CN 4 > CN3. 4th nerve palsy – Diplopia on seeing down (vertical). 3rd nerve palsy – Diplopia on seeing down (Vertical) and or right and left (horizontal). 6th Nerve palsy - Diplopia on seeing right or left (horizontal).
Ana-Neuro-Cranial Nerves-008,2026,Gynecology - 5 January (M),Anatomy,Nervous System,Cranial Nerves,A patient presents with hyperacusis due to facial nerve involvement. Through which foramen does this nerve pass?,Jugular foramen,Foramen ovale,Internal acoustic meatus,Foramen spinosum,,C,"Facial nerve passes through the internal acoustic meatus.<br>Facial nerve branches (mnemonic) Superior to inferior) as they exit the anterior border of the parotid gland: To Zanzibar By Motor Car<br>1. T: temporal<br>2. Z: zygomatic<br>3. B: buccal<br>4. M: mandibular<br>5. C: cervical<br>Facial Palsy + Convergent Squint = Lesion in Pons<br>Supply - 'face, ear, taste, tear'<br>Face: muscles of facial expression<br>Ear: nerve to stapedius (Hyperacusis is due to paralysis of stapedius)<br>Taste: supplies anterior two-thirds of tongue<br>Tear: parasympathetic fibres to lacrimal glands, also salivary glands<br>Orbicularis oculi is affected causing inability to blink/close eyelids."
Ana-Neuro-Cranial Nerves-009,2026,Gynecology - 6 January (M),Anatomy,Nervous System,Cranial Nerves,"A patient presents with deviation of the tongue to the right side on protrusion, with intact sensation. Which nerve is injured?",Left hypoglossal nerve,Right hypoglossal nerve,Glossopharyngeal nerve,Vagus nerve,Facial nerve,B,
Ana-Neuro-Cranial Nerves-010,2026,Medicine - 7 January (M),Anatomy,Nervous System,Cranial Nerves,Preganglionic parasympathetic fibers destined for the parotid gland travel through which pathway?,Greater petrosal nerve,Vagus nerve only,Glossopharyngeal only,Hypoglossal nerve,,A,
Ana-Neuro-Cranial Nerves-011,2026,Gynecology - 5 January (M),Anatomy,Nervous System,Cranial Nerves,A patient is unable to shrug shoulders following injury in the posterior triangle of the neck. Which nerve is damaged?,Phrenic nerve,Spinal accessory nerve,Vagus nerve,Greater auricular nerve,,B,
Ana-Neuro-Cranial Nerves-012,2026,Surgery - 6 January (E),Anatomy,Nervous System,Cranial Nerves,A patient has excessive tearing. Which nerve carries the postganglionic parasympathetic fibers that innervate the lacrimal gland?,Mandibular nerve,Maxillary nerve,Facial nerve,Optic nerve,,B,
Ana-Neuro-Cranial Nerves-013,2026,Surgery - 6 January (E),Anatomy,Nervous System,Cranial Nerves,"A patient presents with excessive lacrimation. Which of the following nerves, associated with the pterygopalatine ganglion, is most likely responsible for lacrimation?",Chorda tympani,Optic nerve,Auriculotemporal nerve,Greater petrosal nerve,,D,
Ana-Neuro-Cranial Nerves-014,2026,Gynecology - 7 January (E),Anatomy,Nervous System,Cranial Nerves,A patient has damage to a nerve coming out from dosrsal surface of side of the brainstem. What will be the defect in this patient?,Left sided loss of intorsion,Ptosis of the left eye,Loss of corneal reflex on right,Loss of corneal reflex on left,,A,(Trochlear nerve injury)
Ana-Neuro-Motor System-001,2026,Radiology - 5 January (M),Anatomy,Nervous System,Motor System,Tract going from cortex → Internal capsule → brainstem for decussation is:,Cortibulbar,Corticospinal,Spinothalamic,Dorsal column,,B,
Ana-Neuro-Motor System-002,2026,Anesthesia - 5 January (M),Anatomy,Nervous System,Motor System,Paralysis of the left face plus left upper and lower limb is most likely due to a lesion in the:,Right Internal capsule,Pons,Cerebellum,Medulla,Frontal lobe,A,
Ana-Neuro-Motor System-003,2026,Radiology - 5 January (M),Anatomy,Nervous System,Motor System,Right hemiplegia but sensations intact. Which part of internal capsule is affected?,Anterior limb,Posterior limb,Genu,Retrolenticular part,,B,
Ana-Neuro-Motor System-004,2026,Radiology - 6 January (M),Anatomy,Nervous System,Motor System,A patient experiences one-sided weakness (hemiplegia). Without sensory loss. Which part of the internal capsule is affected?,Genu,Anterior limb – anterior part,Anterior limb – posterior part,Posterior limb — anterior part,Posterior limb — posterior part,D,The anterior part of posterior lobe of internal capsule contains subcapsular fibers; lesions cause pure motor hemiplegia with preserved sensation.
Ana-Neuro-Motor System-005,2026,Anesthesia - 5 January (M),Anatomy,Nervous System,Motor System,Which of the following is the composition of the internal capsule?,Grey matter,White matter,Oligodendrocytes,Glial cells,Podocytes,B,
Ana-Neuro-Peripheral Nerves-001,2026,Medicine - 6 January (E),Anatomy,Nervous System,Peripheral Nerves,Patient has loss of sensation below the chin till upper border of manubriosternum. Dermato involved is:,C2–C3,C1,C3–C4,C4–C5,,C,
Ana-Neuro-Peripheral Nerves-002,2026,Gynecology - 5 January (M),Anatomy,Nervous System,Peripheral Nerves,Damage to the posterior (dorsal) root of the spinal cord results in:,Motor paralysis,Loss of reflexes only,Sensory loss,Autonomic dysfunction,,C,
Ana-Neuro-Peripheral Nerves-003,2026,Gynecology - 6 January (M),Anatomy,Nervous System,Peripheral Nerves,"A mechanic is having difficulty with his hand grip. His thumb movements are intact, but he is unable to flex his fingers at the proximal and distal phalanges. Which nerve is involved?",Ulnar nerve,Median nerve,Musculocutaneous nerve,Radial nerve,Axillary Nerve,B,The inability to flex the fingers at the proximal and distal phalanges indicates paralysis of the Flexor Digitorum Superficialis and Flexor Digitorum Profundus (lateral half). These are mainly supplied by the Median Nerve. The thumb movements being intact suggests the lesion may be more distal. The Ulnar nerve supplies the Flexor Digitorum Profundus for digits 4 and 5.
Ana-Neuro-Peripheral Nerves-004,2026,Gynecology - 5 January (M),Anatomy,Nervous System,Peripheral Nerves,A patient presents with an adducted thumb and loss of thenar muscle bulk. Which nerve is most likely damaged?,Ulnar nerve,Median nerve,Radial nerve,Deep ulnar nerve,,B,Median nerve supplies thenar muscles; injury → ape hand.
Ana-Neuro-Peripheral Nerves-005,2026,Gynecology - 6 January (M),Anatomy,Nervous System,Peripheral Nerves,A patient develops elevation of one hemidiaphragm on chest X-ray after neck surgery. Injury to which nerve is responsible?,Yagus nerve,Intercostal nerve,Phrenic nerve,Accessory nerve,Sympathetic chain,C,
Ana-Neuro-Peripheral Nerves-006,2026,Gynecology - 5 January (M),Anatomy,Nervous System,Peripheral Nerves,A patient develops fecal incontinence following pelvic surgery. Which nerve injury is most likely?,Hypogastric nerve,Pudendal nerve,Femoral nerve,Obturator nerve,,B,Pudendal nerve supplies external anal sphincter.
Ana-Neuro-Peripheral Nerves-007,2026,Gynecology - 6 January (M),Anatomy,Nervous System,Peripheral Nerves,A patient has a post-avulsion injury involving the sciatic nerve. Which deficit is most likely?,Loss of knee extension,Loss of hip adduction,Loss of dorsiflexion and plantar flexion,Loss of hip flexion,Loss of thigh sensation only,C,
Ana-Neuro-Peripheral Nerves-008,2026,Radiology - 5 January (M),Anatomy,Nervous System,Peripheral Nerves,Short muscles of the hand are paralyzed due to a lesion in:,Lower trunk,Upper trunk,Median nerve,Radial nerve,,A,
Ana-Neuro-Sensory System-001,2026,Radiology - 5 January (M),Anatomy,Nervous System,Sensory System,MI pain referred to jaw is due to:,CN IX,CN XI,Phrenic nerve,Sympathetic nerves,,D,
Ana-Neuro-Spinal Cord-001,2026,Medicine - 7 January (M),Anatomy,Nervous System,Spinal Cord,A patient falls from the second story and develops urinary incontinence. The nerve roots likely involved are:,"L1, L2","L4, L5","S2, S3, S4","S1, S2",,C,
Ana-Neuro-Spinal Cord-002,2026,Medicine - 7 January (M),Anatomy,Nervous System,Spinal Cord,Proprioception is taken to which nucleus?,Nucleus proprius,Substantia gelatinosa,Clark’s nucleus,Nucleus melanosa,,C,
Ana-Neuro-Spinal Cord-003,2026,Radiology - 6 January (M),Anatomy,Nervous System,Spinal Cord,A lesion affecting L1–L2 vertebral levels usually involves which structure?,Cauda equina,Conus medullaris,Lumbar plexus,Sacral nerve roots,,B,The spinal cord typically ends at L1–L2 → called the conus medullaris. Below this level → cauda equina.
Ana-Neuro-Spinal Cord-004,2026,Medicine - 5 January (E),Anatomy,Nervous System,Spinal Cord,Preserved touch but loss of pain and temperature in a limb suggests a lesion in the:,Dorsal column lesion,Lateral spinothalamic tract lesion,Corticospinal tract lesion,Spinocerebellar tract lesion,,B,"<div class=""explanation-container""><div class=""explanation-text""><div style=""color:#16a34a;font-weight:800;margin-bottom:6px;"">✔ Correct Answer: Lateral spinothalamic tract lesion</div><div style=""margin-bottom:8px;""><b>Explanation:</b> Pain and temperature are carried by the spinothalamic tract, while dorsal columns carry touch and vibration. Selective loss indicates lateral spinothalamic involvement.</div><div style=""margin-bottom:10px;padding:8px 10px;background:#ecfdf5;border-left:4px solid #16a34a;border-radius:6px;""><b>Clinical Pearl:</b> Dissociated sensory loss = spinal cord tract localization.</div><br><div style=""color:#dc2626;margin-bottom:4px;""><b>✘ Dorsal column lesion:</b></div>Loss of vibration and proprioception.<br><br><div style=""color:#dc2626;margin-bottom:4px;""><b>✘ Corticospinal tract lesion:</b></div>Motor deficits.<div style=""color:#dc2626;margin-bottom:4px;""><br><b>✘ Spinocerebellar tract lesion:</b></div>Ataxia, not sensory loss.</div></div></div>"
Ana-Neuro-Spinal Cord-005,2026,Medicine - 7 January (M),Anatomy,Nervous System,Spinal Cord,A patient experiences left leg pain. Relief of this pain can be achieved by interrupting which tract on the contralateral (right) side?,Dorsal column,Lateral corticospinal tract,Right lateral spinothalamic tract,Spinocerebellar tract,,C,"Explanation: Pain and temperature fibers cross within one or two spinal segments and ascend in the contralateral lateral spinothalamic tract; thus, a right-sided lesion alleviates left leg pain."
Ana-Neuro-Spinal Cord-006,2026,Medicine - 7 January (M),Anatomy,Nervous System,Spinal Cord,Interruption of which pathway results in loss of pressure or vibration sensation?,Lateral spinothalamic tract,Dorsal column-medial lemniscus (DCML),Spinocerebellar tract,Corticospinal tract,,B,
Ana-Neuro-Spinal Cord-007,2026,Medicine - 7 January (M),Anatomy,Nervous System,Spinal Cord,Vibration sensation from the upper limb may be processed via:,Clarke's nucleus,Dorsal column nuclei,Spinothalamic tract,Lateral corticospinal tract,,B,
Ana-Neuro-Spinal Cord-008,2026,Radiology - 5 January (M),Anatomy,Nervous System,Spinal Cord,At which vertebral level does the subarachnoid space end?,L1,L3,S2,S4,,C,
Ana-Neuro-Spinal Cord-009,2026,Anesthesia - 5 January (M),Anatomy,Nervous System,Spinal Cord,Subarachnoid space in adults ends at:,S2,S1,L1 lower border,Coccyx,,A,In the Adult:<br>- Spinal cord ends at the level of lower border of the body of the L1 vertebra<br>- Subarachnoid space ends at the lower border of the body of S2 Vertebra<br><br>In the Child:<br>- Spinal cord ends at – L3 Vertebra
Ana-Neuro-Spinal Cord-010,2026,Gynecology - 6 January (M),Anatomy,Nervous System,Spinal Cord,A patient presents after a spinal cord injury and is unable to void urine. Which spinal segments are most likely involved?,"S2, S3, S4","S1, S2, S3","S2, S3, L4","L1, L2, S2",,A,
Ana-Neuro-Spinal Cord-011,2026,Radiology - 5 January (M),Anatomy,Nervous System,Spinal Cord,Reduction of the C5-C6 intervertebral space compresses which nerve?,C5,C6,C7,C8,,B,
Ana-Neuro-Spinal Cord-012,2026,Radiology - 6 January (M),Anatomy,Nervous System,Spinal Cord,Which ligament originates from the external occipital protuberance and attaches to the spinous processes of cervical vertebrae?,Ligamentum nuchae,Anterior longitudinal ligament,Posterior longitudinal ligament,Supraspinous ligament,,A,Ligamentum nuchae is a strong midline ligament in the posterior neck. It extends from external occipital protuberance and median nuchal line to the spinous processes of cervical vertebrae. Supports the head and limits flexion. Other ligaments are either along vertebral bodies (anterior/posterior longitudinal) or continuous with thoracic supraspinous ligament.
Ana-Neuro-Ventricular System-001,2026,Medicine - 6 January (E),Anatomy,Nervous System,Ventricular System,Obstruction of CSF flow leading to non-communicating hydrocephalus most commonly occurs at:,Foramen of Magendie,Foramen of Luschka,Aqueduct of Sylvius,Central canal,,C,Aqueductal stenosis is the most common site. FORMATION AND CIRCULATION OF CSF: CSF is made by ependymal cells of the choroid plexus. It is reabsorbed by arachnoid granulations. Drains into the dural venous sinuses. Majority of CSF is produced within the two lateral ventricles. From lateral ventricle → Foramina of Monro → 3rd ventricle. From 3rd ventricle → Cerebral aqueduct of Sylvius → 4th ventricle. From 4th ventricle → Foramina of Luschka → Lateral → Foramen of Magendie.
Ana-Neuro-Ventricular System-002,2026,Surgery - 6 January (E),Anatomy,Nervous System,Ventricular System,"A patient presents with fever, neck stiffness, and altered mental status and requires a lumbar puncture. Which anatomical site is ideal for the procedure?",Above the spinous process of L4,Below the spinous process of L2,Foramen magnum,Below the spinous process of L5,,A,
Ana-Neuro-Ventricular System-003,2026,Radiology - 6 January (M),Anatomy,Nervous System,Ventricular System,A patient presented with neckrigidity fever and alter state forlumbar puncture which of the following is ideal site?,Above the spinous process of L4,Below the spinous process of L5,Conus medullaris,Below Spinous process of L2,,A,Prefer Below – L4 Above – L5 Between – L4–5
Ana-Neuro-Ventricular System-004,2026,Gynecology - 5 January (M),Anatomy,Nervous System,Ventricular System,The subarachnoid space in adults ends at which vertebral level?,S2,L2,L3,L4,S3,A,Subarachnoid space ends at S2; spinal cord ends at L1.
Ana-Neuro-Ventricular System-005,2026,Gynecology - 7 January (E),Anatomy,Nervous System,Ventricular System,Obstruction of the cerebral aqueduct causes dilation of:,Only 4th ventricle,3rd & 4th ventricles,Lateral & 3rd ventricles,Lateral & 4th ventricles,,C,FORMATION AND CIRCULATION OF CSF - CSF is made by ependymal cells of the choroid plexus - It is reabsorbed by arachnoid granulations - Drains into the dural venous sinuses - Majority of CSF is produced within the two lateral ventricles - From lateral ventricle → Foramina of Monro → 3rd ventricle - From 3rd ventricle → Cerebral aqueduct of Sylvius → 4th ventricle - From 4th ventricle → Foramina of Luschka — Lateral → Foramen of Magendie — Medial → Into subarachnoid space
Ana-Neuro-Visual Pathway-001,2026,Medicine - 5 January (E),Anatomy,Nervous System,Visual Pathway,"In which lobe is the visual cortex located, and which nucleus relays its visual signals?",Temporal lobe - Medial geniculate body,Parietal lobe - Pulvinar nucleus,Occipital lobe - Lateral geniculate body,Frontal lobe - Ventral thalamus,,C,"<div class=""explanation-container""><div class=""explanation-text""><div style=""color:#16a34a;font-weight:800;margin-bottom:6px;"">✔ Correct Answer: Occipital lobe - Lateral geniculate body</div><div style=""margin-bottom:8px;""><b>Explanation:</b> The primary visual cortex is located in the occipital lobe and receives input via the lateral geniculate nucleus of the thalamus.</div><div style=""margin-bottom:10px;padding:8px 10px;background:#ecfdf5;border-left:4px solid #16a34a;border-radius:6px;""><b>Clinical Pearl:</b> Vision pathway: Retina → LGN → Occipital cortex.</div><br><div style=""color:#dc2626;margin-bottom:4px;""><b>✘ Temporal - MGN:</b></div>Auditory pathway.<br><br><div style=""color:#dc2626;margin-bottom:4px;""><b>✘ Parietal - Pulvinar:</b></div>Association functions.<br><br><div style=""color:#dc2626;margin-bottom:4px;""><b>✘ Frontal - Ventral thalamus:</b></div>Motor pathways.</div></div></div>"
Ana-Neuro-Visual Pathway-002,2026,Medicine - 5 January (E),Anatomy,Nervous System,Visual Pathway,Which visual field defect is caused by a lesion of the right optic tract?,Right monocular blindness,Bitemporal hemianopia,Left homonymous hemianopia,Right homonymous hemianopia,,C,"<div class=""explanation-container""><div class=""explanation-text""><div style=""color:#16a34a;font-weight:800;margin-bottom:6px;"">✔ Correct Answer: Left homonymous hemianopia</div><div style=""margin-bottom:8px;""><b>Explanation:</b> A right optic tract lesion causes loss of the left visual field in both eyes (contralateral homonymous hemianopia).</div><div style=""margin-bottom:10px;padding:8px 10px;background:#ecfdf5;border-left:4px solid #16a34a;border-radius:6px;""><b>Clinical Pearl:</b> Optic tract lesions → contralateral homonymous hemianopia.</div><br><div style=""color:#dc2626;margin-bottom:4px;""><b>✘ Right monocular blindness:</b></div>Optic nerve lesion.<br><br><div style=""color:#dc2626;margin-bottom:4px;""><b>✘ Bitemporal hemianopia:</b></div>Optic chiasm lesion.<br><br><div style=""color:#dc2626;margin-bottom:4px;""><b>✘ Right homonymous hemianopia:</b></div>Left optic tract lesion.</div></div></div>"
Ana-Neuro-Visual Pathway-003,2026,Medicine - 5 January (E),Anatomy,Nervous System,Visual Pathway,Sudden visual loss in the upper quadrant of the visual field in one eye indicates damage to which structure?,Optic nerve,Optic chiasm,Meyer's loop,Lateral geniculate body,,C,"<div class=""explanation-container""><div class=""explanation-text""><div style=""color:#16a34a;font-weight:800;margin-bottom:6px;"">✔ Correct Answer: Meyer's loop</div><div style=""margin-bottom:8px;""><b>Explanation:</b> Lesion of Meyer's loop causes contralateral superior quadrantanopia (“pie in the sky”).</div><div style=""margin-bottom:10px;padding:8px 10px;background:#ecfdf5;border-left:4px solid #16a34a;border-radius:6px;""><b>Clinical Pearl:</b> Temporal lobe lesion → superior quadrantanopia.</div><br><div style=""color:#dc2626;margin-bottom:4px;""><b>✘ Optic nerve:</b></div>Monocular blindness.<br><br><div style=""color:#dc2626;margin-bottom:4px;""><b>✘ Optic chiasm:</b></div>Bitemporal hemianopia.<br><br><div style=""color:#dc2626;margin-bottom:4px;""><b>✘ Lateral geniculate body:</b></div>Different visual field patterns.</div></div></div>"
Embryo-Neuro-Neural Development-001,2026,Surgery - 6 January (E),Embryology,Nervous System,Neural Development,An elevated alpha-fetoprotein (AFP) level is classically associated with failure of closure of which embryonic structure?,Abdominal wall,Palate,Lens,Neural tube,,D,
Histo-Neuro-NeuroPhysio-001,2026,Medicine - 7 January (M),Histology,Nervous System,Neurophysiology,Nissl substance is located in:,Smooth ER,Rough ER,Golgi apparatus,Mitochondria,,B,
Med-Neuro-Alcohol‑Related Disorders-001,2026,Surgery - 7 January (E),Medicine,Nervous System,Alcohol‑Related Disorders,Chronic Alcoholism causes:,Myocarditis,Wernicke encephalopathy,Pellagra,Keratitis,,B,
Med-Neuro-Aphasia-001,2026,Gynecology - 6 January (M),Medicine,Nervous System,Aphasia,A patient presents with difficulty naming objects (anomia) but comprehension is intact. Lesion is most likely in:,Broca’s area → expressive aphasia,Wernicke’s area → receptive aphasia,Angular gyrus → anomic aphasia,Global cortex → global aphasia,,C,- Lesion of non-dominant hemisphere brocas area leads to Anomic Aphasia<br>- Broca aphasia – Motor aphasia + Non-fluent + area 44 and 45 + inferior frontal gyrus<br>- Wernicke aphasia – Sensory aphasia + fluent + area 22+ superior temporal gyrus<br>- Global aphasia – Both Wernicke and broca aphasia + arcuate fasciculus<br>- Anomic aphasia – Mild fluent aphasia + failure of word retrieval + angular gyrus
Med-Neuro-Cerebral Cortex-001,2026,Medicine - 7 January (M),Medicine,Nervous System,Cerebral Cortex,Asterognosia with right/left disorientation indicates a lesion in:,Frontal lobe,Dominant parietal lobe,Occipital lobe,Cerebellum,,B,
Med-Neuro-Cerebral Cortex-002,2026,Medicine - 6 January (E),Medicine,Nervous System,Cerebral Cortex,"A patient has loss of fine touch, pain, and temperature sensation. MRI shows a lesion in the parietal lobe. Which Brodmann areas are involved?",4,17,"1, 2, 2003",6,,C,"Parietal lobe: 1. Primary somesthetic area - Posterio central gyrus on superolateral surface & paracentral lobule. 2. Secondary somesthetic area - Superior lip of posterior limb of the lateral sulcus. 3. Somesthetic association area - Area 5 & 7. Perception of exteroceptive (touch, pain & temperature) & Proprioceptive muscles. Contralateral sensory disturbance (move in fingers) unable to judge degree of warmth. Unable to localize tactile stimuli, unable to judge weight loss of muscle tone. Bilateral represented, Contralateral side dominant, function unknown. Cause Astereognosis Unable to combine touch, pressure & proprioceptive impulse, Forget opposite side of body. Forget to shave on opposite side."
Med-Neuro-Cerebral Cortex-003,2026,Gynecology - 6 January (M),Medicine,Nervous System,Cerebral Cortex,"A 55-year-old patient presents with difficulty recognizing objects placed in his tight hand with eyes closed. On examination, motor power and primary sensations (pain, temperature, touch) are intact. Which area of the brain is most likely affected?",Primary motor cortex,Visual association cortex,Primary somatosensory cortex,Somatosensory association area,Prefrontal cortex,D,"Stereognosis (recognizing objects by touch) requires integration of sensory information, which occurs in the somatosensory association cortex (parietal lobe)."
Med-Neuro-Cerebrovascular Disease-001,2026,Medicine - 6 January (E),Medicine,Nervous System,Cerebrovascular Disease,An elderly patient had a TIA and carotid bruit is present. What is the next investigation?,Carotid angiogram,Carotid Doppler,CT scan,MRI brain,,B,Carotid Doppler is the initial investigation; angiogram is confirmatory.
Med-Neuro-Cerebrovascular Disease-002,2026,Surgery - 7 January (E),Medicine,Nervous System,Cerebrovascular Disease,A patient presents with transient ischemic attack (TIA) and a carotid bruit. Which is the confirmatory investigation?,Carotid Doppler,Venogram,ECG,EEG,,A,Carotid Doppler is a non-invasive first-line investigation to confirm stenosis or occlusion in carotid arteries after TIA with a bruit.
Med-Neuro-Cerebrovascular Disease-003,2026,Gynecology - 6 January (M),Medicine,Nervous System,Cerebrovascular Disease,"A 62-year-old diabetic patient experiences sudden right-sided weakness and speech difficulty, lasting 20 minutes and fully resolving. Diagnosis?",Ischemic stroke,Hemorrhagic stroke,Migraine with aura,Transient ischemic attack (TIA),,D,"- TIA = transient neurological deficit <24 hours, no permanent infarction.<br>- Important warning sign for future stroke."
Med-Neuro-Cerebrovascular Disease-004,2026,Radiology - 5 January (M),Medicine,Nervous System,Cerebrovascular Disease,"A 60 year old man experiences sudden weakness of his right lower limb for 15 to 30 minutes, which resolves completely within an hour. Which of the following is most likely diagnosis?",Stroke,Transient ischemic attack,Peripheral neuropathy,Seizure,,B,
Med-Neuro-Idiopathic Intracranial Hypertension-001,2026,Medicine - 7 January (M),Medicine,Nervous System,Idiopathic Intracranial Hypertension,"A patient presents with persistent headaches, visual disturbances, and swelling of optic disc but normal imaging. The presentation is most consistent with?",Bacterial meningitis,Idiopathic intracranial hypertension,Stroke,Epilepsy,,B,
Med-Neuro-Idiopathic Intracranial Hypertension-002,2026,Medicine - 8 January (M),Medicine,Nervous System,Idiopathic Intracranial Hypertension,An overweight woman (BMI 31 kg/m²) reports persistent headaches and blurred vision. Fundoscopy reveals papilledema. What is the most probable diagnosis?,Pituitary adenoma,Migraine,Idiopathic intracranial hypertension,Space-occupying brain lesion,,C,
Med-Neuro-Lumbar Puncture-001,2026,Medicine - 6 January (E),Medicine,Nervous System,Lumbar Puncture,A patient presented with neck rigidity fever and alter state for lumbar puncture which of the following is ideal site?,Above the spinous process of L4,Below the spinous process of L5,Conus medullaris,Below Spinous process of L2,,A,
Med-Neuro-Memory-001,2026,Medicine - 8 January (M),Medicine,Nervous System,Memory,"A patient suffers cardiac arrest with transient global cerebral hypoxia. On recovery, he has prominent anterograde amnesia. Which structure, critical for memory formation and most vulnerable to hypoxic injury, is primarily affected?",Amygdala,Thalamus,Hippocampus,Cerebellar vermis,,C,
Med-Neuro-Memory-002,2026,Medicine - 6 January (E),Medicine,Nervous System,Memory,Which of the following brain regions is primarily responsible for memory formation and is affected when memory is impaired?,Hippocampal gyrus,Calcarine sulcus,Cerebral cortex,Midbrain,Amygdala,A,
Med-Neuro-Menin-001,2026,Gynecology - 6 January (M),Medicine,Nervous System,Meningitis,A patient with suspected meningitis is started on empiric ampicillin. Which organism is sensitive to it?,Neisseria meningitidis,Streptococcus pneumoniae,Listeria monocytogenes,Haemophilus influenzae,Staphylococcus aureus,C,
Med-Neuro-Menin-002,2026,Gynecology - 6 January (M),Medicine,Nervous System,Meningitis,"An old male of 80 years age presented to hospital with fever, confusion, neck stiffness and vomiting. Kerning's and Brudzinski sign are positive. Lumbar puncture confirmed the diagnosis of acute bacterial meningitis. Which is the causative organism in this case?",Streptococus pneumoniae,Neisseria meningitidis,Listeria monocytogenes,Escherichia coli,Cryptococcus neoformans,C,"In elderly patients > 55 years of age, always consider listeria a potent cause and give empirical cover with ampicillin."
Med-Neuro-Menin-003,2026,Gynecology - 6 January (M),Medicine,Nervous System,Meningitis,"A young male presents with neck stiffness, high-grade fever, and a widespread rash. Cause is",Streptococus pneumoniae,Haemophilus influenzae,Staphylococcus aureus,Neisseria meningitidis,Listeria monocytogenes,D,"Classic triad of meningitis (fever, neck stiffness, rash) in a young adult suggests N. meningitidis infection."
Med-Neuro-Menin-004,2026,Medicine - 8 January (M),Medicine,Nervous System,Meningitis,"A patient presents with fever, neck stiffness, and altered consciousness. CSF analysis shows glucose of 30 mg/dL and 68% neutrophils. The most likely etiology is:",Viral meningitis,Bacterial meningitis,Fungal meningitis,Tubercular meningitis,,B,"Bacterial: high WBC (neutrophils), low glucose, high protein. Viral: normal to high WBC (lymphocytes), normal glucose, normal/high protein. TB/fungal: high WBC (lymphocytes), low glucose, high protein."
Med-Neuro-Motor System-001,2026,Gynecology - 5 January (M),Medicine,Nervous System,Motor System,Hyperreflexia in a patient is most suggestive of damage to the:,Cerebellum,Basal ganglia,Primary motor cortex,Posterior column,,C,
Med-Neuro-Motor System-002,2026,Medicine - 8 January (M),Medicine,Nervous System,Motor System,A patient has paralysis of the lower half of the face. Which additional finding is seen in this lesion (UMN lesion)?,Cogwheel rigidity,Lead-pipe rigidity,Fasciculations,Loss of reflexes,Clasp knife spasticity,E,"Motor neuron signs: UMN = increased tone, increased reflexes, positive Babinski, spastic paresis, clasp knife spasticity, no atrophy or fasciculations. LMN = decreased tone, decreased reflexes, negative Babinski, flaccid paralysis, atrophy, fasciculations."
Med-Neuro-Motor System-003,2026,Medicine - 8 January (M),Medicine,Nervous System,Motor System,A patient presents with wasting and viable fasciculations. Which lesion type is most likely?,Upper motor neuron,Lower motor neuron,Cerebellar lesion,Basal ganglia lesion,,B,"LMN lesions cause muscle weakness, fasciculations, and flaccid paralysis."
Med-Neuro-Motor System-004,2026,Gynecology - 6 January (M),Medicine,Nervous System,Motor System,"A hypertensive female had difficulty performing precise, skilled hand movements. THE damage to which part of the brain most likely caused this deficit?",Cerebellum,Basal ganglia,Primary motor cortex,Thalamus,Brainstem,C,
Med-Neuro-Motor System-005,2026,Medicine - 6 January (E),Medicine,Nervous System,Motor System,A patient has loss of skilled voluntary movements. Which tract is involved?,Corticospinal tract,Vestibulospinal tract,Rubrospinal tract,,,B,
Med-Neuro-Movement Disorders-001,2026,Gynecology - 6 January (M),Medicine,Nervous System,Movement Disorders,The lesion occurred at the caudate and globus pallidus of the brain. There was loss of GABA in Substantia Nigra. The condition is of:,Alzheimer’s Disease,Parkinsonism,Horner Syndrome,Retrograde Amnesia,,B,
Med-Neuro-Muscular Dystrophy-001,2026,Medicine - 8 January (M),Medicine,Nervous System,Muscular Dystrophy,Duchenne muscular dystrophy is caused by mutation in dystrophin gene located on which chromosome?,Chromosome 7,Chromosome 12,X chromosome,Y chromosome,,C,
Med-Neuro-Neuromuscular Disorders-001,2026,Gynecology - 5 January (M),Medicine,Nervous System,Neuromuscular Disorders,The first-line treatment for myasthenia gravis is:,Corticosteroids,Plasmapheresis,Anticholinesterase drugs,Thymectomy,,C,Myasthenia gravis – Antibodies against postsynaptic voltage gated channels cause damage to acetylcholine receptor.<br>- Diagnostic test – ACH receptor antibodies<br>- Most accurate/confirmatory/gold standard – EMG<br>- Initial drug for myasthenia gravis – neostigmine<br>- Anticholinesterases increase acetylcholine at NMJ.<br>- DOC for maintained therapy – Pyridostigmine.<br>- Physostigmine – Crosses BBB immediately and increase acetylcholine.<br>- In lambert eaton syndrome – Antibodies are directed against calcium channels
Med-Neuro-Neuromuscular Junction-001,2026,Gynecology - 5 January (M),Medicine,Nervous System,Neuromuscular Junction,A 30 year old female presents with fatigue and muscle weakness that worsens in the evening. She also reports difficulty in chewing and has bilateral ptosis. What is the most likely diagnosis?,Mysthenia gravis,Multiple sclerosis,Guillain-Barre syndrome,Lambert-Eaton syndrome,,A,
Med-Neuro-Paraneoplastic Syndromes-001,2026,Medicine - 7 January (M),Medicine,Nervous System,Paraneoplastic Syndromes,Lambert-Eaton Myasthenic Syndrome (LEMS) is associated with:,Thymoma,SCLC,Adenocarcinoma,Melanoma,,B,
Med-Neuro-Paraneoplastic Syndromes-002,2026,Medicine - 8 January (M),Medicine,Nervous System,Paraneoplastic Syndromes,Lambert-Eaton myasthenic syndrome is associated with which tumor?,Small cell carcinoma of lung,Renal cell carcinoma,Squamous cell carcinoma of lung,Adenocarcinoma of lung,,A,Small Cell CA – Smoking + Most aggressive + Ectopic ACTH (Cushing syndrome) + Lambert Eaton syndrome + SIADH. Squamous Cell CA - Smoking + Hypercalcemia (PTHrp). Ectopic thyroid produces by Squamous Cell CA of Larynx.
Med-Neuro-Paraneoplastic Syndromes-003,2026,Medicine - 8 January (M),Medicine,Nervous System,Paraneoplastic Syndromes,Paraneoplastic syndrome associated with small cell carcinoma of lung is:,Cushing syndrome,PTH-related peptide secretion,Addison disease,Hyperthyroidism,,A,
Med-Neuro-Spinal Cord-001,2026,Medicine - 7 January (M),Medicine,Nervous System,Spinal Cord,A patient with C5 spinal cord injury develops episodic hypertension when the bladder is full. This is most likely due to:,Autonomic dysreflexia,Neurogenic shock,Spinal shock,Pheochromocytoma,,A,
Med-Neuro-Spinal Cord-002,2026,Gynecology - 6 January (M),Medicine,Nervous System,Spinal Cord,"A patient suffers a stab wound to the right side of the spinal cord at the T10 level. On examination, he has loss of proprioception and motor function on the right side below the lesion but loss of pain and temperature sensation on the left side. Which spinal cord syndrome best explains these findings?",Central cord syndrome,Anterior cord syndrome,Brown-Séquard syndrome,Posterior cord syndrome,Cauda equina syndrome,C,
Med-Neuro-Visual Pathway-001,2026,Gynecology - 6 January (M),Medicine,Nervous System,Visual Pathway,Which part of the optic chiasm is involved in bitemporal hemianopia?,Middle part,Upper part,Lower part,Lateral part,Anterior part,A,
Microbio-Neuro-Menin-001,2026,Medicine - 5 January (E),Microbiology,Nervous System,Meningitis,Which organism is the most common cause of meningitis in adults?,Staphylococcus aureus,Streptococcus pneumoniae,Streptococcus pyogenes,Neisseria meningitidis,,B,"<div class=""explanation-container""><div class=""explanation-text""><div style=""color:#16a34a;font-weight:800;margin-bottom:6px;"">✔ Correct Answer: Streptococcus pneumoniae</div><div style=""margin-bottom:8px;""><b>Explanation:</b> Streptococcus pneumoniae is the most common cause of adult bacterial meningitis.</div><div style=""margin-bottom:10px;padding:8px 10px;background:#ecfdf5;border-left:4px solid #16a34a;border-radius:6px;""><b>Clinical Pearl:</b> Adults → S. pneumoniae most common.</div><br><div style=""color:#dc2626;margin-bottom:4px;""><b>✘ Staphylococcus aureus:</b></div>Post-surgical cause.<br><br><div style=""color:#dc2626;margin-bottom:4px;""><b>✘ Streptococcus pyogenes:</b></div>Rare cause.<br><br><div style=""color:#dc2626;margin-bottom:4px;""><b>✘ Neisseria meningitidis:</b></div>Common in young adults, outbreaks.</div></div></div>"
Microbio-Neuro-Menin-002,2026,Medicine - 6 January (E),Microbiology,Nervous System,Meningitis,The most common cause of bacterial meningitis in a 10-year-old child is:,Neisseria meningitidis,Haemophilus influenzae,Streptococcus pneumoniae,E. coli,,A,"The Characteristic Cerebrospinal Fluid (CSF) Findings In Meningitis: Bacteria - Low glucose, High protein, 10-5,000 polymorphs/mm3. Viral - Normal/raised glucose, Normal/raised protein, 15-1,000 lymphocytes/mm3. Tuberculous - Low glucose, Very high protein, 10-1,000 lymphocytes. Common Causes of Meningitis: Newborn (0-6 MO) - Group B streptococci, E coli, Listeria. Children (6 MO-6YR) - S pneumoniae, N meningitidis, H influenzae type B, Enteroviruses. 6-60 YR - S pneumoniae, N meningitidis (#1 in teens), Enteroviruses, HSV. 60 YR+ - S pneumoniae, Gram - rods, Listeria."
Microbio-Neuro-Menin-003,2026,Medicine - 6 January (E),Microbiology,Nervous System,Meningitis,"20-year-old boy with meningitis, Gram-negative diplococci. Cause of inflammation is mainly mediated by:",Interleukin 1,Tumor Cell Injury factor,Interleukin 12,Interleukin 6,,B,
Patho-Neuro-Basal Ganglia-001,2026,Anesthesia - 5 January (M),Pathology,Nervous System,Basal Ganglia,Sudden fling movements in a male; father had similar issue. Which area is involved?,Putamen,Caudate nucleus,Dentate nucleus,Substantia nigra,Cerebellum,B,
Patho-Neuro-Basal Ganglia-002,2026,Radiology - 6 January (M),Pathology,Nervous System,Basal Ganglia,The lesion occurred at the caudate and globus pallidus of the brain. There was loss of GABA in Substantia Nigra The condition is of,Alzheimer's Disease,Parkinsonism,Homer Syndrome,Retrograde Amnesia,,B,
Patho-Neuro-Brainstem-001,2026,Gynecology - 7 January (E),Pathology,Nervous System,Brainstem,Decerebrate posturing is most commonly associated with a lesion at which level?,Cerebral cortex,Thalamus,Midbrain or upper pons,Medulla,,C,
Patho-Neuro-Cerebellum-001,2026,Surgery - 7 January (E),Pathology,Nervous System,Cerebellum,A patient diagnosed with a cerebellar lesion presents with intention tremor and difficulty in buttoning a shirt. Which sign is the most specific characteristic used to confirm kinetic cerebellar deficit?,Dysdiadochokinesia,Dysarthria,Nystagmus,Ataxia,,A,Dysdiadochokinesia is a high-specific sign of a cerebellar lesion affecting the coordination of rapid motor programs.
Patho-Neuro-Cerebral Cortex-001,2026,Anesthesia - 5 January (M),Pathology,Nervous System,Cerebral Cortex,A patient has CVA three years back now she can understand but cannot talk properly. What is the diagnosis?,Expressive (Broca's) aphasia,Receptive aphasia,Global aphasia,Anomic aphasia,,A,
Patho-Neuro-Cerebrovascular Disease-001,2026,Radiology - 5 January (M),Pathology,Nervous System,Cerebrovascular Disease,A person with atrial fibrillation develops stroke due to:,Hypertension,Diabetes,Emboli,Vasospasm,,C,AF causes stasis in atria → thrombus → embolic stroke.
Patho-Neuro-Cerebrovascular Disease-002,2026,Radiology - 6 January (M),Pathology,Nervous System,Cerebrovascular Disease,A patient has a middle cerebral artery (MCA stroke. Which long tract is most likely affected?,Corticospinal tract,Spinothalamic tract,Corticobulbar tract,Dorsal column,,A,"MCA stroke often affects the contralateral face and upper limb, and the corticospinal tract fibers running through the internal capsule are involved. Spinothalamic and dorsal column tracts carry sensory signals; corticobulbar affects cranial nerves."
Patho-Neuro-Cerebrovascular Disease-003,2026,Gynecology - 7 January (E),Pathology,Nervous System,Cerebrovascular Disease,A patient presents with an acute ischemic stroke. What type of paralysis is seen initially?,Spastic paralysis,Flaccid paralysis,Rigid paralysis,Clasp-knife rigidity,Decerebrate rigidity,B,"In the acute phase of an upper motor neuron lesion (ischemic stroke), paralysis is initially flaccid due to spinal shock; spasticity develops later."
Patho-Neuro-Cerebrovascular Disease-004,2026,Radiology - 5 January (M),Pathology,Nervous System,Cerebrovascular Disease,Thalamic lesion leading to coma is usually due to:,PCA infarct,MCA infarct,ACA infarct,Acom artery infarct,,A,
Patho-Neuro-Cerebrovascular Disease-005,2026,Anesthesia - 5 January (M),Pathology,Nervous System,Cerebrovascular Disease,"A patient presented with upper limb weakness, slurring of speech, and hemianopia. Which of the following arteries is most commonly involved?",Anterior cerebral artery,Middle cerebral artery,Posterior cerebral artery,Basilar artery,,B,
Patho-Neuro-Cerebrovascular Disease-006,2026,Radiology - 5 January (M),Pathology,Nervous System,Cerebrovascular Disease,Worst headache of life is most likely due to:,Subarachnoid hemorrhage,Migraine,Tension headache,Cluster headache,,A,
Patho-Neuro-Cerebrovascular Disease-007,2026,Radiology - 6 January (M),Pathology,Nervous System,Cerebrovascular Disease,"A young male presents with headache for 1 day which has been increasing in severity to such an extent that now it is unbearable and he is saying it ""Worst headache of my life"" and is associated with vomiting. He is irritable, has photophobia and neck stiffness. How to diagnose?",LP,CT scan brain,X-ray neck,Fast scan,,B,
Patho-Neuro-Cerebrovascular Disease-008,2026,Radiology - 6 January (M),Pathology,Nervous System,Cerebrovascular Disease,A patient presents with sudden severe headache and neck stiffness. The most appropriate initial investigation for subarachnoid hemorrhage (SAH) is?,Non-contrast CT scan,MRI brain,Lumbar puncture,Angiography,,A,Non-contrast CT is sensitive for acute SAH within the first 24 hours. Lumbar puncture is used if CT is negative but suspicion remains.
Patho-Neuro-Cerebrovascular Disease-009,2026,Surgery - 6 January (E),Pathology,Nervous System,Cerebrovascular Disease,The patient experienced a transient ischemic attack and has a carotid bruit on examination. What is the next best diagnostic test?,Carotid Doppler,Carotid angiogram,CT scan,Urinalysis,,A,
Patho-Neuro-Cerebrovascular Disease-010,2026,Radiology - 6 January (M),Pathology,Nervous System,Cerebrovascular Disease,"A 62-year-old diabetic patient experiences sudden right-sided weakness and speech difficulty, lasting 20 minutes and fully resolving. Diagnosis?",Ischemic stroke,Hemorrhagic stroke,Migraine with aura,Transient ischemic attack (TIA),,D,"TIA = transient neurological deficit <24 hours, no permanent infarction. Important warning sign for future stroke."
Patho-Neuro-Cerebrovascular Disease-011,2026,Gynecology - 5 January (M),Pathology,Nervous System,Cerebrovascular Disease,"A patient presents with diplopia, then suddenly collapses into deep coma. Which artery is most likely involved?",PCA,MCA,ACA,Basilar artery,Vertebral artery,D,Basilar artery occlusion causes coma and cranial nerve deficits.
Patho-Neuro-Cerebrovascular Disease-012,2026,Radiology - 6 January (M),Pathology,Nervous System,Cerebrovascular Disease,"A patient presented in semi-conscious condition with Subclavian steal syndrome, blood supply to which artery is causing this condition:",Internal carotid artery,Vertebral artery,Maxillary artery,Facial artery,External carotid artery,B,
Patho-Neuro-Cerebrovascular Disease-013,2026,Radiology - 5 January (M),Pathology,Nervous System,Cerebrovascular Disease,Most common aneurysm rupture occurs in:,Anterior communicating artery,Middle cerebral artery,Posterior cerebral artery,Basilar artery,,A,
Patho-Neuro-CNS Tumors-001,2026,Radiology - 6 January (M),Pathology,Nervous System,CNS Tumors,A 55-year-old patient presents with a slowly growing intracranial mass. Histology shows whorled patterns of spindle-shaped cells. Meningiomas typically arise from which of the following structures?,Pia mater,Dura mater,Arachnoid granulations,Choroid plexus,,C,"Meningiomas arise from arachnoid cap cells (found in arachnoid villi/granulations). They are usually benign, slow-growing, extra-axial tumors attached to the dura."
Patho-Neuro-CNS Tumors-002,2026,Gynecology - 6 January (M),Pathology,Nervous System,CNS Tumors,"A child presents with headache, visual disturbances, and hormonal deficiencies. Imaging suggests a craniopharyngioma. Histopathology shows epithelial cells with a characteristic cytoplasmic appearance. Which of the following cellular features is most consistent with craniopharyngioma?",Spindle-shaped cells,Small round blue cells,Large cells with granular cytoplasm,Multinucleated giant cells,Clear cells with glycogen,C,Craniopharyngioma originates from Rathke's pouch remnants and shows epithelial cells with granular cytoplasm.
Patho-Neuro-CNS Tumors-003,2026,Medicine - 5 January (E),Pathology,Nervous System,CNS Tumors,Which of the following tumor markers is most associated with astrocytoma?,AFP,GFAP,CEA,NSE,,B,"<div class=""explanation-container""><div class=""explanation-text""><div style=""color:#16a34a;font-weight:800;margin-bottom:6px;"">✔ Correct Answer: GFAP</div><div style=""margin-bottom:8px;""><b>Explanation:</b> Astrocytomas arise from glial cells and are strongly positive for GFAP, a marker of astrocytes.</div><div style=""margin-bottom:10px;padding:8px 10px;background:#ecfdf5;border-left:4px solid #16a34a;border-radius:6px;""><b>Clinical Pearl:</b> GFAP positivity confirms glial origin tumors.</div><br><div style=""color:#dc2626;margin-bottom:4px;""><b>✘ AFP:</b></div>Marker for yolk sac tumors and hepatocellular carcinoma.<br><br><div style=""color:#dc2626;margin-bottom:4px;""><b>✘ CEA:</b></div>Seen in adenocarcinomas, especially GI tract.<br><br><div style=""color:#dc2626;margin-bottom:4px;""><b>✘ NSE:</b></div>Seen in neuroendocrine tumors and small cell carcinoma.</div></div></div>"
Patho-Neuro-Cranial Nerves-001,2026,Anesthesia - 5 January (M),Pathology,Nervous System,Cranial Nerves,"A 40-year-old man presents with right-sided facial weakness, inability to close the right eye, loss of taste on the anterior two-thirds of the tongue, and decreased lacrimation. Corneal reflex is absent on the right. What is the most likely site of lesion?",Stylomastoid foramen,Geniculate ganglion,Internal auditory meatus (affecting CN VII and VIII),Vestibular ganglion,Superior salivatory nucleus,C,
Patho-Neuro-Cranial Nerves-002,2026,Radiology - 6 January (M),Pathology,Nervous System,Cranial Nerves,"A patient presents with sudden onset unilateral facial weakness, unable to close eye or raise eyebrow, no limb weakness. Which nerve is involved?",Facial nerve (CN VII),Trigeminal nerve (CN V),Glossopharyngeal nerve (CN IX),Hypoglossal nerve (CN XII),,A,Bell's palsy → idiopathic CN VII palsy LMN lesion → ipsilateral entire face paralysis Forehead involvement distinguishes from UMN lesion (stroke).
Patho-Neuro-Cranial Nerves-003,2026,Radiology - 6 January (M),Pathology,Nervous System,Cranial Nerves,A patient present with needle/pin like sensation which starts from jaw and move upwards cause is,TMJ dislocation,Trigeminal neuralgia,Herpes zoster,Herpes simplex,,B,
Patho-Neuro-Demyelinating Diseases-001,2026,Gynecology - 6 January (M),Pathology,Nervous System,Demyelinating Diseases,29-year-old woman develops optic neuritis and weakness in her lower limbs. MRI Reveals demyelinating lesions in the brain and spinal cord. Which of the following cell types is most directly affected in this condition?,Schwann cells,Oligodendrocytes,Astrocytes,Microglia,Ependymal cells,B,
Patho-Neuro-Hemorrhage-001,2026,Radiology - 6 January (M),Pathology,Nervous System,Hemorrhage,CT scan of the brain shows multiple intraparenchymal hyperdense and hypodense lesions involving deep brain structures. The most likely cause is:,Subarachnoid hemorrhage,Subdural hematoma,Epidural hematoma,Cerebral contusion,Hypertensive intracerebral hemorrhage,E,
Patho-Neuro-Hemorrhage-002,2026,Radiology - 5 January (M),Pathology,Nervous System,Hemorrhage,"In epidural hematoma, which structure is ruptured?",Middle meningeal artery,Cerebral vein,Dura sinus,Cortical artery,,A,
Patho-Neuro-Infec-001,2026,Surgery - 7 January (E),Pathology,Nervous System,Infections,HSV most commonly affects which of the following nerve?,Facial nerve,Abducent nerve,Trigeminal nerve,Trochlear nerve,,C,Herpes simplex virus (HSV) most commonly effect Trigeminal Nerve& leads to Trigeminal Neuralgia
Patho-Neuro-Limbic System-001,2026,Gynecology - 7 January (E),Pathology,Nervous System,Limbic System,"An elderly woman sustains a road traffic accident. After recovery, she is able to recall past events but is unable to form new memories. Damage to which area of the brain is most likely responsible for this condition?",Cerebellum,Hippocampus,Amygdala,Thalamus,,B,Hippocampus – Short term memory + recollection in long term memory (long term memory formed by new Protein synthesis)
Patho-Neuro-Motor System-001,2026,Surgery - 7 January (E),Pathology,Nervous System,Motor System,Patient came in ER after RTA UMN lesion suspected what will be seen:,Spastic Paralysis,Flaccid paralysis,Hyperelexia,Atrophy,,A,
Patho-Neuro-Motor System-002,2026,Surgery - 6 January (E),Pathology,Nervous System,Motor System,"After a road-traffic accident, the patient has loss of sensation on one side of the body, absent cremasteric and abdominal reflexes, and an exaggerated knee reflex. CT shows bilateral anterior frontal lobe damage; which tract is likely involved?",Olivocerebellar tract,Vestibulospinal tract,Optic tract,Corticospinal tract,,D,
Patho-Neuro-Motor System-003,2026,Radiology - 6 January (M),Pathology,Nervous System,Motor System,"After RTA patient presented with half side of body sensation lost absent cremasteric reflex and abdominal reflex with exaggerated knee reflex on CT scan bilateral anterior frontal lobes were damage, which Tract will be involved:",Corticospinal tract,Cerebello pontine tract,Olivo cerebellar tract,Vestibulo spinal Tract,Rubrospinal Tract,A,
Patho-Neuro-Motor System-004,2026,Medicine - 6 January (E),Pathology,Nervous System,Motor System,"After RTA patient presented with half side of body sensation lost absent cremasteric reflex and abdominal reflex with exaggerated knee reflex on CT scan bilateral anterior frontal lobes were damage, which Tract will be involved?",Corticospinal tract,Cerebello pontine tract,Olivo cerebellar tract,Vestibulo spinal Tract,Rubrospinal Tract,A,
Patho-Neuro-Neurodegenerative Diseases-001,2026,Radiology - 5 January (M),Pathology,Nervous System,Neurodegenerative Diseases,"In Alzheimer's disease, which change is seen in the brain?",Atrophy,Gliosis,Hemorrhage,Cell Injury,,A,
Patho-Neuro-Neurodegenerative Diseases-002,2026,Gynecology - 5 January (M),Pathology,Nervous System,Neurodegenerative Diseases,"In Alzheimer’s disease, what pathological change occurs in the cerebral cortex?",Atrophy,Degenerative changes,Metaplasia,Cell Injury,,A,"Alzheimer’s causes cortical atrophy, especially hippocampus."
Patho-Neuro-Neurodegenerative Diseases-003,2026,Medicine - 7 January (M),Pathology,Nervous System,Neurodegenerative Diseases,An elderly patient with movement disorders likely has degeneration of neurons in:,Caudate nucleus,Substantia nigra,Cerebellum,Hippocampus,,B,
Patho-Neuro-Neuromuscular Junction-001,2026,Anesthesia - 5 January (M),Pathology,Nervous System,Neuromuscular Junction,"A 32-year-old woman presents with progressive muscle weakness that worsens by the end of the day. She has difficulty keeping her eyelids open, double vision, and trouble chewing food in the evening. Muscle strength improves after a short period of rest. What is the most likely diagnosis?",Parkinsonism,Pheochromocytoma,Lambert-Eaton syndrome,Myasthenia gravis,Serotonin syndrome,D,"Myasthenia gravis is caused by autoantibodies against postsynaptic acetylcholine receptors, leading to fatigable muscle weakness that improves with rest."
Patho-Neuro-Peripheral Nerves-001,2026,Radiology - 6 January (M),Pathology,Nervous System,Peripheral Nerves,"A patient sustains a traumatic injury to a peripheral nerve. Within a few days, the segment of the nerve distal to the site of injury shows breakdown of the axon and myelin sheath, followed by macrophage infiltration. Which pathological process is responsible for these changes?",Axonal regeneration,Segmental demyelination,Wallerian degeneration,Neuronal Cell Injury,,C,"Wallerian degeneration occurs distal to a nerve injury. It involves degeneration of the axon and myelin sheath, with macrophage cleanup. Seen in both peripheral and central nervous system injuries, but regeneration occurs mainly in the PNS."
Patho-Neuro-Spinal Cord-001,2026,Radiology - 5 January (M),Pathology,Nervous System,Spinal Cord,A 30-year-old male suffers a flexion injury of the cervical spine in a road traffic accident. On examination below the level of injury: Complete paralysis of both upper and lower limbs; Loss of pain and temperature sensation; Preservation of vibration and proprioception. Which of the following is the most likely diagnosis?,Brown-Séquard syndrome,Central cord syndrome,Anterior cord syndrome,Complete transection of the cord,,C,"Anterior cord syndrome involves the anterior 2/3 of the spinal cord. It damages the corticospinal tract (motor) and spinothalamic tract (pain and temperature), while the dorsal columns (vibration and proprioception) are spared."
Patho-Neuro-Spinal Cord-002,2026,Radiology - 5 January (M),Pathology,Nervous System,Spinal Cord,"A 25-year-old male presents after a penetrating injury to the left side of his spinal cord at T8. On examination, he has: Left-sided (ipsilateral) paralysis and loss of vibration and proprioception below the level of injury; Right-sided (contralateral) loss of pain and temperature sensation. Which of the following best explains his condition?",Central cord syndrome,Anterior cord syndrome,Hemisection of the cord,Complete transection,,C,
Patho-Neuro-Spinal Cord-003,2026,Radiology - 5 January (M),Pathology,Nervous System,Spinal Cord,Lesion in which all sensory sensations are lost?,Posterior nerve root,Anterior horn,Lateral corticospinal tract,Spinothalamic tract,,A,
Patho-Neuro-Spinal Cord-004,2026,Radiology - 5 January (M),Pathology,Nervous System,Spinal Cord,Person with loss of pain and temperature in right lower limb due to L1 trauma; other sensations normal. Diagnosis:,Brown-Séquard syndrome,Tabes dorsalis,Syringomyelia,Central cord syndrome,,A,"Hemisection of spinal cord. Findings: Ipsilateral loss of all sensation at level of lesion<br>Ipsilateral LMN signs (eg, flaccid paralysis) at level of lesion<br>Ipsilateral UMN signs below level of lesion (due to corticospinal tract damage)<br>Ipsilateral loss of proprioception, vibration, and light (2-point discrimination) touch below level of lesion (due to dorsal column damage)<br>Contralateral loss of pain, temperature, and crude (non-discriminative) touch below level of lesion (due to spinothalamic tract damage)<br>If lesion occurs above T1, patient may present with ipsilateral Horner syndrome due to damage of oculosympathetic pathway"
Patho-Neuro-Spinal Cord-005,2026,Medicine - 6 January (E),Pathology,Nervous System,Spinal Cord,Injury causing intrinsic hand muscle weakness with vascular involvement suggests damage at:,Thoracic vertebrae,Elbow,Cervical vertebrae,Axilla,,C,Combined nerve + vessel injury suggests proximal (cervical) lesion.
Patho-Neuro-Spinal Cord-006,2026,Radiology - 5 January (M),Pathology,Nervous System,Spinal Cord,"A 12-year-old girl falls from a tree and sustains a cervical spine injury. Post-injury, she is unable to voluntarily control urination, although reflex bladder emptying still occurs. What is the most likely cause?",Stress incontinence,Reflex (spastic) neurogenic bladder,Overflow incontinence,Urinary tract infection,,B,
Patho-Neuro-Spinal Cord-007,2026,Anesthesia - 5 January (M),Pathology,Nervous System,Spinal Cord,"After RTA, patient has lower back injury with difficulty voiding and dribbling of urine without consciousness",Neurogenic bladder,Atonic (Flaccid) bladder,Automatic bladder,Spastic bladder,,B,
Patho-Neuro-Ventricular System-001,2026,Radiology - 5 January (M),Pathology,Nervous System,Ventricular System,Arnold-Chiari type II malformation causes hydrocephalus due to:,Descent of cerebellar vermis and tonsils,Descent of pons and medulla,Stenosis of aqueduct,Dandy-Walker malformation,,A,"Type 1 Herniation of cerebellum into spinal cord through foramen Magnum<br>Type 2: Herniation of cerebellum, brainstem and fourth ventricle into spinal cord associated with myelomeningocele<br>Type 3: Herniation of cerebellum and brainstem through opening in the back of skull<br>Type 4: Cerebellar hypoplasia"
Patho-Neuro-Ventricular System-002,2026,Surgery - 6 January (E),Pathology,Nervous System,Ventricular System,Obstruction of cerebrospinal fluid flow causing noncommunicating hydrocephalus most commonly occurs at which structure?,Foramen of Magendie,Foramen of Luschka,Optic chiasm,Aqueduct of Sylvius,,D,
Patho-Neuro-Visual Pathway-001,2026,Surgery - 7 January (E),Pathology,Nervous System,Visual Pathway,"A 45-year-old man comes to the clinic with complaints of vision loss in certain parts of both eyes. On examination, he has a loss of vision on the same side in one part of one eye and the opposite visual field in the other eye. MRI shows a lesion in the optic tract. Which of the following visual field defects is most likely in this patient?",Ipsilateral nasal hemianopia + contralateral homonymous hemianopia,Ipsilateral temporal hemianopia + contralateral homonymous hemianopia,Ipsilateral nasal hemianopia + ipsilateral homonymous hemianopia,Ipsilateral temporal hemianopia + ipsilateral homonymous hemianopia,,A,
Patho-Neuro-Visual Pathway-002,2026,Radiology - 6 January (M),Pathology,Nervous System,Visual Pathway,A patient has a pineal gland tumor causing compression of the optic chiasm. The most likely visual field defect is:,Right homonymous hemianopia,Left homonymous hemianopia,Heteronymous hemianopia,Monocular blindness,Bitemporal hemianopia,E,"Bitemporal hemianopsia (loss of vision in the outer, or temporal, visual fields of both eyes) is the classic sign of a lesion compressing the optic chiasm. - Homonymous hemianopia lesion of - Optic radiations - Heteronymous hemianopia lesion of - Optic chiasma - Right occipital cortex: Causes contralateral homonymous hemianopia with macular sparing due to dual blood supply. - Left optic nerve: Causes monocular vision loss in left eye only. - Left optic chiasm: Causes bitemporal hemianopia. - Right lateral geniculate body: Causes contralateral homonymous hemianopia but without macular sparing. - Left temporal lobe: Can cause superior quadrantanopia (pie in the sky), not complete hemianopia."
Patho-Neuro-Visual Pathway-003,2026,Radiology - 6 January (M),Pathology,Nervous System,Visual Pathway,"A patient presents with visual disturbances in the right eye, and CT shows a pituitary macroadenoma. Superior extension of this tumor will most likely compress which structure?",Optic chiasma,Body of sphenoid,Cavernous sinus,Hypothalamus,,A,"Pituitary macroadenomas (>10 mm) grow superiorly through the sella turcica. The optic chiasma lies directly above the pituitary; compression causes bitemporal hemianopia. Body of sphenoid is inferior, cavernous sinus is lateral, and hypothalamus is posterior-superior but less commonly compressed first. Pituitary tumor invade-sphenoid bone Compress cavernous sinus – Laterally Compress sphenoid air sinus – Inferiorly Compress optic chiasm – Superiorly Compress optic nerve – Anteriorly"
Pharm-Neuro-Adrenergic Agonists-001,2026,Anesthesia - 5 January (M),Pharmacology,Nervous System,Adrenergic Agonists,"After penicillin injection, patient develops bronchospasm, hypotension, and rash. Immediate treatment?",Epinephrine (IM),Norepinephrine,Dopamine,Clarithromycin,Dobutamine,A,
Pharm-Neuro-Adrenergic Agonists-002,2026,Surgery - 6 January (E),Pharmacology,Nervous System,Adrenergic Agonists,A contact lens wearer presents with conjunctival redness. Which adrenergic agent would relieve the symptoms?,Isoproterenol,Ephedrine,Phenylephrine,Insulin,,C,
Pharm-Neuro-Adrenergic Agonists-003,2026,Surgery - 7 January (E),Pharmacology,Nervous System,Adrenergic Agonists,Beta adrenergic cause which of following effect?,Cardiac acceleration,Cardiac deceleration,Vasoconstriction,Vasodilation,Pilocerection,A,
Pharm-Neuro-Adrenergic Agonists-004,2026,Medicine - 7 January (M),Pharmacology,Nervous System,Adrenergic Agonists,The drug of choice for anaphylactic shock is:,IV hydrocortisone,IM adrenaline / IV adrenaline,Oral antihistamines,IV epinephrine only in mild cases,,B,
Pharm-Neuro-Adrenergic Agonists-005,2026,Medicine - 6 January (E),Pharmacology,Nervous System,Adrenergic Agonists,A contact lens user presents with red conjunctiva. Which adrenergic drug will relieve symptoms?,Midodrine,Ephedrine,Phenylephrine,Isoproterenol,,C,"Phenylephrine causes vasoconstriction, reducing blood pressure."
Pharm-Neuro-Adrenergic Antagonists-001,2026,Gynecology - 7 January (E),Pharmacology,Nervous System,Adrenergic Antagonists,A patient treated with epinephrine injection for anaphylaxis develops burning pain and cold skin at the injection site. What is the treatment?,Propranolol,Phenoxybenzamine,Phentolamine,Dopamine,,C,#NAME?
Pharm-Neuro-Adrenergic Antagonists-002,2026,Anesthesia - 5 January (M),Pharmacology,Nervous System,Adrenergic Antagonists,"A patient with episodic hypertension, sweating, and raised urinary metanephrinos is diagnosed with pheochromocytoma. Which drug should be started first for BP control?",Propranolol,Metoprolol,Labetalol,Phenoxybenzamine (Alpha-blocker),Clonidine,D,
Pharm-Neuro-Analgesics & NSAIDs-001,2026,Surgery - 6 January (E),Pharmacology,Nervous System,Analgesics & NSAIDs,Which of the following drugs preferentially inhibits cyclooxygenase-2 (COX-2)?,Metformin,Meloxicam,Ibuprofen,Aspirin,,B,
Pharm-Neuro-Analgesics & NSAIDs-002,2026,Anesthesia - 5 January (M),Pharmacology,Nervous System,Analgesics & NSAIDs,Mechanism of action of aspirin to relieve pain,Inhibition of cyclooxygenase enzyme,Blocking voltage-gated sodium channels,Activation of μ-opioid receptors,Inhibition of arachidonic acid,Antagonism of NMDA receptors,A,
Pharm-Neuro-Analgesics & NSAIDs-003,2026,Surgery - 7 January (E),Pharmacology,Nervous System,Analgesics & NSAIDs,Patient known case of gastric ulcer now presents in OPD with complain of dental pain DOC will be:,Naproxen,Ibuprofen,Acetaminophen,Diclofenac,,,
Pharm-Neuro-Analgesics & NSAIDs-004,2026,Medicine - 6 January (E),Pharmacology,Nervous System,Analgesics & NSAIDs,Which drug is a preferential COX-2 inhibitor?,Aspirin,Indomethacin,Meloxicam,Ibuprofen,,C,Highly Selective COX 2 – Celecoxib. Highly Potent COX 2 – Meloxicam. Irreversible COX 1 & COX 2 inhibitor – Aspirin. Reversible COX 1 & COX 2 inhibitor – NSAID. Low dose Aspirin inhibit – TXA2.
Pharm-Neuro-Analgesics & NSAIDs-005,2026,Medicine - 6 January (E),Pharmacology,Nervous System,Analgesics & NSAIDs,"Which of the following drugs selectively inhibits COX-2, thereby reducing prostaglandin synthesis?",Piroxicam,Aspirin,Indomethacin,Ketorolac,,A,"Piroxicam has relatively more COX-2 inhibitory action compared to aspirin (non-selective, irreversible)."
Pharm-Neuro-Antiepileptic-001,2026,Radiology - 5 January (M),Pharmacology,Nervous System,Antiepileptic,Phenytoin causes gum bleeding by:,Decreasing platelet aggregation,Preventing carboylation of gamma-glutamic acid,Increasing clotting factor degradation,Vitamin C deficiency,,B,
Pharm-Neuro-Antiepileptic Drugs-001,2026,Medicine - 7 January (M),Pharmacology,Nervous System,Antiepileptic Drugs,A mother taking phenytoin has a child with a bleeding disorder. The likely mechanism is:,Defective platelet aggregation,Impaired vitamin K-dependent carboxylation of glutamate,Hemophilia A,Von Willebrand disease,,B,
Pharm-Neuro-Antiepileptic Drugs-002,2026,Gynecology - 5 January (M),Pharmacology,Nervous System,Antiepileptic Drugs,A pregnant woman with epilepsy has been taking phenytoin for several years. She is advised to switch medications due to risk of neonatal hemorrhage. Phenytoin impairs which of the following vitamin-dependent processes?,Hydroxylation of proline,Carboxylation of glutamate residues in clotting factors,Oxidation of succinate,Hydroxylation of lysine,,B,
Pharm-Neuro-Antiepileptic Drugs-003,2026,Medicine - 8 January (M),Pharmacology,Nervous System,Antiepileptic Drugs,A 30-year-old patient presents with complex partial seizures. Which of the following anticonvulsant regimens is most appropriate for controlling complex partial seizures?,Levetiracetam,Diazepam,Carbamazepine,Valproate,,C,"Levetiracetam is first-line for focal and generalized seizures. Valproate is effective but a major teratogen, avoided in women of childbearing age. Carbamazepine is standard first-line for focal seizures. Diazepam is used for status epilepticus."
Pharm-Neuro-Antiepileptic Drugs-004,2026,Anesthesia - 5 January (M),Pharmacology,Nervous System,Antiepileptic Drugs,A pregnant lady takes phenytoin. The doctor wants to prevent bleeding in the newborn because phenytoin prevents:,Oxidation of proline,Vitamin K-dependent gamma-carboxylation,Hydroxylation of lysine,Glucuronidation of bilirubin,,B,Phenytoin interferes with vitamin K-dependent gamma-carboxylation of clotting factors in the fetus → risk of hemorrhagic disease of the newborn. This is why pregnant patients on phenytoin often receive vitamin K supplementation in late pregnancy.
Pharm-Neuro-Antiepileptic Drugs-005,2026,Anesthesia - 5 January (M),Pharmacology,Nervous System,Antiepileptic Drugs,A 6-year-old child with chronic seizure is started on a long-acting anticonvulsant. The physician wants this drug to increase the metabolism of other drugs. Which drug is most likely prescribed?,Sodium valproate,Phenytoin,Carbamazepine,Phenobarbital,Levetiracetam,D,
Pharm-Neuro-Antiepileptic Drugs-006,2026,Radiology - 5 January (M),Pharmacology,Nervous System,Antiepileptic Drugs,Which antieppileptic drug is teratogenic?,Phenytoin,Carbamazepine,Sodium Valproate,Lamotriginee,,C,
Pharm-Neuro-Cholinergic Antagonists-001,2026,Radiology - 6 January (M),Pharmacology,Nervous System,Cholinergic Antagonists,A pharmacological study aims to differentiate the effects of ganglion-blocking drugs from muscarinic receptor-blocking drugs. Which combination of symptoms is most characteristic of muscarinic receptor blockade?,Bradycardia and diarrhea,Sweating and salivation,"Dry mouth, constipation, mydriasis, tachycardia",Hypotension with miosis,Bronchoconstriction and lacrimation,C,"Muscarinic blockade produces anticholinergic effects: dry mouth, constipation, mydriasis, and tachycardia."
Pharm-Neuro-Cholinergic Antagonists-002,2026,Gynecology - 6 January (M),Pharmacology,Nervous System,Cholinergic Antagonists,A pharmacological study aims to differentiate the effects of ganglion-blocking drugs from muscarinic receptor-blocking drugs. Which combination of symptoms is most characteristic of muscarinic receptor blockade?,Bradycardia and diarrhea,Sweating and salivation,"Dry mouth, constipation, mydriasis, tachycardia",Hypotension with miosis,Bronchoconstriction and lacrimation,C,
Pharm-Neuro-Cholinergic Antagonists-003,2026,Medicine - 5 January (E),Pharmacology,Nervous System,Cholinergic Antagonists,What is the most important clinical use for anticholinergic drugs?,Hypertension,Bradycardia,Motion sickness,Bronchodilation in COPD,,D,"<div class=""explanation-container""><div class=""explanation-text""><div style=""color:#16a34a;font-weight:800;margin-bottom:6px;"">✔ Correct Answer: Bronchodilation in COPD</div><div style=""margin-bottom:8px;""><b>Explanation:</b> In clinical practice, inhaled anticholinergics (ipratropium, tiotropium) are widely used as bronchodilators in COPD, improving airflow by blocking M3-mediated bronchoconstriction.</div><div style=""margin-bottom:10px;padding:8px 10px;background:#ecfdf5;border-left:4px solid #16a34a;border-radius:6px;""><b>Clinical Pearl:</b> COPD maintenance therapy commonly includes anticholinergic bronchodilators.</div><br><div style=""color:#dc2626;margin-bottom:4px;""><b>✘ Motion sickness:</b></div>Classic pharmacology use (scopolamine), but less clinically dominant overall.<br><br><div style=""color:#dc2626;margin-bottom:4px;""><b>✘ Hypertension:</b></div>Not a standard indication.<br><br><div style=""color:#dc2626;margin-bottom:4px;""><b>✘ Bradycardia:</b></div>Atropine is used in emergencies, but not the main clinical use of the class.</div></div></div>"
Pharm-Neuro-GA-001,2026,Gynecology - 5 January (M),Pharmacology,Nervous System,General Anesthesia,Which intravenous anesthetic agent has rapid induction and rapid clearance?,Propofol,Thiopental,Nitic oxide,Flumazenil,,A,"Propofol: rapid onset, short duration due to redistribution and metabolism."
Pharm-Neuro-GA-002,2026,Surgery - 7 January (E),Pharmacology,Nervous System,General Anesthesia,A prolong history of boy having raised intracranial pressure now which anaesthesia drug is avoided?,Propofol,Ketamine,Halothan,Bupivavain,,B,
Pharm-Neuro-GA-003,2026,Medicine - 5 January (E),Pharmacology,Nervous System,General Anesthesia,Which anesthetic should be avoided in patients with increased intracranial pressure?,Propofol,Ketamine,Thiopental,Midazolam,,B,"<div class=""explanation-container""><div class=""explanation-text""><div style=""color:#16a34a;font-weight:800;margin-bottom:6px;"">✔ Correct Answer: Ketamine</div><div style=""margin-bottom:8px;""><b>Explanation:</b> Ketamine increases intracranial pressure and is avoided in patients with raised ICP.</div><div style=""margin-bottom:10px;padding:8px 10px;background:#ecfdf5;border-left:4px solid #16a34a;border-radius:6px;""><b>Clinical Pearl:</b> Ketamine = ICP increase risk in neurosurgical settings.</div><br><div style=""color:#dc2626;margin-bottom:4px;""><b>✘ Propofol:</b></div>Decreases ICP and cerebral metabolic rate.<br><br><div style=""color:#dc2626;margin-bottom:4px;""><b>✘ Thiopental:</b></div>Neuroprotective, reduces ICP.<br><br><div style=""color:#dc2626;margin-bottom:4px;""><b>✘ Midazolam:</b></div>Generally decreases cerebral activity and ICP.</div></div></div>"
Pharm-Neuro-GA-004,2026,Anesthesia - 5 January (M),Pharmacology,Nervous System,General Anesthesia,Rapid increase in heart rate is caused by which of the following anesthetic agents?,Isoflurane,Desflurane,Halothane,Nitrous oxide,Sevoflurane,B,
Pharm-Neuro-GA-005,2026,Anesthesia - 5 January (M),Pharmacology,Nervous System,General Anesthesia,Intracranial pressure is raised most by which of the following?,Desflurane,Isoflurane,Halothane,Sevoflurane,Propofol,C,
Pharm-Neuro-GA-006,2026,Anesthesia - 5 January (M),Pharmacology,Nervous System,General Anesthesia,What is the blood/gas partition coefficient of isoflurane?,1.4,1.15,2,2.5,0.5,A,The blood/gas partition coefficient reflects solubility in blood:<br>- Lower coefficient → faster induction and recovery.<br>- Isoflurane: 1.4 (sometimes listed as ~1.15–1.4 depending on reference)<br>- Nitrous oxide: 0.47 (very low → rapid onset)<br>- Halothane: 2.5 (slower onset)<br>- Desflurane: 0.42 (very rapid onset)
Pharm-Neuro-GA-007,2026,Radiology - 5 January (M),Pharmacology,Nervous System,General Anesthesia,IV anesthetic that is rapid-acting and degraded by plasma esterase:,Propofol,Midazolam,Remifentanil,Etomidate,,C,
Pharm-Neuro-GA-008,2026,Anesthesia - 5 January (M),Pharmacology,Nervous System,General Anesthesia,Which intravenous anesthetic has rapid onset and rapid elimination?,Propofol,Ketamine,Etomidate,Desflurane,Halothane,A,
Pharm-Neuro-GA-009,2026,Anesthesia - 5 January (M),Pharmacology,Nervous System,General Anesthesia,Which of the following causes tachycardia at therapeutic doses?,Pethidine,Ketamine,Halothane,Morphine,,B,
Pharm-Neuro-GA-010,2026,Medicine - 7 January (M),Pharmacology,Nervous System,General Anesthesia,Thiopental effect wears off rapidly due to:,Metabolism in liver,Excretion via kidney,Rapid distribution to tissues,Enzyme inductioion,,C,Rapid redistribution to fat and muscle terminates CNS effect.
Pharm-Neuro-GA-011,2026,Medicine - 8 January (M),Pharmacology,Nervous System,General Anesthesia,"Which of the following drug will lead to myocardial depression, when given before ketamine anesthesia?",Lithium,NO,Morphine,Propranolol,,D,
Pharm-Neuro-LA-001,2026,Surgery - 7 January (E),Pharmacology,Nervous System,Local Anesthesia,What is the earliest manifestation of Bupivacaine toxicity:,Flushing,Arrhythmia,Ringing in ears,Tachycardia,,C,
Pharm-Neuro-LA-002,2026,Gynecology - 6 January (M),Pharmacology,Nervous System,Local Anesthesia,A woman in active labor is given epidural anesthesia for pain relief. The anesthetic drug works by blocking nerve conduction in spinal nerves. What is the primary mechanism by which epidural anesthesia relieves pain?,Blocking potassium channels,Blocking hydrogen ion channels,Blocking sodium channels,Blocking sodium–calcium channels,Blocking acetylcholine release,C,
Pharm-Neuro-LA-003,2026,Anesthesia - 5 January (M),Pharmacology,Nervous System,Local Anesthesia,"After bupivacaine local anesthesia, a patient develops cardiac and CNS toxicity. What is the treatment of bupivacaine toxicity?",Ringer lactate,Atropine,Lipid emulsion,Heme cell,Albumin infusion,C,"Lipid emulsion Acts as a ""lipid sink"" and is the first-line treatment for severe local anesthetic systemic toxicity (LAST), especially with bupivacaine, which is highly cardiotoxic."
Pharm-Neuro-LA-004,2026,Surgery - 6 January (E),Pharmacology,Nervous System,Local Anesthesia,Which regional nerve block produces the highest plasma concentration of a local anesthetic because of the fastest systemic absorption?,Intercostal block,Topical application,Epidural,Spinal,,A,
Pharm-Neuro-Neuromuscular Blockers-001,2026,Radiology - 6 January (M),Pharmacology,Nervous System,Neuromuscular Blockers,A patient develops malignant hyperthermia during anesthesia. Which drug is most likely responsible?,Succinylcholine,Atracurium,Rocuronium,Propofol,Midazolam,A,Succinylcholine (a depolarizing muscle relaxant) triggers malignant hyperthermia in genetically susceptible individuals due to abnormal ryanodine receptor activity.
Pharm-Neuro-Neuromuscular Blockers-002,2026,Anesthesia - 5 January (M),Pharmacology,Nervous System,Neuromuscular Blockers,For Muscle relaxant Drug of choice in chronic liver disease (CLD)?,Mivacurium,Cisatracurium,Pancuronium,Terbutaline,,B,"Cisatracurium undergoes Hofmann elimination (organ-independent), making it safe in liver disease, unlike drugs metabolized hepatically."
Pharm-Neuro-Neuromuscular Blockers-003,2026,Gynecology - 6 January (M),Pharmacology,Nervous System,Neuromuscular Blockers,A patient develops malignant hyperthermia during anesthesia. Which drug is most likely responsible?,Succinylcholine,Atracurium,Rocuronium,Propofol,Midazolam,A,Succinylcholine (a depolarizing muscle relaxant) triggers malignant hyperthermia in genetically susceptible individuals due to abnormal ryanodine receptor activity.
Pharm-Neuro-Neuromuscular Blockers-004,2026,Radiology - 5 January (M),Pharmacology,Nervous System,Neuromuscular Blockers,Botulinum toxin (Botox) injection mechanism of action:,Acts on postsynaptic neuron,Inhibits acetylcholinesterase,Acts on presynaptic neuron,Blocks muscle receptors,,C,"Botox inhibits acetylcholine release at the presynaptic terminal, causing muscle relaxation."
Pharm-Neuro-Neuromuscular Blockers-005,2026,Anesthesia - 5 January (M),Pharmacology,Nervous System,Neuromuscular Blockers,Mechanism of action of botulinum toxin (Botox),Blocking postsynaptic nicotinic receptors,Inhibiting acetylcholinesterase,Preventing release of acetylcholine from presynaptic nerve terminals,Inhibiting calcium influx into postsynaptic muscle fibers,Competitive antagonism at muscarinic receptors,C,
Pharm-Neuro-Neuromuscular Blockers-006,2026,Gynecology - 5 January (M),Pharmacology,Nervous System,Neuromuscular Blockers,Botulinum toxin produces its clinical effect by acting at which site?,Postsynaptic acetylcholine receptor,Presynaptic terminal blocking acetylcholine release,Inhibition of acetylcholinesterase,Block of voltage-gated sodium channels,,B,Botulinum toxin cleaves SNARE proteins preventing ACh release.
Pharm-Neuro-Opioids-001,2026,Medicine - 5 January (E),Pharmacology,Nervous System,Opioids,Co-administration of MAO inhibitors with which opioid can lead to excitability?,Morphine,Fentanyl,Pethidine,Codeine,,C,"<div class=""explanation-container""><div class=""explanation-text""><div style=""color:#16a34a;font-weight:800;margin-bottom:6px;"">✔ Correct Answer: Pethidine</div><div style=""margin-bottom:8px;""><b>Explanation:</b> Pethidine (meperidine) combined with MAO inhibitors can precipitate serotonin syndrome, causing CNS excitability.</div><div style=""margin-bottom:10px;padding:8px 10px;background:#ecfdf5;border-left:4px solid #16a34a;border-radius:6px;""><b>Clinical Pearl:</b> MAOI + pethidine = dangerous interaction (serotonin syndrome).</div><br><div style=""color:#dc2626;margin-bottom:4px;""><b>✘ Morphine:</b></div>No strong serotonergic effect.<br><br><div style=""color:#dc2626;margin-bottom:4px;""><b>✘ Fentanyl:</b></div>Less association with MAOI interaction.<br><br><div style=""color:#dc2626;margin-bottom:4px;""><b>✘ Codeine:</b></div>Mild opioid without this interaction.</div></div></div>"
Pharm-Neuro-Opioids-002,2026,Medicine - 5 January (E),Pharmacology,Nervous System,Opioids,Why might opioid toxicity symptoms recur 45 minutes after a patient is treated with naloxone for an overdose?,Patient took a second opioid dose,Short half-life of naloxone,Renal failure,Opioid tolerance,,B,"<div class=""explanation-container""><div class=""explanation-text""><div style=""color:#16a34a;font-weight:800;margin-bottom:6px;"">✔ Correct Answer: Short half-life of naloxone</div><div style=""margin-bottom:8px;""><b>Explanation:</b> Naloxone has a shorter duration of action than most opioids, so symptoms can recur once it wears off.</div><div style=""margin-bottom:10px;padding:8px 10px;background:#ecfdf5;border-left:4px border:#16a34a;border-radius:6px;""><b>Clinical Pearl:</b> Naloxone wears off before long-acting opioids.</div><br><div style=""color:#dc2626;margin-bottom:4px;""><b>✘ Second opioid dose:</b></div>Not the typical explanation.<br><br><div style=""color:#dc2626;margin-bottom:4px;""><b>✘ Renal failure:</b></div>Does not explain recurrence timing.<br><br><div style=""color:#dc2626;margin-bottom:4px;""><b>✘ Opioid tolerance:</b></div>Irrelevant to acute reversal.</div></div></div>"
Pharm-Neuro-Opioids-003,2026,Medicine - 6 January (E),Pharmacology,Nervous System,Opioids,26-year-old boy with pinpoint pupils and respiratory depression receives naloxone but loses consciousness 40 min later. Reason is:,Long half-life of naloxone,Short half-life naloxone,Active metabolite,Depot formulation,,B,"Opioids like methadone or sustained-release morphine outlast naloxone, causing recurrent toxicity. Naloxone has very short half life."
Pharm-Neuro-Opioids-004,2026,Surgery - 6 January (E),Pharmacology,Nervous System,Opioids,A 26-year-old man with pinpoint pupils and respiratory depression is given naloxone but becomes unconscious again 40 minutes later. What is the most likely reason?,Short half-life naloxone,Depot formulation,Cocaine intoxication,Long half-life of naloxone,,A,
Pharm-Neuro-Psychiatric Drugs-001,2026,Anesthesia - 5 January (M),Pharmacology,Nervous System,Psychiatric Drugs,A patient is using MAO inhibitors for an anxiety disorder. A newly introduced drug interacts with it and causes marked sedation or serotonin syndrome. Which drug is that?,Fluoxetine,Diazepam,Haloperidol,Lithium,Carbamazepine,A,
Pharm-Neuro-Psychiatric Drugs-002,2026,Radiology - 5 January (M),Pharmacology,Nervous System,Psychiatric Drugs,Lithium causes renal stones by:,Acting on PTH,Increasing calcitonin,Increasing blood phosphorus,Increase urinary solute concentration,,A,Lithium interferes with calcium metabolism via effects on PTH. Lithium block can sensing receptor therefore increase threshold for ph release resulting in hyperparathyroidism leading to hypercalcemia and hypercalciuria and stone formation.
Pharm-Neuro-Psychiatric Drugs-003,2026,Anesthesia - 5 January (M),Pharmacology,Nervous System,Psychiatric Drugs,A bipolar patient on lithium presents with polyuria and polydipsia. Cause?,SIADH,Central diabetes insipidus,Nephrogenic diabetes insipidus,Psychogenic polydipsia,Hyperaldosteronism,C,
Pharm-Neuro-Psychiatric Drugs-004,2026,Anesthesia - 5 January (M),Pharmacology,Nervous System,Psychiatric Drugs,"A 45-year-old male undergoes surgery under spinal anesthesia and develops hypotension. Ephedrine is planned. On reviewing his medication history, he is found to be taking a drug for depression. Administration of ephedrine may lead to a severe hypertensive crisis. Which of the following drugs is contraindicated with ephedrine in this patient?",Phenelzine (MAOI),Fluoxetine,Amitriptyline,Diazepam,Propranolol,A,
Physio-Neuro-Autonomic Neuro-001,2026,Surgery - 6 January (E),Physiology,Nervous System,Autonomic Nervous System,"With sympathetic activation, which effect is mediated by alpha-adrenergic receptors?",Bronchodilation,Increased salivation,Increased heart rate,Pupillary dilation,,D,
Physio-Neuro-Autonomic Neuro-002,2026,Anesthesia - 5 January (M),Physiology,Nervous System,Autonomic Nervous System,Sympathetic ganglion contains,Preganglionic neuron cell bodies,Muscarinic receptors at the ganglion,Postganglionic neuron cell bodies,Dendrites of preganglionic fibers,,C,
Physio-Neuro-Autonomic Neuro-003,2026,Medicine - 7 January (M),Physiology,Nervous System,Autonomic Nervous System,The main neurotransmitter mediating sympathetic effects on the heart is:,Acetylcholine,Adrenaline,Dopamine,Serotonin,,B,
Physio-Neuro-Autonomic Neuro-004,2026,Medicine - 6 January (E),Physiology,Nervous System,Autonomic Nervous System,A patient presents with sympathetic nervous system activation. Which function is mediated via alpha-adrenergic receptors?,Vasodilation of skeletal muscle vessels,Pupillary dilation,Bronchodilation,Increased heart rate,,B,
Physio-Neuro-Cerebral Cortex-001,2026,Gynecology - 5 January (M),Physiology,Nervous System,Cerebral Cortex,A patient has difficulty in speech production but comprehension is intact. This condition is expressive aphasia due to lesion in which area?,Broca’s,Wernicke’s,Angular gyrus,Global,,A,"Broca aphasia – motor, non-fluent, inferior frontal gyrus."
Physio-Neuro-Cerebral Cortex-002,2026,Surgery - 6 January (E),Physiology,Nervous System,Cerebral Cortex,A parietal lobe lesion causes an inability to recognize objects by touch despite preserved tactile sensation. What is this condition called?,Anosmia,Aphasia,Agnosia,Astereognosis,,D,
Physio-Neuro-Cerebral Cortex-003,2026,Surgery - 6 January (E),Physiology,Nervous System,Cerebral Cortex,A lesion of Brodmann area 43 most likely disrupts which function?,Somatic sensation,Speech,Renal function,Taste,,D,
Physio-Neuro-Cerebral Cortex-004,2026,Radiology - 5 January (M),Physiology,Nervous System,Cerebral Cortex,"A 45-year-old woman presents with difficulty speaking. She can understand spoken language but has non-fluent, effortful speech with short phrases. What is the most likely diagnosis?",Wernicke’s aphasia,Broca’s aphasia,Global aphasia,Conduction aphasia,,B,
Physio-Neuro-Cerebral Cortex-005,2026,Medicine - 6 January (E),Physiology,Nervous System,Cerebral Cortex,Lesion of Brodmann area 43 will affect which function?,Somatic sensation,Taste,Olfaction,Speech,,B,
Physio-Neuro-Cerebral Cortex-006,2026,Medicine - 6 January (E),Physiology,Nervous System,Cerebral Cortex,A lesion of the parietal lobe results in inability to recognize objects by touch despite intact sensation. This condition is called:,Aphasia,Apraxia,Asterognosis,Agnosia,,C,"Frontal lobes lesions (BF3) - Expressive (Broca's) aphasia, Depression and lack of motivation (bore), Anosmia (blocked nose). Temporal lobe lesion (t4) - Wernicke's aphasia (talk), Prosopagnosia (difficulty recognizing faces) (thinking of face), Memory problem (time), Perception of auditory impulses (tone). Parietal lobe lesions (fingers related) - Asterognosis (somethetic association (tactile agnosia)) (difficulty in identifying the fingers and naming them), Agraphia (difficulty in writing). Occipital lobe lesions (oculard) - Homonymous hemianopia (with macular sparing), Cortical blindness, Visual agnosia."
Physio-Neuro-Cerebrospinal Fluid-001,2026,Anesthesia - 5 January (M),Physiology,Nervous System,Cerebrospinal Fluid,Density of CSF is:,1.005-1.009,1.001-1.005,1.0005,1.0009,Less than 1.001,B,FORMATION AND CIRCULATION OF CSF<br>CSF Density is 1.0005.<br>CSF Specific Gravity is 1.005.<br>CSF PH is 7.33.<br>CSF is isotonic with serum.<br>CSF has Equal sodium as compared to plasma.<br>CSF has High magnesium and chloride as compared to plasma.<br>CSF has More Creatinine as compared to plasma.<br>Rest everything is Low in CSF as compared to plasma (Protein more. Low than glucose)<br>CSF is produced by - Ependymal cells<br>CSF Provides nutrition to - CNS<br>Arachnoid granulations are seen by naked eye<br>Indicator for CSF Leak - Beta 2 Transferrin<br>Maximum determinant of CSF composition is Ependymal cells<br>CSF Pressure - 10-20 cm H2O or 60-150mm H2O or 6-15mmHg<br>CSF production - 20ml/h<br>CSF production - 450 -500 ml/day<br>CSF in Ventricle - 150ml<br>Lateral ventricle to 3rd via Interventricular Foramina of Monro<br>3rd to 4th via cerebral aqueduct (blockage can cause hydrocephalus)<br>4th to Subarachnoid space via Foramen Magendie and Foramen Luschka<br>CSF made by choroid plexus (Ependymal cells) in 4th and lateral ventricle<br>CSF absorbed by arachnoid granulations and then drains into Dural venous sinus<br><br>CSF is made by ependymal cells of the choroid plexus<br>It is reabsorbed by arachnoid granulations<br>Drains into the dural venous sinuses<br>Majority of CSF is produced within the two lateral ventricles
Physio-Neuro-Cranial Nerves-001,2026,Medicine - 5 January (E),Physiology,Nervous System,Cranial Nerves,Which function is lost in a patient with Bell's palsy showing facial deviation to the left and loss of sensation on the right?,Lacrimation,Taste from posterior 1/3 of tongue,Taste from anterior 2/3 of tongue,Hearing,,C,"<div class=""explanation-container""><div class=""explanation-text""><div style=""color:#16a34a;font-weight:800;margin-bottom:6px;"">✔ Correct Answer: Taste from anterior 2/3 of tongue</div><div style=""margin-bottom:8px;""><b>Explanation:</b> Bell’s palsy (CN VII lesion) causes loss of taste from anterior 2/3 of tongue and facial asymmetry.</div><div style=""margin-bottom:10px;padding:8px 10px;background:#ecfdf5;border-left:4px solid #16a34a;border-radius:6px;""><b>Clinical Pearl:</b> Facial nerve = taste anterior 2/3 + lacrimation + facial expression.</div><br><div style=""color:#dc2626;margin-bottom:4px;""><b>✘ Lacrimation:</b></div>Also affected in Bell’s palsy, but not the best single answer here.<br><br><div style=""color:#dc2626;margin-bottom:4px;""><b>✘ Taste from posterior 1/3:</b></div>CN IX mediated.<br><br><div style=""color:#dc2626;margin-bottom:4px;""><b>✘ Hearing:</b></div>CN VIII function, not facial nerve.</div></div></div>"
Physio-Neuro-ElectroPhysio-001,2026,Gynecology - 5 January (M),Physiology,Nervous System,Electrophysiology,A 30-year-old patient suffering from neurodegenerative disorder undergoes an EEG that shows waves with a frequency of 4-7 cycles per second. Which type of EEG waves corresponds to this frequency range?,Delta waves,Theta waves,Alpha waves,Beta waves,Gamma waves,B,"Theta waves: 4-7 Hz, seen in N1 sleep and stress."
Physio-Neuro-ElectroPhysio-002,2026,Gynecology - 6 January (M),Physiology,Nervous System,Electrophysiology,A 30-year-old patient suffering from neurodegenerative undergones an EEG that shows waves with a frequency of 4-7 cycles per second. Which type of EEG pattern corresponds to this frequency range?,Delta waves,Theta waves,Alpha waves,Beta waves,Gamma waves,B,
Physio-Neuro-ElectroPhysio-003,2026,Radiology - 5 January (M),Physiology,Nervous System,Electrophysiology,Person with neurodegeneration disease: EEG shows 4–7 Hz frequency. Wave type:,Delta,Alpha,Theta,Beta,,C,
Physio-Neuro-Limbic System-001,2026,Surgery - 6 January (E),Physiology,Nervous System,Limbic System,Which brain region primarily mediates memory formation and is impaired when memory loss occurs?,Hippocampal gyrus,Saphenous vein,Midbrain,Cerebral cortex,,A,
Physio-Neuro-Limbic System-002,2026,Surgery - 6 January (E),Physiology,Nervous System,Limbic System,A patient presents with retrograde amnesia after a road traffic accident and cannot recall events before the injury. Which brain region is most likely damaged?,Cerebellum,Occipital lobe,Thalamus,Hippocampus,,D,
Physio-Neuro-Limbic System-003,2026,Medicine - 6 January (E),Physiology,Nervous System,Limbic System,A patient has retrograde amnesia after RTA (cannot remember events before accident). Site of lesion?,Thalamus,Amygdala,Hippocampus,Cerebellum,,C,MEMORY CENTER IS LOCATED IN = TEMPORAL LOBE. Short term memory loss due to lesion in = Limbic association area (hippocampus is a part of limbic area). Loss of long-term memory occurs due to lesion in = Limbic > amygdala. B/L hippocampus damage = Memory loss. Structural changes in protein synthesis leads to Long term memory. Long term memory is made by Protein synthesis and activation. Cause of retrograde amnesia = Temporal lobe.
Physio-Neuro-Limbic System-004,2026,Medicine - 7 January (M),Physiology,Nervous System,Limbic System,"A patient presents with inability to form new memories following a head injury. Intelligence, motor function, and previously stored memories are preserved. Which brain structure is most likely damaged?",Amygdala,Thalamus,Hippocampus,Cerebellum,,C,
Physio-Neuro-Limbic System-005,2026,Surgery - 7 January (E),Physiology,Nervous System,Limbic System,"An elderly woman sustains a road traffic accident. After recovery, she is able to recall past events but is unable to form new memories. Damage to which area of the brain is most likely responsible for this condition?",Cerebellum,Hippocampus,Amygdala,Thalamus,,B,Hippocampus – Short term memory + collection in long term memory (long term memory formed by new Protein synthesis)
Physio-Neuro-Motor System-001,2026,Radiology - 6 January (M),Physiology,Nervous System,Motor System,"A 42-year-old professional pianist presents with progressive difficulty in playing the piano. He reports loss of fine finger movements and clumsiness while performing rapid, precise hand actions. On neurological examination, muscle strength is relatively preserved, but there is marked impairment of skilled voluntary movements of the hands. Sensory examination is normal. Which neural tract is most likely involved?",Spinothalamic tract,Corticospinal tract,Vestibulospinal tract,Rubrospinal tract,,B,
Physio-Neuro-Motor System-002,2026,Gynecology - 7 January (E),Physiology,Nervous System,Motor System,Fine motor movements are controlled by the:,Cerebellum,Primary motor cortex,Basal ganglia,Brainstem,,A,
Physio-Neuro-Motor System-003,2026,Surgery - 6 January (E),Physiology,Nervous System,Motor System,A patient has lost skilled voluntary movements; which descending motor tract is most likely affected?,Spinothalamic tract,Rubrospinal tract,Corticospinal tract,Optic nerve,,C,
Physio-Neuro-Motor System-004,2026,Gynecology - 6 January (M),Physiology,Nervous System,Motor System,A musician is playing piano. Which function is helping him in his performance.,Planning and execution of voluntary movements,Integration of information in thalamus,Spinal reflexes,DCML,,A,
Physio-Neuro-Motor System-005,2026,Anesthesia - 5 January (M),Physiology,Nervous System,Motor System,"A patient had a stroke 3 months ago, Now examination shows increased tendon reflexes on the affected side. What is the cause?",Lower motor neuron lesion,Cerebellar lesion,Peripheral neuropathy,Upper motor neuron lesion,Neuromuscular junction disorder,D,
Physio-Neuro-Neural Development-001,2026,Radiology - 6 January (M),Physiology,Nervous System,Neural Development,Myelination starts in utero. The correct sequence of myelination is:,"Peripheral to central, rostral to caudal, ventral to dorsal","Central to peripheral, rostral to caudal, ventral to dorsal","Peripheral to central, caudal to rostral, dorsal to ventral","Central to peripheral, caudal to rostral, dorsal to ventral","Rostral to caudal, central to peripheral, ventral to dorsal",D,"Myelination progresses from central → peripheral, caudal → rostral, and dorsal → ventral."
Physio-Neuro-NeuroPhysio-001,2026,Gynecology - 5 January (M),Physiology,Nervous System,Neurophysiology,"During neuronal action potential, a second stimulus fails to generate another action potential regardless of strength. Why?",Absolute refractory period,Relative refractory period,Summation,Facilitation,,A,"During absolute refractory period, no stimulus can trigger AP."
Physio-Neuro-NeuroPhysio-002,2026,Medicine - 8 January (M),Physiology,Nervous System,Neurophysiology,Action potential recorded from a nerve trunk is called:,Compound action potential,Spike potential,End-plate potential,Graded potential,,A,
Physio-Neuro-NeuroPhysio-003,2026,Gynecology - 7 January (E),Physiology,Nervous System,Neurophysiology,"When a nerve trunk is stimulated and the electrical response is recorded, which type of action potential is observed?",Single action potential,Graded potential,Compound action potential,Summated potential,,C,#NAME?
Physio-Neuro-NeuroPhysio-004,2026,Radiology - 5 January (M),Physiology,Nervous System,Neurophysiology,A strong stimulus cannot increase amplitude of neuronal potential due to:,Strong stimulus inhibits Na+ channels beyond threshold,Depolarization causes closure of Na+ channels due to refractory period,K+ channels blocked,Action potentials follow the all-or-none principle,,D,"During the refractory period, Na+ channels are inactivated, preventing increased action potential amplitude."
Physio-Neuro-NeuroPhysio-005,2026,Anesthesia - 5 January (M),Physiology,Nervous System,Neurophysiology,"The stage of an action potential during which no matter how strong the stimulus is, a new action potential cannot be generated is known as:",Relative refractory period,Hyperpolarization phase,Absolute refractory period,Subthreshold phase,Repolarization phase,C,
Physio-Neuro-NeuroPhysio-006,2026,Gynecology - 5 January (M),Physiology,Nervous System,Neurophysiology,"During nerve conduction, repeated increase in stimulus strength does not increase action potential amplitude. This is due to?",Summation,All-or-none law,Relative refractory period,Absolute refractory period,,B,Action potentials follow all-or-none law.
Physio-Neuro-NeuroPhysio-007,2026,Medicine - 6 January (E),Physiology,Nervous System,Neurophysiology,Preganglionic autonomic nerve fibers are classified as:,Type A fibers,Type B fibers,Type C fibers,Type D fibers,,B,"Erlanger and Gasser Classification: Aα - Proprioception, Somatic motor, 12-20 μm, 70-120 m/s. Aβ - 5-12 μm, 30-70 m/s. Aγ - Motor to muscle spindles, 3-6 μm, 15-30 m/s. Aδ - Pain Cold Touch, 2-5 μm, 12-30 m/s, Most susceptible to Pressure. B - Preganglionic autonomic, <3 μm, 3-15 m/s. C (Dorsal root) - Pain Temperature, 0.4-1.2 μm, 0.5-2 m/s, Most susceptible to Hypoxia. C (Sympathetic) - Postganglionic sympathetic, 0.3-1.3 μm, 0.7-2.3 m/s."
Physio-Neuro-NeuroPhysio-008,2026,Surgery - 6 January (E),Physiology,Nervous System,Neurophysiology,Which fiber type corresponds to preganglionic autonomic nerve fibers?,Type E fibers,Type A fibers,Type B fibers,Type C fibers,,C,
Physio-Neuro-NeuroPhysio-009,2026,Medicine - 5 January (E),Physiology,Nervous System,Neurophysiology,Approximately what is the normal cerebral oxygen flow per minute?,20 mL/100 g/min,50 mL/100 g/min,100 mL/100 g/min,150 mL/100 g/min,,B,"<div class=""explanation-container""><div class=""explanation-text""><div style=""color:#16a34a;font-weight:800;margin-bottom:6px;"">✔ Correct Answer: 50 mL/100 g/min</div><div style=""margin-bottom:8px;""><b>Explanation:</b> Normal cerebral blood flow is approximately 50 mL/100 g/min, reflecting high metabolic activity of the brain.</div><div style=""margin-bottom:10px;padding:8px 10px;background:#ecfdf5;border-left:4px solid #16a34a;border-radius:6px;""><b>Clinical Pearl:</b> Brain consumes ~20% of body oxygen at rest.</div><br><div style=""color:#dc2626;margin-bottom:4px;""><b>✘ 20 mL/100 g/min:</b></div>Too low for normal brain function.<br><br><div style=""color:#dc2626;margin-bottom:4px;""><b>✘ 100 mL/100 g/min:</b></div>Excessively high, not physiological.<br><br><div style=""color:#dc2626;margin-bottom:4px;""><b>✘ 150 mL/100 g/min:</b></div>Pathologically unrealistic.</div></div></div>"
Physio-Neuro-NeuroPhysio-010,2026,Medicine - 8 January (M),Physiology,Nervous System,Neurophysiology,Which ion contributes most to the resting membrane potential due to its high membrane permeability?,Sodium (Na+),Potassium (K+),Calcium (Ca2+),Chloride (Cl-),,B,
Physio-Neuro-NeuroPhysio-011,2026,Surgery - 7 January (E),Physiology,Nervous System,Neurophysiology,Neurotransmitter at Parasympathetic Post Ganglionic fibers is?,Acetylcholine,Nor Epinephrine,Epinephrine,Serotonin,Glutamine,A,
Physio-Neuro-Sensory System-001,2026,Gynecology - 7 January (E),Physiology,Nervous System,Sensory System,A phone vibrates in the phone pocket which spinal nucleus primarily detects vibration sensation?,Clarke’s nucleus (nucleus dorsalis),Nucleus proprius,Nucleus Gracilis,Nucleus cuneatus,,C,"- When a phone vibrates in a pocket, the spinal nucleus that primarily detects the vibration sensation is Clarke's nucleus (nucleus dorsalis). Clarke's nucleus, located in the intermediate grey matter of the spinal cord (specifically from C8 to L3.L4), is a crucial relay station for unconscious proprioception."
Physio-Neuro-Sensory System-002,2026,Gynecology - 5 January (M),Physiology,Nervous System,Sensory System,A patient has zero muscle power. Which sensory receptor related to muscle tension is involved?,Muscle spindle,Pacinian corpuscle,Meissner corpuscle,Golgi tendon organ,,D,"Golgi tendon organs respond to = Tension remember = “Tension” and “Tendon” i.e when tension on a muscle increases golgi tendon organs starts firing and relaxes it, and for spindle in Spind’L’e→“L”ength i.e spindle cause change in length."
Physio-Neuro-Sensory System-003,2026,Gynecology - 6 January (M),Physiology,Nervous System,Sensory System,A girl is lifting heavy weights in the gym. She suddenly experiences muscle weakness and drops the weight. Which structure is responsible for this protective reflex?,Merkel disc,Meissner corpuscle,Golgi tendon organ,Muscle spindle,Pacinian corpuscle,C,
Physio-Neuro-Sensory System-004,2026,Surgery - 6 January (E),Physiology,Nervous System,Sensory System,"After a cerebrovascular accident, a patient has complete loss of voluntary muscle power. Which sensory receptor function is most likely preserved?",Meissner corpuscles,Nociceptors,Pacinian corpuscles,Retinal photoreceptors (rods and cones),,B,
Physio-Neuro-Sensory System-005,2026,Surgery - 7 January (E),Physiology,Nervous System,Sensory System,Fast pain fibers are:,Beta,C fiber,A alpha,A delta,,D,
Physio-Neuro-Sensory System-006,2026,Gynecology - 5 January (M),Physiology,Nervous System,Sensory System,Reduced pain perception is most directly associated with decreased levels of:,Serotonin,Dopamine,Substance P,Acetylcholine,,C,"- Fast pain: glutamate<br>- Slow pain = substance-P,<br>- Pain inhibitory fibers = enkephalin (endogenous opioids)<br>- Pain mediated by Bradykinin and PGE"
Physio-Neuro-Sensory System-007,2026,Radiology - 5 January (M),Physiology,Nervous System,Sensory System,Patient with osteoarthritis has pain relieved on rest and aggravated on walking. Which mediator is released that decreases pain?,Enkephalin,Substance P,Bradykinin,Glutamate,,A,Non – adaptive receptors – Nociceceptors<br>- Neurotransmitter of outflow of basal ganglia – GABA<br>- Neurotransmitters of Corticostriatal fibers – Glutamate<br>- Neurotransmitters of nodes and cones – Glutamate<br>- Major neurotransmitter of substantia nigra – Dopamine<br>- Neurotransmitter of brain stem striatal fibers – Serotonin<br>- Fast pain neurotransmitter – Glutamate<br>- Slow pain neurotransmitter – Substance P<br>- Pain inhibitory fibers - Enkephalin
Physio-Neuro-Sensory System-008,2026,Anesthesia - 5 January (M),Physiology,Nervous System,Sensory System,"Patient presents with severe knee pain. After an intervention, pain improves. Decrease in which substance in the spinal cord is responsible for the subsided pain?",Glycine,Dopamine,Serotonin,Substance P,GABA,D,Substance P is a neurotransmitter responsible for transmitting pain in the spinal cord; its action leads to pain relief.
Physio-Neuro-Sensory System-009,2026,Medicine - 7 January (M),Physiology,Nervous System,Sensory System,Property of receptor responding to stimulus type is called:,Adaptation,Receptive field,Modality,Threshold,,C,
Physio-Neuro-Sensory System-010,2026,Medicine - 5 January (E),Physiology,Nervous System,Sensory System,A pendular knee jerk is typically observed in:,Upper motor neuron lesion,Lower motor neuron lesion,Cerebellar disease,Peripheral neuropathy,,C,"<div class=""explanation-container""><div class=""explanation-text""><div style=""color:#16a34a;font-weight:800;margin-bottom:6px;"">✔ Correct Answer: Cerebellar disease</div><div style=""margin-bottom:8px;""><b>Explanation:</b> Pendular knee jerk reflects hypotonia with reduced damping of reflex oscillations, classically seen in cerebellar lesions.</div><div style=""margin-bottom:10px;padding:8px 10px;background:#ecfdf5;border-left:4px solid #16a34a;border-radius:6px;""><b>Clinical Pearl:</b> Cerebellar lesions cause pendular reflexes due to loss of tone regulation.</div><br><div style=""color:#dc2626;margin-bottom:4px;""><b>✘ Upper motor neuron lesion:</b></div>Hyperreflexia with spasticity.<br><br><div style=""color:#dc2626;margin-bottom:4px;""><b>✘ Lower motor neuron lesion:</b></div>Reduced or absent reflexes.<div style=""color:#dc2626;margin-bottom:4px;""><br><b>✘ Peripheral neuropathy:</b></div>Decreased reflexes, not pendular.</div></div></div>"
Physio-Neuro-Sensory System-011,2026,Medicine - 6 January (E),Physiology,Nervous System,Sensory System,"While checking quadriceps function, leg movement occurs on tapping the tendon. This movement is:",Voluntary movement,Involuntary movement,Automatic reflex,Crossed extensor reflex,,B,
Physio-Neuro-Sensory System-012,2026,Radiology - 6 January (M),Physiology,Nervous System,Sensory System,A girl is lifting heavy weights in the gym. She suddenly experiences muscle weakness and drops the weight. Which structure is responsible for this protective reflex?,Merkel disc,Meissner corpuscle,Golgi tendon organ,Muscle spindle,Pacinian corpuscle,C,
Physio-Neuro-Sensory System-013,2026,Medicine - 8 January (M),Physiology,Nervous System,Sensory System,"A pregnant woman complains of an early morning metallic taste in her mouth. Which taste sensation, when inhibited by potassium channels, generates action potentials leading to this sensation?",Sweet,Sour,Bitter,Salty,,B,"Sour taste sensation is generated by inhibition of potassium channels, leading to cell depolarization and action potential generation."
Physio-Neuro-Sensory System-014,2026,Surgery - 6 January (E),Physiology,Nervous System,Sensory System,Tapping the patellar (quadriceps) tendon during assessment causes a sudden leg extension. This movement is:,Peristaltic movement,Involuntary movement,Automatic reflex,Voluntary movement,,C,
Physio-Neuro-Sensory System-015,2026,Medicine - 7 January (M),Physiology,Nervous System,Sensory System,The receptor responsible for sensing vibration is:,Meissner's corpuscles,Pacinian corpuscles,Merkel discs,Ruffini endings,,B,
Physio-Neuro-Sensory System-016,2026,Gynecology - 6 January (M),Physiology,Nervous System,Sensory System,A receptor is being studied that responds to different stimuli of light. Which property of the receptor is being tested?,Transduction,Modality,Adaptation,Selectivity,,B,"Modality is the term used in sensory physiology to describe the type of sensation a receptor responds to light, heat, pressure, etc.<br>Transduction is the process of converting light energy into electrical signal response over time despite constant stimulus."
Physio-Neuro-Sensory System-017,2026,Medicine - 6 January (E),Physiology,Nervous System,Sensory System,A patient with CVA has complete loss of muscle power. Which sensory receptor function is most likely preserved?,Nociceptors,Pacinian corpuscles,Meissner corpuscles,Merkel discs,,A,"SENSORY PHYSIOLOGY: Stimulus Energy - Tap, flutter 5–40 Hz: Meissner corpuscles. Motion: Hair follicle receptors. Deep pressure, vibration 60–300 Hz: Pacinian corpuscles. Touch, pressure: Merkel cells. Sustained pressure: Ruffini corpuscles. Stretch: Muscle spindles. Tension: Golgi tendon organ. Thermal: Cold and warm receptors. Chemical, thermal, and mechanical: Polymodal receptors or nociceptors. Vision: Rods, cones. Hearing: Sound. Angular acceleration. Linear acceleration, gravity. Smell: Chemical. Taste: Chemical."
Physio-Neuro-Sensory System-018,2026,Medicine - 8 January (M),Physiology,Nervous System,Sensory System,Which fibers primarily carry touch and pressure information?,Aβ fibers,Aδ fibers,B fibers,C fibers,,A,"Type of Receptor: Free nerve endings (Aδ, C) - pain, crude touch, temperature; Hair follicle receptors (Aβ) - touch; Meissner's corpuscles (Aβ) - touch, rapid adaptation; Pacinian corpuscles (Aβ) - vibration, rapid; Ruffini's corpuscles (Aβ) - stretch, slow; Neuromuscular spindles (Aβ) - muscle length; Neurotendinous spindles (Aα) - muscle tension."
Physio-Neuro-Sleep-001,2026,Medicine - 7 January (M),Physiology,Nervous System,Sleep,Slow wave sleep is primarily regulated by:,Dopamine,Serotonin,Acetylcholine,Norepinephrine,,B,NREM sleep is regulated mainly by serotonin from raphe nuclei.
Physio-Neuro-Spinal Cord-001,2026,Radiology - 5 January (M),Physiology,Nervous System,Spinal Cord,"In Brown-Séquard syndrome, which sensation is affected contralaterally?",Touch,Proprioception,Pain and temperature,Vibration,,C,
Physio-Neuro-Spinal Cord-002,2026,Medicine - 8 January (M),Physiology,Nervous System,Spinal Cord,"A patient has a hemisection of the spinal cord on the left side. Below the lesion, he loses pain and temperature sensation on the right. Which sensation is likely to remain intact on the left side?",Vibration sense,Light touch,Warmth sensation,Motor function,,C,"Hemisection of spinal cord: Ipsilateral loss of all sensation at level of lesion; Ipsilateral LMN signs at level; Ipsilateral UMN signs below level; Ipsilateral loss of proprioception, vibration, and light touch below level (dorsal column); Contralateral loss of pain, temperature, and crude touch below level (spinothalamic tract). Above T1: ipsilateral Horner syndrome."
Physio-Neuro-Thermoregulation-001,2026,Medicine - 5 January (E),Physiology,Nervous System,Thermoregulation,At which temperature does the skin initially perceive a burning sensation?,30°C,39°C,40°C,45°C,,D,"<div class=""explanation-container""><div class=""explanation-text""><div style=""color:#16a34a;font-weight:800;margin-bottom:6px;"">✔ Correct Answer: 45°C</div><div style=""margin-bottom:8px;""><b>Explanation:</b> Pain receptors in the skin are activated at temperatures around 45°C, producing a burning sensation.</div><div style=""margin-bottom:10px;padding:8px 10px;background:#ecfdf5;border-left:4px solid #16a34a;border-radius:6px;""><b>Clinical Pearl:</b> ≥45°C activates nociceptors → pain instead of warmth.</div><br><div style=""color:#dc2626;margin-bottom:4px;""><b>✘ 30°C:</b></div>Perceived as cool temperature.<br><br><div style=""color:#dc2626;margin-bottom:4px;""><b>✘ 39°C:</b></div>Warm but not painful.<br><br><div style=""color:#dc2626;margin-bottom:4px;""><b>✘ 40°C:</b></div>Still below pain threshold.</div></div></div>"
Physio-Neuro-Thermoregulation-002,2026,Medicine - 8 January (M),Physiology,Nervous System,Thermoregulation,"A mountaineer exposed to extreme cold develops intense shivering, cutaneous vasoconstriction, and increased metabolic rate. Which neural center is primarily responsible for heat conservation and generation?",Anterior hypothalamus,Thalamus,Posterior hypothalamus,Medulla oblongata,,C,Posterior hypothalamus activated via cold temp and activate sympathetic which will increase heating. Anterior hypothalamus activated via hot temp and activates parasympathetic and will increase cooling.
Radio-Neuro-Head-001,2026,Radiology - 5 January (M),Radiology,Nervous System,Head,Biconvex-shaped CT scan finding indicates:,Epidural hematoma,Subdural hematoma,Subarachnoid hemorrhage,Intracerebral hemorrhage,,A,
Radio-Neuro-Hemorrhage-001,2026,Radiology - 6 January (M),Radiology,Nervous System,Hemorrhage,Which type of density on CT corresponds to epidural vs subdural hematoma?,Crescent-shaped → subdural hematoma,Biconvex → epidural hematoma,Both,Neither,,C,"Subdural hematoma: crescent-shaped, crosses sutures Epidural hematoma: biconvex, limited by sutures"
Radio-Neuro-Hemorrhage-002,2026,Radiology - 5 January (M),Radiology,Nervous System,Hemorrhage,A CT scan showing hyperdense gyri indicates:,Subarachnoid hemorrhage,Ischemic stroke,Meningitis,Epidural hematoma,,A,
Surg-Neuro-Regional Anesthesia-001,2026,Anesthesia - 5 January (M),Surgery,Nervous System,Regional Anesthesia,Which of the following is last pierced during epidural?,Ligamentum spinosum,Interspinous ligament,Ligamentum flavum,Dura mater,Pia mater,C,"During epidural anesthesia, the needle passes sequentially through skin, subcutaneous tissue, supraspinous ligament, interspinous ligament, and finally ligamentum flavum before reaching the epidural space."
ObGyn-Obs-Anesthesia-001,2026,Gynecology - 5 January (M),Gynecology & Obstetrics,Obstetrics,Anesthesia,"During obstetric procedures, a nerve block is given at the level of the ischial spine. Which nerve is blocked?",Pudendal nerve,Sciatic nerve,Femoral nerve,Obturator nerve,,A,
ObGyn-Obs-Antenatal Care-001,2026,Gynecology - 5 January (M),Gynecology & Obstetrics,Obstetrics,Antenatal Care,A Doppler ultrasound is performed in a pregnant woman suspected of having intrauterine growth restriction. Which Doppler finding is most likely present?,Decreased Pulsatility index,Increased pulsality index,Absent diastolic flow,Increase venous flow,,B,
ObGyn-Obs-Antenatal care-001,2026,Gynecology - 7 January (E),Gynecology & Obstetrics,Obstetrics,Antenatal care,A G3P2 woman at 35 weeks gestation is found to have reduced amniotic fluid index (AFI) on ultrasound. What is the most appropriate follow-up?,No further monitoring required,Daily NST only,Daily fetal movement count and AFI weekly/fortnightly,Immediate induction of labor,,C,#NAME?
ObGyn-Obs-Antenatal care-002,2026,Gynecology - 5 January (M),Gynecology & Obstetrics,Obstetrics,Antenatal care,Which is the best method for antenatal fetal monitoring?,Biophysical profile,CTG,Non-stress test,Ultrasound,,A,
ObGyn-Obs-Antenatal Care-002,2026,Gynecology - 7 January (E),Gynecology & Obstetrics,Obstetrics,Antenatal Care,"A 30 year old woman at 32 weeks presents with painless vaginal bleeding. Her vitals are stable and fetal movements are normal. On abdominal exam, uterus is soft and non tender. You suspect the placenta previa. Which is the most appropriate investigation to confirm the diagnosis?",Transabdominal Ultrasound,Transvaginal Ultrasound,MRI Pelvis,CT Abdomen,Digital Vaginal Examination,B,
ObGyn-Obs-Antenatal Care-003,2026,Gynecology - 5 January (M),Gynecology & Obstetrics,Obstetrics,Antenatal Care,A 30 year old pregnant female patient presented in an ER with complaints of pain less heavy vaginal bleeding abdomen was soft and non tender which of the following is your diagnosis?,Placenta previa,Placenta abruption,Uterine rupture,Ectopic pregnancy,,A,
ObGyn-Obs-Antenatal Care-004,2026,Gynecology - 5 January (M),Gynecology & Obstetrics,Obstetrics,Antenatal Care,"A 36-week pregnant woman presents with sudden, painful vaginal bleeding and uterine tenderness. Most likely diagnosis?",Placenta previa,Placental abruption,Vasa previa,Cervical ectropion,,B,
ObGyn-Obs-Antenatal Care-005,2026,Gynecology - 5 January (M),Gynecology & Obstetrics,Obstetrics,Antenatal Care,"A 38-week pregnant woman presents with painful abdominal tenderness, vaginal bleeding, fundal height 28 weeks, absent fetal cardiac activity. What is the likely cause?",Placenta previa,Uterine rupture,Vasa previa,Placental abruption,,D,After 20 weeks painful bleed = abruptio placentae.
ObGyn-Obs-Antepartum-001,2026,Gynecology - 5 January (M),Gynecology & Obstetrics,Obstetrics,Antepartum,A Rh-negative woman presents with ectopic pregnancy at 8 weeks gestation. What dose of anti-D immunoglobulin should be administered?,100 IU,150 IU,250 IU,500 IU,,C,"For an ectopic, molar, or therapeutic termination of pregnancy, or in cases of repeated or heavy uterine bleeding in the first trimester, a dose of 250 IU of anti-D Ig is given.<br>For sensitizing events between 12 and 20 weeks' gestation, a minimum of 250 IU should be administered within 72 hours, and a Kleihauer test should be performed.<br>For sensitizing events after 20 weeks' gestation, a minimum of 500 IU is administered within 72 hours, and a Kleihauer test is required to determine if more anti-D is needed."
ObGyn-Obs-Antepartum-002,2026,Gynecology - 6 January (M),Gynecology & Obstetrics,Obstetrics,Antepartum,"A 13-week pregnant woman presents for routine dating ultrasound. Her LMP is unknown. Ultrasound shows CRL = 150 mm, BPD = 30 mm. Which parameter is most accurate for gestational age estimation?",Biparietal diameter (BPD),Femur length,Crown-rump length (CRL),Head circumference (HC),,C,
ObGyn-Obs-Antepartum-003,2026,Gynecology - 6 January (M),Gynecology & Obstetrics,Obstetrics,Antepartum,Which of the following is a predictive test for pre-eclampsia?,First-trimester blood pressure check,Uterine artery Doppler,Mid-trimester glucose screening,Fundal height measurement,Random urine protein,B,
ObGyn-Obs-Antepartum-004,2026,Gynecology - 6 January (M),Gynecology & Obstetrics,Obstetrics,Antepartum,A pregnant woman with a family history of inborn errors of metabolism wants to know whether her unborn child is affected. Which investigation can be used for early prenatal diagnosis?,Ultrasound,Cordocentesis,Chorionic villus sampling (CVS),Amniocentesis at term,Newborn screening,C,"CVS involves obtaining a sample of chorionic villi and is typically performed between 10 to 13 weeks of gestation, making it the earliest invasive procedure for definitive genetic diagnosis. Amniocentesis is usually performed later, after 15 weeks."
ObGyn-Obs-Antepartum-005,2026,Gynecology - 6 January (M),Gynecology & Obstetrics,Obstetrics,Antepartum,A pregnant woman with uterine fibroids is at risk of which type of degeneration during pregnancy?,Myxomatous degeneration,Hydropic change,Hyaline degeneration,Red degeneration,Gangrenous degeneration,D,"Red degeneration, also known as caruncle degeneration or necrobiosis, is the most common and clinically significant type of fibroid degeneration to occur during pregnancy."
ObGyn-Obs-Antepartum-006,2026,Gynecology - 6 January (M),Gynecology & Obstetrics,Obstetrics,Antepartum,A pregnant patient at 15 weeks has increased amniotic fluid. AFP is elevated. Which of the following is likely cause?,Renal agenesis,Jejunal atresia,Spina bifida occulta,Anencephaly,Down syndrome,D,
ObGyn-Obs-Complications-001,2026,Surgery - 6 January (E),Gynecology & Obstetrics,Obstetrics,Complications,A 26-year-old woman undergoing labor induction suddenly collapses and becomes dyspneic. What is the most likely cause?,Thromboembolism,Amniotic fluid embolism,Acute appendicitis,Air embolism,,B,
ObGyn-Obs-Complications-002,2026,Gynecology - 7 January (E),Gynecology & Obstetrics,Obstetrics,Complications,"After 12 weeks of conception, intermittent bleeding for one month: most likely cause is:",Threatened miscarriage,Subchorionic hemorrhage,Placental abruption,Ectopic pregnancy,,A,- Subchorionic hemorrhage: Common cause of bleed after 12 weeks - Threatened miscarriage – Fetal cardiac activity will be present. First trimester painless bleed. - Missed Miscarriage: No fetal cardiac activity and closed os) - After 20 weeks painless bleed – Placenta previa and vasa previa - After 20 weeks Painful bleed – Abruptio placenta
ObGyn-Obs-Complications-003,2026,Gynecology - 7 January (E),Gynecology & Obstetrics,Obstetrics,Complications,"A G2P1 woman with a previous cesarean section presents at 35 weeks gestation with profuse painless vaginal bleeding. Abdomen is soft and non-tender, and fetal heart rate is normal. What is the most likely cause?",Placental abruption,Placenta previa,Vasa previa,Uterine rupture,,B,
ObGyn-Obs-Complications-004,2026,Gynecology - 7 January (E),Gynecology & Obstetrics,Obstetrics,Complications,Ectopic pregnancy recurrence rate approximately:,0.6,10-25%,25-50%,>50%,,B,
ObGyn-Obs-Complications-005,2026,Gynecology - 7 January (E),Gynecology & Obstetrics,Obstetrics,Complications,"A patient has amenorrhea, no intrauterine sac on ultrasound, and rising beta-hCG levels. What is the diagnosis?",Normal early pregnancy,Missed miscarriage,Ectopic pregnancy,Molar pregnancy,Threatened abortion,C,Rising beta-hCG without an intrauterine gestational sac suggests an ectopic pregnancy.
ObGyn-Obs-Complications-006,2026,Gynecology - 7 January (E),Gynecology & Obstetrics,Obstetrics,Complications,"Vaginal bleeding occurs in early pregnancy, but the cervical os is closed and fetal cardiac activity is present. What is the diagnosis?",Inevitable miscarriage,Incomplete miscarriage,Threatened miscarriage,Missed miscarriage,Complete miscarriage,C,
ObGyn-Obs-Complications-007,2026,Gynecology - 7 January (E),Gynecology & Obstetrics,Obstetrics,Complications,"A patient presents with bleeding, intact fetal heart rate, and an open cervical os. What type of miscarriage is this?",Threatened miscarriage,Inevitable miscarriage,Incomplete miscarriage,Complete miscarriage,Missed miscarriage,B,Open cervical os with bleeding
ObGyn-Obs-Complications-008,2026,Gynecology - 7 January (E),Gynecology & Obstetrics,Obstetrics,Complications,A young female present with recurrent 2nd trimester abortion the test done to confirm diagnosis is:,Coagulation profile,Anti mitochondrial antibodies,Anti microsomal antibodies,Antihistone antibodies,Lupus anticoagulant,E,Antiphospholipid syndrome causes recurrent abortion characterized by following three antibodies. - Lupus anticoagulant - Anticardiolipin antibody - Anti Beta 2 Glycoproteins I antibody
ObGyn-Obs-Complications-009,2026,Gynecology - 7 January (E),Gynecology & Obstetrics,Obstetrics,Complications,"When amniotic arteries between twins are connected, the complication is:",Selective IUGR,Twin-to-twin transfusion syndrome,Conjoined twins,Discordant growth,,B,Vascular anastomoses in monochorionic twins cause TTTS.
ObGyn-Obs-Complications-010,2026,Gynecology - 7 January (E),Gynecology & Obstetrics,Obstetrics,Complications,"In a twin gestation, one fetus is noted to have significantly lower amniotic fluid index of 4 compared to the other twin who is having AFI of 12. Second baby is IUGR O/E, Symphysio Fundal height is corresponding to 34 weeks. What is the most likely risk?",Twin-twin transfusion syndrome (TTTS),Intrauterine growth restriction (IUGR),Hydrops,Oligohydramnios,Renal Agenesis,A,
ObGyn-Obs-Early Pregnancy-001,2026,Gynecology - 6 January (M),Gynecology & Obstetrics,Obstetrics,Early Pregnancy,A 28-year-old female presents with delayed menses. She is 8 days late with her normal cycle. The hormone that needs to be tested is secreted from:,Cytotrophoblast,Syncytiotrophoblast,Endometrium,Corpus luteum,Ovary,B,"The hormone tested to confirm pregnancy is human chorionic gonadotropin (hCG). This hormone is secreted by the Syncytiotrophoblast, which is the layer of cells that forms the outer covering of the blastocyst and later becomes part of the placenta."
ObGyn-Obs-Early Pregnancy-002,2026,Gynecology - 5 January (M),Gynecology & Obstetrics,Obstetrics,Early Pregnancy,Withdrawal of human chorionic gonadotropin in early pregnancy leads to abortion because it normally:,Stimulates estrogen secretion,Maintains corpus luteum,,,,B,
ObGyn-Obs-Early Pregnancy-003,2026,Gynecology - 6 January (M),Gynecology & Obstetrics,Obstetrics,Early Pregnancy,Lmone production is established. What is the primary function of β-hCG?,Induction of ovulation,Maintenance of endometrium,Preservation of corpus luteum,Stimulation of prolactin,Suppression of FSH,C,"β-hCG maintains the corpus luteum, ensuring continued progesterone secretion."
ObGyn-Obs-Early Pregnancy-004,2026,Radiology - 5 January (M),Gynecology & Obstetrics,Obstetrics,Early Pregnancy,"A 28-year-old woman presents with sudden severe right lower quadrant abdominal pain, hypotension, and signs of intra-abdominal bleeding. What is the most likely diagnosis?",Acute appendicitis,Ovarian cyst rupture,Ectopic pregnancy,Pelvic inflammatory disease,,C,
ObGyn-Obs-Ectopic Pregnancy-001,2026,Gynecology - 6 January (M),Gynecology & Obstetrics,Obstetrics,Ectopic Pregnancy,"A 28-year-old woman, G1P0, presents with 6 weeks of amenorrhea, a positive urine pregnancy test, and right iliac fossa (RIF) tenderness for the past several hours. She denies any vaginal bleeding. On examination, she is hemodynamically stable but has localized RIF tenderness. Normal leukocyte count but no history of fever. Which is the most likely diagnosis?",Appendicitis,Ectopic pregnancy,Ovarian torsion,Threatened miscarriage,,B,
ObGyn-Obs-Ectopic Pregnancy-002,2026,Gynecology - 6 January (M),Gynecology & Obstetrics,Obstetrics,Ectopic Pregnancy,A 26-year-old with mild pelvic pain and positive pregnancy test is hemodynamically stable. TVS shows no intrauterine gestation. β-hCG is 1350 mIU/mL. What is the next best management?,Immediate laparoscopy,Methotrexate therapy,Repeat β-hCG in 48 hours,Emergency salpingectomy,,C,Repeat Beta HCG in 48 hours to see if level doubles up or not. If it doubles it likely early pregnancy and if level slowly rises or falls it is likely ectopic pregnancy so we will start methotrexate.
ObGyn-Obs-Ectopic Pregnancy-003,2026,Gynecology - 6 January (M),Gynecology & Obstetrics,Obstetrics,Ectopic Pregnancy,A woman underwent salpingectomy for ectopic pregnancy. What is the approximate risk of recurrence in a subsequent pregnancy?,0.059027778,0.055555556,0.076388889,0.111111111,,B,Women with prior ectopic have ~5% recurrence risk (1 in 20).
ObGyn-Obs-Ectopic Pregnancy-004,2026,Gynecology - 6 January (M),Gynecology & Obstetrics,Obstetrics,Ectopic Pregnancy,What is the most common site of ectopic pregnancy?,Isthmus of fallopian tube,Ampulla of fallopian tube,Fimbrial end,Ovary,,B,
ObGyn-Obs-Ectopic Pregnancy-005,2026,Radiology - 6 January (M),Gynecology & Obstetrics,Obstetrics,Ectopic Pregnancy,What is the most common site of ectopic pregnancy?,Isthmus of fallopian tube,Ampulla of fallopian tube,Fimbrial end,Ovary,,B,
ObGyn-Obs-Ectopic pregnancy-001,2026,Gynecology - 5 January (M),Gynecology & Obstetrics,Obstetrics,Ectopic pregnancy,A hemodynamically stable patient has an ectopic pregnancy with serum hCG <1500 mIU/mL. Management of choice?,Laparotomy,Laparoscopy,Methotrexate,Bleomycin,,C,
ObGyn-Obs-Ectopic pregnancy-002,2026,Gynecology - 5 January (M),Gynecology & Obstetrics,Obstetrics,Ectopic pregnancy,What is the most common site of ectopic pregnancy?,Isthmus of fallopian tube,Ampulla of fallopian tube,Fimbrial end,Ovary,,B,
ObGyn-Obs-Endocrinology-001,2026,Medicine - 7 January (M),Gynecology & Obstetrics,Obstetrics,Endocrinology,First trimester hyperthyroidism treatment:,Methimazole,PTU,Radioiodine,Propylthiouracil,,B,PTU is preferred in first trimester due to lower teratogenic risk.
ObGyn-Obs-Episiotomy-001,2026,Gynecology - 5 January (M),Gynecology & Obstetrics,Obstetrics,Episiotomy,Median episiotomy is NOT given to prevent which of the following?,Anal sphincter injury,Bleeding,Scar,,,B,Median episiotomy increases bleeding risk.
ObGyn-Obs-Gestational Trophoblastic Disease-001,2026,Gynecology - 6 January (M),Gynecology & Obstetrics,Obstetrics,Gestational Trophoblastic Disease,"A pregnant woman presents with sudden passage of vesicular tissue (""grapes""). What is the likely marker?",AFP,Estriol,hCG,Inhibin,,C,(Molar pregnancy)
ObGyn-Obs-Gestational Trophoblastic Disease-002,2026,Gynecology - 7 January (E),Gynecology & Obstetrics,Obstetrics,Gestational Trophoblastic Disease,"Invasive mole (gestational trophoblastic disease, after evacuation is treated with):",Observation only,"Low-dose chemotherapy (vincristine, etoposide)",Hysterectomy,Radiation therapy,,B,
ObGyn-Obs-Gestational Trophoblastic Disease-003,2026,Gynecology - 7 January (E),Gynecology & Obstetrics,Obstetrics,Gestational Trophoblastic Disease,"A patient had a molar pregnancy removed, but her beta-hCG levels remain elevated. What is the likely diagnosis?",Normal post-evacuation recovery,Invasive mole,Ectopic pregnancy,Complete mole recurrence,Choriocarcinoma,B,"Persistently high beta-hCG after molar evacuation indicates invasive mole, where trophoblastic tissue invades the myometrium."
ObGyn-Obs-Gestational Trophoblastic Disease-004,2026,Gynecology - 7 January (E),Gynecology & Obstetrics,Obstetrics,Gestational Trophoblastic Disease,Molar pregnancy beta hCG 3000 micromol/dL. Management?,Medical,Expectant,Serial Beta hCG,Suction and evacuation,,D,
ObGyn-Obs-Intrapartum-001,2026,Gynecology - 6 January (M),Gynecology & Obstetrics,Obstetrics,Intrapartum,A multigravida at 37 weeks presents with abdominal pain. Examination suggests false labor. What is the next step?,Admit and induce labor,Admit and observe,Wait till 38 weeks,Immediate cesarean section,Give oxytocin,B,
ObGyn-Obs-Intrapartum-002,2026,Gynecology - 6 January (M),Gynecology & Obstetrics,Obstetrics,Intrapartum,A G3P2 woman presents in labor with 3-4 uterine contractions. Cervical dilatation is 2 cm after 5 hours. What is the best management?,Induction of labor,Anmniotomy,C Section,Oxytocin augmentation,Expectant management,D,
ObGyn-Obs-Intrapartum-003,2026,Gynecology - 6 January (M),Gynecology & Obstetrics,Obstetrics,Intrapartum,"A woman who is G2P1 is in the second stage of labor. On examination, the cervix is fully dilated (6 cm dilatation), and there is progressive rapidity, and there is concern about perineal tearing. What is the most appropriate intervention to prevent anal sphincter injury?",Midline episiotomy,Forceps delivery,Vacuum extraction,Mediolateral episiotomy,Expectant management,D,A mediolateral episiotomy reduces the risk of extension into the anal sphincter compared to midline episiotomy.
ObGyn-Obs-Intrapartum-004,2026,Gynecology - 5 January (M),Gynecology & Obstetrics,Obstetrics,Intrapartum,"At the end of gestation, increased sensitivity of the uterus is due to heightened response to:",Progesterone,Estrogen,Oxytocin,Relaxin,,C,
ObGyn-Obs-Labor & Delivery-001,2026,Gynecology - 5 January (M),Gynecology & Obstetrics,Obstetrics,Labor & Delivery,A lady is in labor she has been administered oxytocin but she's not responding to it the reason lies in the fact of?,Decrease oxytocin receptors on myometrium,Resistance to oxytocin,No oxytocin receptors present at all,Drug interaction,,A,
ObGyn-Obs-Labor & Delivery-002,2026,Gynecology - 7 January (E),Gynecology & Obstetrics,Obstetrics,Labor & Delivery,A 36-week pregnant woman is found to have a transverse lie on ultrasound. She is keen to attempt a normal vaginal delivery. What is the most appropriate management plan?,Elective cesarean section,Induction of labor,External cephalic version,Expectant management until labor,,C,"External cephalic version (ECV, is attempted before labor to convert abnormal lie to cephalic presentation, allowing vaginal delivery. It is usually done around 36–37 weeks in the absence of contraindications."
ObGyn-Obs-Labor & Delivery-003,2026,Gynecology - 7 January (E),Gynecology & Obstetrics,Obstetrics,Labor & Delivery,"First baby in breech presentation, second baby in cephalic presentation: delivery of first baby by C-section is indicated due to risk of:",Maternal hemorrhage,Fetal stillbirth,Uterine rupture,Placental abruption,,B,
ObGyn-Obs-Labor & Delivery-004,2026,Gynecology - 7 January (E),Gynecology & Obstetrics,Obstetrics,Labor & Delivery,Choice of instrumental delivery (forceps vs. vacuum) depends on:,Maternal choice only,Operator experience and training,Indication and Operator experience/training,Fetal weight only,,C,
ObGyn-Obs-Labor & Delivery-005,2026,Gynecology - 7 January (E),Gynecology & Obstetrics,Obstetrics,Labor & Delivery,A patient has a fourth-degree perineal tear during vaginal delivery. Which structures are involved?,Vaginal mucosa only,Anal sphincter only,Rectal mucosa and anal sphincter,Perineal skin only,Cervix,C,"Fourth-degree tears involve the perineal skin, anal sphincter, and rectal mucosa."
ObGyn-Obs-Labor & Delivery-006,2026,Gynecology - 7 January (E),Gynecology & Obstetrics,Obstetrics,Labor & Delivery,Normal labor with placenta delivered within 20 minutes indicates:,Abnormal third stage,Normal third stage (within 30 minutes),Retained placenta,Placental abruption,,B,Third stage normally lasts <30 minutes; delivery within 20 minutes is normal.
ObGyn-Obs-Labor & Delivery-007,2026,Medicine - 6 January (E),Gynecology & Obstetrics,Obstetrics,Labor & Delivery,A 25-year-old primigravida in labor. The birth canal is innervated by:,Epigastric nerve,Femoral nerve,Obturator nerve,Pudendal nerve,,D,"Pudendal nerve provides sensory innervation to the lower vagina, vulva, and perineum."
ObGyn-Obs-Labor & Delivery-008,2026,Medicine - 6 January (E),Gynecology & Obstetrics,Obstetrics,Labor & Delivery,A 24-year-old woman undergoing labor induction suddenly collapses and becomes dyspneic. Most likely cause:,Thromboembolism,Fat embolism,Air embolism,Amniotic fluid embolism,,D,Air Embolism – History of Passing CVP Then SOB. Pregnant lady + Long bone fracture +Died on way to hospital within 24h or During labour → Amniotic fluid embolism. Sudden death + Sudden SOB → Pulmonary Embolism. Long bone fracture → Death after 3-5 days →Fat embolism.
ObGyn-Obs-Maternal Physio-001,2026,Anesthesia - 5 January (M),Gynecology & Obstetrics,Obstetrics,Maternal Physiology,Which of the following increases in pregnancy?,Antithrombin III,Factor V,Factor VII,Protein C,Protein S,C,Increase<br>Factor VII<br>Factor VIII<br>Factor X<br>VW Factor<br>Fibrinogen<br>Plasminogen<br>a2 macroglobulin<br><br>Remain same<br>Factor V<br>Thrombin(II)<br>Protein C<br>Anti-thrombin (Rarely decrease by 15%)<br><br>Decrease<br>Protein S (Fall by 50%)<br>Anti-thrombin may fall rarely but mostly remain unchanged13
ObGyn-Obs-Maternal Physio-002,2026,Surgery - 6 January (E),Gynecology & Obstetrics,Obstetrics,Maternal Physiology,Which respiratory change is typically seen during the third trimester of pregnancy?,Decreased FEV1/FVC,Increased PaCO2,Decreased PaO2,Decreased PaCO2,,D,
ObGyn-Obs-Maternal Physio-003,2026,Anesthesia - 5 January (M),Gynecology & Obstetrics,Obstetrics,Maternal Physiology,"Respiratory changes in pregnancy, which of the following decreases?",Respiratory rate,Tidal volume,Inspiratory capacity,Total lung capacity (TLC),,D,Respiratory Changes Remain Same:<br>Respiratory rate<br>Vital Capacity<br><br>Increase:<br>Tidal volume<br>Minute ventilation<br>Inspiratory Capacity<br><br>Decrease:<br>TLC & FRC<br>Residual Volume
ObGyn-Obs-Medical Complications-001,2026,Gynecology - 7 January (E),Gynecology & Obstetrics,Obstetrics,Medical Complications,"According to WHO, anemia in pregnancy is diagnosed when hemoglobin is less than:",12 g/dL,11 g/dL,10 g/dL,9 g/dL,,B,
ObGyn-Obs-Medical Complications-002,2026,Gynecology - 7 January (E),Gynecology & Obstetrics,Obstetrics,Medical Complications,A pregnant woman has microcytic anemia. What is the most likely cause?,Iron deficiency anemia,Vitamin B12 deficiency,Folate deficiency,Hemolytic anemia,Aplastic anemia,A,
ObGyn-Obs-Medical Complications-003,2026,Gynecology - 7 January (E),Gynecology & Obstetrics,Obstetrics,Medical Complications,A woman with previous sleeve gastrectomy plans pregnancy. She should be counseled about increased risk of:,Thalassemia,Neural tube defects,Down syndrome,Congenital Heart disease,,B,Due to folate deficiency post bariatric surgery.
ObGyn-Obs-Medical Complications-004,2026,Radiology - 6 January (M),Gynecology & Obstetrics,Obstetrics,Medical Complications,Pregnant Patient is a treated case of hyperthyroidism. Now she presented at 6 weeks of gestation with the following labs. Serum TSH is normal. Serum T4 is increased D. What will be the management of this patient?,PTU,Methimazole,Iodine therapy,Thyroidectomy,,A,Anti-Thyroid in 1st Trimester – PTU - Anti-Thyroid in 2nd & 3rd Trimester – Methimazole - Anti-Thyroid for Thyroid Storm PTU - Crosses Placenta and affect Fetus – Methimazole > PTU
ObGyn-Obs-Medical Complications-005,2026,Gynecology - 7 January (E),Gynecology & Obstetrics,Obstetrics,Medical Complications,A 28y old Rh negative Primigravida woman undergoes laparoscopic removal of an ectopic pregnancy at 8 weeks of gestation what is the recommended dose of anti-D immunoglobulin?,250IU,500IU,650IU,1500IU,Not required,A,"- Sensitizing events (like ectopic pregnancy, molar pregnancy therapeutic termination of pregnancy, uterine bleeding if it is repeated, heavy, or associated with abdominal pain. 12weeks=250IU - Sensitizing event in 12.20weeks=250IU should be given within 72hrs and further anti.D is given based on keilhauer test - Sensitizing event >20weeks, a keilhauer test is required, 500IU should be given within 72hr of event and further anti.D is given based on keilhauer test"
ObGyn-Obs-Menopause-001,2026,Medicine - 6 January (E),Gynecology & Obstetrics,Obstetrics,Menopause,Hormonal changes in menopause include:,"↓ FSH, ↓ LH",↑ Estrogen,"↑ FSH, ↑ LH, ↓ Estrogen",↑ AMH,,C,
ObGyn-Obs-Menstrual Cycle-001,2026,Medicine - 6 January (E),Gynecology & Obstetrics,Obstetrics,Menstrual Cycle,A woman presents with abdominal pain on day 15–18 of menstrual cycle and undergoes curettage. Which phase is this?,Premenstrual,Secretory,Ovulatory,Menstrual,,B,Early Secretory phase
ObGyn-Obs-Obstetric Complications-001,2026,Gynecology - 6 January (M),Gynecology & Obstetrics,Obstetrics,Obstetric Complications,A woman presents with continuous leakage of urine through the vagina following prolonged obstructed labor. The fistula is most likely between which structures?,Urethra and vagina,Bladder and uterus,Bladder and vagina,Ureter and vagina,Cervix and bladder,C,A vesicovaginal fistula is a connection between bladder and vagina.
ObGyn-Obs-Obstetric Emergencies-007,2026,Surgery - 7 January (E),Gynecology & Obstetrics,Obstetrics,Obstetric Emergencies,In Severe PPH management: order of vessel ligation is:,"Uterine artery first, then internal iliac","Internal iliac first, then uterine artery",Ovarian artery first,Aorta first,,A,
ObGyn-Obs-Obstetric Emergencies-001,2026,Gynecology - 5 January (M),Gynecology & Obstetrics,Obstetrics,Obstetric Emergencies,"A woman develops sudden dyspnea, cyanosis, and hypotension during labor. She improves with supportive care and is discharged within 2 days. The most likely diagnosis is:",Pulmonary thromboembolism,Amniotic fluid embolism,Air embolism,Aspiration pneumonitis,,B,- Sudden death – Thromboembolism<br>- Death after 3-5days – Fat embolism<br>- Air Embolism – History of Passing CVP Then SOB<br>- Pregnant lady + Long bone fracture + Died on way to hospital within 24h or During labour – Amniotic fluid embolism<br>- Sudden death + Sudden SOB – Pulmonary Embolism<br>- Long bone fracture – Death after 3-5 days - Fat embolism
ObGyn-Obs-Obstetric Emergencies-002,2026,Gynecology - 6 January (M),Gynecology & Obstetrics,Obstetrics,Obstetric Emergencies,A lady delivered a baby of 4.5 kg went in shock something coming out of her vagina management,Manage shock and perform manual replacement,Give antibiotic,Blood transfusion,Observe only,Hydrostatic pressure,A,"Above is the case of uterine inversion in which you should attempt manual replacement as soon as possible as diagnosis is made, if unsuccessful then attempt hydrostatic pressure by 2-3 liters of warm saline via tubing into vagina using your hands to create a seal around the vulva."
ObGyn-Obs-Obstetric Emergencies-003,2026,Gynecology - 6 January (M),Gynecology & Obstetrics,Obstetrics,Obstetric Emergencies,"A G3P2, 38-week pregnant woman in active labor is 8 cm dilated when a lady doctor performs ARM (artificial rupture of membranes). Immediately after ARM, the patient develops sudden heavy vaginal bleeding. Fetal heart rate begins to show decelerations. What is the NEXT best step in management?",Immediate vaginal delivery,Expectant management,Cesarean section,Administration of tocolytics,,C,
ObGyn-Obs-Obstetric Emergencies-004,2026,Gynecology - 6 January (M),Gynecology & Obstetrics,Obstetrics,Obstetric Emergencies,A pregnant woman is diagnosed with vasa previa. What is the next step in management?,Immediate vaginal delivery,Emergency C-section before labor,Observation only,Induce labor at term,Administer tocolytics only,B,Vasa previa can cause fetal hemorrhage if membranes rupture. The definitive management is cesarean section before labor.
ObGyn-Obs-Obstetric Emergencies-005,2026,Gynecology - 5 January (M),Gynecology & Obstetrics,Obstetrics,Obstetric Emergencies,A woman develops massive bleeding after delivery. Severe PPH is defined as blood loss more than?,2000 ml,2500 ml,1500 ml,3000 ml,,C,Severe PPH is blood loss ≥1500 ml or requiring massive transfusion.
ObGyn-Obs-Obstetric Emergencies-006,2026,Gynecology - 5 January (M),Gynecology & Obstetrics,Obstetrics,Obstetric Emergencies,"A G3P2, 38-week pregnant woman in active labor is 8 cm dilated when ARM is performed. Immediately after, sudden heavy vaginal bleeding and fetal bradycardia. Most likely diagnosis?",Vasa previa,Placenta previa,Abruptio placenta,,,A,Vasa previa → rupture of fetal vessels after ARM → fetal exsanguination.
ObGyn-Obs-Pharm-001,2026,Anesthesia - 5 January (M),Gynecology & Obstetrics,Obstetrics,Pharmacology,Which of the following is used to prevent premature contractions in pregnancy?,Oxytocin,Mifepristone,Terbutaline,Prostaglandin analog,Methylergonovine,C,"Terbutaline is a β2-adrenergic agonist that relaxes uterine smooth muscle, thereby preventing or delaying premature labor.<br>Oxytocin: Stimulates uterine contractions.<br>Mifepristone: Used for medical abortion.<br>Prostaglandin analog: Used to induce labor or abortion.<br>Methylergometrine: Used to increase uterine contractions postpartum to prevent hemorrhage."
ObGyn-Obs-Postpartum-001,2026,Gynecology - 6 January (M),Gynecology & Obstetrics,Obstetrics,Postpartum,"A lady presents after vaginal delivery with fever. Labs: Hb decreased, MCV 70, TLC 24,000, Platelets 5×10⁹, PT and aPTT are raised.",Septicemia,DIC,ITP,HELLP syndrome,TTP,B,"DIC is suggested by thrombocytopenia, elevated PT/aPTT, and microangiopathic hemolysis after obstetric complications. Burr cells indicate fragmented RBCs."
ObGyn-Obs-Postpartum-002,2026,Gynecology - 6 January (M),Gynecology & Obstetrics,Obstetrics,Postpartum,"A 27-year-old woman undergoes normal spontaneous vaginal delivery of a 3.6 kg baby. Ten minutes after delivery of the placenta, she develops heavy vaginal bleeding, soaking two pads within minutes. On examination, her uterus feels soft, boggy, and enlarged. There is no vaginal laceration, placenta is complete, and vital signs show tachycardia and hypotension. What is the most important and most common cause of her postpartum hemorrhage?",Retained placental fragments,Uterine atony,Genital tract trauma,Uterine inversion,,B,
ObGyn-Obs-Postpartum-003,2026,Gynecology - 6 January (M),Gynecology & Obstetrics,Obstetrics,Postpartum,A woman develops primary postpartum hemorrhage immediately after delivery. What is the first step in management?,Administer oxytocin,Uterine massage (rub uterus),Blood transfusion,Manual removal of placenta,,B,
ObGyn-Obs-Postpartum-004,2026,Gynecology - 6 January (M),Gynecology & Obstetrics,Obstetrics,Postpartum,A woman presents with vaginal bleeding 2 weeks after delivery. The most likely cause of secondary PPH is:,Retained placental tissue,Uterine atony,Laceration,Coagulopathy,,A,Secondary PPH occurs 24 hrs – 6 weeks postpartum; retained products prevent normal involution of uterus.
ObGyn-Obs-Postpartum-005,2026,Gynecology - 6 January (M),Gynecology & Obstetrics,Obstetrics,Postpartum,A woman develops postpartum pituitary Cell Injury (Sheehan syndrome). What is a common consequence?,Galactorrhea,Loss of menses (amenorrhea),Hyperthyroidism,Hyperprolactinemia,,B,Sheehan syndrome → anterior pituitary infarction → deficiency of gonadotropins → amenorrhea and other endocrine deficiencies.
ObGyn-Obs-Postpartum-006,2026,Gynecology - 7 January (E),Gynecology & Obstetrics,Obstetrics,Postpartum,"In severe postpartum hemorrhage, the first artery to ligate is typically the:",Ovarian artery,Uterine artery,Internal iliac artery,Aorta,,B,
ObGyn-Obs-Postpartum-007,2026,Gynecology - 7 January (E),Gynecology & Obstetrics,Obstetrics,Postpartum,Severe PPH management: order of vessel ligation is:,"Uterine artery first, then Internal iliac","Internal iliac first, then Uterine artery",Ovarian artery first,Aorta first,,A,
ObGyn-Obs-Postpartum-008,2026,Gynecology - 7 January (E),Gynecology & Obstetrics,Obstetrics,Postpartum,"Patient with NVD (normal vaginal delivery, followed by PPH with uterine atony and retained products of conception): first management step is:",Call senior gynecologist,ABC,Remove Retained products of conception,Administer oxytocin only,,B,
ObGyn-Obs-Postpartum-009,2026,Gynecology - 7 January (E),Gynecology & Obstetrics,Obstetrics,Postpartum,"A woman had postpartum hemorrhage requiring six units of blood in her previous pregnancy. She now presents with failure to lactate, what is the most likely cause?",Anterior pituitary Cell Injury,Posterior pituitary Cell Injury,Hypothalamic lesion,Thyroid insufficiency,,A,
ObGyn-Obs-Postpartum-010,2026,Gynecology - 6 January (M),Gynecology & Obstetrics,Obstetrics,Postpartum,"A 28 year old woman develops certain shortness of breath, tachycardia and mild hypoxia a few hours after an uncomplicated C section. She has no chest trauma, fever or signs of infection. Which is the most likely cause?",Pneumothorax,Pulmonary embolism,Amniotic fluid embolism,Aspiration pneumonia,Heart failure,B,
ObGyn-Obs-Pregnancy-001,2026,Medicine - 7 January (M),Gynecology & Obstetrics,Obstetrics,Pregnancy,Which of the following increases in pregnancy?,Transferrin,Red cell mass,MCH,Decreased iron absorption,,B,
ObGyn-Obs-Pregnancy-002,2026,Gynecology - 5 January (M),Gynecology & Obstetrics,Obstetrics,Pregnancy,"A pregnant woman presents late in gestation. According to obstetric definitions, post term pregnancy is defined as?",After 40 weeks completion,After 41 weeks completion,After 42 weeks completion,After 39 weeks completion,,C,
ObGyn-Obs-Pregnancy-related disorders-001,2026,Surgery - 7 January (E),Gynecology & Obstetrics,Obstetrics,Pregnancy-related disorders,A 32-year-old woman in her third trimester of pregnancy complains of intermittent pain in her medial thigh when standing. Examination reveals no neurologic deficits. The doctor reassures her this is a normal finding due to stretching or compression of which structure?,Obturator nerve,Ilioinguinal nerve,Femoral nerve,Genitofemoral nerve,Due to stretch of the inguinal ligament,A,
ObGyn-Obs-Prenatal Diagnosis-001,2026,Medicine - 6 January (E),Gynecology & Obstetrics,Obstetrics,Prenatal Diagnosis,Raised AFP is associated with failure of closure of:,Neural tube,Palate,Diaphragm,Abdominal wall,,A,Neural Tube Defect (NTD). AFP raised in - Anencephaly. AFP Decreased in - Down syndrome. Specific for NTD - Acetylcholinesterase. Sensitive For NTD - AFP. NTD in early Pregnancy Diagnose - USG. NTD in Late Pregnancy Diagnose - Amniocentesis. Neural tube defects - most common is Meningo-myelocele. Neural tube defects occur due to - Folic acid Deficiency and vitamin A toxicity.
ObGyn-Obs-Prenatal Diagnosis-002,2026,Medicine - 6 January (E),Gynecology & Obstetrics,Obstetrics,Prenatal Diagnosis,Amniocentesis is ideally performed at:,10–12weeks,16–18 weeks,15–18 weeks,20–24 weeks,,C,"Standard timing is 15–18 weeks. Invasive Testing: Amniocentesis is used to identify parental genetic defects. Increased risk of complication performed early in the pregnancy if 10% to 14% weeks. Amniotic fluid (AF), which is primarily composed of fetal urine, contains fetal cells that can be cultured for fetal tests. α–fetoprotein (AFP) is commonly measured in AF. Chorionic villus sampling is performed transrectally or transabdominally between the 10th and 12th weeks."
ObGyn-Obs-Prenatal Diagnosis-003,2026,Surgery - 6 January (E),Gynecology & Obstetrics,Obstetrics,Prenatal Diagnosis,Amniocentesis is performed in the mid-trimester; the ideal timing is between 15 and 18 weeks' gestation.,15–18 weeks,6–8 weeks,16–18 weeks,10–12 weeks,,A,
ObGyn-Obs-Prenatal Diagnosis-004,2026,Radiology - 6 January (M),Gynecology & Obstetrics,Obstetrics,Prenatal Diagnosis,A pregnant woman with a family history of inborn errors of metabolism wants to know whether her unborn child is affected. Which investigation can be used for early prenatal diagnosis?,Ultrasound,Cordocentesis,Chorionic villus sampling (CVS),Amniocentesis at term,Newborn screening,C,"CVS involves obtaining a sample of placental tissue (chorionic villi) and typically performed between 10 to 13 weeks gestation, making it the earliest invasive procedure for definitive genetic diagnosis. Amniocentesis is usually performed later, at 15 weeks."
ObGyn-Obs-Prenatal Diagnosis-005,2026,Gynecology - 7 January (E),Gynecology & Obstetrics,Obstetrics,Prenatal Diagnosis,Patient present with miscarriage and history of Down syndrome child: current pregnancy testing recommendation is:,Nuchal translucency only,Chorionic villus sampling (CVS) at 10-12 weeks,Amniocentesis at 15-18 weeks,Nuchal translucency and/or CVS/amniocentesis based on risk,,B,
ObGyn-Obs-Prenatal Diagnosis-006,2026,Radiology - 6 January (M),Gynecology & Obstetrics,Obstetrics,Prenatal Diagnosis,A pregnant woman undergoes antenatal screening for chromosomal abnormalities. Which biochemical finding should alert the clinician to the possibility of Down syndrome?,Very low alpha-fetoprotein,Normal alpha-fetoprotein,Normal β-hCG,Low estriol,,A,"Screening (Non-invasive): Estimates risk, not diagnostic. - Nuchal Translucency (11–14 weeks): Increased NT → seen in Down syndrome & other aneuploidies. - First Trimester Markers (10–14 weeks): PAPP-A ↓ hCG ↑ - Second Trimester – Quad Test (14–20 weeks): AFP ↓ uE3 ↓ hCG ↑ Inhibin A ↑ Prenatal Diagnostic Tests (Definitive): - Amniocentesis – fetal cells from amniotic fluid - CVS – placental tissue (Both have small miscarriage risk) Postnatal Diagnosis: - Suspected from physical features at birth - Confirmed by karyotype (visualizes extra chromosome 21)"
ObGyn-Obs-Prenatal Diagnosis-007,2026,Radiology - 5 January (M),Gynecology & Obstetrics,Obstetrics,Prenatal Diagnosis,A 20-week pregnant lady is anxious about rapidly increasing cases of Down syndrome. Which of the following tests is important to do in suspected Down syndrome?,Chorionic villus sampling,Amniocentesis,Triple test,Quadruple test,,B,
ObGyn-Obs-Prenatal Diagnosis-008,2026,Radiology - 5 January (M),Gynecology & Obstetrics,Obstetrics,Prenatal Diagnosis,Prenatal diagnostic test for thalassemia major is:,Chorionic villus sampling,Amniocentesis,Karyotyping,Anomaly scan,,A,
ObGyn-Obs-Prenatal screening-001,2026,Gynecology - 5 January (M),Gynecology & Obstetrics,Obstetrics,Prenatal screening,"A pregnant woman undergoes maternal serum screening, which shows elevated alpha-fetoprotein (AFP) levels. Increased AFP is most commonly seen in which condition?",Open neuropore,Klinfolter syndrome,Down syndrome,Turner syndrome,,A,
ObGyn-Obs-Spinal Anesthesia-001,2026,Surgery - 6 January (E),Gynecology & Obstetrics,Obstetrics,Spinal Anesthesia,Which surface landmark is used to identify the L3-4 vertebral level for spinal anesthesia in a woman in labor?,Sternal notch,Ischial tuberosity,L3-4 vertebrae,Ischial spine,,C,
ObGyn-Obs-Spinal Anesthesia-002,2026,Anesthesia - 5 January (M),Gynecology & Obstetrics,Obstetrics,Spinal Anesthesia,"For spinal anesthesia in a pregnant lady, the preferred position is left lateral as compared to right lateral position may cause obstruction of:",SVC,Internal jugular vein,IVC,Coeliac vein,,C,The inferior vena cava (IVC) runs along the right side of the vertebral column.<br>Pregnant uterus in supine or right lateral position can compress the IVC → reduced venous return → hypotension.<br>Left lateral position relieves IVC compression.
ObGyn-Obs-Spinal Anesthesia-003,2026,Medicine - 6 January (E),Gynecology & Obstetrics,Obstetrics,Spinal Anesthesia,Landmark for spinal anesthesia in a woman in labor:,Ischial tuberosity,Ischial spine,Ischial crest,L3-4 vertebrae,,D,
ObGyn-Obs-Teratology-001,2026,Gynecology - 5 January (M),Gynecology & Obstetrics,Obstetrics,Teratology,A pregnant woman with epilepsy asks about teratogenic risks. Which antiepileptic drug is most strongly linked to neural tube defects?,Phenytoin,Sodium valproate,Carbamazepine,Levetiracetam,,B,
ObGyn-Obs-Teratology-002,2026,Surgery - 7 January (E),Gynecology & Obstetrics,Obstetrics,Teratology,A pregnant woman in her first trimester was taking an anticoagulant. Ultrasound of the fetus shows nasal hypoplasia (depressed nasal bridge) and stippled epiphyses. Which drug exposure is the most likely cause?,Heparin,Warfarin,Phenytoin,Alcohol,,B,"Medications and effects on fetus: ACE inhibitors - Renal failure, oligohydramnios, hypocalvaria. Aminoglycosides - Ototoxicity. Alkylating agents - Multiple anomalies. Antiepileptic drugs - Neural tube defects, cardiac defects, cleft palate, skeletal abnormalities. Diethylstilbestrol - Vaginal clear cell adenocarcinoma. Fluoroquinolones - Cartilage damage. Folate antagonists - Neural tube defects. Isotretinoin - Craniofacial, CNS, cardiac, and thyroid defects. Lithium - Ebstein anomaly. Methimazole - Aplasia cutis congenita. Tetracyclines - Discolored teeth, inhibited bone growth. Thalidomide - Limb defects (phocomelia). Warfarin - Bone and cartilage deformities (stippled epiphyses, nasal and limb hypoplasia), optic nerve atrophy, cerebral hemorrhage. Use heparin during pregnancy (does not cross placenta)."
Med-Onco-Multiple Myeloma-001,2026,Medicine - 7 January (M),Medicine,Oncology,Multiple Myeloma,"A patient presents with lytic bone lesions, anemia, and hypercalcemia. The most likely diagnosis is:",Osteosarcoma,Multiple myeloma,Metastatic carcinoma,Lymphoma,,B,"Explanation: C = HyperCalcemia (from bone destruction) R = Renal failure (light chain deposition, hypercalcemia) A = Anemia (marrow infiltration) B = Bone lesions (lytic ""punched out"" lesions from osteoclast activation"
Med-Onco-Paraneoplastic Syndromes-001,2026,Surgery - 7 January (E),Medicine,Oncology,Paraneoplastic Syndromes,A 72-year-old woman with a known diagnosis of lung cancer is undergoing treatment. Routine laboratory investigations reveal a hemoglobin level of 17 g/dL. There is no history of dehydration or chronic hypoxia. Which of the following substances is most likely being produced by the tumor causing this finding?,Renin,Erythropoietin,Antidiuretic hormone (ADH),Parathyroid hormone-related peptide (PTHrP),Calcitonin,B,
Med-Onco-Thyroid Gland-001,2026,Medicine - 6 January (E),Medicine,Oncology,Thyroid Gland,A child treated with neck radiation later develops a thyroid mass. Most likely carcinoma?,Follicular carcinoma,Papillary carcinoma,Medullary carcinoma,Anaplastic carcinoma,,B,"Papillary CA - Associated with radiation, Psomoma bodies and orphan anic eye nucleus, Slow growing, Spread via lymphatic, Best prognosis. Follicular CA - Invasive Capsule, Vascular Spread, 2nd best prognosis. Medullary CA - Release calcitonin."
Med-Onco-Thyroid Gland-002,2026,Gynecology - 5 January (M),Medicine,Oncology,Thyroid Gland,"A thyroid tumor shows sheets of cells with amyloid deposition, lymph node metastasis, and raised CEA levels. Diagnosis is:",Papillary carcinoma,Follicular carcinoma,Medullary carcinoma,Anaplastic carcinoma,,C,
Patho-Onco-Pediatric Tumors-001,2026,Radiology - 6 January (M),Pathology,Oncology,Pediatric Tumors,"A child presents with ovarian/testicular mass, labs show elevated AFP. Likely tumor?",Dysgerminoma,Choriocarcinoma,Yolk sac (endodermal sinus) tumor,Teratoma,,C,"Tumor Marker | Associated Type CA-125 | Serous epithelial ovarian tumors CA 19-9 | Mucinous epithelial ovarian tumors Inhibin | Granulosa cell tumors β-HCG | Dysgerminoma, Choriocarcinoma AFP | Endodermal sinus (yolk sac. tumors, Teratomas)"
Peads-Onco-Germ Cell Tumors-001,2026,Medicine - 6 January (E),Pediatrics,Oncology,Germ Cell Tumors,A 2-years-old boy presented with hard testicular mass. Investigations revealed a significantly raised AFP. Which germ cell tumor is the likely diagnosis?,Sertoli cell tumor,Yolk sac,Choriocarcinoma,Embryonal carcinoma,,B,The Yolk Sac Tumor is the most common testicular cancer in boys under 3 years old and is characterized by the production of high levels of the tumor marker AFP.
Peads-Onco-Precocious Puberty Tumors-001,2026,Gynecology - 5 January (M),Pediatrics,Oncology,Precocious Puberty Tumors,"Parents took their child with pyclosing at age of 7 years. There is pelvic mass on examination. And tumour was diagnosed which cause precocious puberty,",Granulosa cell tumour,Sertoli cell tumour,Iydeig cell tumour,Dysgerminoma,,A,Granulosa cell tumor secretes estrogen → precocious puberty.
Peads-Onco-Precocious Puberty Tumors-002,2026,Gynecology - 5 January (M),Pediatrics,Oncology,Precocious Puberty Tumors,"A 13 year old girl with menarche at age 10, now presents with oligomenoria and a right ovarian compact mass of about 8cm. Most likely cause is:",Granulosa cell tumour,Sertoli ledig cell tumour,Pituitary adenoma,Serous adenocarcinoma,,A,
Pharm-Onco-Chemotherapy-001,2026,Gynecology - 6 January (M),Pharmacology,Oncology,Chemotherapy,A patient receives gamma radiation for a solid tumor.,Formation of free radicals,Directly destroy cells,Stimulate NK cells,Stop radical mechanisms,,A,#NAME?
Pharm-Onco-Chemotherapy-002,2026,Medicine - 7 January (M),Pharmacology,Oncology,Chemotherapy,Chemotherapy reduces cancer cells primarily by:,Cell Injury,Cell Injury,Fibrosis,Hyperplasia,,B,
Pharm-Onco-Chemotherapy-003,2026,Medicine - 5 January (E),Pharmacology,Oncology,Chemotherapy,What is the preferred chemotherapeutic agent for a child diagnosed with neuroblastoma?,Methotrexate,Cyclophosphamide,Vincristine,Doxorubicin,,B,"<div class=""explanation-container""><div class=""explanation-text""><div style=""color:#16a34a;font-weight:800;margin-bottom:6px;"">✔ Correct Answer: Cyclophosphamide</div><div style=""margin-bottom:8px;""><b>Explanation:</b> Cyclophosphamide is commonly used in neuroblastoma chemotherapy regimens as part of combination therapy.</div><div style=""margin-bottom:10px;padding:8px 10px;background:#ecfdf5;border-left:4px solid #16a34a;border-radius:6px;""><b>Clinical Pearl:</b> Neuroblastoma treatment involves multi-drug regimens.</div><br><div style=""color:#dc2626;margin-bottom:4px;""><b>✘ Methotrexate:</b></div>Used in leukemias and autoimmune diseases.<br><br><div style=""color:#dc2626;margin-bottom:4px;""><b>✘ Vincristine:</b></div>Also used but not single best answer here.<br><br><div style=""color:#dc2626;margin-bottom:4px;""><b>✘ Doxorubicin:</b></div>Used in combination therapy.</div></div></div>"
Pharm-Onco-Chemotherapy-004,2026,Surgery - 6 January (E),Pharmacology,Oncology,Chemotherapy,Which chemotherapeutic agent commonly causes hemorrhagic cystitis that presents with hematuria?,Cisplatin,Methotrexate,Cyclophosphamide,Acetaminophen,,C,
Pharm-Onco-Chemotherapy-005,2026,Surgery - 6 January (E),Pharmacology,Oncology,Chemotherapy,Which enzyme is inhibited by methotrexate?,Acetylcholinesterase,Thymidylate synthase,Dihydrofolate reductase,RNA polymerase,,C,
Pharm-Onco-Chemotherapy-006,2026,Medicine - 6 January (E),Pharmacology,Oncology,Chemotherapy,Methotrexate inhibits which enzyme?,Thymidylate synthase,DNA polymerase,Dihydrofolate reductase,RNA polymerase,,C,
Pharm-Onco-Chemotherapy-007,2026,Medicine - 6 January (E),Pharmacology,Oncology,Chemotherapy,Which chemotherapeutic drug causes hemorrhagic cystitis leading to hematuria?,Cisplatin,Methotrexate,Cyclophosphamide,Vincristine,,C,"Chemo Man: C for Cisplatin/Carboplatin - nephrotoxic & acoustic n. damage. D for Daunorubicin - cardiotoxic. B for Bleomycin - pulmonary fibrosis. Cy for Cyclophosphamide - hemorrhagic cystitis. M for MTX, S for 5FU & G for 6-MP - myelosuppression. V for Vincristine - peripheral neuropathy."
Pharm-Onco-Chemotherapy-008,2026,Medicine - 5 January (E),Pharmacology,Oncology,Chemotherapy,Which anticancer drug is likely responsible for causing hematuria in a renal tumor patient undergoing chemotherapy?,Cyclophosphamide,Cisplatin,Bleomycin,Methotrexate,,A,"<div class=""explanation-container""><div class=""explanation-text""><div style=""color:#16a34a;font-weight:800;margin-bottom:6px;"">✔ Correct Answer: Cyclophosphamide</div><div style=""margin-bottom:8px;""><b>Explanation:</b> Cyclophosphamide causes hemorrhagic cystitis due to its metabolite acrolein, leading to hematuria.</div><div style=""margin-bottom:10px;padding:8px 10px;background:#ecfdf5;border-left:4px solid #16a34a;border-radius:6px;""><b>Clinical Pearl:</b> Prevent toxicity with MESNA hydration.</div><br><div style=""color:#dc2626;margin-bottom:4px;""><b>✘ Cisplatin:</b></div>Causes nephrotoxicity and ototoxicity.<br><br><div style=""color:#dc2626;margin-bottom:4px;""><b>✘ Bleomycin:</b></div>Causes pulmonary fibrosis.<br><br><div style=""color:#dc2626;margin-bottom:4px;""><b>✘ Methotrexate:</b></div>Causes bone marrow suppression and hepatotoxicity.</div></div></div>"
Surg-Onco-Staging-001,2026,Surgery - 6 January (E),Surgery,Oncology,Staging,"After oncologic resection, anterior and circumferential surgical margins are negative, but 2 of 4 regional lymph nodes contain metastases. The surgeon is concerned because:",The patient's blood type is unknown,Margins unclear,Nodes are positive,Tumor not staged,,C,
Surg-Onco-Surgical Margins-001,2026,Medicine - 6 January (E),Surgery,Oncology,Surgical Margins,"After cancer surgery, anterior and circumferential margins are clear but 2/4 lymph nodes are positive. Surgeon is concerned because:",Nodes are positive,Tumor not staged,Tumor not graded,Margins unclear,,A,Positive lymph node metastasis is highly concerning as it is showing red cell survival and higher chance of mortality due to aggressive nature.
Embryo-Organogenesis-Liver-001,2026,Radiology - 6 January (M),Embryology,Organogenesis,Liver,"During embryological development, the liver parenchyma is derived from which germ layer?",Mesoderm,Neural crest,Mesothelium,Endoderm,Ectoderm,D,
Surg-Ortho-Arthropathy-001,2026,Radiology - 5 January (M),Surgery,Orthopedics,Arthropathy,"A 45-year-old woman presents with joint swelling, redness, and warmth. Synovial fluid aspiration shows negatively birefringent crystals under polarized light. What is the diagnosis?",Pseudogout,Gout,Rheumatoid arthritis,Septic arthritis,,B,
Surg-Ortho-Lower-001,2026,Radiology - 6 January (M),Surgery,Orthopedics,Lower Limb,"A patient sustains a subtrochanteric fracture of the femur. On examination, the affected limb appears shortened and laterally rotated. What is the cause of these deformities?","Lateral rotation by adductors, shortening by piriformis","Lateral rotation by piriformis, shortening by piriformis","Lateral rotation by gluteus medius, shortening by adductors","Lateral rotation by piriformis, shortening by gluteus medius and minimus","Lateral rotation by iliopsoas, shortening by abductor",D,
Surg-Ortho-Lower-002,2026,Radiology - 6 January (M),Surgery,Orthopedics,Lower Limb,A woman who frequently wears high-heeled footwear presents with forefoot pain. Radiological examination shows hyperdense changes involving the heads of the 2nd and 3rd metatarsals. What is the most likely cause?,Tendon rupture,OsteoCell Injury,Metatarsal head fracture,Metatarsalgia,Stress fracture,B,
Surg-Ortho-Lower-003,2026,Surgery - 7 January (E),Surgery,Orthopedics,Lower Limb,Sprained ankle resulting from excessive eversion most likely demonstrates which structure is damage?,Talofibular ligament,Deltoid ligament,Tendon calcaneus,Interosseous ligament,,B,"Inversion (Ankle Sprain, Ligament damage – Lateral Ligament > Talofibular > Calcaneofibular). Eversion Ligament Damage – Medial Collateral (Tibial collateral ligament) or Deltoid ligament."
Surg-Ortho-Lower-004,2026,Medicine - 6 January (E),Surgery,Orthopedics,Lower Limb,"A striker running on track develops calf pain during running. Next day he has ecchymosis on foot, can stand on toe but with severe pain. Diagnosis:",DVT,Limb ischemia,Achilles tendon rupture,Plantaris tendon rupture,,D,Plantaris tendon rupture (tennis leg) causes calf pain and bruising but patient can still stand. Able to stand on toes but painful – Plantaris Rupture. Can't stand on toes – Achilles Rupture.
Surg-Ortho-Lower-005,2026,Gynecology - 5 January (M),Surgery,Orthopedics,Lower Limb,"A marathon runner starts running without warm-up. The next day, he complains of pain during knee flexion. The injury involves the posterolateral thigh/knee structures. Which structure is most likely affected?",Anterior cruciate ligament,Rectus femoris,Semitendinosus,Biceps femoris,,D,Biceps femoris is posterolateral hamstring responsible for knee flexion.
Surg-Ortho-Osteoarthritis-001,2026,Radiology - 5 January (M),Surgery,Orthopedics,Osteoarthritis,"In acute osteoarthritis, preferred treatment:",NSAIDs orally,Intra-articular steroid injection,Physical therapy,Joint replacement,,A,
Surg-Ortho-Osteoarthritis-002,2026,Anesthesia - 5 January (M),Surgery,Orthopedics,Osteoarthritis,"Nowadays, different interventions are used to relieve knee pain. Which of the following is most common to relieve intra-articular knee pain?",Hyaluronic acid,Intra-articular corticosteroid injection,Intra-articular cisplatin,Intra-articular PRP injection,,B,
Surg-Ortho-Osteoarthritis-003,2026,Gynecology - 5 January (M),Surgery,Orthopedics,Osteoarthritis,A 62-year-old patient with knee pain due to OSTEOARTHRITIS does not respond adequately to oral analgesics. The orthopedician plans intra-articular injection therapy to improve joint lubrication and reduce pain. Injection contains?,Hyaluronic acid,Steroids,Collagen,Fluid,,A,Hyaluronic acid for lubrication; steroids for inflammation.
Surg-Ortho-T&E-001,2026,Radiology - 6 January (M),Surgery,Orthopedics,Thrombosis & Embolism,A patient develops sudden respiratory distress after a long bone fracture. Fat embolism is suspected. Which diagnostic method confirms the presence of fat emboli?,Blood culture,CT angiography,Frozen section of fat,Chest X-ray,Arterial blood gases,C,
Surg-Ortho-Trauma-001,2026,Surgery - 7 January (E),Surgery,Orthopedics,Trauma,A fracture involving the lower rib most commonly affects which rib?,1st rib,5th rib,7th rib,Inferior ribs,Anterior ribs,D,
Surg-Ortho-Upper Limb-001,2026,Surgery - 7 January (E),Surgery,Orthopedics,Upper Limb,"A man lifting a heavy weight suddenly feels pain in his arm. On examination, there is swelling in the upper forearm. Which muscle, attaching to the radial tuberosity, is most likely injured?",Biceps brachii,Brachioradialis,Anconeus,Supinator,Pronator,A,
Surg-Ortho-Upper Limb-002,2026,Radiology - 5 January (M),Surgery,Orthopedics,Upper Limb,"A 35-year-old patient presents with shoulder pain and difficulty performing internal (medial) rotation of the arm. On physical examination, specific maneuvers reveal weakness when the patient attempts to lift the hand off the back. Which test is most appropriate to assess the affected muscle?",Hawkins-Kennedy test,Neer's impingement test,Lift-off test (Subscapularis test),Drop arm test,,C,The subscapularis muscle mediates internal rotation. The lift-off test evaluates subscapularis integrity: inability to lift the hand off the back indicates injury.
Surg-Ortho-Upper Limb-003,2026,Radiology - 6 January (M),Surgery,Orthopedics,Upper Limb,"A patient presents with pain during overhead abduction of the shoulder. There is no local tenderness, but pain occurs on active movement. Which tendon is most likely involved?",Subscapularis,Teres minor,Supraspinatus,Infraspinatus,,C,
Microbio-Parasitic-Infec-001,2026,Surgery - 6 January (E),Microbiology,Parasitology,Infections,A patient with recent dog exposure has a liver cyst containing daughter cysts. What is the most likely cause?,TB,Hepatitis A virus,Liver abscess,Hydatid disease,,D,
Microbio-Parasitic-Infec-002,2026,Radiology - 5 January (M),Microbiology,Parasitology,Infections,"A patient has right upper quadrant pain and high-grade fever. On examination, there is a liver containing daughter cysts. What is the diagnosis?",Entamoeba histolytica,Liver abscess,Hydatid liver disease,Pyogenic abscess,,C,
Microbio-Parasitic-Infec-003,2026,Anesthesia - 5 January (M),Microbiology,Parasitology,Infections,A farmer presents with right hypochondrial pain; US shows multiple liver cysts. Most likely diagnosis?,Pyogenic Abscess,Hydatid cysts (Echinococcus granulosus),Cysticercosis,Toxoplasmosis,,B,
Microbio-Parasitic-Infec-004,2026,Medicine - 8 January (M),Microbiology,Parasitology,Infections,A farmer presents with microcytic hypochromic anemia. Stool examination reveals hookworm on most likely organism?,Enterobius vermicularis,Trichuris trichiura,Ancylostoma duodenale,Strongyloides,,C,
Microbio-Parasitic-Infec-005,2026,Medicine - 6 January (E),Microbiology,Parasitology,Infections,A patient presents with chronic swelling of the right lower limb for 4 years. The swelling is progressive and suggestive of lymphatic obstruction. Which organism is the most likely cause?,Leishmaniasis,Malaria,Clostridium,Wuchereria bancrofti,,D,"Wuchereria bancrofti causes lymphatic filariasis, leading to chronic lymphatic obstruction and elephantiasis, commonly affecting the lower limbs."
Microbio-Parasitic-Infec-006,2026,Surgery - 7 January (E),Microbiology,Parasitology,Infections,A fisherman with chronic limb swelling due to filarial infection most likely has:,Onchocerca volvulus,Loa loa,Wuchereria bancrofti,Ascaris,Strongyloides,C,
Microbio-Parasitic-Infec-007,2026,Surgery - 6 January (E),Microbiology,Parasitology,Infections,A patient has progressive right lower limb swelling for 4 years consistent with lymphatic obstruction. Which organism is most likely to cause this condition?,Taenia solium,Malaria,Wuchereria bancrofti,Leishmaniasis,,C,
Microbio-Parasitic-Infec-008,2026,Gynecology - 5 January (M),Microbiology,Parasitology,Infections,Entamoeba histolytica is differentiated from non-pathogenic amoebae by:,Size of cyst,Number of nuclei,Presence of trophozoites with RBC inclusions,Motility,,C,Amoebic dysentery can cause liver involvement.
Microbio-Parasitic-Infec-009,2026,Surgery - 6 January (E),Microbiology,Parasitology,Infections,"A patient presents with high-grade fever, chills, anemia, splenomegaly, and elevated IgM. What is the most likely diagnosis?",Malaria,Acute appendicitis,Brucellosis,Leishmaniasis,,A,
Microbio-Parasitic-Infec-010,2026,Radiology - 5 January (M),Microbiology,Parasitology,Infections,Patient with 102°F fever and hepatosplenomegaly. Which test should be done?,MP ICT,Dengue NS1 antigen,Blood culture,Widal test,,A,
Surg-Peads Surg-Abdominal wall-001,2026,Gynecology - 7 January (E),Surgery,Pediatric Surgery,Abdominal wall,"A newborn presents with intestinal loops protruding through an abdominal wall defect, located to the right of the umbilicus, with no covering membrane. What is the most likely diagnosis?",Omphalocele,Gastroschisis,Umbilical hernia,Diaphragmatic hernia,,B,
Surg-Peads Surg-Abdominal wall-002,2026,Gynecology - 7 January (E),Surgery,Pediatric Surgery,Abdominal wall,Which feature best differentiates gastroschisis from omphalocele?,Associated chromosomal anomalies,Presence of covering sac,Herniation at umbilical ring,Occurrence in females,,B,
Surg-Peads Surg-Abdominal wall-003,2026,Gynecology - 7 January (E),Surgery,Pediatric Surgery,Abdominal wall,Omphalocele with covering (sac intact) is managed by:,Immediate surgical closure,Tagged closure with gradual reduction,Conservative management with dressing,Antibiotics only,,A,
Surg-Peads Surg-Abdominal wall-004,2026,Gynecology - 7 January (E),Surgery,Pediatric Surgery,Abdominal wall,A patient’s intestine does not get back to position. Diagnosis is:,Gastroschisis,Omphalocele,Meckel’s diverticulum,Intussusception,Volvulus,B,
Surg-Peads Surg-Congenital Anomalies-001,2026,Gynecology - 7 January (E),Surgery,Pediatric Surgery,Congenital Anomalies,A newborn has urine dribbling from the umbilicus. What is the most likely abnormality?,Patent vitelline duct,Patent urachus (allantois),Omphalomesenteric duct,Yolk sac defect,,B,
Surg-Peads Surg-GIT-001,2026,Radiology - 5 January (M),Surgery,Pediatric Surgery,Gastrointestinal System,Investigation of choice for Hirschsprung disease is:,CT scan,Rectal biopsy,Barium enema,Colonoscopy,,B,Rectal biopsy showing absence of ganglion cells confirms Hirschsprung disease.
Surg-Peads Surg-GIT-002,2026,Radiology - 5 January (M),Surgery,Pediatric Surgery,Gastrointestinal System,A child on the 3rd day has swelling over umbilicus that is not healing with discharge and sometimes fecal matter. Diagnosis?,Omphalocele,Gastroschisis,Ileal diverticulum,Anal agenesis,,C,
Surg-Peads Surg-H&N-001,2026,Radiology - 6 January (M),Surgery,Pediatric Surgery,Head & Neck,A child presents with a midline neck swelling below the hyoid bone that moves with tongue protrusion. Diagnosis is:,Branchial cyst,Thyroglossal duct cyst,Dermoid cyst,Lymphadenopathy,,B,"Thyroglossal duct cyst will move with protrusion of the tongue & protrusion of tongue test is positive while in ectopic thyroid gland there will be no movement of the swelling with protrusion of tongue and hence, protrusion test is negative."
Ana-Pelvis-Bones & Joints-001,2026,Medicine - 6 January (E),Anatomy,Pelvis,Bones & Joints,A patient sustains a pelvic injury involving the acetabulum. Which bones form the acetabulum?,Ilium + sacrum,Ischium + pubis,Ilium + ischium + pubis,Ischium + sacrum,,C,
Ana-Pelvis-Bones & Joints-002,2026,Surgery - 6 January (E),Anatomy,Pelvis,Bones & Joints,A patient sustained a pelvic injury involving the acetabulum. Which bones form the acetabulum?,Ilium + ischium + pubis,Femur + ilium,Ischium + sacrum,Ilium + sacrum,,A,
Ana-Pelvis-Lymphatics-001,2026,Surgery - 6 January (E),Anatomy,Pelvis,Lymphatics,Which lymph nodes are most commonly involved in the lymphatic spread of prostate carcinoma?,Para-aortic lymph nodes,Internal and external iliac lymph nodes,Internal iliac nodes,Axillary lymph nodes,,C,
Ana-Pelvis-Lymphatics-002,2026,Anesthesia - 5 January (M),Anatomy,Pelvis,Lymphatics,A female patient presented in gynecology OPD with boils on the labia majora. What is the lymphatic drainage of this part?,Para-aortic lymph nodes,Deep inguinal lymph nodes,Superficial inguinal lymph nodes,Internal iliac lymph nodes,,C,
Ana-Pelvis-Lymphatics-003,2026,Medicine - 5 January (E),Anatomy,Pelvis,Lymphatics,Where does buttock lymphatic drainage primarily reach?,Inguinal nodes,Axillary nodes,Iliac nodes,Para-aortic nodes,,A,"<div class=""explanation-container""><div class=""explanation-text""><div style=""color:#16a34a;font-weight:800;margin-bottom:6px;"">✔ Correct Answer: Inguinal nodes</div><div style=""margin-bottom:8px;""><b>Explanation:</b> Buttock lymphatic drainage primarily reaches superficial and deep inguinal lymph nodes.</div><div style=""margin-bottom:10px;padding:8px 10px;background:#ecfdf5;border-left:4px solid #16a34a;border-radius:6px;""><b>Clinical Pearl:</b> Skin below umbilicus drains to inguinal nodes.</div><br><div style=""color:#dc2626;margin-bottom:4px;""><b>✘ Axillary nodes:</b></div>Drain upper limb and thoracic wall.<br><br><div style=""color:#dc2626;margin-bottom:4px;""><b>✘ Iliac nodes:</b></div>Drain pelvic organs, not superficial buttock skin.<br><br><div style=""color:#dc2626;margin-bottom:4px;""><b>✘ Para-aortic nodes:</b></div>Drain deep abdominal structures.</div></div></div>"
Ana-Pelvis-Lymphatics-004,2026,Radiology - 5 January (M),Anatomy,Pelvis,Lymphatics,Lymphatic drainage of the prostate is to which nodes?,Internal iliac,External iliac,Paraaortic,Superficial inguinal,,A,
Ana-Pelvis-Lymphatics-005,2026,Medicine - 6 January (E),Anatomy,Pelvis,Lymphatics,Prostate carcinoma where will mostly spread through which lymphatics?,para-aortic,Internal and external iliac lymph nodes,Internal iliac nodes,Inguinal nodes,,C,"Lymph node clusters: Submandibular - Oral cavity; Deep cervical - Head, neck, oropharynx; Supraclavicular - Abdomen, pelvis; Mediastinal - Trachea, esophagus; Hilar - Lungs; Axillary - Upper limb, breast, skin above umbilicus; Epitrochlear - Hand, forearm; Periumbilical - Abdomen, pelvis; Celiac - Liver, stomach, spleen, pancreas, upper duodenum; Superior mesenteric - Lower duodenum, jejunum, ileum, colon to splenic flexure; Inferior mesenteric - Colon from splenic flexure to upper rectum; Para-aortic - Pair of testes, ovaries, kidneys, fallopian tubes (uterus); External iliac - Cervix, superior bladder, body of uterus; Internal iliac - Lower rectum to anal canal (about pectinate line), bladder, vagina (middle third), cervix, prostate; Superficial inguinal - Anal canal (below pectinate line), skin below umbilicus (except popliteal areola), scrotum, vulva; Popliteal - Dorsolateral foot, posterior calf."
Ana-Pelvis-Lymphatics-006,2026,Radiology - 6 January (M),Anatomy,Pelvis,Lymphatics,Where do prostate lymphatics primarily drain?,Internal iliac nodes,External iliac nodes,Sacral nodes,Para-aortic nodes,,A,
Ana-Pelvis-Nerves-001,2026,Gynecology - 7 January (E),Anatomy,Pelvis,Nerves,Pelvic nerve innervation includes:,Pudendal nerve only,Pelvic splanchnic nerves and pudendal nerve,Femoral nerve,Sciatic nerve,,B,
Ana-Pelvis-Nerves-002,2026,Gynecology - 6 January (M),Anatomy,Pelvis,Nerves,The levator ani muscle forms the major part of the pelvic diaphragm and plays a key role in pelvic organ support. Which nerve primarily supplies the levator ani?,Pudendal nerve,Obturator nerve,Perineal nerve,Pelvic splanchnic nerves,Ilioinguinal nerve,A,
Ana-Pelvis-Nerves-003,2026,Medicine - 7 January (M),Anatomy,Pelvis,Nerves,The pudendal nerve arises from which nerve roots?,"L1, L2","L4, L5","S2, S3, S4","S1, S2",,C,
Ana-Pelvis-Nerves-004,2026,Medicine - 6 January (E),Anatomy,Pelvis,Nerves,The pudendal nerve arises from which spinal roots?,L4–S1,S1–S3,S2–S4,L5–S2,,C,
Ana-Pelvis-Nerves-005,2026,Surgery - 6 January (E),Anatomy,Pelvis,Nerves,Identify the key anatomical landmark used to locate the pudendal nerve for performing a pudendal nerve block.,Ischial tuberosity,Greater sciatic notch,Ischial spine,Xiphoid process,,C,
Ana-Pelvis-Nerves-006,2026,Surgery - 6 January (E),Anatomy,Pelvis,Nerves,A 27-year-old primigravida is in labor. Which nerve provides the somatic innervation to the birth canal?,Obturator nerve,Optic nerve,Pudendal nerve,Femoral nerve,,C,
Ana-Pelvis-Nerves-007,2026,Radiology - 5 January (M),Anatomy,Pelvis,Nerves,Fecal incontinence is due to injury of:,Pudendal nerve,Sciatic nerve,Obturator nerve,Femoral nerve,,A,
Ana-Pelvis-Nerves-008,2026,Anesthesia - 5 January (M),Anatomy,Pelvis,Nerves,A 24-year-old lady presents with fecal/urinary incontinence following a traumatic spontaneous vaginal delivery three months ago. Which nerve is damaged?,Ileocolic nerve,Superior hypogastric nerve,Obturator nerve,Pudendal nerve,Genitofemoral nerve,D,
Ana-Pelvis-Nerves-009,2026,Anesthesia - 5 January (M),Anatomy,Pelvis,Nerves,What are the root values of the pudendal nerve?,S2-S5,L1-L3,L2-L4,S1-S3,S2-S4,E,
Ana-Pelvis-Nerves-010,2026,Gynecology - 6 January (M),Anatomy,Pelvis,Nerves,"During childbirth, a pudendal nerve block is performed for anesthesia. What is its mechanism of action?",Blocks sensory fibers of S2–S4,Blocks motor fibers to the pelvic diaphragm,Blocks sympathetic fibers of T10–L1,Blocks parasympathetic fibers of S1–S3,Blocks both sensory and motor fibers of L4–L5,A,
Ana-Pelvis-Nerves-011,2026,Medicine - 6 January (E),Anatomy,Pelvis,Nerves,Important anatomical landmark for pudendal nerve block is:,Greater sciatic notch,Ischial tuberosity,Ischial spine,Pubic symphysis,,C,
Ana-Pelvis-Nerves-012,2026,Anesthesia - 5 January (M),Anatomy,Pelvis,Nerves,During vaginal delivery to relieve pain potential nerve block is done at which landmark?,Behind psoas major,Greater trochanter,Pubic tubercle,Ischial tuberosity,Ischial spine,E,
Ana-Pelvis-Nerves-013,2026,Surgery - 6 January (E),Anatomy,Pelvis,Nerves,From which spinal nerve roots does the pudendal nerve originate?,L5-S2,S2-S4,S1-S3,C1-C3,,B,
Ana-Pelvis-Pelvic Floor & Perineum-001,2026,Medicine - 6 January (E),Anatomy,Pelvis,Pelvic Floor & Perineum,Mediolateral episiotomy structure damaged?,Spinal sphincter,Bulbospongiosus,Levator ani,Labia majora,External anal sphincter,B,Mediolateral episiotomy damage is – Bulbospongiosus structure. Mediolateral episiotomy structure of damage – Levator ani. Median episiotomy structure damage is – External anal sphincter.
Ana-Pelvis-Pelvic Floor & Perineum-002,2026,Surgery - 6 January (E),Anatomy,Pelvis,Pelvic Floor & Perineum,Which structure is most likely injured by a mediolateral episiotomy during vaginal delivery?,Anal sphincter,Labia majora,Bulbospongiosis,Spleen,,C,
Ana-Pelvis-Pelvic Floor & Perineum-003,2026,Radiology - 5 January (M),Anatomy,Pelvis,Pelvic Floor & Perineum,Which wall of the ischioanal canal causes referred pain to perineum?,Anterior,Posterior,Inferior,Lateral,,D,
Ana-Pelvis-Pelvic Floor & Perineum-004,2026,Gynecology - 5 January (M),Anatomy,Pelvis,Pelvic Floor & Perineum,The medial wall of the ischioanal fossa is formed by which structure?,Levator ani muscles,Obturator muscle,Pudendal nerve,,,A,
Ana-Pelvis-Pelvic Floor & Perineum-005,2026,Gynecology - 6 January (M),Anatomy,Pelvis,Pelvic Floor & Perineum,The urogenital diaphragm has superior and inferior fascial layers. What is the inferior fascia of the urogenital diaphragm commonly called?,Scarpa’s fascia,Colles’ fascia,Perineal membrane,Pelvic fascia,Endopelvic fascia,C,The perineal membrane forms the inferior fascia of the urogenital diaphragm.
Ana-Pelvis-Pelvic Floor & Perineum-006,2026,Gynecology - 6 January (M),Anatomy,Pelvis,Pelvic Floor & Perineum,Which structure lies in the superficial perineal pouch?,Spongy (penile) urethra,Proximal urethra,Rectum,Vagina,Bladder,A,
Ana-Pelvis-Vasculature-001,2026,Gynecology - 7 January (E),Anatomy,Pelvis,Vasculature,The uterine artery is a branch of the:,External iliac artery,Internal iliac (hypogastric) artery,Femoral artery,Aorta,,B,Planation: Uterine artery arises from the right division of internal iliac artery.
Ana-Pelvis-Vasculature-002,2026,Gynecology - 7 January (E),Anatomy,Pelvis,Vasculature,The left ovarian artery is a branch of which vessel?,Internal iliac artery,External iliac artery,Abdominal aorta,Renal artery,,C,
Surg-Perioperative Care-ERAS Protocols-001,2026,Gynecology - 7 January (E),Surgery,Perioperative Care,ERAS Protocols,Enhanced Recovery After Surgery (ERAS) protocols include:,Early mobilization,Large incisions,Delay oral intake,Epidural analgesia,Small incisions,A,Post operative - Early mobilization - Early oral encourage - Early removal of drain or catheter - Appropriate fluid management. Intraoperative - Optimal fluid management - Antibiotic prophylaxis - Small incision - Short acting anesthesia - Avoid drain.
Surg-Perioperative Care-ERAS Protocols-002,2026,Gynecology - 7 January (E),Surgery,Perioperative Care,ERAS Protocols,"In enhanced recovery after surgery protocols, all of the following are included except:",Minimal incision,Early mobilization,Early feeding,Pain management,Large surgical incisions,E,Enhanced recovery emphasizes minimal invasiveness; large incisions increase morbidity.
Surg-Perioperative Care-ERAS Protocols-003,2026,Gynecology - 5 January (M),Surgery,Perioperative Care,ERAS Protocols,"In enhanced recovery after surgery (ERAS) protocols, which of the following is recommended?",Large midline incisions,Minimally invasive procedures,Prolonged fasting,Routine nasogastric decompression,,B,ERAS emphasizes small/minimally invasive incisions to reduce stress and improve recovery.
Pharm-Pharmacokinetics-Drug Absorption-001,2026,Radiology - 5 January (M),Pharmacology,Pharmacokinetics,Drug Absorption,Aspirin absorption is affected how?,↑ in basic environment,↓ in basic environment,↑ in neutral environment,↑ in acidic environment,,D,
Pharm-Pharmacokinetics-Drug Interactions-001,2026,Medicine - 7 January (M),Pharmacology,Pharmacokinetics,Drug Interactions,Drug metabolism interactions often involve:,Sodium channels,CYP450 enzyme inducers/inhibitors,Renal filtration,Protein binding only,,B,
Pharm-Pharmacokinetics-Drug Interactions-002,2026,Gynecology - 7 January (E),Pharmacology,Pharmacokinetics,Drug Interactions,Patient on nifedipine with good control starts carbamazepine epilepsy; BP rises to 150/80; cause:,Carbamazepine induces CYP3A4 (increases nifedipine metabolism),Nifedipine induces CYP3A4,Carbamazepine inhibits CYP3A4,Nifedipine inhibits CYP3A4,,A,
Pharm-Pharmacokinetics-Drug Interactions-003,2026,Medicine - 5 January (E),Pharmacology,Pharmacokinetics,Drug Interactions,A patient concurrently taking warfarin was prescribed cimetidine. By what mechanism does cimetidine cause an increased INR after few days?,Increased renal excretion of warfarin,Decreased hepatic metabolism of warfarin,Increased absorption of warfarin in the gut,Warfarin protein displacement,,B,"<div class=""explanation-container""><div class=""explanation-text""><div style=""color:#16a34a;font-weight:800;margin-bottom:6px;"">✔ Correct Answer: Decreased hepatic metabolism of warfarin</div><div style=""margin-bottom:8px;""><b>Explanation:</b> Cimetidine inhibits CYP450 enzymes, reducing warfarin metabolism and increasing INR.</div><div style=""margin-bottom:10px;padding:8px 10px;background:#ecfdf5;border-left:4px solid #16a34a;border-radius:6px;""><b>Clinical Pearl:</b> CYP inhibition → ↑ warfarin effect → ↑ INR.</div><br><div style=""color:#dc2626;margin-bottom:4px;""><b>✘ Increased renal excretion:</b></div>Would lower INR.<br><br><div style=""color:#dc2626;margin-bottom:4px;""><b>✘ Increased absorption:</b></div>Not the mechanism.<br><br><div style=""color:#dc2626;margin-bottom:4px;""><b>✘ Protein displacement:</b></div>Less significant than metabolism inhibition.</div></div></div>"
Pharm-Pharmacokinetics-Drug Interactions-004,2026,Medicine - 7 January (M),Pharmacology,Pharmacokinetics,Drug Interactions,Drug Y binds 100x more to albumin than Drug X. Effect on free concentration?,Increases,Decreases,No change,Displacement,,B,
Pharm-Pharmacokinetics-Drug Interactions-005,2026,Anesthesia - 5 January (M),Pharmacology,Pharmacokinetics,Drug Interactions,Absorption of aspirin is decreased in,Acidic environment,Alkaline urine,Basic (alkaline) gastrointestinal environment,Simulated gastric fluid,,C,
Pharm-Pharmacokinetics-Drug Interactions-006,2026,Gynecology - 5 January (M),Pharmacology,Pharmacokinetics,Drug Interactions,A patient takes aspirin for pain relief. In which environment is aspirin absorption maximized?,Acidic,Basic,Neutral,Alkaline urine,,A,Aspirin is a weak acid → better absorbed in acidic pH.
Pharm-Pharmacokinetics-Drug Interactions-007,2026,Medicine - 5 January (E),Pharmacology,Pharmacokinetics,Drug Interactions,"For a 70 kg man, a drug is eliminated at 5 L/hour with a plasma concentration of 25 mg/L. What is the required maintenance dose (mg/hour)?",100 mg/hr,125 mg/hr,150 mg/hr,175 mg/hr,,B,"<div class=""explanation-container""><div class=""explanation-text""><div style=""color:#16a34a;font-weight:800;margin-bottom:6px;"">✔ Correct Answer: 125 mg/hr</div><div style=""margin-bottom:8px;""><b>Concept:</b> Maintenance dose calculation</div><div style=""margin-bottom:8px;""><b>Explanation:</b> Maintenance dose = Clearance × Plasma concentration = 5 L/hr × 25 mg/L = 125 mg/hr.</div><div style=""margin-bottom:10px;padding:8px 10px;background:#ecfdf5;border-left:4px solid #16a34a;border-radius:6px;""><b>Clinical Pearl:</b> Units must match (L/hr × mg/L = mg/hr).</div><br><div style=""color:#dc2626;margin-bottom:4px;""><b>✘ Other options:</b></div>Result from incorrect multiplication or unit mismatch.</div></div></div>"
Pharm-Pharmacokinetics-Drug Interactions-008,2026,Medicine - 5 January (E),Pharmacology,Pharmacokinetics,Drug Interactions,Which formula is used to calculate the maintenance dose required to maintain a plasma drug concentration?,Clearance × target plasma concentration,Half-life × volume of distribution,Urine output × plasma concentration,Bioavailability × dose,,A,"<div class=""explanation-container""><div class=""explanation-text""><div style=""color:#16a34a;font-weight:800;margin-bottom:6px;"">✔ Correct Answer: Clearance × Target Plasma Concentration</div><div style=""margin-bottom:8px;""><b>Explanation:</b> Maintenance dose is calculated using clearance multiplied by desired steady-state plasma concentration.</div><div style=""margin-bottom:10px;padding:8px 10px;background:#ecfdf5;border-left:4px solid #16a34a;border-radius:6px;""><b>Clinical Pearl:</b> At steady state, input rate = elimination rate.</div><br><div style=""color:#dc2626;margin-bottom:4px;""><b>✘ Half-life × volume of distribution:</b></div>Related to elimination kinetics, not dosing rate.<br><br><div style=""color:#dc2626;margin-bottom:4px;""><b>✘ Urine output × plasma concentration:</b></div>Not used in pharmacokinetic dosing formulas.<br><br><div style=""color:#dc2626;margin-bottom:4px;""><b>✘ Bioavailability × dose:</b></div>Used for loading dose calculations in oral drugs.</div></div></div>"
Pharm-Pharmacokinetics-Drug Interactions-009,2026,Surgery - 7 January (E),Pharmacology,Pharmacokinetics,Drug Interactions,Which of the following drug is excreted without significant biotransformation in body as:,Streptomycin,Aspirin,Paracetamol,Procaine,Isoniazid,A,
Pharm-Pharmacokinetics-Drug Interactions-010,2026,Anesthesia - 5 January (M),Pharmacology,Pharmacokinetics,Drug Interactions,Morphine is primarily eliminated by:,Glucuronidation,Oxidation,Reduction,Alkylation,Hydration,A,"Morphine is primarily metabolized in the liver by glucuronidation, forming:<br>- Morphine-3-glucuronide (inactive)<br>- Morphine-6-glucuronide (active, analgesic)"
Pharm-Pharmacokinetics-Drug Interactions-011,2026,Radiology - 5 January (M),Pharmacology,Pharmacokinetics,Drug Interactions,A 70 kg person has volume of distribution 1 L/kg and steady conc 2.5 mg/L. What is the loading dose?,75 mg,110 mg,140 mg,175 mg,,D,Loading dose = Vd × target concentration = 70 × 2.5 = 175 mg.
Pharm-Pharmacokinetics-Drug Interactions-012,2026,Anesthesia - 5 January (M),Pharmacology,Pharmacokinetics,Drug Interactions,"A person weighs 70 kg, the volume of distribution (Vd) = 1 L/kg, and the steady-state concentration (Cs) required = 2.5 mg/L. What is the required loading dose?",120 mg,140 mg,175 mg,180 mg,300 mg,C,
Pharm-Pharmacokinetics-Drug Interactions-013,2026,Gynecology - 5 January (M),Pharmacology,Pharmacokinetics,Drug Interactions,A drug is given to a 70-kg patient. Volume of distribution is 1 L/kg. Required steady-state concentration is 2.5 mg/L. What is the loading dose?,175 mg,28 mg,20 mg,,,A,Loading dose = Vd × Css = (70 L) × (2.5 mg/L) = 175 mg.
Pharm-Pharmacokinetics-Drug Interactions-014,2026,Medicine - 6 January (E),Pharmacology,Pharmacokinetics,Drug Interactions,A drug dose of 0.1 mg is injected and plasma concentration becomes 0.1 mg/100 ml. What is the approximate ECF volume?,5 L,10 L,16 L,20 L,,B,
Pharm-Pharmacokinetics-Drug Metab-001,2026,Surgery - 7 January (E),Pharmacology,Pharmacokinetics,Drug Metabolism,Which cytochrome enzyme is most commonly inhibited by drugs?,CYP2D6,CYP1A2,CYP3A4,CYP2C19,CYP2E1,C,
Pharm-Pharmacokinetics-Drug Transporters-001,2026,Radiology - 6 January (M),Pharmacology,Pharmacokinetics,Drug Transporters,Which of the following is the most powerful transporter in the gut mucosa which causes absorbed stuff back into the gut lumen?,P.Glycoprotein,H.Glycoprotein,G.Glycoprotein,C.Glycoprotein,,A,The correct answer for the most powerful transporter in the gut mucosa that causes absorbed substances to be transported back into the gut lumen is a P.Glycoprotein.
Pharm-Pharmacokinetics-Drug Transporters-002,2026,Gynecology - 6 January (M),Pharmacology,Pharmacokinetics,Drug Transporters,Which of the following is the most powerful transporter in the gut mucosa which causes absorbed stuff back into the gut lumen?,P.Glycoprotein,H.Glycoprotein,G.Glycoprotein,C.Glycoprotein,,A,
Pharm-Pharmacokinetics-LA-001,2026,Medicine - 6 January (E),Pharmacology,Pharmacokinetics,Local Anesthesia,Which regional block results in the highest plasma concentration of local anesthetic due to rapid absorption?,Spinal,Caudal,Epidural,Intercostal block,,D,Intercostal block has highest systemic absorption. Follow this Sequence for highest Plasma Concentration following Local Anesthetic administration at any anatomical region: Intercostal >> Paracervical >> Caudal >> Epidural >> Brachial >> Subarachnoid.
Surg-Postoperative Care-Bowel Obstruction-001,2026,Surgery - 6 January (E),Surgery,Postoperative Care,Bowel Obstruction,"On postoperative day 3 the patient develops abdominal pain, nausea, abdominal distension, and has not passed flatus for 22 hours. What is the immediate next step?",Emergency laparotomy,X-ray abdomen erect spine,ECG,CT abdomen,,B,
Surg-Postoperative Complications-Steroid Effects-001,2026,Surgery - 6 January (E),Surgery,Postoperative Complications,Steroid Effects,A patient with immune thrombocytopenic purpura undergoes splenectomy. Delayed postoperative wound healing in this patient is most likely due to:,Infection,Thrombocytopenia,Hyperlipidemia,Steroid therapy,,D,
Surg-Postoperative Complications-T&E-001,2026,Radiology - 5 January (M),Surgery,Postoperative Complications,Thrombosis & Embolism,Sudden shortness of breath and death 1-2 weeks after abdominal surgery indicates:,Pneumothorax,Pulmonary embolism,Myocardial Infarction,ARDS,,B,
Surg-Preoperative Care-Risk Reduction-001,2026,Radiology - 5 January (M),Surgery,Preoperative Care,Risk Reduction,Smoking should be stopped how many weeks before surgery?,4,6,8,12,,C,Smoking cessation ≥4 weeks preoperatively reduces pulmonary complications.
Med-Psychiatry-Depression-001,2026,Gynecology - 5 January (M),Medicine,Psychiatry,Depression,A lactating mother with postpartum depression needs pharmacologic treatment. Which drug class is safest?,Carbamazepine,Benzodiazepines,Bupropion,SSRIs,,D,
Med-Psychiatry-Depression-002,2026,Gynecology - 5 January (M),Medicine,Psychiatry,Depression,A pregnant woman present with symptoms of depression. Which of the following drugs is most appropriate and safest for use during pregnancy?,Lithium,Citalopram,Valproic acid,Carbamazepine,,B,"SSRIs (citalopram, sertraline) relatively safe in pregnancy."
Med-Psychiatry-Neurocognitive Disorders-001,2026,Medicine - 7 January (M),Medicine,Psychiatry,Neurocognitive Disorders,An elderly patient with urinary issues and forgetfulness (cannot remember names) most likely has:,Normal aging,Dementia,Delirium,Depression,,B,
CM-Public Health-Impact on Reproductive Health-001,2026,Gynecology - 6 January (M),Community Medicine,Public Health,Impact on Reproductive Health,"A public health study is conducted to determine which level of female education has the greatest positive impact on reproductive health outcomes such as reduced maternal mortality, improved family planning, and better antenatal care utilization. Which level of education is most strongly associated with improved reproductive health?",Primary level,Lower secondary education,Higher secondary education,Postgraduate education,Post-doctoral education,C,"Completion of higher secondary education significantly improves health awareness, contraceptive use, and maternal health outcomes."
CM-Public Health-Induced Abortion Causes-001,2026,Gynecology - 6 January (M),Community Medicine,Public Health,Induced Abortion Causes,"In married couples, what is the most common cause of increased induced abortions?",Nutritional deficiency,Poverty,Unwanted pregnancy,Medical diseases,,C,
Radio-Radiotherapy-Radioisotopes-001,2026,Gynecology - 5 January (M),Radiology,Radiotherapy,Radioisotopes,Cobalt 60 is a radioactive isotope commonly used in radiotherapy what is the approximate half life of cobalt 60,2 years,5 years,7 years,10 years,,B,
Ana-Renal-Kidney-001,2026,Gynecology - 6 January (M),Anatomy,Renal System,Kidney,A boy had a road traffic accident with kidney injury. Which of the following fascia will be affected?,Buck’s fascia,Sibson’s fascia,Gerota’s fascia,Scarpa’s fascia,Camper’s fascia,C,Gerota’s fascia (renal fascia) surrounds the kidney and adrenal gland. Trauma to the kidney involves perinephric space and Gerota’s fascia.
Ana-Renal-Kidney-002,2026,Medicine - 6 January (E),Anatomy,Renal System,Kidney,A horseshoe kidney fails to ascend normally because it is arrested at the level of:,Aortic bifurcation,Inferior mesenteric artery,Superior mesenteric artery,Renal artery,,B,Fusion of lower poles prevents ascent past the IMA.
Ana-Renal-Kidney-003,2026,Radiology - 6 January (M),Anatomy,Renal System,Kidney,"A patient undergoes a posterior surgical approach to the kidney. Postoperatively, a perirenal hematoma is noted on imaging. In which fascial compartment is this hematoma most likely located?",Gerota’s fascia (renal fascia),Transversalis fascia,Psoas fascia,Thoracolumbar fascia,,A,"The kidney and perirenal fat are enclosed within Gerota’s fascia. Hematomas following renal surgery are usually confined within the renal fascia, limiting spread. Other fasciae do not directly enclose the kidney."
Ana-Renal-Ureter-001,2026,Radiology - 6 January (M),Anatomy,Renal System,Ureter,"Patient underwent Hysterectomy, Surgeon should know relation of ureter where it can be damage during hysterectomy",Pelvic brim,2cm from Ischial spine,When it moves upward and laterally behind Broad ligament,When crosses common iliac artery,At bifurcation of iliac vessels,C,
Ana-Renal-Urethra-001,2026,Radiology - 5 January (M),Anatomy,Renal System,Urethra,Membranous urethra rupture causes urine to collect in:,Superficial perineal pouch,Deep perineal pouch,Retroperitoneum,Scrotum,,B,
Ana-Renal-Urethra-002,2026,Radiology - 6 January (M),Anatomy,Renal System,Urethra,A patient presents with difficulty passing catheter due to urethral stricture. Which part of the urethra is the narrowest in males?,Prostatic urethra,Penile urethra,Membranous urethra,Bulbous urethra,,C,Neck of female urethra lies above urogenital diaphragm Female urethra more prone to infection External urethral meatus – Narrowest part Prostatic urethra – widest and most distensible Membranous urethra – Shortest and least dilatable urethra. Bulbar Urethra Rupture (Below Urogenital Diaphragm) urine into Superficial Perineal Pouch Membranous Urethra Rupture(At Urogenital Diaphram) urine into - Deep Perineal Pouch Prostatic Urethra Rupture(Above Urogenital Diaphram) urine into Retropubic Space Penile Urethra Rupture Urine into Scrotum> Anterior Abdominal Wall
Embryo-Renal-Congenital Anomalies-001,2026,Radiology - 6 January (M),Embryology,Renal System,Congenital Anomalies,A child born with urine coming out from umbilicus Doctor diagnosed this as patent lumen of allantois which results in which of following?,Urachal fistula (Patent Urachus),Urachal cyst,Urachal sinus,Ectrophy of bladder,Atrophy of bladder,A,
Embryo-Renal-Kidney-001,2026,Medicine - 5 January (E),Embryology,Renal System,Kidney,"If an ultrasound reveals a child has only a single kidney, which condition is most likely?",Renal agenesis,Polycystic kidney disease,Horseshoe kidney,Ectopic kidney,,A,"<div class=""explanation-container""><div class=""explanation-text""><div style=""color:#16a34a;font-weight:800;margin-bottom:6px;"">✔ Correct Answer: Renal agenesis</div><div style=""margin-bottom:8px;""><b>Concept:</b> Congenital absence of kidney</div><div style=""margin-bottom:8px;""><b>Explanation:</b> Failure of ureteric bud to interact with metanephric blastema leads to absence of kidney formation, resulting in unilateral or bilateral renal agenesis.</div><div style=""margin-bottom:10px;padding:8px 10px;background:#ecfdf5;border-left:4px solid #16a34a;border-radius:6px;""><b>Clinical Pearl:</b> Bilateral renal agenesis is incompatible with life and associated with Potter sequence.</div><br><div style=""color:#dc2626;margin-bottom:4px;""><b>✘ Polycystic kidney disease:</b></div>Cystic enlargement, not absence.<br><br><div style=""color:#dc2626;margin-bottom:4px;""><b>✘ Horseshoe kidney:</b></div>Fusion anomaly, both kidneys present.<div style=""color:#dc2626;margin-bottom:4px;""><br><b>✘ Ectopic kidney:</b></div>Abnormal position, not missing organ.</div></div></div>"
Embryo-Renal-Kidney-002,2026,Medicine - 7 January (M),Embryology,Renal System,Kidney,Metanephros is precursor of:,Pronephros,Mesonephros,Adult kidney,Ureter only,,C,
Embryo-Renal-Kidney-003,2026,Surgery - 6 January (E),Embryology,Renal System,Kidney,A horseshoe kidney fails to ascend normally because it becomes arrested at the level of which arterial structure?,Axillary artery,Aortic bifurcation,Inferior mesenteric artery,Superior mesenteric artery,,C,
Embryo-Renal-Kidney-004,2026,Radiology - 5 January (M),Embryology,Renal System,Kidney,A horseshoe kidney fails to ascend normally because it becomes trapped under which artery?,Renal artery,Superior mesenteric artery (SMA),Inferior mesenteric artery (IMA),Gonadal artery,,C,
Med-Renal-Acid‑Base Balance-001,2026,Surgery - 7 January (E),Medicine,Renal System,Acid‑Base Balance,"A 72-year-old woman with congestive heart failure presents with severe vomiting for the past three days. She reports dizziness and weakness. Examination reveals orthostatic hypotension and signs of volume depletion. Arterial blood gas shows pH 7.55, PaCO2 48 mmHg, HCO3- 40 mEq/L. Which of the following best describes her acid-base disturbance?",Metabolic alkalosis with respiratory compensation,Uncompensated metabolic alkalosis,Respiratory alkalosis with metabolic compensation,Chronic respiratory acidosis with metabolic compensation,Mixed metabolic alkalosis and respiratory alkalosis,A,
Med-Renal-Acid‑Base Balance-002,2026,Medicine - 7 January (M),Medicine,Renal System,Acid‑Base Balance,Kussmaul breathing in an ICU patient is indicative of:,Respiratory alkalosis,Metabolic acidosis,Metabolic alkalosis,Respiratory acidosis,,B,
Med-Renal-Acid‑Base Balance-003,2026,Medicine - 7 January (M),Medicine,Renal System,Acid‑Base Balance,Metabolic acidosis caused by which of the following:,Aldosterone,Furosemide,Thiazide,Spironolactone,Carbonic anhydrase inhibitor,E,
Med-Renal-Acid‑Base Balance-004,2026,Radiology - 5 January (M),Medicine,Renal System,Acid‑Base Balance,"Hypertension with Na+↑, K+↓, HCO3- 11, pCO2 32, pH 7.2. Diagnosis is:",Metabolic acidosis,Metabolic alkalosis,Renal tubular acidosis,Conn’s syndrome,,A,
Med-Renal-Acid‑Base Balance-005,2026,Anesthesia - 5 January (M),Medicine,Renal System,Acid‑Base Balance,A 15-year-old girl presented to ER with persistent projectile vomiting for the past three days. Initial investigations were done along with ABGs. Which of the following is present in this patient?,Hyperchloremic metabolic alkalosis,Hypochloremic metabolic alkalosis,Hypercalcemic metabolic acidosis,Hyperchloremic metabolic acidosis,,B,
Med-Renal-Acid‑Base Balance-006,2026,Surgery - 6 January (E),Medicine,Renal System,Acid‑Base Balance,"A child with asthma has severe dyspnea, nasal flaring, and prefers sitting upright to breathe more comfortably. Which of the following is most likely responsible for these findings?",Decreased respiratory drive,Increased arterial O2,Decreased arterial CO2,Increased lung compliance,,C,
Med-Renal-Acid‑Base Balance-007,2026,Radiology - 6 January (M),Medicine,Renal System,Acid‑Base Balance,"A patient present with shortness of breath (SOB), and cough. Arterial Blood Gas (ABG) results are: pO2: 70 mmHg, pH: 7.35 HCO3-: 16 mmol/L and pCO2: 60 mmHg. Identify the acid-base abnormality:",Compensated Metabolic Acidosis,Metabolic Alkalosis,Respiratory Acidosis,Uncompensated Metabolic Acidosis,Partial Respiratory Alkalosis,C,
Med-Renal-Acid‑Base Balance-008,2026,Gynecology - 6 January (M),Medicine,Renal System,Acid‑Base Balance,A patient presents with shortness of breath and cough. Arterial blood gas results are: <br>pO2: 70 mmHg <br>pH: 7.35 <br> HCO3: 16 mmol/L <br>pCO2: 60 mmHg.<br> Identify the acid base abnormality.,Compensated Metabolic Acidosis,Metabolic Alkalosis,Respiratory Acidosis,Uncompensated Metabolic Acidosis,Partial Respiratory Alkalosis,C,"(Note: The options and answer are from original text, though interpretation may vary; extracted exactly as given.)"
Med-Renal-Amyloidosis-001,2026,Surgery - 7 January (E),Medicine,Renal System,Amyloidosis,A man presents with generalized body swelling for two weeks. Physical exam shows thick-walled kidney; 24-hour urinary protein is 4g/day. Biopsy shows apple-green birefringent fibrils on Congo red stain. Diagnosis?,Hepatitis,TB,Malaria,HIV,Multiple myeloma,E,Multiple myeloma<br>- Overproduction of IgG 60% > IgA 20-25% > IgM 15% or rarely seen<br>Clinical features: CRAB<br>- HyperCalcemia<br>- Renal involvement<br>- Anemia<br>- Bone lytic lesions (punched out on X-ray A - Back pain)<br>- Rouleaux formation<br>- Bone marrow analysis shows > 10% monoclonal plasma cells with clock-face chromatin C and intracytoplasmic inclusions containing IgG.
Med-Renal-Bladder-001,2026,Medicine - 8 January (M),Medicine,Renal System,Bladder,"A lifelong smoker notices intermittent, painless gross hematuria. Which condition should be suspected first?",Renal calculi,Bladder carcinoma,Acute cystitis,IgA nephropathy,,B,"Tobacco smoke is linked to cancers of Bladder, Cervix, Esophagus, Kidney, Larynx, Lung, Oropharynx, Pancreas."
Med-Renal-Diabetic Complications-001,2026,Surgery - 7 January (E),Medicine,Renal System,Diabetic Complications,A patient with long-standing diabetes presents with persistent proteinuria. Which test is considered the gold standard for quantifying protein loss in diabetic nephropathy?,Dipstick urine test,Spot urine protein,Serum albumin,24-hour urinary protein,Renal ultrasound,D,"In diabetic nephropathy, accurate quantification of proteinuria is essential. The 24-hour urinary protein measurement is the gold standard, providing precise assessment of protein loss. Screening tests like dipstick or spot urine protein are useful but less accurate."
Med-Renal-Fluid & Electrolytes-001,2026,Surgery - 7 January (E),Medicine,Renal System,Fluid & Electrolytes,"A 40-year-old male laborer presents in summer after working outdoors. He reports muscle weakness, fatigue, and palpitations. On examination, he is dehydrated. ECG shows polymorphic ventricular tachycardia. Laboratory tests reveal low serum potassium. Which of the following electrolyte disturbances is most likely responsible for his ECG findings?",Hypokalemia,Hyperkalemia,Hypocalcemia,Hypermagnesemia,Hyponatremia,A,"The patient's presentation of working outdoors in the heat, being dehydrated, having muscle weakness, and showing polymorphic ventricular tachycardia (VT) is strongly associated with severe electrolyte derangements due to excessive sweating. Low serum potassium (K+ 2.8mmol/L). Hypokalemia is the specific electrolyte disturbance listed that is known to cause severe cardiac irritability, including ST depression, prominent U waves, and malignant ventricular arrhythmias like Torsades de Pointes."
Med-Renal-Fluid & Electrolytes-002,2026,Gynecology - 6 January (M),Medicine,Renal System,Fluid & Electrolytes,A patient presents with tingling around the mouth and painful spasms of the hands and feet (carpopedal spasm). Laboratory investigation reveals an electrolyte abnormality. Decrease of which ion is responsible for these symptoms?,Sodium,Potassium,Magnesium,Calcium,Chloride,D,
Med-Renal-Fluid & Electrolytes-003,2026,Radiology - 6 January (M),Medicine,Renal System,Fluid & Electrolytes,U waves and flat T waves are seen in which electrolyte disturbance?,Hyperkalemia,Hypokalemia,Hypercalcemia,Hypocalcemia,Hyponatremia,B,
Med-Renal-Fluid & Electrolytes-004,2026,Medicine - 8 January (M),Medicine,Renal System,Fluid & Electrolytes,"A patient develops muscle cramps, tetany, and positive Chvostek sign. Which electrolyte abnormality is responsible?",Hyperkalemia,Hypermagnesemia,Hypocalcemia,Hypomagnesemia,,C,
Med-Renal-Glomerulus-001,2026,Surgery - 6 January (E),Medicine,Renal System,Glomerulus,"A 25-year-old woman has hematuria, glomerular crescents, and anti-glomerular basement membrane antibodies. Which type of hypersensitivity mediates this disease?",Type I,Type II,Type V,Type IV,,B,
Med-Renal-Glomerulus-002,2026,Medicine - 6 January (E),Medicine,Renal System,Glomerulus,"A 25-year-old female presents with hematuria, crescents in glomeruli, and anti-GBM antibodies. Type of hypersensitivity?",Type I,Type II,Type III,Type IV,,B,Anti-GBM disease
Med-Renal-Hemodynamics-001,2026,Gynecology - 5 January (M),Medicine,Renal System,Hemodynamics,A 55-year-old man develops selective renal arteriolar changes that reduce renal plasma flow but paradoxically increase the filtration fraction. Which mechanism is responsible?,Hypoalbuminemia,Afferent arteriole constriction,Efferent arteriole constriction,Shock,,C,"Efferent arteriole constriction decreases renal plasma flow but increases glomerular capillary pressure, raising filtration fraction."
Med-Renal-Infec-001,2026,Medicine - 7 January (M),Medicine,Renal System,Infections,A CKD patient with pneumonia is best treated with:,Penicillin,Azithromycin,Ciprofloxacin,Amoxiclav,,B,
Med-Renal-Kidney-001,2026,Medicine - 7 January (M),Medicine,Renal System,Kidney,Vomiting + dehydration leading to elevated creatinine represents:,Intrinsic failure,Pre-renal azotemia,Post-renal,CKD,,B,
Med-Renal-Kidney-002,2026,Medicine - 8 January (M),Medicine,Renal System,Kidney,"Prerenal azotemia: Hypovolemia, decreased cardiac output, decreased effective circulating volume (HF, liver failure). Intrinsic renal failure: Acute tubular Cell Injury (ischemia, nephrotoxins), Acute interstitial nephritis, Glomerulonephritis, Vasculitis, Malignant hypertension, TTP-HUS. Postrenal azotemia: Stones, BPH, Neoplasm, Congenital anomalies. Urine osmolality >500 (prerenal), <350 (intrinsic/postrenal). Urine Na <20 (prerenal), >40 (intrinsic). FeNa <1% (prerenal), >2% (intrinsic). Serum BUN/Cr >20 (prerenal), <15 (intrinsic).",,,,,,,
Med-Renal-Nephrotic Syndrome-001,2026,Gynecology - 5 January (M),Medicine,Renal System,Nephrotic Syndrome,A patient has proteinuria >6 g/day. Which structure is primarily damaged?,Proximal tubules,Distal tubules,Endothelial cells,Glomerular basement membrane,,D,Nephrotic-range proteinuria causes GBM damage.
Med-Renal-Pulmonary Edema-001,2026,Medicine - 7 January (M),Medicine,Renal System,Pulmonary Edema,CKD patient with coarse crackles SOB should be treated with:,Oxygen only,Furosemide,Morphine,Antibiotics only,,B,
Med-Renal-Ureter-001,2026,Medicine - 6 January (E),Medicine,Renal System,Ureter,A patient with vesicoureteric reflux presents with fever and dysuria. Diagnosis?,Acute cystitis,Acute pyelonephritis,Chronic cystitis,Interstitial cystitis,,B,VUR predisposes to upper UTI (pyelonephritis).
Med-Renal-Urethra-001,2026,Surgery - 6 January (E),Medicine,Renal System,Urethra,A patient with vesicoureteral reflux presents with fever and dysuria. What is the most likely diagnosis?,Acute myocardial infarction,Chronic cystitis,Acute cystitis,Acute pyelonephritis,,D,
Patho-Renal-Glomerulus-001,2026,Medicine - 8 January (M),Pathology,Renal System,Glomerulus,A urinalysis shows RBC casts. This finding is most characteristic of:,Urinary tract infection,Glomerulonephritis,Renal stone,Bladder cancer,,B,
Patho-Renal-Nephrotic Syndrome-001,2026,Surgery - 7 January (E),Pathology,Renal System,Nephrotic Syndrome,"A 12 year old boy presents with generalized body swelling. Laboratory investigations reveals proteinuria >10 g/day, hypoalbuminemia and hyperlipidemia. What is the primary mechanism responsible for the development of edema in this patient?",Decreased oncotic pressure,Increased capillary hydrostatic pressure,Lymphatic obstruction,Sodium and water retention,,A,
Patho-Renal-Nephrotic Syndrome-002,2026,Medicine - 5 January (E),Pathology,Renal System,Nephrotic Syndrome,A kidney biopsy of a patient with proteinuria and edema reveals segmental glomerulosclerosis. What other feature is frequently associated with this?,Polycythemia,Erythropoietin deficiency,Hyperkalemia,Metabolic alkalosis,,B,"<div class=""explanation-container""><div class=""explanation-text""><div style=""color:#16a34a;font-weight:800;margin-bottom:6px;"">✔ Correct Answer: Erythropoietin deficiency</div><div style=""margin-bottom:8px;""><b>Explanation:</b> Focal segmental glomerulosclerosis (FSGS) can progress to chronic kidney disease, where damaged renal interstitial cells reduce erythropoietin production, leading to anemia.</div><div style=""margin-bottom:10px;padding:8px 10px;background:#ecfdf5;border-left:4px solid #16a34a;border-radius:6px;""><b>Clinical Pearl:</b> Progressive glomerular disease → CKD → ↓ EPO → normocytic anemia.</div><br><div style=""color:#dc2626;margin-bottom:4px;""><b>✘ Polycythemia:</b></div>Opposite of expected in chronic renal damage.<br><br><div style=""color:#dc2626;margin-bottom:4px;""><b>✘ Hyperkalemia:</b></div>May occur in advanced CKD but not a defining association of FSGS specifically.<br><br><div style=""color:#dc2626;margin-bottom:4px;""><b>✘ Metabolic alkalosis:</b></div>Not typical; CKD more often causes acidosis.</div></div></div>"
Patho-Renal-Nephrotic Syndrome-003,2026,Medicine - 7 January (M),Pathology,Renal System,Nephrotic Syndrome,Edema in kidney disease with proteinuria is due to:,Increased hydrostatic pressure,Decreased oncotic pressure,Lymphatic obstruction,Sodium wasting,,B,
Peads-Renal-Fluid & Electrolytes-001,2026,Surgery - 7 January (E),Pediatrics,Renal System,Fluid & Electrolytes,A house officer mistakenly administers a large amount of NaCl intravenously to a child. Which fluid compartment will increase the most as a result?,Plasma,Interstitial Fluid,Intracellular Volume,Transcellular Fluid,Extracellular Fluid,E,
Pharm-Renal-Diuretics-001,2026,Surgery - 7 January (E),Pharmacology,Renal System,Diuretics,"An elderly man with hypertension is being treated with bimetanide, a loop diuretic. Which of the following is the most concerning adverse effect associated with this drug?",Hyperkalemia,Hypokalemia,Orthostatic hypotension,Vertigo,,B,"Loop diuretics (e.g., bumetanide) increase urinary loss of potassium and magnesium. Hypokalemia is the most clinically significant adverse effect due to risk of arrhythmias, especially in the elderly. Orthostatic hypotension may occur but is less dangerous than electrolyte imbalance."
Pharm-Renal-Diuretics-002,2026,Gynecology - 5 January (M),Pharmacology,Renal System,Diuretics,A patient on acetazolamide for glaucoma presents with fatigue and rapid breathing. ABGs show a low bicarbonate level. What is the most common adverse effect?,Metabolic acidosis,Hyperkalemia,Hypertension,Respiratory alkalosis,,A,Acetazolamide causes hyperchloremic metabolic acidosis.
Pharm-Renal-Diuretics-003,2026,Medicine - 5 January (E),Pharmacology,Renal System,Diuretics,On which nephron segment do thiazide diuretics primarily exert their effect?,Proximal convoluted tubule,Thick ascending limb,Distal convoluted tubule,Collecting duct,,C,"<div class=""explanation-container""><div class=""explanation-text""><div style=""color:#16a34a;font-weight:800;margin-bottom:6px;"">✔ Correct Answer: Distal convoluted tubule</div><div style=""margin-bottom:8px;""><b>Explanation:</b> Thiazide diuretics act on the Na⁺/Cl⁻ co-transporter in the distal convoluted tubule.</div><div style=""margin-bottom:10px;padding:8px 10px;background:#ecfdf5;border-left:4px solid #16a34a;border-radius:6px;""><b>Clinical Pearl:</b> Thiazides = DCT sodium reabsorption blocker.</div><br><div style=""color:#dc2626;margin-bottom:4px;""><b>✘ Proximal convoluted tubule:</b></div>Site of carbonic anhydrase inhibitors.<br><br><div style=""color:#dc2626;margin-bottom:4px;""><b>✘ Thick ascending limb:</b></div>Loop diuretics act here.<br><br><div style=""color:#dc2626;margin-bottom:4px;""><b>✘ Collecting duct:</b></div>Site of aldosterone and ADH action.</div></div></div>"
Pharm-Renal-Diuretics-004,2026,Medicine - 8 January (M),Pharmacology,Renal System,Diuretics,Chronic use of which drug can lead to bicarbonate loss and metabolic acidosis?,Furosemide,Acetazolamide,Spironolactone,Hydrochlorothiazide,,B,
Pharm-Renal-Diuretics-005,2026,Gynecology - 7 January (E),Pharmacology,Renal System,Diuretics,"An elderly man with hypertension is being treated with bumetanide, a loop diuretic. Which of the following is the most concerning adverse effect associated with this drug?",Hyperkalemia,Hypokalemia,Orthostatic hypotension,Vertigo,,B,"Plantation: Loop diuretics (e.g., bumetanide) increase urinary loss of potassium and magnesium. Hypokalemia is the most clinically significant adverse effect due to risk of arrhythmias, especially in the elderly. Orthostatic hypotension may occur but is less dangerous than electrolyte imbalance."
Pharm-Renal-Diuretics-006,2026,Gynecology - 7 January (E),Pharmacology,Renal System,Diuretics,Bumetanide is an antihypertensive drug. Which side effect is most likely to require stopping the drug?,Hyperkalemia,Vertigo,Orthostatic hypotension,Cough,Fatigue,C,
Pharm-Renal-Diuretics-007,2026,Radiology - 6 January (M),Pharmacology,Renal System,Diuretics,A patient with congestive cardiac failure is receiving standard heart failure medications. He develops muscle weakness without any history of trauma. Which drug is most likely responsible?,ACE inhibitors,Beta blockers,Loop diuretics,Thiazide diuretics,Digoxin,C,"Loop diuretics (furosemide, bumetanide, toresemide) can cause hypokalemia, leading to muscle weakness, fatigue, and cramps. Thiazides can also cause hypokalemia but are less potent; spironolactone is potassium-sparing."
Pharm-Renal-Diuretics-008,2026,Radiology - 6 January (M),Pharmacology,Renal System,Diuretics,Patient with CHF is on furosemide. Labs show potassium 2.5 mEq/L. Which drug can be added to compensate for hypokalemia?,Thiazide,Amiloride,Spironolactone,Acetazolamide,,C,
Pharm-Renal-Diuretics-009,2026,Anesthesia - 5 January (M),Pharmacology,Renal System,Diuretics,Which of the following causes metabolic acidosis?,Acetazolamide,Furosemide,Thiazide,Spironolactone,,A,VV IMP TABLE
Pharm-Renal-Diuretics-010,2026,Anesthesia - 5 January (M),Pharmacology,Renal System,Diuretics,What is the effect of chronic loop or thiazide diuretic therapy?,Increased potassium,Increased PaCO2 (Compensatory),Decreased chloride,Normal arterial pH,,C,"Chronic diuretic therapy (especially loop and thiazide diuretics) causes:<br>- Loss of sodium, chloride, and water → hypochloremia<br>- Potassium loss → hypokalemia, not increase<br>- Metabolic alkalosis may occur → pH not always normal<br>- PaCO2 may increase slightly to compensate for alkalosis, but the most direct effect is decreased chloride."
Pharm-Renal-Diuretics-011,2026,Anesthesia - 5 January (M),Pharmacology,Renal System,Diuretics,Most commonly used diuretic is,Sulphonamide derivative diuretics,Benzothiadiazine derivatives,Steroid derivatives,Carbonic anhydrase inhibitors,Osmotic sugar derivatives,B,
Pharm-Renal-Diuretics-012,2026,Anesthesia - 5 January (M),Pharmacology,Renal System,Diuretics,53-year-old man with hypertension and diabetes poorly controlled after starting a new drug for BP. Which drug is responsible for worsening glycemic control?,Methyldopa,Acetazolamide,Furosemide,Amiodarone,Thiazide diuretic,E,
Pharm-Renal-Diuretics-013,2026,Anesthesia - 5 January (M),Pharmacology,Renal System,Diuretics,Which of the following is a side effect of thiazide diuretics?,Hyperkalemia,"Hyperglycemia (also Hyperuricemia, Hypercalcemia, Hyperlipidemia)",Hypouricemia,Hypolipidemia,Hypocholesterolemia,B,
Pharm-Renal-Diuretics-014,2026,Anesthesia - 5 January (M),Pharmacology,Renal System,Diuretics,Mechanism of action of acetazolamide,Inhibits carbonic anhydrase,Inhibits Na⁺/K⁺/2Cl⁻ symport,Antagonizes aldosterone,Inhibits cyclooxygenase,Increases tubular osmotic pressure,A,"Acetazolamide inhibits carbonic anhydrase, reducing H⁺ and HCO₃⁻ transport, used in glaucoma, altitude sickness, and metabolic alkalosis."
Pharm-Renal-Diuretics-015,2026,Anesthesia - 5 January (M),Pharmacology,Renal System,Diuretics,A patient with chronic liver disease presents with ascites and pedal edema. Which diuretic is most appropriate?,Furosemide,Torsemide,Hydrochlorothiazide,Mannitol,Spironolactone,E,
Physio-Renal-Acid‑Base Balance-001,2026,Medicine - 5 January (E),Physiology,Renal System,Acid‑Base Balance,Which statement best explains the change in PaCO2 typically seen alongside metabolic acidosis in diabetic ketoacidosis (DKA)?,PaCO2 is increased due to hypoventilation,PaCO2 is decreased due to compensatory respiratory acidosis,PaCO2 is decreased due to compensatory respiratory alkalosis (Kussmaul breathing),PaCO2 remains normal due to renal compensation,,C,"<div class=""explanation-container""><div class=""explanation-text""><div style=""color:#16a34a;font-weight:800;margin-bottom:6px;"">✔ Correct Answer: PaCO2 is decreased due to compensatory respiratory alkalosis (Kussmaul breathing)</div><div style=""margin-bottom:8px;""><b>Explanation:</b> In DKA, metabolic acidosis triggers Kussmaul breathing, lowering PaCO₂ as a compensatory respiratory alkalosis.</div><div style=""margin-bottom:10px;padding:8px 10px;background:#ecfdf5;border-left:4px solid #16a34a;border-radius:6px;""><b>Clinical Pearl:</b> Metabolic acidosis → hyperventilation → ↓ PaCO₂.</div><br><div style=""color:#dc2626;margin-bottom:4px;""><b>✘ Increased PaCO₂:</b></div>Would worsen acidosis.<br><br><div style=""color:#dc2626;margin-bottom:4px;""><b>✘ Respiratory acidosis:</b></div>Opposite compensation.<br><br><div style=""color:#dc2626;margin-bottom:4px;""><b>✘ Normal PaCO₂:</b></div>No compensation.</div></div></div>"
Physio-Renal-Acid‑Base Balance-002,2026,Medicine - 5 January (E),Physiology,Renal System,Acid‑Base Balance,Which metabolic change is caused by hyperemesis gravidarum?,Metabolic alkalosis,Metabolic acidosis,Respiratory alkalosis,Respiratory acidosis,,A,"<div class=""explanation-container""><div class=""explanation-text""><div style=""color:#16a34a;font-weight:800;margin-bottom:6px;"">✔ Correct Answer: Metabolic alkalosis</div><div style=""margin-bottom:8px;""><b>Explanation:</b> Severe vomiting leads to loss of gastric hydrochloric acid, resulting in metabolic alkalosis.</div><div style=""margin-bottom:10px;padding:8px 10px;background:#ecfdf5;border-left:4px solid #16a34a;border-radius:6px;""><b>Clinical Pearl:</b> Vomiting = HCl loss = alkalosis.</div><br><div style=""color:#dc2626;margin-bottom:4px;""><b>✘ Metabolic acidosis:</b></div>Seen in diarrhea or renal failure.<br><br><div style=""color:#dc2626;margin-bottom:4px;""><b>✘ Respiratory alkalosis:</b></div>Due to hyperventilation.<div style=""color:#dc2626;margin-bottom:4px;""><br><b>✘ Respiratory acidosis:</b></div>Due to hypoventilation.</div></div></div>"
Physio-Renal-Acid‑Base Balance-003,2026,Medicine - 5 January (E),Physiology,Renal System,Acid‑Base Balance,What specific acid-base disturbance is induced by hyperventilation?,Metabolic acidosis,Metabolic alkalosis,Respiratory acidosis,Respiratory alkalosis,,D,"<div class=""explanation-container""><div class=""explanation-text""><div style=""color:#16a34a;font-weight:800;margin-bottom:6px;"">✔ Correct Answer: Respiratory alkalosis</div><div style=""margin-bottom:8px;""><b>Explanation:</b> Hyperventilation causes excessive CO₂ loss, reducing carbonic acid and increasing blood pH, leading to respiratory alkalosis.</div><div style=""margin-bottom:10px;padding:8px 10px;background:#ecfdf5;border-left:4px solid #16a34a;border-radius:6px;""><b>Clinical Pearl:</b> ↓ PaCO₂ = respiratory alkalosis.</div><br><div style=""color:#dc2626;margin-bottom:4px;""><b>✘ Metabolic acidosis:</b></div>Primary bicarbonate loss.<br><br><div style=""color:#dc2626;margin-bottom:4px;""><b>✘ Metabolic alkalosis:</b></div>Primary bicarbonate excess.<br><br><div style=""color:#dc2626;margin-bottom:4px;""><b>✘ Respiratory acidosis:</b></div>CO₂ retention state.</div></div></div>"
Physio-Renal-Acid‑Base Balance-004,2026,Medicine - 7 January (M),Physiology,Renal System,Acid‑Base Balance,"In a patient with hyperventilation but normal CO2 production, which of the following will decrease?",PaO2,PaCO2,pH,Bicarbonate,,B,
Physio-Renal-Acid‑Base Balance-005,2026,Radiology - 5 January (M),Physiology,Renal System,Acid‑Base Balance,"A person has watery diarrhea, orthostatic hypotension, and weakness due to:",Hyperkalemia,Metabolic acidosis,Metabolic alkalosis,Hypocalcemia,,B,
Physio-Renal-Fluid & Electrolytes-001,2026,Medicine - 5 January (E),Physiology,Renal System,Fluid & Electrolytes,"What electrolyte imbalance most likely causes body aches, constipation, confusion, and lethargy?",Hyponatremia,Hyperkalemia,Hypocalcemia,Hypercalcemia,,D,"<div class=""explanation-container""><div class=""explanation-text""><div style=""color:#16a34a;font-weight:800;margin-bottom:6px;"">✔ Correct Answer: Hypercalcemia</div><div style=""margin-bottom:8px;""><b>Explanation:</b> Hypercalcemia causes “stones, bones, groans, and psychiatric overtones” including constipation, confusion, and lethargy.</div><div style=""margin-bottom:10px;padding:8px 10px;background:#ecfdf5;border-left:4px solid #16a34a;border-radius:6px;""><b>Clinical Pearl:</b> Constipation + confusion → think hypercalcemia.</div><br><div style=""color:#dc2626;margin-bottom:4px;""><b>✘ Hyponatremia:</b></div>Neurological symptoms without constipation pattern.<br><br><div style=""color:#dc2626;margin-bottom:4px;""><b>✘ Hyperkalemia:</b></div>Cardiac arrhythmias.<br><br><div style=""color:#dc2626;margin-bottom:4px;""><b>✘ Hypocalcemia:</b></div>Tetany and seizures.</div></div></div>"
Physio-Renal-Fluid & Electrolytes-002,2026,Medicine - 7 January (M),Physiology,Renal System,Fluid & Electrolytes,Which of the following can increase potassium levels temporarily?,Fasting,Exercise,Diuretics,Insulin,,B,
Physio-Renal-Fluid & Electrolytes-003,2026,Medicine - 6 January (E),Physiology,Renal System,Fluid & Electrolytes,Which ion has a higher concentration in intracellular fluid compared to extracellular fluid?,Cl-,HCO3-,K+,Na+,,C,
Physio-Renal-Fluid & Electrolytes-004,2026,Gynecology - 6 January (M),Physiology,Renal System,Fluid & Electrolytes,U waves and flat T waves are seen in which electrolyte disturbance?,Hyperkelamia,Hypokalemia,Hypercalcemia,Hypocalcemia,Hyponatremia,B,
Physio-Renal-Fluid & Electrolytes-005,2026,Gynecology - 7 January (E),Physiology,Renal System,Fluid & Electrolytes,A hypotensive patient receives normal saline. The primary effect is:,Increased intracellular fluid volume,Increased extracellular fluid volume,Decreased plasma osmolality,Increased intracranial pressure,,B,
Physio-Renal-Fluid & Electrolytes-006,2026,Anesthesia - 5 January (M),Physiology,Renal System,Fluid & Electrolytes,"After a marathon race, a person loses 2 L of fluid by sweating. He drank 2 L of water. What will happen?",Decrease ECF volume,Decrease ICF volume,Increase osmolarity of ICF,Decrease osmolarity of ECF,No change,D,Increase ICF Volume > Decrease ICF Osmolarity > Increase ECF volume > Decrease ECF osmolarity.
Physio-Renal-Fluid & Electrolytes-007,2026,Surgery - 6 January (E),Physiology,Renal System,Fluid & Electrolytes,0.1 mg of a drug is injected intravenously and the plasma concentration becomes 0.1 mg per 100 mL. What is the approximate extracellular fluid (ECF) volume?,10 L,5 L,0.0001 L,20 L,,A,
Physio-Renal-Fluid & Electrolytes-008,2026,Medicine - 8 January (M),Physiology,Renal System,Fluid & Electrolytes,Which component is higher in plasma compared to interstitial fluid contributing to oncotic pressure?,Potassium,Protein,Sodium,Chloride,,B,
Physio-Renal-Fluid & Electrolytes-009,2026,Surgery - 6 January (E),Physiology,Renal System,Fluid & Electrolytes,"In dehydration, which nephron segment contains the most hypotonic tubular fluid?",Early distal tubule,Thick ascending limb,Renal pelvis,Proximal tubule,,A,
Physio-Renal-Fluid & Electrolytes-010,2026,Medicine - 6 January (E),Physiology,Renal System,Fluid & Electrolytes,"During dehydration, tubular fluid is hypotonic in which nephron segment?",Proximal tubule,Thin descending limb,Thick ascending limb,Early distal tubule,,D,Early distal tubule is impermeable to water → hypotonic fluid.
Physio-Renal-Fluid & Electrolytes-011,2026,Medicine - 5 January (E),Physiology,Renal System,Fluid & Electrolytes,"What is the most likely diagnosis for a patient with hyponatremia, normal potassium levels, low urea (15 mg/dL), and urine osmolality of 610 mOsm/kg?",SIADH,Cerebral salt wasting,Salt-wasting nephropathy,Acute tubular Cell Injury,,A,"<div class=""explanation-container""><div class=""explanation-text""><div style=""color:#16a34a;font-weight:800;margin-bottom:6px;"">✔ Correct Answer: SIADH</div><div style=""margin-bottom:8px;""><b>Explanation:</b> SIADH causes euvolemic hyponatremia with concentrated urine (high urine osmolality) and low urea.</div><div style=""margin-bottom:10px;padding:8px 10px;background:#ecfdf5;border-left:4px solid #16a34a;border-radius:6px;""><b>Clinical Pearl:</b> High urine osmolality + hyponatremia = SIADH.</div><br><div style=""color:#dc2626;margin-bottom:4px;""><b>✘ Cerebral salt wasting:</b></div>Hypovolemic state.<br><br><div style=""color:#dc2626;margin-bottom:4px;""><b>✘ Salt-wasting nephropathy:</b></div>Volume depletion present.<br><br><div style=""color:#dc2626;margin-bottom:4px;""><b>✘ ATN:</b></div>Kidney injury with different labs.</div></div></div>"
Physio-Renal-Fluid & Electrolytes-012,2026,Surgery - 6 January (E),Physiology,Renal System,Fluid & Electrolytes,"With complete absence of ADH (central diabetes insipidus) and a GFR of 150 L/day, approximately how much urine would be produced each day?",5–10 L/day,10–20 L/day,1–2 L/day,0.1–0.2 L/day,,B,
Physio-Renal-Fluid & Electrolytes-013,2026,Medicine - 6 January (E),Physiology,Renal System,Fluid & Electrolytes,"A patient has complete absence of ADH (central diabetes insipidus). Given a GFR of 150 L/day, what is the approximate daily urine output?",1-2 L/day,5-10 L/day,10-20 L/day,100-120 L/day,,C,
Physio-Renal-Glomerulus-001,2026,Radiology - 5 January (M),Physiology,Renal System,Glomerulus,RPF decreased but GFR increased due to:,Efferent arteriole constriction,Afferent arteriole constriction,Dehydration,NSAIDs,,A,
Physio-Renal-Glomerulus-002,2026,Anesthesia - 5 January (M),Physiology,Renal System,Glomerulus,Filtration through glomerulus increases by:,Afferent arteriolar constriction,Efferent arteriolar constriction,Dehydration,Increased water intake,Urethral constriction,B,Increase GFR due to:<br>- Afferent arteriol dilation<br>- Efferent arteriol constriction<br>- Decrease plasma proteins<br><br>Decrease GFR due to:<br>- Afferent arteriole constriction<br>- Efferent arteriole dilation<br>- Increase plasma proteins<br>- Ureter constriction
Physio-Renal-Glomerulus-003,2026,Medicine - 6 January (E),Physiology,Renal System,Glomerulus,Decreased renal blood flow with increased filtration fraction occurs due to constriction of:,Afferent arteriole,Efferent arteriole,Interlobular artery,Renal vein,,B,Efferent constriction maintains GFR while reducing RBF.
Physio-Renal-Glomerulus-004,2026,Surgery - 6 January (E),Physiology,Renal System,Glomerulus,Constriction of which renal vessel decreases renal blood flow but increases the filtration fraction?,Renal vein,Efferent arteriole,Afferent arteriole,Ureter,,B,
Physio-Renal-Glomerulus-005,2026,Medicine - 5 January (E),Physiology,Renal System,Glomerulus,Which of the following is the best clinical method to measure GFR?,Serum creatinine,Creatinine clearance,PAH clearance,Blood urea,,B,"<div class=""explanation-container""><div class=""explanation-text""><div style=""color:#16a34a;font-weight:800;margin-bottom:6px;"">✔ Correct Answer: Creatinine clearance</div><div style=""margin-bottom:8px;""><b>Explanation:</b> Creatinine clearance is the most practical clinical estimate of GFR because creatinine is freely filtered with minimal secretion.</div><div style=""margin-bottom:10px;padding:8px 10px;background:#ecfdf5;border-left:4px solid #16a34a;border-radius:6px;""><b>Clinical Pearl:</b> Best bedside estimate of GFR = creatinine clearance.</div><br><div style=""color:#dc2626;margin-bottom:4px;""><b>✘ Serum creatinine:</b></div>Indirect and affected by muscle mass.<br><br><div style=""color:#dc2626;margin-bottom:4px;""><b>✘ PAH clearance:</b></div>Measures renal plasma flow, not GFR.<br><br><div style=""color:#dc2626;margin-bottom:4px;""><b>✘ Blood urea:</b></div>Influenced by diet and hydration.</div></div></div>"
Physio-Renal-Glomerulus-006,2026,Medicine - 5 January (E),Physiology,Renal System,Glomerulus,Increased efferent arteriolar constriction leads to what direct consequence?,Decreased glomerular pressure,Increased hydrostatic pressure in glomerulus,Decreased GFR,Renal ischemia,,B,"<div class=""explanation-container""><div class=""explanation-text""><div style=""color:#16a34a;font-weight:800;margin-bottom:6px;"">✔ Correct Answer: Increased hydrostatic pressure in glomerulus</div><div style=""margin-bottom:8px;""><b>Explanation:</b> Efferent arteriole constriction increases glomerular capillary hydrostatic pressure, initially increasing GFR.</div><div style=""margin-bottom:10px;padding:8px 10px;background:#ecfdf5;border-left:4px border:#16a34a;border-radius:6px;""><b>Clinical Pearl:</b> Efferent constriction → ↑ GFR (initially).</div><br><div style=""color:#dc2626;margin-bottom:4px;""><b>✘ Decreased glomerular pressure:</b></div>Opposite effect.<br><br><div style=""color:#dc2626;margin-bottom:4px;""><b>✘ Decreased GFR:</b></div>Occurs only with severe constriction.<br><br><div style=""color:#dc2626;margin-bottom:4px;""><b>✘ Renal ischemia:</b></div>Systemic severe states.</div></div></div>"
Physio-Renal-Glomerulus-007,2026,Medicine - 8 January (M),Physiology,Renal System,Glomerulus,Glomerular filtration rate (GFR) is decreased by:,Afferent arteriole constriction,Ureteric stone,Increased plasma colloidal pressure,All of the above,,D,"Changes in glomerular dynamics: Afferent arteriole constriction decreases GFR and RPF, increases FF; Efferent arteriole constriction decreases GFR, decreases RPF, increases FF; Increased plasma protein concentration decreases GFR, no change RPF, decreases FF; Ureteric constriction and dehydration also decrease GFR."
Physio-Renal-Glomerulus-008,2026,Medicine - 7 January (M),Physiology,Renal System,Glomerulus,GFR is measured by:,Inulin,Creatinine,PAH,Ammonia,,A,"Inulin is freely filtered and neither secreted nor reabsorbed, making it ideal for measuring GFR."
Physio-Renal-Glomerulus-009,2026,Medicine - 5 January (E),Physiology,Renal System,Glomerulus,"If the PAH concentration in plasma and urine flow rate are known, what can be calculated?",Glomerular filtration rate,Renal blood flow,Renal plasma flow,Filtration fraction,,C,"<div class=""explanation-container""><div class=""explanation-text""><div style=""color:#16a34a;font-weight:800;margin-bottom:6px;"">✔ Correct Answer: Renal plasma flow</div><div style=""margin-bottom:8px;""><b>Explanation:</b> PAH clearance approximates renal plasma flow because it is almost completely extracted in one pass through the kidneys.</div><div style=""margin-bottom:10px;padding:8px 10px;background:#ecfdf5;border-left:4px solid #16a34a;border-radius:6px;""><b>Clinical Pearl:</b> PAH clearance = RPF (approx).</div><br><div style=""color:#dc2626;margin-bottom:4px;""><b>✘ GFR:</b></div>Measured by inulin/creatinine.<br><br><div style=""color:#dc2626;margin-bottom:4px;""><b>✘ Renal blood flow:</b></div>Requires hematocrit adjustment.<br><br><div style=""color:#dc2626;margin-bottom:4px;""><b>✘ Filtration fraction:</b></div>GFR/RPF ratio.</div></div></div>"
Physio-Renal-RAAS-001,2026,Surgery - 6 January (E),Physiology,Renal System,RAAS,Which hormonal system senses reduced NaCl delivery to the macula densa?,ADH,Aldosterone,Insulin,Renin,,D,
Physio-Renal-RAAS-002,2026,Surgery - 7 January (E),Physiology,Renal System,RAAS,"Patient after RTA massive blood loss, part of nephron that is responsible to bring Blood pressure back to normal.",PTC,Thick ascending loop,Early DCT,Collecting duct,,C,"The response to massive blood loss (hypotension) involves the activation of the RAAS system. The Angiotensin II and Aldosterone secreted act primarily to increase Na+ and water reabsorption in the Proximal Convoluted Tubule and the Collecting Duct (late DCT), but the Macula Densa in the Edy DCT is crucial for sensing Na+ and triggering the initial Renin release, making the DCT key to the RAAS system's effect."
Physio-Renal-RAAS-003,2026,Medicine - 6 January (E),Physiology,Renal System,RAAS,Which hormone system sends increased NaCl at macula densa?,Aldosterone,Renin,Angiotensinogen,ADH,,B,Low NaCl at macula densa stimulates renin release from JG cells.
Physio-Renal-RAAS-004,2026,Medicine - 5 January (E),Physiology,Renal System,RAAS,How do the renal blood vessels respond during hypovolemic shock?,Vasodilation of afferent arteriole,Vasodilation of efferent arteriole,Vasoconstriction of renal vessels,No change,,C,"<div class=""explanation-container""><div class=""explanation-text""><div style=""color:#16a34a;font-weight:800;margin-bottom:6px;"">✔ Correct Answer: Vasoconstriction of renal vessels</div><div style=""margin-bottom:8px;""><b>Explanation:</b> In hypovolemic shock, sympathetic activation causes renal vasoconstriction to preserve central circulation.</div><div style=""margin-bottom:10px;padding:8px 10px;background:#ecfdf5;border-left:4px solid #16a34a;border-radius:6px;""><b>Clinical Pearl:</b> Shock → RAAS + sympathetic → renal vasoconstriction.</div><br><div style=""color:#dc2626;margin-bottom:4px;""><b>✘ Afferent dilation:</b></div>Would increase GFR, not typical in shock.<br><br><div style=""color:#dc2626;margin-bottom:4px;""><b>✘ Efferent dilation:</b></div>Lowers filtration pressure.<br><br><div style=""color:#dc2626;margin-bottom:4px;""><b>✘ No change:</b></div>Incorrect physiologic response.</div></div></div>"
Physio-Renal-Tubular Transport-001,2026,Medicine - 5 January (E),Physiology,Renal System,Tubular Transport,"Where does the majority of water reabsorption occur in the nephron, regardless of ADH presence?",Collecting duct,Distal convoluted tubule,Loop of Henle,Proximal convoluted tubule,,D,"<div class=""explanation-container""><div class=""explanation-text""><div style=""color:#16a34a;font-weight:800;margin-bottom:6px;"">✔ Correct Answer: Proximal convoluted tubule</div><div style=""margin-bottom:8px;""><b>Explanation:</b> The majority of water reabsorption (about 65%) occurs in the proximal convoluted tubule irrespective of ADH.</div><div style=""margin-bottom:10px;padding:8px 10px;background:#ecfdf5;border-left:4px solid #16a34a;border-radius:6px;""><b>Clinical Pearl:</b> PCT handles bulk reabsorption of filtrate.</div><br><div style=""color:#dc2626;margin-bottom:4px;""><b>✘ Collecting duct:</b></div>ADH-dependent fine-tuning only.<br><br><div style=""color:#dc2626;margin-bottom:4px;""><b>✘ Distal convoluted tubule:</b></div>Mainly electrolyte regulation, not bulk water reabsorption.<br><br><div style=""color:#dc2626;margin-bottom:4px;""><b>✘ Loop of Henle:</b></div>Concentrates urine but does not reabsorb majority of water.</div></div></div>"
Physio-Renal-Tubular Transport-002,2026,Medicine - 5 January (E),Physiology,Renal System,Tubular Transport,Which specific aquaporin channel is regulated by ADH in the renal collecting ducts?,Aquaporin-1,Aquaporin-2,Aquaporin-4,Aquaporin-8,,B,"<div class=""explanation-container""><div class=""explanation-text""><div style=""color:#16a34a;font-weight:800;margin-bottom:6px;"">✔ Correct Answer: Aquaporin-2</div><div style=""margin-bottom:8px;""><b>Explanation:</b> ADH acts on collecting duct cells to insert aquaporin-2 channels, increasing water reabsorption.</div><div style=""margin-bottom:10px;padding:8px 10px;background:#ecfdf5;border-left:4px solid #16a34a;border-radius:6px;""><b>Clinical Pearl:</b> ADH → AQP2 insertion → concentrated urine.</div><br><div style=""color:#dc2626;margin-bottom:4px;""><b>✘ Aquaporin-1:</b></div>Present in proximal tubule, not ADH regulated.<br><br><div style=""color:#dc2626;margin-bottom:4px;""><b>✘ Aquaporin-4:</b></div>Seen in CNS tissues.<br><br><div style=""color:#dc2626;margin-bottom:4px;""><b>✘ Aquaporin-8:</b></div>Not primary ADH-regulated channel.</div></div></div>"
Physio-Renal-Tubular Transport-003,2026,Medicine - 7 January (M),Physiology,Renal System,Tubular Transport,Transport maximum (Tm) refers to:,Max GFR,Threshold for glucose appearance,Point of full reabsorption,Max tubular secretion,,C,
Physio-Renal-Tubular Transport-004,2026,Medicine - 8 January (M),Physiology,Renal System,Tubular Transport,A patient is undergoing evaluation for fluid balance. Approximately what fraction of the filtered water is reabsorbed in the proximal convoluted tubule under normal conditions?,0.25,0.5,65–70%,0.9,,C,
Physio-Renal-Tubular Transport-005,2026,Medicine - 8 January (M),Physiology,Renal System,Tubular Transport,"During a renal physiology exam, a student asks how glucose is reabsorbed in the proximal tubule. The correct mechanism is:",Simple diffusion,Facilitated diffusion,Co-transport with sodium,Counter-transport with potassium,,C,"Glucose reabsorption in the PCT occurs via SGLT2, a sodium-glucose co-transporter, which allows secondary active transport of glucose along with sodium."
Ana-Repro-Labia Majora-001,2026,Gynecology - 5 January (M),Anatomy,Reproductive System,Labia Majora,Lymphatic drainage of the labia majora primarily goes to which lymph nodes?,Deep inguinal,External iliac,Superficial inguinal,Internal iliac,,C,Labia majora drains to superficial inguinal lymph nodes.
Ana-Repro-Ovary-001,2026,Gynecology - 6 January (M),Anatomy,Reproductive System,Ovary,"During ovarian follicular development, certain cells surround the oocyte and play a major role in estrogen production under the influence of FSH. These cells are known as granulosa cells. Where are granulosa cells normally found?",Corpus luteum,Ovarian follicle,Fallopian tube,Endometrial glands,Germinal epithelium,B,
Ana-Repro-Ovary-002,2026,Gynecology - 5 January (M),Anatomy,Reproductive System,Ovary,Granulosa cells are found in which structure?,Corpus luteum,Ovarian follicle,Fallopian tube,Germinal epithelium,,B,
Ana-Repro-Scrotum-001,2026,Anesthesia - 5 January (M),Anatomy,Reproductive System,Scrotum,A patient presented in OPD with swelling in scrotum which shows transillumination test positive which of the following layer is responsible for this?,Processus vaginalis,Tunica albuginea,Tunica vaginalis,Spermatic cord,,C,
Ana-Repro-Seminal Vesicles-001,2026,Gynecology - 6 January (M),Anatomy,Reproductive System,Seminal Vesicles,Which structures contribute most of the semen volume?,Testes and epididymis,Seminal vesicles and prostate,Bulbourethral glands,Epididymis and bulbourethral glands,Testes only,B,Seminal vesicles (~60%) and prostate (~30%) produce the majority of seminal fluid; testes produce sperm (~5%).
Ana-Repro-Testis-001,2026,Gynecology - 6 January (M),Anatomy,Reproductive System,Testis,A man presents with infertility. Semen analysis reveals complete absence of spermatozoa (azoospermia). A defect in which structure is most likely responsible?,Sertoli cells,Germinal epithelium,Epididymis,Prostate gland,,B,"(Note: Options had typo ""Sterol cells"")"
Ana-Repro-Testis-002,2026,Medicine - 7 January (M),Anatomy,Reproductive System,Testis,A patient presents with bilateral undescended testes and a history of inguinal hernia. This condition most likely indicates a defect in:,Spermatic cord,Tunica vaginalis,Epididymis,Testicular artery,,B,"Explanation: Failure of the tunica vaginalis form or close properly can lead undescended testes (cryptorchidism) persistent processus vaginalis, predisposing inguinal hernia."
Ana-Repro-Testis-003,2026,Gynecology - 6 January (M),Anatomy,Reproductive System,Testis,"A 2-year-old boy presents with an undescended testis (cryptorchidism). During development, which structure primarily guides the testis into the scrotum?",Gubernaculum,Epididymis,Vas deferens,Spermatic cord,Process Vaginalis,A,"The gubernaculum is a mesodermal structure that connects the caudal pole of the testis to the scrotal swelling. It is believed to guide and anchor the testis as the body grows, essentially pulling the testis through the inguinal canal and into the scrotum during the final phase of descent."
Ana-Repro-Uterus-001,2026,Gynecology - 6 January (M),Anatomy,Reproductive System,Uterus,The uterine artery is a branch of which vessel?,External iliac artery,Internal iliac artery,Ovarian artery,Femoral artery,Inferior mesenteric artery,B,The uterine artery arises from internal iliac artery and supplies the uterus. (Note: source text says external but that's likely a typo; correct is internal. Explanation provided in text.)
Embryo-Repro-Genital Development-001,2026,Gynecology - 6 January (M),Embryology,Reproductive System,Genital Development,The clitoris is derived from which embryological structure?,Genital tubercle,Urogenital sinus,Labioscrotal swellings,Müllerian duct,Wolffian duct,A,
Embryo-Repro-Genital Development-002,2026,Gynecology - 6 January (M),Embryology,Reproductive System,Genital Development,Gartner duct is a remnant of which embryological structure?,Paramesonephric (Müllerian) duct,Mesonephric duct,Mesonephric tubules,Metanephric duct,Urogenital sinus,B,"Genitals Embryology (imp to remember) Wolffian or mesonephric duct: Male - Ductus deferens, epididymis, seminal vesicle; Female - epophoron, Gartner's duct. Mesonephric tubules: Male - paradidymis; Female - epophoron, parophoron."
Embryo-Repro-Genital Development-003,2026,Gynecology - 7 January (E),Embryology,Reproductive System,Genital Development,Clitoris arises from which embryonic structure:,Urogenital sinus,Genital tubercle,Labioscrotal swellings,Mesonephric duct,,B,
Embryo-Repro-Gonads-001,2026,Gynecology - 7 January (E),Embryology,Reproductive System,Gonads,Danazol is used to treat endometriosis by:,Increasing estrogen,Suppressing GnRH and creating pseudomenopause,Increasing progesterone,Blocking prostaglandins,,B,"Danazol is an androgen that suppresses GnRH, creating a hypoplastic state."
Embryo-Repro-Gonads-002,2026,Gynecology - 7 January (E),Embryology,Reproductive System,Gonads,Granulosa cells are derived from which embryonic layer:,Germinal Layer,Mesonephric epithelium,Endoderm,Mesenchyme,,A,
Embryo-Repro-Placenta-001,2026,Medicine - 7 January (M),Embryology,Reproductive System,Placenta,Chorion frondosum derives from:,Decidua capsularis,Decidua basalis,Decidua parietalis,Amnion,,B,
Embryo-Repro-Primordial Germ Cells-001,2026,Surgery - 6 January (E),Embryology,Reproductive System,Primordial Germ Cells,Which embryonic layer gives rise to primordial germ cells?,Mesoderm,Epiblast,Trophoblast,Ectoderm,,B,
Embryo-Repro-Primordial Germ Cells-002,2026,Medicine - 6 January (E),Embryology,Reproductive System,Primordial Germ Cells,The primordial germ cells are derived from?,Ectoderm,Epiblast,Endoderm,Mesoderm,Neural crest cell,B,Epiblast >Ectoderm>Yolk sac endoderm
Histo-Repro-Epithelium-001,2026,Surgery - 7 January (E),Histology,Reproductive System,Epithelium,Stratified squamous non-keratinized epithelium is seen in:,Cervix,Lung,Vagina,Oral cavity,Retina,C,"Stratified Epithelium: Stratified Squamous Keratinized (Dry) - Skin, Dorsum tongue and Gingiva, Lingual and Palatine tonsil, Labia majora, Anus (Below Hilton line). Stratified Squamous non Keratinized (Moist) - Mouth, Oropharynx, Esophagus, Larynx (True Vocal Cords), Vagina, Female urethra, Corneal Epithelium, Ectocervix, Anus (Above Hilton line). Stratified Cuboidal - Lining duct of Sweat gland, Mammary gland, Ovarian follicle (Developing). Stratified Columnar - Bulbar and Forneal Conjuctiva, Lining duct of Salivary gland. Transitional epithelium - Renal Calyces and Renal pelvis, Prostatic urethra, Ureter and Urinary bladder."
Histo-Repro-Fallopian Tube-001,2026,Anesthesia - 5 January (M),Histology,Reproductive System,Fallopian Tube,Epithelium of the fallopian tube is,Simple columnar ciliated epithelium,Stratified squamous epithelium,Transitional epithelium,Pseudostratified columnar epithelium with goblet cells,Simple cuboidal epithelium,A,
Histo-Repro-Spermatogenesis-001,2026,Medicine - 6 January (E),Histology,Reproductive System,Spermatogenesis,The acrosome of sperm is derived from:,Lysosome,Endoplasmic reticulum,Golgi apparatus,Mitochondria,,C,
Histo-Repro-Uterus-001,2026,Surgery - 6 January (E),Histology,Reproductive System,Uterus,A tubular organ biopsy shows a lining of simple columnar epithelium on histology. Which of the following structures most likely corresponds to this finding?,Vagina,Cervix,Spleen,Uterus,,D,
Histo-Repro-Uterus-002,2026,Medicine - 6 January (E),Histology,Reproductive System,Uterus,"On histology, a tubular structure has simple columnar epithelium. Identify the structure:",Uterus,Vestibular gland,Cervix,Vagina,,A,
Med-Repro-Prostate-001,2026,Gynecology - 6 January (M),Medicine,Reproductive System,Prostate,"A 75-year-old man presents with urinary hesitancy, weak stream, and nocturia and weight loss. Digital rectal exam reveals hard, nodular prostate. Most likely diagnosis?",Benign prostatic hyperplasia,Prostate carcinoma,Prostatitis,Bladder cancer,,B,"- Prostate carcinoma → common in elderly men, often in peripheral zone (detected on DRE).<br>- PSA may be elevated; may metastasize to bone."
Med-Repro-Sexually Transmitted Infec-001,2026,Gynecology - 6 January (M),Medicine,Reproductive System,Sexually Transmitted Infections,A patient presents with urethral discharge and history suggestive of gonorrhea or chlamydia infection. Which drug of the following is likely effective?,Vancomycin,Doxycycline,Ampicillin,Metronidazole,Ciprofloxacin,B,"Doxycycline is effective against Chlamydia trachomatis, which is often co-infected with Neisseria gonorrhoeae. Gonorrhea requires ceftriaxone, but doxycycline is used for chlamydial coverage."
Med-Repro-Sexually Transmitted Infec-002,2026,Medicine - 7 January (M),Medicine,Reproductive System,Sexually Transmitted Infections,Condyloma lata is a feature of:,Primary syphilis,Secondary syphilis,Tertiary syphilis,HPV infection,,B,Secondary syphilis presents with systemic symptoms and condyloma lata lesions.
Patho-Repro-Female Genital Tract-001,2026,Radiology - 5 January (M),Pathology,Reproductive System,Female Genital Tract,Cervical cancer is preceded by:,Metaplasia,Dysplasia,Hyperplasia,Neoplasia,,B,
Patho-Repro-Female Genital Tract-002,2026,Gynecology - 7 January (E),Pathology,Reproductive System,Female Genital Tract,Complete molar pregnancy contains:,Haploid chromosomes,"Diploid chromosomes (46,XX or 46,XY)",Triploid chromosomes,Aneuploid chromosomes,,B,"Indication: Complete molar pregnancy diploid (46 XX, 46 XY). Partial molar pregnancy triploid (69xxx, 69 xxy, 69xvy)."
Patho-Repro-Testis-001,2026,Surgery - 6 January (E),Pathology,Reproductive System,Testis,A 4-year-old boy presents with a firm testicular mass and markedly elevated AFP. Which germ cell tumor is most likely?,Yolk sac,Embryonal carcinoma,Choriocarcinoma,Prostate adenocarcinoma,,A,
Patho-Repro-Testis-002,2026,Gynecology - 6 January (M),Pathology,Reproductive System,Testis,A patient presents with a painless testicular mass and positive alpha-fetoprotein. Which is the most likely tumor?,Seminoma,Teratoma,Choriocarcinoma,Yolk sac tumor,Leydig cell tumor,D,AFP raised in Embryonal carcinoma and yolk sac tumor.
Patho-Repro-Uterus-001,2026,Surgery - 7 January (E),Pathology,Reproductive System,Uterus,"A female patient diagnosed with a case of fibroid uterus, histopathology shows decrease glands and stroma around it due to which of the following?",Atrophy,HAypertrophy,Hyperplasia,Dysplasia,,A,
Physio-Repro-Hormones-001,2026,Gynecology - 5 January (M),Physiology,Reproductive System,Hormones,Development of breast adipose tissue during puberty is primarily under the influence of which hormone?,Progesterone,Prolactin,Estrogen,Growth hormone,,C,"Functions of Estrogen:<br>- Promotes growth of female reproductive organs and breast ducts, and determines fat distribution.<br>- Stimulates endometrial proliferation, preparing the uterus for pregnancy.<br>- Increases uterine excitability and oxytocin sensitivity, aiding labor.<br>- Regulates FSH and LH via feedback and enhances prolactin secretion/action on breasts.<br>- Improves lipid profile by raising HDL and lowering LDL; increases certain transport proteins."
Physio-Repro-Hormones-002,2026,Gynecology - 5 January (M),Physiology,Reproductive System,Hormones,Which of the following is an important function of progesterone?,Inhibition of lactation,Promoting fetal growth,Maintenance of endometrial thickness,Cervical ripening,,C,
Physio-Repro-Hormones-003,2026,Medicine - 7 January (M),Physiology,Reproductive System,Hormones,Secondary oocyte formation is influenced by:,LH,FSH,Estrogen,Progesterone,,A,
Physio-Repro-Male Reproduction-001,2026,Medicine - 5 January (E),Physiology,Reproductive System,Male Reproduction,What is the function of the epididymis?,Sperm production,Testosterone synthesis,Sperm maturation and storage,Semen secretion,,C,"<div class=""explanation-container""><div class=""explanation-text""><div style=""color:#16a34a;font-weight:800;margin-bottom:6px;"">✔ Correct Answer: Sperm maturation and storage</div><div style=""margin-bottom:8px;""><b>Explanation:</b> The epididymis is responsible for sperm maturation, concentration, and storage before ejaculation.</div><div style=""margin-bottom:10px;padding:8px 10px;background:#ecfdf5;border-left:4px solid #16a34a;border-radius:6px;""><b>Clinical Pearl:</b> Epididymis = sperm “training ground”.</div><br><div style=""color:#dc2626;margin-bottom:4px;""><b>✘ Sperm production:</b></div>Occurs in seminiferous tubules.<br><br><div style=""color:#dc2626;margin-bottom:4px;""><b>✘ Testosterone synthesis:</b></div>Leydig cells.<br><br><div style=""color:#dc2626;margin-bottom:4px;""><b>✘ Semen secretion:</b></div>Accessory glands.</div></div></div>"
Physio-Repro-Male Reproduction-002,2026,Gynecology - 5 January (M),Physiology,Reproductive System,Male Reproduction,Which of the following is a function of Sertoli cells?,Increase androgen binding protein,Increase testosterone,Breaks barrier,Lies at interstitial cells,,A,
Physio-Repro-Male Reproduction-003,2026,Gynecology - 7 January (E),Physiology,Reproductive System,Male Reproduction,Sperm survival in the female reproductive tract is approximately:,12 hours,24 hours,48–72 hours,1 week,,C,
Physio-Repro-Male Reproduction-004,2026,Gynecology - 5 January (M),Physiology,Reproductive System,Male Reproduction,A physiology student asks about the duration required for completion of spermatogenesis. Spermatogenesis is completed after how many days?,74 days,70 days,64 days,84 days,,A,
Physio-Repro-Menopause-001,2026,Surgery - 6 January (E),Physiology,Reproductive System,Menopause,Menopause causes decreased ovarian estrogen production with changes in gonadotropin levels. Which hormonal pattern is typical?,"↑ FSH, ↑ LH, ↓ Estrogen",↑ Progesterone,↑ Estrogen,"↓ FSH, ↓ LH",,A,
Physio-Repro-Menopause-002,2026,Radiology - 6 January (M),Physiology,Reproductive System,Menopause,Hormonal changes in menopause include:,"↓ FSH, ↓ LH",↑ Estrogen,"↑ FSH, ↑ LH, ↓ Estrogen",↑ AMH,,C,
Physio-Repro-Menstrual Cycle-001,2026,Medicine - 5 January (E),Physiology,Reproductive System,Menstrual Cycle,In which phase of the uterine cycle does the endometrium become secretory?,Proliferative,Secretory,Menstrual,Early follicular,,B,"<div class=""explanation-container""><div class=""explanation-text""><div style=""color:#16a34a;font-weight:800;margin-bottom:6px;"">✔ Correct Answer: Secretory phase</div><div style=""margin-bottom:8px;""><b>Explanation:</b> The endometrium becomes secretory after ovulation under progesterone influence.</div><div style=""margin-bottom:10px;padding:8px 10px;background:#ecfdf5;border-left:4px solid #16a34a;border-radius:6px;""><b>Clinical Pearl:</b> Secretory phase = implantation window.</div><br><div style=""color:#dc2626;margin-bottom:4px;""><b>✘ Proliferative:</b></div>Estrogen-driven endometrial growth phase.<br><br><div style=""color:#dc2626;margin-bottom:4px;""><b>✘ Menstrual:</b></div>Shedding of endometrium.<br><br><div style=""color:#dc2626;margin-bottom:4px;""><b>✘ Early follicular:</b></div>Pre-proliferative hormonal phase.</div></div></div>"
Physio-Repro-Menstrual Cycle-002,2026,Medicine - 5 January (E),Physiology,Reproductive System,Menstrual Cycle,What phase would an endometrial biopsy likely reveal if taken mid-cycle from a woman with irregular menstrual cycles?,Menstrual phase,Proliferative phase,Secretory phase,Atrophic endometrium,,B,"<div class=""explanation-container""><div class=""explanation-text""><div style=""color:#16a34a;font-weight:800;margin-bottom:6px;"">✔ Correct Answer: Proliferative phase</div><div style=""margin-bottom:8px;""><b>Explanation:</b> Mid-cycle corresponds to the proliferative phase under estrogen influence before ovulation.</div><div style=""margin-bottom:10px;padding:8px 10px;background:#ecfdf5;border-left:4px solid #16a34a;border-radius:6px;""><b>Clinical Pearl:</b> Estrogen-driven endometrial growth = proliferative phase.</div><br><div style=""color:#dc2626;margin-bottom:4px;""><b>✘ Menstrual phase:</b></div>Occurs at cycle start.<br><br><div style=""color:#dc2626;margin-bottom:4px;""><b>✘ Secretory phase:</b></div>Occurs post-ovulation.<br><br><div style=""color:#dc2626;margin-bottom:4px;""><b>✘ Atrophic endometrium:</b></div>Seen in postmenopausal state.</div></div></div>"
Physio-Repro-Menstrual Cycle-003,2026,Surgery - 6 January (E),Physiology,Reproductive System,Menstrual Cycle,A woman presents with abdominal pain on days 15–18 of her menstrual cycle and undergoes uterine curettage. Which menstrual phase corresponds to these cycle days?,Secretory,Postmenopausal,Premenstrual,Menstrual,,A,
Physio-Repro-Placenta-001,2026,Medicine - 5 January (E),Physiology,Reproductive System,Placenta,Which of these substances is unable to cross the placental barrier?,IgG,Water,Triglycerides,Oxygen,,C,"<div class=""explanation-container""><div class=""explanation-text""><div style=""color:#16a34a;font-weight:800;margin-bottom:6px;"">✔ Correct Answer: Triglycerides</div><div style=""margin-bottom:8px;""><b>Explanation:</b> Triglycerides are large molecules and cannot cross the placental barrier directly; they must be broken down into free fatty acids first.</div><div style=""margin-bottom:10px;padding:8px 10px;background:#ecfdf5;border-left:4px solid #16a34a;border-radius:6px;""><b>Clinical Pearl:</b> IgG is the only immunoglobulin that crosses placenta.</div><br><div style=""color:#dc2626;margin-bottom:4px;""><b>✘ IgG:</b></div>Actively transported across placenta.<br><br><div style=""color:#dc2626;margin-bottom:4px;""><b>✘ Water:</b></div>Freely crosses by diffusion.<br><br><div style=""color:#dc2626;margin-bottom:4px;""><b>✘ Oxygen:</b></div>Crosses via simple diffusion.</div></div></div>"
CM-Research-IS-001,2026,Medicine - 6 January (E),Community Medicine,Research,Inferential Statistics,A researcher increases the confidence level from 95% to 99% in a study. What will be the effect on the results?,Confidence interval becomes narrower,Confidence interval becomes wider,No change in confidence interval,Sample size decreases,,,
CM-Research-Statistical Tests-001,2026,Medicine - 7 January (M),Community Medicine,Research,Statistical Tests,Which test compares means of two groups?,Chi-square,T-test,ANOVA,Mann-Whitney U,,B,
Ana-Respo-Bronchus-001,2026,Surgery - 6 January (E),Anatomy,Respiratory System,Bronchus,"In bronchoscopy, after the scope passes into the trachea, which bronchial structure is typically seen first?",Right lower bronchus,Right middle bronchus,Esophagus,Right upper bronchus,,D,
Ana-Respo-Bronchus-002,2026,Surgery - 6 January (E),Anatomy,Respiratory System,Bronchus,Which bronchus is most likely to be compressed by an enlarged pulmonary artery branch (epiarterial swelling)?,Right superior bronchus,Right inferior bronchus,Right lateral bronchus,Left superior bronchus,,A,
Ana-Respo-Bronchus-003,2026,Medicine - 6 January (E),Anatomy,Respiratory System,Bronchus,"During bronchoscopy, after entering trachea, the structure usually visualized first is:",Right upper bronchus,Right middle bronchus,Right lower bronchus,Left upper bronchus,Left lower bronchus,A,Right main bronchus is wider and more vertical; right upper bronchus is commonly seen first.
Ana-Respo-Bronchus-004,2026,Radiology - 6 January (M),Anatomy,Respiratory System,Bronchus,"During bronchoscopy, after entering trachea, the structure usually visualized first is:",Right upper bronchus,Right middle bronchus,Right lower bronchus,Left upper bronchus,Left lower bronchus,A,Right main bronchus is wider and more vertical; right upper bronchus is commonly seen first.
Ana-Respo-Bronchus-005,2026,Anesthesia - 5 January (M),Anatomy,Respiratory System,Bronchus,The right lower bronchus is the most common site of aspiration because it is:,"Shorter, wider, and vertical","Longer, narrow, and more horizontal","Shorter, wider, and horizontal","Longer, narrower, and vertical",,A,"Right lung is a more common site for inhaled foreign bodies because right main stem bronchus is wider, more vertical, and shorter than the left. If you aspirate a peanut:<br>- While supine—usually enters superior segment of right lower lobe.<br>- While lying on right side—usually enters right upper lobe.<br>- While upright—usually enters right lower lobe."
Ana-Respo-Bronchus-006,2026,Medicine - 6 January (E),Anatomy,Respiratory System,Bronchus,An enlarged pulmonary artery branch (epiarterial swelling) is most likely to compress which bronchus?,Right superior bronchus,Right inferior bronchus,Right medial bronchus,Right lateral bronchus,,A,
Ana-Respo-Lung Segments-001,2026,Medicine - 7 January (M),Anatomy,Respiratory System,Lung Segments,The middle lobe of the right lung consists of:,Superior/inferior segments,Medial/lateral segments,Apical/basal,Anterior/posterior,,B,
Ana-Respo-Lung Segments-002,2026,Radiology - 5 January (M),Anatomy,Respiratory System,Lung Segments,"In a supine patient, aspirated contents go into which lung segments?",Right lower lobe,Right upper lobe,Left upper lobe,Left lower lobe,,A,
Ana-Respo-Pleura-001,2026,Surgery - 6 January (E),Anatomy,Respiratory System,Pleura,A patient has a pleural effusion and is examined while standing. Where will the pleural fluid most likely collect?,Oblique recess,Cardiophrenic recess,Pericardial cavity,Costodiaphragmatic recess,,D,
Ana-Respo-Pleura-002,2026,Medicine - 6 January (E),Anatomy,Respiratory System,Pleura,"A patient has pleural effusion. On examination, the doctor examines the patient in a standing position. Where will the pleural fluid most likely accumulate?",Linear recess,Costodiaphragmatic recess,Oblique recess,Cardiophrine recess,Horizontal recess,B,
Histo-Respo-Lungs-001,2026,Medicine - 5 January (E),Histology,Respiratory System,Lungs,Where is simple columnar ciliated epithelium with goblet cells typically found?,Bronchi,Trachea,Alveoli,Nasal cavity,,A,"<div class=""explanation-container""><div class=""explanation-text""><div style=""color:#16a34a;font-weight:800;margin-bottom:6px;"">✔ Correct Answer: Bronchi</div><div style=""margin-bottom:8px;""><b>Explanation:</b> Bronchi are lined by ciliated columnar epithelium with goblet cells for mucus clearance.</div><div style=""margin-bottom:10px;padding:8px 10px;background:#ecfdf5;border-left:4px solid #16a34a;border-radius:6px;""><b>Clinical Pearl:</b> Goblet cells disappear beyond bronchioles.</div><br><div style=""color:#dc2626;margin-bottom:4px;""><b>✘ Trachea:</b></div>Similar epithelium but structural cartilage differs.<br><br><div style=""color:#dc2626;margin-bottom:4px;""><b>✘ Alveoli:</b></div>Simple squamous epithelium for gas exchange.<br><br><div style=""color:#dc2626;margin-bottom:4px;""><b>✘ Nasal cavity:</b></div>Respiratory epithelium but different functional context.</div></div></div>"
Histo-Respo-Lungs-002,2026,Medicine - 7 January (M),Histology,Respiratory System,Lungs,Which cells are primarily present in the interalveolar septum?,Neutrophils,Lymphocytes,Macrophages,Eosinophils,,C,
Med-Respo-Asbestosis-001,2026,Medicine - 8 January (M),Medicine,Respiratory System,Asbestosis,A 60-year-old shipyard worker presents with reduced thoracic expansion and dyspnea. History reveals prolonged asbestos exposure. Which diagnosis is most likely?,Tuberculosis,Mesothelioma,Bronchogenic carcinoma,Silicosis,,B,
Med-Respo-Asbestosis-002,2026,Surgery - 7 January (E),Medicine,Respiratory System,Asbestosis,A 55-year-old shipyard worker presents with worsening dyspnea and bilateral pleural plaques on imaging. The likely exposure is:,Silica,Cotton dust,Asbestos,Coal,,C,
Med-Respo-Asbestosis-003,2026,Gynecology - 5 January (M),Medicine,Respiratory System,Asbestosis,A patient with pleural plaques on imaging has a history of occupational exposure. The causative agent is:,Silica,Coal dust,Asbestos,Cotton dust,,C,Asbestos exposure → classic pleural plaques on chest X-ray.<br>Long latency period; may cause restrictive lung disease or mesothelioma.
Med-Respo-Aspiration-001,2026,Surgery - 7 January (E),Medicine,Respiratory System,Aspiration,"A foreign body, when aspirated in the upper position, most commonly travels to which area of the lung?",Apical segment of the left upper lobe,Posterior segment of the right upper lobe,Apical segment of the right lower lobe,Basal segments of the left lower lobe,,C,
Med-Respo-Lung Volumes-001,2026,Gynecology - 6 January (M),Medicine,Respiratory System,Lung Volumes,Obstructive disease of lung increases which capacity?,FRC,FEV1,VC,TLC,,A,
Med-Respo-Obstructive Lung Diseases-001,2026,Medicine - 8 January (M),Medicine,Respiratory System,Obstructive Lung Diseases,A 60-year-old painter develops wheezing and shortness of breath that worsen during the workweek and improve on weekends. Which is the most likely diagnosis?,Cardiac asthma,Allergic rhinitis,Occupational asthma,COPD,,C,
Med-Respo-Obstructive Lung Diseases-002,2026,Surgery - 6 January (E),Medicine,Respiratory System,Obstructive Lung Diseases,A patient with chronic obstructive pulmonary disease has a PaCO2 of 80 mmHg with no acid–base disturbance. What arterial pH would you expect?,7.4,7.3,8,7.5,,B,
Med-Respo-Obstructive Lung Diseases-003,2026,Medicine - 6 January (E),Medicine,Respiratory System,Obstructive Lung Diseases,A COPD patient has PaCO2 = 80 mmHg but no acid-base disturbance. What is the expected pH?,7.5,7.4,7.3,7.2,,B,Chronic respiratory acidosis with renal compensation → near-normal pH.
Med-Respo-Obstructive Lung Diseases-004,2026,Medicine - 6 January (E),Medicine,Respiratory System,Obstructive Lung Diseases,"A patient presents with dyspnea, ABG changes, and is diagnosed with emphysema. Mechanism involved:",Loss of elastic recoil of lung,Hypertrophy and hyperplasia of mucus-secreting glands,Reversible bronchoconstriction,Fibrosis of the small airways,,A,
Med-Respo-Obstructive Lung Diseases-005,2026,Medicine - 7 January (M),Medicine,Respiratory System,Obstructive Lung Diseases,Which of the following is a characteristic of emphysema?,Decreased lung volume,Increased lung volume,Restrictive lung pattern,Hypoinflated lungs,,B,
Med-Respo-Obstructive Lung Diseases-006,2026,Medicine - 6 January (E),Medicine,Respiratory System,Obstructive Lung Diseases,A 65 year old chronic smoker presents with progressive dyspnea and barrel shaped chest. Pulmonary function tests show increased lung compliance with reduced expiratory flow. Loss of alveolar elastic recoid is most characteristic of which disease?,Chronic bronchitis,Bronchial asthma,Pulmonary fibrosis,Emphysema,,D,"Emphysema causes destruction of alveolar walls leading to loss of elastic recoil.<br>Asthma: ↓FEV1, ↓FVC, ↓FEV1/FVC. Chronic bronchitis: ↑FEV1, ↑FVC, ↑FEV1/FVC. Emphysema: ↓FEV1, ↓FVC, ↓FEV1/FVC. Pulmonary fibrosis: ↓FEV1, ↓FVC, ↓FEV1/FVC."
Med-Respo-Pleura-001,2026,Medicine - 6 January (E),Medicine,Respiratory System,Pleura,Pleural fluid is cloudy with raised neutrophils. What type of effusion is this?,Transudate,Serous exudate,Purulent exudate,Chylous effusion,,C,Cloudy fluid + neutrophils = purulent exudate (empyema).
Med-Respo-Pneumonia-001,2026,Medicine - 7 January (M),Medicine,Respiratory System,Pneumonia,"A stroke patient develops coughing while eating, fever, and respiratory symptoms. The most likely complication is:",Pulmonary embolism,Aspiration pneumonia,Congestive heart failure,Acute respiratory distress syndrome,,B,
Med-Respo-Pneumonia-002,2026,Medicine - 7 January (M),Medicine,Respiratory System,Pneumonia,A 60-year-old patient with lobar pneumonia and rusty-colored sputum most likely has an infection caused by:,Klebsiella pneumoniae,Streptococcus pneumoniae,Staphylococcus aureus,Pseudomonas aeruginosa,,B,
Med-Respo-Pneumothorax-001,2026,Gynecology - 5 January (M),Medicine,Respiratory System,Pneumothorax,"In pneumothorax, which of the following changes occurs?",Increased lung volume and decreased thoracic volume,Decreased lung volume and increased thoracic volume,Increased lung volume and increased thoracic volume,,,B,
Med-Respo-Pulmonary Embolism-001,2026,Gynecology - 6 January (M),Medicine,Respiratory System,Pulmonary Embolism,A 55-year-old male presents with sudden shortness of breath and chest pain. Which initial lab test can help exclude pulmonary embolism?,Arterial blood gas,Chest X-ray,ECG,D-dimer,BNP,D,
Med-Respo-Pulmonary Embolism-002,2026,Gynecology - 6 January (M),Medicine,Respiratory System,Pulmonary Embolism,Pulmonary embolism occurs due to obstruction of which vessels?,Pulmonary veins,Bronchioles,Capillaries only,"Large, medium, or small pulmonary arteries",Aorta,D,
Med-Respo-Pulmonary Hypertension-001,2026,Gynecology - 6 January (M),Medicine,Respiratory System,Pulmonary Hypertension,A man has been living at a high altitude mountainous area for many years. He now presents with progressive shortness of breath on exertion. There is no history of infection or cardiac disease. What is the most likely cause of his symptoms?,Pulmonary edema,Pulmonary embolism,Pulmonary hypertension,Chronic bronchitis,Left ventricular failure,C,"Chronic hypoxia at high altitude causes hypoxic vasoconstriction, leading to pulmonary hypertension."
Med-Respo-Restrictive Lung Disease-001,2026,Gynecology - 5 January (M),Medicine,Respiratory System,Restrictive Lung Disease,"Pulmonary function testing shown reduced TLC, RV, FEV₁, and FVC. Which disease most likely causes this pattern?",Emphysema,Chronic bronchitis,Asthma,Sarcoidosis,,D,Restrictive lung diseases like sarcoidosis reduce all lung volumes.
Med-Respo-Sarcoidosis-001,2026,Gynecology - 6 January (M),Medicine,Respiratory System,Sarcoidosis,"A patient with presents with weight loss and bilateral hilar lymphadenopathy. He is HIV-negative, with no TB contact or travel history. What is the diagnosis?",Sarcoidosis,Tuberculosis,HIV,Syphilis,,A,"The combination of bilateral hilar lymphadenopathy (BHL) and weight loss in a patient who is HIV-negative and has no TB contact or travel history strongly points to Sarcoidosis.<br>While TB is a major cause of lymphadenopathy and weight loss, it typically presents with unilateral hilar or mediastinal lymphadenopathy and is specifically excluded by the history (no contact/travel)."
Med-Respo-Sarcoidosis-002,2026,Gynecology - 6 January (M),Medicine,Respiratory System,Sarcoidosis,A patient present with small (<1 cm) lung nodules on imaging. Histopathology shows granulomas without Cell Injury. Which of the following is the most likely diagnosis?,Tuberculosis,Sarcoidosis,Pneumocystis jirovecii infection,Leprosy,,B,
Med-Respo-Spirometry-001,2026,Medicine - 8 January (M),Medicine,Respiratory System,Spirometry,Spirometry in a patient with obstructive lung disease shows which pattern?,Increased FEV1/FVC ratio,Decreased FVC with normal FEV1/FVC,Markedly decreased FEV1/FVC ratio,Restrictive pattern,,C,"Obstructive lung disease causes a disproportionate drop in FEV1 relative to FVC, reducing the ratio below 0.7."
Med-Respo-Tuberculosis-001,2026,Gynecology - 5 January (M),Medicine,Respiratory System,Tuberculosis,The definitive diagnosis of tuberculosis is made by:,Chest X-ray,Tuberculin test,Sputum AFB smear/culture,ESR,,C,- Initial - Chest X ray<br>- Definitive – Sputum Culture (Harrison)<br>- Diagnostic – PCR > AFB<br>- Microscopic - Caseous Cell Injury<br>- Histological - Epithelioid Cells with Cascating granuloma<br>- Type of Hyper Sensitivity - Delayed Type 4 T Cell Mediated<br>- Margins - Undermined<br>- Antibodies - Cell Bound.
Med-Respo-Tuberculosis-002,2026,Medicine - 7 January (M),Medicine,Respiratory System,Tuberculosis,A patient presents with pleural effusion and TB symptoms. The appropriate management is:,Thoracentesis only,Start anti-TB drugs,Antibiotics for pneumonia,Steroids only,,B,
Patho-Respo-Chronic Bronchitis-001,2026,Radiology - 5 January (M),Pathology,Respiratory System,Chronic Bronchitis,A person with recurrent sinusitis and bronchitis will show:,Loss of cilia,Stereocilia,Squamous metaplasia,Goblet cell hyperplasia,,C,
Patho-Respo-Chronic Bronchitis-002,2026,Gynecology - 5 January (M),Pathology,Respiratory System,Chronic Bronchitis,Histopathological examination of lungs in a chronic smoker shows Reid index >50%. This finding indicates:,Alveolar wall destruction,Increased goblet cells,Hyaline membrane formation,Interstitial fibrosis,,B,Chronic bronchitis shown increased goblet cells and mucus plugging.
Patho-Respo-Interstitial Lung Disease-001,2026,Anesthesia - 5 January (M),Pathology,Respiratory System,Interstitial Lung Disease,Which one of the following decreases in lung fibrosis?,Residual volume,Lung compliance,Total lung capacity,Functional residual capacity,FEV1/FVC,B,
Patho-Respo-Lung Cancer-001,2026,Gynecology - 5 January (M),Pathology,Respiratory System,Lung Cancer,A 55-year-old man with a long history of cigarette smoking develops chronic cough and weight loss. He is diagnosed with squamous cell carcinoma of the lung. Which of the following is the most likely carcinogen responsible for this malignancy?,Polycyclic aromatic hydrocarbons,Nitrosamines,Aflatoxin B1,Arsenic,,A,Benz anthracene - Skin cancer<br>Benzo pyrene - Lung CA<br>Aromatic amines and azo dye<br>Naphthylamine - Bladder CA<br>Natural plant - Aflatoxin - Liver CA
Patho-Respo-Lung Cancer-002,2026,Radiology - 5 January (M),Pathology,Respiratory System,Lung Cancer,Smoker with dyspnea and lung cancer. Cause is likely:,Silica,Arsenic,Aromatic hydrocarbons,Radon,,C,Polycyclic aromatic hydrocarbons in smoke are carcinogenic to lung epithelium.
Patho-Respo-Obstructive Lung Diseases-001,2026,Surgery - 6 January (E),Pathology,Respiratory System,Obstructive Lung Diseases,A patient presents with dyspnea and abnormal arterial blood gases and is diagnosed with emphysema. What primary pathophysiologic mechanism accounts for this disease?,Hypertrophy and hyperplasia of mucus-secreting glands,Loss of elastic recoil of lung,Reversible bronchoconstriction,Increased surfactant production,,B,
Patho-Respo-Obstructive Lung Diseases-002,2026,Surgery - 6 January (E),Pathology,Respiratory System,Obstructive Lung Diseases,A 67-year-old chronic smoker has progressive dyspnea and a barrel chest. Pulmonary function tests show increased lung compliance with reduced expiratory flow; loss of alveolar elastic recoil is most characteristic of which disease?,Pulmonary fibrosis,Emphysema,Pulmonary embolism,Chronic bronchitis,,B,
Patho-Respo-Obstructive Lung Diseases-003,2026,Radiology - 6 January (M),Pathology,Respiratory System,Obstructive Lung Diseases,A 65-year-old chronic smoker presents with progressive dyspnea and barrel-shaped chest. Pulmonary function tests show increased lung compliance with reduced expiratory flow. Loss of alveolar elastic recoil is most characteristic of which disease?,Chronic bronchitis,Bronchial asthma,Pulmonary fibrosis,Emphysema,,D,Emphysema causes destruction of alveolar walls leading to loss of elastic recoil.
Patho-Respo-Obstructive Lung Diseases-004,2026,Radiology - 6 January (M),Pathology,Respiratory System,Obstructive Lung Diseases,A chronic smoker presents with long-standing cough. Chest X-ray shows hyperinflated lungs. Pulmonary function tests reveal decreased FEV1/FVC ratio. Alpha-1 antitrypsin levels are normal. What is the most likely pathological mechanism?,Alveolar septal destruction,Alpha-1 antitrypsin deficiency,Bronchial fibrosis,Loss of surfactant,Mucous gland hypersecretion,A,this is case of emphysema which is related to alveolar septal destruction. Chronic bronchitis has mechanism of mucous gland hypersecretion.
Patho-Respo-Pleura-001,2026,Surgery - 6 January (E),Pathology,Respiratory System,Pleura,Pleural fluid is cloudy with increased neutrophils; which type of pleural effusion is most likely?,Purulent exudate,Synovial effusion,Chylous effusion,Transudate,,A,
Patho-Respo-Pleura-002,2026,Gynecology - 7 January (E),Pathology,Respiratory System,Pleura,A transudative pleural effusion is most commonly caused by:,Malignancy,Congestive heart failure,Pulmonary embolism,Bacterial pneumonia,Tuberculosis,B,
Patho-Respo-Pleura-003,2026,Radiology - 6 January (M),Pathology,Respiratory System,Pleura,Pleural fluid is cloudy with raised neutrophils. What type of effusion is this?,Transudate,Serous exudate,Purulent exudate,Chylous effusion,,C,Cloudy fluid + neutrophils = purulent exudate (empyema).
Patho-Respo-Pneumoconiosis-001,2026,Medicine - 5 January (E),Pathology,Respiratory System,Pneumoconiosis,A 55-year-old shipyard worker with progressive dyspnea and chest pain has pleural plaques and a biopsy showing malignant spindle-shaped pleural cells arising from the pleura. What substance exposure has strongly caused this condition?,Silica,Coal dust,Asbestos,Cotton fibers,,C,"<div class=""explanation-container""><div class=""explanation-text""><div style=""color:#16a34a;font-weight:800;margin-bottom:6px;"">✔ Correct Answer: Asbestos</div><div style=""margin-bottom:8px;""><b>Explanation:</b> Malignant mesothelioma with pleural plaques in a shipyard worker is strongly associated with asbestos exposure.</div><div style=""margin-bottom:10px;padding:8px 10px;background:#ecfdf5;border-left:4px solid #16a34a;border-radius:6px;""><b>Clinical Pearl:</b> Shipyard + pleural tumor = asbestos until proven otherwise.</div><br><div style=""color:#dc2626;margin-bottom:4px;""><b>✘ Silica:</b></div>Causes silicosis, not mesothelioma.<br><br><div style=""color:#dc2626;margin-bottom:4px;""><b>✘ Coal dust:</b></div>Causes coal worker’s pneumoconiosis.<br><br><div style=""color:#dc2626;margin-bottom:4px;""><b>✘ Cotton fibers:</b></div>Causes byssinosis.</div></div></div>"
Patho-Respo-Pneumoconiosis-002,2026,Radiology - 5 January (M),Pathology,Respiratory System,Pneumoconiosis,Shipyard worker with dyspnea and pleural plaques is exposed to:,Silica,Asbestos,Coal dust,Beryllium,,B,
Patho-Respo-Pneumoconiosis-003,2026,Anesthesia - 5 January (M),Pathology,Respiratory System,Pneumoconiosis,"A patient presented in OPD. Detailed history revealed the patient is a non-smoker and works on ship construction, repair, and maintenance. Which of the following is the reason for carcinoma in this patient?",Asbestos,Aniline dye,Hydrocarbons,Silicon,Plastics,A,
Patho-Respo-Sarcoidosis-001,2026,Medicine - 5 January (E),Pathology,Respiratory System,Sarcoidosis,"A young female with fatigue, chronic dry cough, bilateral hilar lymphadenopathy, elevated calcium, and non-caseating granulomas with asteroid bodies likely has:",Sarcoidosis,Tuberculosis,Syphilis,Leprosy,,A,"<div class=""explanation-container""><div class=""explanation-text""><div style=""color:#16a34a;font-weight:800;margin-bottom:6px;"">✔ Correct Answer: Sarcoidosis</div><div style=""margin-bottom:8px;""><b>Explanation:</b> Non-caseating granulomas, bilateral hilar lymphadenopathy, and hypercalcemia are classic for sarcoidosis.</div><div style=""margin-bottom:10px;padding:8px 10px;background:#ecfdf5;border-left:4px solid #16a34a;border-radius:6px;""><b>Clinical Pearl:</b> Sarcoidosis = non-caseating granulomas + ↑ACE + hypercalcemia.</div><br><div style=""color:#dc2626;margin-bottom:4px;""><b>✘ Tuberculosis:</b></div>Caseating granulomas.<br><br><div style=""color:#dc2626;margin-bottom:4px;""><b>✘ Syphilis:</b></div>Different pathology.<br><br><div style=""color:#dc2626;margin-bottom:4px;""><b>✘ Leprosy:</b></div>Affects skin and nerves.</div></div></div>"
Patho-Respo-Smoking‑related Changes-001,2026,Medicine - 7 January (M),Pathology,Respiratory System,Smoking‑related Changes,In a chronic smoker undergoing bronchoscopy the most common histological change observed is:,Squamous metaplasia,Goblet cell hyperplasia,Adenocarcinoma,Fibrosis,,A,"Chronic exposure to cigarette smoke causes the normal respiratory epithelium (ciliated columnar) to transform into squamous epithelium, a protective mechanism known as squamous metaplasia."
Patho-Respo-Smoking‑related Changes-002,2026,Gynecology - 5 January (M),Pathology,Respiratory System,Smoking‑related Changes,A patient with a 20-year history of chronic smoking undergoes bronchoscopy. What pathological finding is most likely seen?,Presence of squamous cells,Absence of cilia,Presence of goblet cells,,,A,Chronic smoking causes squamous metaplasia replacing ciliated epithelium.
Patho-Respo-Smoking‑related Changes-003,2026,Radiology - 5 January (M),Pathology,Respiratory System,Smoking‑related Changes,Chronic smoking: Lung biopsy shows:,Squamous metaplasia,Adenocarcinoma,Small cell carcinoma,Goblet cell hyperplasia,,A,
Patho-Respo-Tuberculosis-001,2026,Gynecology - 6 January (M),Pathology,Respiratory System,Tuberculosis,A biopsy shows granulomas with central caseous Cell Injury after chronic infection. Cause?,Sarcoidosis,Fungal infection,Tuberculosis (bacterial),Crohn disease,,C,
Patho-Respo-Tuberculosis-002,2026,Gynecology - 7 January (E),Pathology,Respiratory System,Tuberculosis,Proliferative tuberculosis most commonly damages the:,Liver,Fallopian tubes,Ovaries,Vagina,,B,Indication: TB typically affects fallopian tubes causing strictures and infertility.
Patho-Respo-Tuberculosis-003,2026,Medicine - 6 January (E),Pathology,Respiratory System,Tuberculosis,Typical Cell Injury seen in tuberculosis is:,Gangrenous,Coagulative,Caseous,Liquefactive,,C,
Patho-Respo-Tuberculosis-004,2026,Medicine - 6 January (E),Pathology,Respiratory System,Tuberculosis,"On histology liver shows central distorted area surrounded by epithelioid cells, lymphocytes and giant cells this is related to",Coagulative Cell Injury,Caseous Cell Injury,Acute hepatitis,Fat Cell Injury,Acute,B,
Patho-Respo-Tuberculosis-005,2026,Radiology - 5 January (M),Pathology,Respiratory System,Tuberculosis,"A patient presents with dry cough, night sweats, lymphadenopathy. Histology shows caseating granuloma. What is the diagnosis?",Tuberculosis,Sarcoidosis,Silicosis,Hodgkin lymphoma,,A,Initial - Chest X ray<br>Definitive - Sputum Culture(Harrison)<br>Diagnostic - PCR > AFB<br>Microscopic - Caseous Cell Injury<br>Histological - Epithelioid Cells with Caseating granuloma<br>Type of Hyper Sensitivity - Delayed Type<br>4 T Cell Mediated<br>Margins - Undermined<br>Antibodies-Cell Bound
Patho-Respo-Tuberculosis-006,2026,Surgery - 7 January (E),Pathology,Respiratory System,Tuberculosis,The characteristic giant cells seen in tuberculosis are:,Langhans: giant cells,Langerhans: cells,Foreign body giant cells,Reed-Sternberg cells,,A,
Peads-Respo-Neonatal Examination-001,2026,Medicine - 8 January (M),Pediatrics,Respiratory System,Neonatal Examination,"A newborn is noted to have rounded chest on examination, with ribs running almost horizontally as transverse section. What is the characteristic description of a normal newborn chest?",Barrel-shaped,Pectus excavatum,Pigeon-shaped (Pectus carinatum),Circular,,D,"A normal newborn chest is relatively circular or cylindrical with horizontally oriented ribs. Barrel-shaped chest is abnormal in emphysema. Carbon has C-shaped vertebral column, Circular thoracic cavity (Oval in adult), Liver 5% body weight, Blood volume 85ml/kg, Upper limb more developed, Inner ear adult size."
Peads-Respo-Neonatal Respiration-001,2026,Anesthesia - 5 January (M),Pediatrics,Respiratory System,Neonatal Respiration,Minute ventilation in a 2.5 kg neonate is approximately:,1200 mL per minute,1600 mL per minute,1800 mL per minute,2400 mL per minute,3000 mL per minute,A,
Peads-Respo-Obstructive Lung Diseases-001,2026,Medicine - 6 January (E),Pediatrics,Respiratory System,Obstructive Lung Diseases,"An asthmatic child presents with severe dyspnea, nasal flaring, and prefers to sit upright to breathe comfortably. This is related to",Increased arterial O2,Decreased arterial CO2,Increased lung compliance,Decreased airway resistance,,B,
Peads-Respo-Respiratory Distress Syndrome-001,2026,Medicine - 7 January (M),Pediatrics,Respiratory System,Respiratory Distress Syndrome,Surfactant deficiency leads to:,Increased lung compliance,Decreased lung compliance,Hyperventilation,Pulmonary hypertension,,B,Explanation: Surfactant deficiency -> alveoli collapse -> lungs stiff -> harder to inflate -> low compliance.
Pharm-Respo-Allergic Rhinitis-001,2026,Gynecology - 7 January (E),Pharmacology,Respiratory System,Allergic Rhinitis,"A patient presents with runny nose and redness of eyes during the summer season, suggestive of allergic rhinitis with conjunctival irritation. He requires a medication that is effective but causes least sedation. Which drug is the best choice?",Loratadine,Cetirizine,Fexofenadine,Diphenhydramine,,C,
Pharm-Respo-Altitude Sickness-001,2026,Surgery - 6 January (E),Pharmacology,Respiratory System,Altitude Sickness,Which medication is indicated for treating acute mountain (altitude) sickness?,Dexamethasone,Acetazolamide,Metformin,Mannitol,,B,
Pharm-Respo-Altitude Sickness-002,2026,Medicine - 6 January (E),Pharmacology,Respiratory System,Altitude Sickness,A patient with acute mountain sickness is treated with which drug?,Furosemide,Acetazolamide,Dermethasone,Mannitol,,B,Drug in morning Sickness – Pyridoxine. Drug in motion Sickness – Meclizine. Drug in Mountain Sickness – Acetazolamide.
Pharm-Respo-Antihistamines-001,2026,Surgery - 7 January (E),Pharmacology,Respiratory System,Antihistamines,A patient presents with sore throat and runny nose before exams. Which of the following drugs is most appropriate to relieve allergic symptoms with minimal sedation?,Loratadine,Paracetamol,Amoxicillin,Inuprofen,,A,
Pharm-Respo-Cough-001,2026,Surgery - 7 January (E),Pharmacology,Respiratory System,Cough,A patient presents with persistent nocturnal dry cough. Which drug is most appropriate for symptomatic relief?,Codeine,Dextromethorphan,Salbutamol,Prednisolone,,B,
Pharm-Respo-Obstructive Lung Diseases-001,2026,Gynecology - 5 January (M),Pharmacology,Respiratory System,Obstructive Lung Diseases,Leukotrienes exert their biological effects by acting on which receptor?,CysLT1,Arachidonic acid,Prostaglandins,,,A,
Pharm-Respo-Obstructive Lung Diseases-002,2026,Radiology - 5 January (M),Pharmacology,Respiratory System,Obstructive Lung Diseases,Montelukast acts on which receptor?,Beta-2 adrenergic,Muscarinic,CysLT,H1,,C,Montelukast is a leukotriene receptor antagonist acting on cysteinyl leukotriene (CysLT) receptors to reduce bronchoconstriction.
Pharm-Respo-Obstructive Lung Diseases-003,2026,Anesthesia - 5 January (M),Pharmacology,Respiratory System,Obstructive Lung Diseases,A kid complains of shortness of breath after playing outdoors. Which is best to treat asthma in such cases?,Steroid inhaler,Montelukast,Albuterol (SABA) inhaler,Ipratropium,,C,
Pharm-Respo-Obstructive Lung Diseases-004,2026,Anesthesia - 5 January (M),Pharmacology,Respiratory System,Obstructive Lung Diseases,A 26-year-old lady presented with shortness of breath. She has been using an albuterol inhaler for the last three years. Which of the following is the most common side-effect in this patient?,Hypochloremia,Hypernatremia,Hypokalemia,Hyperkalemia,,C,
Pharm-Respo-Obstructive Lung Diseases-005,2026,Anesthesia - 5 January (M),Pharmacology,Respiratory System,Obstructive Lung Diseases,A 12 year old child with exercise induced asthma is started on montelukast which of following describe its mechanism of action,Inhibition of 5 lipooxygenase enzyme,Blocks cysticin leukotriene receptors,Muscarinic receptor antagonist in airway smooth muscles.,D. Phosphodiesterase inhibition leading to increased CAMP,Beta to adrenergic receptor stimulation causing bronchodilation,B,
Pharm-Respo-Obstructive Lung Diseases-006,2026,Anesthesia - 5 January (M),Pharmacology,Respiratory System,Obstructive Lung Diseases,Mechanism of action of Ipratropium:,Beta-2 adrenergic receptor agonistcausing bronchodilation,Muscarinic receptor antagonist causing bronchodilation,Phosphodiesterase inhibitor causing increased CAMP in smooth muscles,Leukotriene receptor antagonist reducing inflammation,Corticosteroid receptor agonist reducing airway inflammation,B,
Physio-Respo-Gas Exchange-001,2026,Gynecology - 5 January (M),Physiology,Respiratory System,Gas Exchange,Gas exchange across the alveolar-capillary membrane occurs primarily by:,Active transport,Facilitated diffusion,Simple diffusion,Bulk flow,,C,Oxygen and CO₂ cross alveoli by diffusion.
Physio-Respo-Gas Exchange-002,2026,Gynecology - 7 January (E),Physiology,Respiratory System,Gas Exchange,Oxygen saturation increases with:,Increased PaO2,Increased hemoglobin concentration,Increased temperature,Increased H+ ions,,A,Increased PaO2 increase hemoglobin saturation (right shift dissociation curve).
Physio-Respo-Gas Exchange-003,2026,Radiology - 6 January (M),Physiology,Respiratory System,Gas Exchange,"In right shift of oxyhemoglobin dissociation curve, which factor is decreased?",CO₂,"2,3-BPG",Temperature,pH,Hydrogen ion,D,"HB – 02 DISSOCIATION CURVE: Right shift: Bohr Effect Right shift — ACE BATs right handed: Increase in → Acid (pH), CO₂ Exercise 2, 3 – BPG Altitude Temperature will result in right shift → Dec affinity for O₂ → unloading of O₂ to tissues Left shift: Haldens effect All factors opposite that causes right shift Additional factors which will cause left shift → inc affinity for O₂ → decrease unloading of O₂ tissues HbF and CO poisoning"
Physio-Respo-Gas Exchange-004,2026,Surgery - 6 January (E),Physiology,Respiratory System,Gas Exchange,Which factor decreases during a rightward shift of the oxyhemoglobin dissociation curve?,Serum albumin,pH,Temperature,CO₂,,B,
Physio-Respo-Gas Exchange-005,2026,Medicine - 6 January (E),Physiology,Respiratory System,Gas Exchange,"In right shift of oxyhemoglobin dissociation curve, which factor is decreased?",CO2,"2,3-BPG",Temperature,pH,Hydrogen ion,D,"HB - O2 DISSOCIATION CURVE: Right shift: Bohr Effect. Left shift: Haldane effect. ACE BATs right handed: Increase in Acid (↓pH), CO2, Exercise, 2,3-BPG, Altitude, Temperature will result in right shift → Dec affinity for O2 → unloading of O2 to tissues. All factors opposite that causes right shift. Additional factors causing left shift → inc affinity for O2 → decrease unloading of O2 tissues: HbF and CO poisoning."
Physio-Respo-Gas Exchange-006,2026,Medicine - 5 January (E),Physiology,Respiratory System,Gas Exchange,Which compensatory change enhances oxygen delivery to tissues during hypoxic hypoxia?,"Decreased 2,3-BPG, increased pH, increased temperature","Increased 2,3-BPG, decreased pH, decreased temperature","Increased 2,3-BPG, increased pH, decreased temperature","Decreased 2,3-BPG, decreased pH, increased temperature",,B,"<div class=""explanation-container""><div class=""explanation-text""><div style=""color:#16a34a;font-weight:800;margin-bottom:6px;"">✔ Correct Answer: Increased 2,3-BPG, decreased pH, decreased temperature</div><div style=""margin-bottom:8px;""><b>Concept:</b> Oxygen–hemoglobin dissociation curve</div><div style=""margin-bottom:8px;""><b>Explanation:</b> Hypoxic hypoxia shifts the curve right via increased 2,3-BPG and metabolic acidosis (Bohr effect), enhancing oxygen unloading at tissues.</div><div style=""margin-bottom:10px;padding:8px 10px;background:#ecfdf5;border-left:4px solid #16a34a;border-radius:6px;""><b>Clinical Pearl:</b> Right shift = easier oxygen release to tissues.</div><br><div style=""color:#dc2626;margin-bottom:4px;""><b>✘ Decreased 2,3-BPG, increased pH, increased temperature:</b></div>Left shift, reduced oxygen delivery.<br><br><div style=""color:#dc2626;margin-bottom:4px;""><b>✘ Increased 2,3-BPG, increased pH, decreased temperature:</b></div>Conflicting effects.<div style=""color:#dc2626;margin-bottom:4px;""><br><b>✘ Decreased 2,3-BPG, decreased pH, increased temperature:</b></div>Mixed and physiologically inconsistent pattern.</div></div></div>"
Physio-Respo-Gas Exchange-007,2026,Medicine - 7 January (M),Physiology,Respiratory System,Gas Exchange,A right shift in the oxy-hemoglobin dissociation curve corresponds to a P50 value of:,26 mmHg,18 mmHg,36 mmHg,22 mmHg,,C,Explanation: Normal value 26. Increase HB - oxygen affinity - dissociation curve shift to left unloading O2 on hB. So decreases p50 < 26. Decrease HB - Oxygen affinity - dissociation curve shift to right unloading O2 on HB. So inc p50 > 26
Physio-Respo-Gas Exchange-008,2026,Medicine - 7 January (M),Physiology,Respiratory System,Gas Exchange,A left shift in the oxy-hemoglobin dissociation curve can be caused by:,Hyperthermia,Hypothermia,"Increased 2,3-BPG",Acidosis,,B,"Explanation: Left shift (decrease O2 unloading to tissue) Left = lower. Decrease H+ (increase pH, base), Decrease PCO2, Decrease 2,3-BPG, Decrease Temperature. Right shift (increase O2 unloading to tissue) Right = higher. Increase H+ (decrease pH, Acid), Increase PCO2, Exercise, Increase 2,3-BPG, High Altitude, Increase Temperature."
Physio-Respo-Gas Exchange-009,2026,Medicine - 8 January (M),Physiology,Respiratory System,Gas Exchange,Which of the following shifts hemoglobin’s oxygen-binding affinity to the right (reduces O2 affinity)?,"Increased 2,3-BPG",Decreased temperature,Increased pH,Decreased CO2,,A,"Right shift: Decrease affinity for O2, increase delivery to tissue (Bohr effect), increase P50. Causes: Increase CO2, Decrease pH, Increase Temperature, Increase 2,3 DPG. Left shift: Increase affinity for O2, decrease delivery to tissue (Haldane effect), decrease P50. Causes: CO poisoning, Decrease CO2, Increase pH, Decrease Temperature, Decrease 2,3 DPG, HbF."
Physio-Respo-Gas Exchange-010,2026,Medicine - 8 January (M),Physiology,Respiratory System,Gas Exchange,"During intense exercise, which condition facilitates oxygen release from hemoglobin at the muscle level?","Decreased CO2, increased pH","Increased temperature, decreased pH","Decreased 2,3-BPG",Increased O2 concentration,,B,
Physio-Respo-Gas Exchange-011,2026,Gynecology - 6 January (M),Physiology,Respiratory System,Gas Exchange,"If arterial blood is 50% saturated, what is the approximate PaO₂?",6 mmHg,10 mmHg,26 mmHg,40 mmHg,50 mmHg,C,- 100% saturation = 100mmHg<br>- 75% saturation = 40mmHg<br>- 50% saturation = 26mmHg
Physio-Respo-Gas Exchange-012,2026,Anesthesia - 5 January (M),Physiology,Respiratory System,Gas Exchange,The rate of diffusion of anesthetic gasses across the alveolar-capillary membrane is governed by which of the following laws?,Henry's Law,Graham's Law,Fick's Law,Bernoulli's Law,Frank-Starling Law,C,
Physio-Respo-High Altitude Physio-001,2026,Radiology - 6 January (M),Physiology,Respiratory System,High Altitude Physiology,A man has been living at a high altitude mountainous area for many years. He now presents with progressive shortness of breath on exertion. There is no history of infection or cardiac disease. What is the most likely cause of his symptoms?,Pulmonary edema,Pulmonary embolism,Pulmonary hypertension,Chronic bronchitis,Left ventricular failure,C,"Chronic hypoxia at high altitude is hypoxic vasoconstriction, leading to pulmonary hypertension."
Physio-Respo-Lung Mechanics-001,2026,Radiology - 5 January (M),Physiology,Respiratory System,Lung Mechanics,Tension in lungs is detected by:,Golgi tendon organ,Muscle spindle,Pulmonary stretch receptor,Pacinian corpuscle,,C,
Physio-Respo-Lung Mechanics-002,2026,Anesthesia - 5 January (M),Physiology,Respiratory System,Lung Mechanics,Boyle’s law states,"When temperature is held constant, volume is directly proportional to pressure","When volume is held constant, pressure is directly proportional to temperature","When temperature is held constant, ‘volume is inversely proportional to pressure","When volume is held constant, temperature is inversely proportional to pressure",,C,"Boyle’s law states that at constant temperature, the volume of a gas is inversely proportional to its pressure."
Physio-Respo-Lung Mechanics-003,2026,Medicine - 5 January (E),Physiology,Respiratory System,Lung Mechanics,What does the secretion of pulmonary surfactant involve?,Decreased DPPC production,Production of protein and phospholipid substances,Only lipid secretion,Only water secretion,,B,"<div class=""explanation-container""><div class=""explanation-text""><div style=""color:#16a34a;font-weight:800;margin-bottom:6px;"">✔ Correct Answer: Production of protein and phospholipid substances</div><div style=""margin-bottom:8px;""><b>Explanation:</b> Type II pneumocytes produce surfactant composed of phospholipids (DPPC) and proteins.</div><div style=""margin-bottom:10px;padding:8px 10px;background:#ecfdf5;border-left:4px solid #16a34a;border-radius:6px;""><b>Clinical Pearl:</b> Surfactant reduces surface tension to prevent alveolar collapse.</div><br><div style=""color:#dc2626;margin-bottom:4px;""><b>✘ Decreased DPPC production:</b></div>Incorrect; DPPC is the main component.<br><br><div style=""color:#dc2626;margin-bottom:4px;""><b>✘ Only lipid secretion:</b></div>Also includes surfactant proteins.<br><br><div style=""color:#dc2626;margin-bottom:4px;""><b>✘ Only water secretion:</b></div>Not related to surfactant function.</div></div></div>"
Physio-Respo-Lung Mechanics-004,2026,Medicine - 5 January (E),Physiology,Respiratory System,Lung Mechanics,How is respiration altered during exercise and at high altitude?,Decreased ventilation,No change,Increased ventilation,Shallow breathing,,C,"<div class=""explanation-container""><div class=""explanation-text""><div style=""color:#16a34a;font-weight:800;margin-bottom:6px;"">✔ Correct Answer: Increased ventilation</div><div style=""margin-bottom:8px;""><b>Explanation:</b> Both exercise and high altitude stimulate increased ventilation to meet oxygen demand and compensate for hypoxia.</div><div style=""margin-bottom:10px;padding:8px 10px;background:#ecfdf5;border-left:4px solid #16a34a;border-radius:6px;""><b>Clinical Pearl:</b> Hypoxia → hyperventilation.</div><br><div style=""color:#dc2626;margin-bottom:4px;""><b>✘ Decreased ventilation:</b></div>Opposite response.<br><br><div style=""color:#dc2626;margin-bottom:4px;""><b>✘ No change:</b></div>Incorrect physiologically.<br><br><div style=""color:#dc2626;margin-bottom:4px;""><b>✘ Shallow breathing:</b></div>Not the main adaptive mechanism.</div></div></div>"
Physio-Respo-Lung Mechanics-005,2026,Medicine - 5 January (E),Physiology,Respiratory System,Lung Mechanics,What primarily causes two-thirds of the increase in thoracic capacity during normal inspiration?,Elastic recoil of lung and rib cage,Diaphragm contraction,Pump handle movement,Bucket handle movement,,B,"<div class=""explanation-container""><div class=""explanation-text""><div style=""color:#16a34a;font-weight:800;margin-bottom:6px;"">✔ Correct Answer: Diaphragm contraction</div><div style=""margin-bottom:8px;""><b>Explanation:</b> During normal inspiration, the diaphragm contributes the majority (~2/3) of thoracic volume increase by descending and increasing vertical chest dimensions.</div><div style=""margin-bottom:10px;padding:8px 10px;background:#ecfdf5;border-left:4px solid #16a34a;border-radius:6px;""><b>Clinical Pearl:</b> Quiet breathing = diaphragm-driven ventilation.</div><br><div style=""color:#dc2626;margin-bottom:4px;""><b>✘ Elastic recoil:</b></div>Passive process during expiration.<br><br><div style=""color:#dc2626;margin-bottom:4px;""><b>✘ Pump handle movement:</b></div>Mainly increases AP diameter (upper ribs).<br><br><div style=""color:#dc2626;margin-bottom:4px;""><b>✘ Bucket handle movement:</b></div>Increases transverse diameter, but less contribution than diaphragm.</div></div></div>"
Physio-Respo-Lung Mechanics-006,2026,Medicine - 7 January (M),Physiology,Respiratory System,Lung Mechanics,The lateral diameter during inspiration is increased by:,Diaphragm,Internal intercostals,External intercostals,Scalenes muscles,,C,"Muscle of Quite Inspiration – Diaphragm and External Intercostal<br><br>- Muscle of Forced Inspiration – SCM & Serratus Anterior, Scalene anterior & Medius and Pect minor<br><br>- Quite Expiration – Passive and by Elastic Recoil of Lung. <br><br>- Muscle of Forced Expiration – Internal Intercostal <br><br>- Accessory Muscle of Expiration – Abdominal muscles (External Oblique, Rectus abdominis) <br><br>- External intercostal can be used in Quite inspiration as well as forceful inspiration. <br><br>- After RTA injury to Cervical Region <br><br>- Difficulty in breathing due to damage of Diaphragm <br><br>- After RTA patient is having forceful expiration and Abdomen is moving with respiration due to – External oblique <br><br>- Vertical diameter increase by – Diaphragm <br><br>- AP diameter increase by – External intercostal assisted by internal and innermost intercostal."
Physio-Respo-Lung Mechanics-007,2026,Medicine - 7 January (M),Physiology,Respiratory System,Lung Mechanics,The depth or prolongation of inspiration is determined by:,Apneustic center,Pneumotaxic center,Medullary Inspiratory Center,Phrenic Nerve,,B,Medullary respiratory centers regulate inspiration and expiration rhythm.
Physio-Respo-Lung Mechanics-008,2026,Medicine - 8 January (M),Physiology,Respiratory System,Lung Mechanics,Which of the following respiratory conditions is associated with increased lung compliance due to loss of elastic recoil?,Pulmonary fibrosis,Acute respiratory distress syndrome (ARDS),Asthma,Pulmonary edema,,C,
Physio-Respo-Lung Mechanics-009,2026,Radiology - 5 January (M),Physiology,Respiratory System,Lung Mechanics,Pneumothorax results in:,Decreased lung volume and decreased thorax volume,Increased lung volume and decreased thorax volume,Decreased lung volume and increased thorax volume,Increased lung and thorax volume,,C,Air in pleural space collapses lung (volume) while chest wall may expand (thorax volume).
Physio-Respo-Lung Mechanics-010,2026,Gynecology - 6 January (M),Physiology,Respiratory System,Lung Mechanics,Pulmonary surfactant production in the fetus begins at:,At birth,8 weeks,24 weeks,30 weeks,36 weeks,C,"Surfactant—decrease alveolar surface tension, decrease recoil, and increase compliance. Composed of multiple lectins, diacylglycerophosphatidylcholine (DPPC), synthetase begins ~20 weeks; gestation and achieves mature levels ~35 weeks of gestation. Corticosteroids important for fetal surfactant synthesis and lung development."
Physio-Respo-Lung Volumes-001,2026,Gynecology - 5 January (M),Physiology,Respiratory System,Lung Volumes,A subject is asked to inhale maximally and then exhale as much air as possible. Which lung capacity is being measured?,Tidal volume,Residual volume,Vital capacity,Total lung capacity,,C,Vital capacity = IRV + TV + ERV.
Physio-Respo-Lung Volumes-002,2026,Medicine - 5 January (E),Physiology,Respiratory System,Lung Volumes,Which lung volume remains in the lungs during the resting respiratory phase?,RV,IRV,ERV,FRC,,D,"<div class=""explanation-container""><div class=""explanation-text""><div style=""color:#16a34a;font-weight:800;margin-bottom:6px;"">✔ Correct Answer: Functional residual capacity</div><div style=""margin-bottom:8px;""><b>Explanation:</b> Functional residual capacity (FRC) is the lung volume remaining after normal expiration.</div><div style=""margin-bottom:10px;padding:8px 10px;background:#ecfdf5;border-left:4px border:#16a34a;border-radius:6px;""><b>Clinical Pearl:</b> FRC = ERV + RV.</div><br><div style=""color:#dc2626;margin-bottom:4px;""><b>✘ IRV:</b></div>Inspiratory reserve volume.<br><br><div style=""color:#dc2626;margin-bottom:4px;""><b>✘ ERV:</b></div>Part of FRC, not full volume.<br><br><div style=""color:#dc2626;margin-bottom:4px;""><b>✘ RV:</b></div>Residual volume only.</div></div></div>"
Physio-Respo-Lung Volumes-003,2026,Medicine - 8 January (M),Physiology,Respiratory System,Lung Volumes,A healthy adult has a residual volume (RV) of 1.5 L and an expiratory reserve volume (ERV) of 0.9 L. What is the functional residual capacity (FRC) of this individual?,2.0 L,2.1 L,2.3 L,2.4 L,,D,Functional residual capacity is the volume of air remaining in the lungs after a normal expiration. FRC=RV+ERV = 1.5+0.9=2.4 L.
Physio-Respo-Lung Volumes-004,2026,Radiology - 5 January (M),Physiology,Respiratory System,Lung Volumes,Patient ordered to forcefully inspire and expire. What is being measured?,Tidal volume,Vital capacity (VC),Total lung capacity,Inspiratory capacity,,B,
Physio-Respo-Lung Volumes-005,2026,Radiology - 5 January (M),Physiology,Respiratory System,Lung Volumes,"After normal expiration, forced exhalation measures:",Expiratory reserve volume (ERV),Vital capacity (VC),Residual Volume,Functional Residual Capacity,,A,
Physio-Respo-Lung Volumes-006,2026,Anesthesia - 5 January (M),Physiology,Respiratory System,Lung Volumes,Which of the following increases in obstructive lung disease?,Functional residual capacity (FRC),Vital capacity,Expiratory reserve volume (ERV),Tidal volume,Total lung capacity (TLC),A,
Physio-Respo-Obstructive Lung Diseases-001,2026,Medicine - 5 January (E),Physiology,Respiratory System,Obstructive Lung Diseases,How does emphysema alter physiological dead space?,Increasing,Decreasing,No change,Only affects alveolar ventilation,,A,"<div class=""explanation-container""><div class=""explanation-text""><div style=""color:#16a34a;font-weight:800;margin-bottom:6px;"">✔ Correct Answer: Increasing</div><div style=""margin-bottom:8px;""><b>Explanation:</b> Emphysema destroys alveolar walls, increasing physiological dead space due to loss of effective gas exchange units.</div><div style=""margin-bottom:10px;padding:8px 10px;background:#ecfdf5;border-left:4px solid #16a34a;border-radius:6px;""><b>Clinical Pearl:</b> More dead space = less efficient ventilation.</div><br><div style=""color:#dc2626;margin-bottom:4px;""><b>✘ Decreasing:</b></div>Opposite of pathological change.<br><br><div style=""color:#dc2626;margin-bottom:4px;""><b>✘ No change:</b></div>Incorrect, alveolar destruction alters V/Q balance.<br><br><div style=""color:#dc2626;margin-bottom:4px;""><b>✘ Only affects alveolar ventilation:</b></div>Also affects dead space significantly.</div></div></div>"
Physio-Respo-Obstructive Lung Diseases-002,2026,Anesthesia - 5 January (M),Physiology,Respiratory System,Obstructive Lung Diseases,What is classically reduced in COPD?,FEV1,FVC,FEV1/FVC,TLC,RLC,C,
Physio-Respo-Pregnancy-001,2026,Medicine - 5 January (E),Physiology,Respiratory System,Pregnancy,Which lung volume typically decreases during the last trimester of pregnancy?,Tidal volume,Inspiratory reserve volume,Expiratory reserve volume,Vital capacity,,C,"<div class=""explanation-container""><div class=""explanation-text""><div style=""color:#16a34a;font-weight:800;margin-bottom:6px;"">✔ Correct Answer: Expiratory reserve volume</div><div style=""margin-bottom:8px;""><b>Explanation:</b> During pregnancy, the enlarging uterus elevates the diaphragm, reducing expiratory reserve volume and functional residual capacity.</div><div style=""margin-bottom:10px;padding:8px 10px;background:#ecfdf5;border-left:4px solid #16a34a;border-radius:6px;""><b>Clinical Pearl:</b> Pregnancy ↓ ERV and RV, ↑ tidal volume.</div><br><div style=""color:#dc2626;margin-bottom:4px;""><b>✘ Tidal volume:</b></div>Increases in pregnancy.<br><br><div style=""color:#dc2626;margin-bottom:4px;""><b>✘ Inspiratory reserve volume:</b></div>Relatively unchanged or slightly decreased.<br><br><div style=""color:#dc2626;margin-bottom:4px;""><b>✘ Vital capacity:</b></div>Remains unchanged.</div></div></div>"
Physio-Respo-Pregnancy-002,2026,Medicine - 6 January (E),Physiology,Respiratory System,Pregnancy,Which respiratory change occurs in the third trimester of pregnancy?,Increased PaCO2,Decreased PaCO2,Decreased FEV1/FVC,Decreased tidal volume,,B,"Respiratory Changes in Pregnancy: Remain Same: Respiratory rate, Vital Capacity. Increase: Tidal volume, Minute ventilation, Inspiratory Capacity. Decrease: TLC & FRC, Residual Volume."
Physio-Respo-Ventilation‑Perfusion-001,2026,Medicine - 7 January (M),Physiology,Respiratory System,Ventilation‑Perfusion,V/Q increase in:,Dead space,Inadequate ventilation,High perfusion,High ventilation,,A,
Physio-Respo-Ventilation‑Perfusion-002,2026,Surgery - 7 January (E),Physiology,Respiratory System,Ventilation‑Perfusion,In which condition does ventilation-perfusion (V/Q) ratio increase?,Pulmonary embolism,Asthma,Pneumonia,Pulmonary edema,,A,Pulmonary embolism → obstruction of perfusion → V/Q ratio increases → physiologic dead space.
Biochem-Skin-Fatty Acid-001,2026,Surgery - 7 January (E),Biochemistry,Skin,Fatty Acid,A patient with dandruff is prescribed antifungal medication. Which essential fatty acid deficiency might contribute to this condition?,Oleic acid,Linoleic acid,Palmitic acid,Stearic acid,,B,
Med-Skin-Infectious Skin Disorders-001,2026,Medicine - 6 January (E),Medicine,Skin,Infectious Skin Disorders,A patient has painful nodules on shin and lace-like pattern on buccal mucosa. This condition is associated with which virus?,EBV,Hepatitis B,CMV,HPV,,B,Erythema nodosum + lichen planus are associated with Hepatitis B.
Med-Skin-Skin Cancer-001,2026,Medicine - 8 January (M),Medicine,Skin,Skin Cancer,Which condition predisposes strongly to skin cancer due to defective DNA repair?,Albinism,Xeroderma pigmentosum,Vitiligo,Psoriasis,,B,
Physio-Skin-Thermoregulation-001,2026,Medicine - 5 January (E),Physiology,Skin,Thermoregulation,"Following a superficial thermal injury causing erythema and pain, which skin layer is affected in a first-degree burn?",blood vessels,Epidermis,Sweat gland,hair bulb,,B,"<div class=""explanation-container""><div class=""explanation-text""><div style=""color:#16a34a;font-weight:800;margin-bottom:6px;"">✔ Correct Answer: Epidermis</div><div style=""margin-bottom:8px;""><b>Explanation:</b> First-degree (superficial) burns involve only the epidermis, causing erythema and pain without blistering.</div><div style=""margin-bottom:10px;padding:8px 10px;background:#ecfdf5;border-left:4px solid #16a34a;border-radius:6px;""><b>Clinical Pearl:</b> Epidermal injury = no scarring, only redness and pain.</div><br><div style=""color:#dc2626;margin-bottom:4px;""><b>✘ Blood vessels:</b></div>Located in dermis; not affected in first-degree burns.<br><br><div style=""color:#dc2626;margin-bottom:4px;""><b>✘ Sweat gland:</b></div>Found in dermis, involved in deeper burns.<br><br><div style=""color:#dc2626;margin-bottom:4px;""><b>✘ Hair bulb:</b></div>Deep dermal structure, spared in superficial burns.</div></div></div>"
Microbio-Sterilization-Tyndallization-001,2026,Anesthesia - 5 January (M),Microbiology,Sterilization,Tyndallization,Steaming culture media at 100°C for 20 minutes for three consecutive days is called:,Autoclave,Pasteurization,Tyndallization,Fermentation,,C,
Microbio-Sterilization-Tyndallization-002,2026,Gynecology - 5 January (M),Microbiology,Sterilization,Tyndallization,A microbiologist prepares nutrient-rich culture media and sterilizes it by steaming at 100°C for 20 minutes on three consecutive days. What is this procedure called?,Tyndallization,Sterilization,Autoclave,Pasteurized,,A,
Surg-Thoracic Surg-Needle Thoracostomy-001,2026,Radiology - 5 January (M),Surgery,Thoracic Surgery,Needle Thoracostomy,Needle thoracostomy may rupture:,Intercostal artery,Lung parenchyma,Pleura,Nerve,,A,
Surg-Thoracic Surg-Thoracentesis / Chest Tube Insertion-001,2026,Gynecology - 6 January (M),Surgery,Thoracic Surgery,Thoracentesis / Chest Tube Insertion,Anatomical site for the insertion of chest tube for thoracentesis?,Anterior axillary line,Mid axillary line,Posterior axillary line,Mid clavicular line,Anterior clavicular line,B,"The safe zone for chest tube insertion is often described as the ""safe triangle"", whose posterior border is the anterior margin of the latissimus dorsi muscle (near the mid-axillary line) and the 4th or 5th intercostal space. The mid-axillary line insertion is preferred to avoid the breast, pectoralis major muscle, and injury to the heart."
Surg-Thoracic Trauma-Pneumothorax-001,2026,Surgery - 6 January (E),Surgery,Thoracic Trauma,Pneumothorax,A patient involved in a road traffic accident has decreased breath sounds and hyperresonance on the right chest. What is the most likely diagnosis?,Pericarditis,Acute appendicitis,Right-sided hemothorax,Right pneumothorax,,D,
Surg-Thoracic Trauma-Pneumothorax-002,2026,Anesthesia - 5 January (M),Surgery,Thoracic Trauma,Pneumothorax,"Patient presented with shortness of breath after RTA. Chest X-ray shows a black shadow on the right side, hyperresonant percussion note, and absent breath sounds. Which of the following movements are seen in the chest?",Movement of chest wall and lung outwards,Movement of chest wall inwards and lung outwards,Movement of chest wall inwards and lung inwards,Movement of chest wall outwards and lungs inwards,,D,"The findings suggest a pneumothorax.<br>Chest wall moves outward due to trapped air (pressure), but lung collapses inward."
Ana-Thorax-Chest Wall-001,2026,Medicine - 5 January (E),Anatomy,Thorax,Chest Wall,"If a bullet penetrates the chest wall, what structure is encountered immediately after the internal thoracic muscles?",Endothoracic fascia,Parietal pleura,Visceral pleura,Lung parenchyma,,A,"<div class=""explanation-container""><div class=""explanation-text""><div style=""color:#16a34a;font-weight:800;margin-bottom:6px;"">✔ Correct Answer: Endothoracic fascia</div><div style=""margin-bottom:8px;""><b>Explanation:</b> After the internal thoracic muscles, the next layer encountered in the chest wall is the endothoracic fascia, which lies just deep to the thoracic musculature and superficial to the parietal pleura.</div><div style=""margin-bottom:10px;padding:8px 10px;background:#ecfdf5;border-left:4px solid #16a34a;border-radius:6px;""><b>Clinical Pearl:</b> Chest wall layers: muscles → endothoracic fascia → parietal pleura → lung.</div><br><div style=""color:#dc2626;margin-bottom:4px;""><b>✘ Parietal pleura:</b></div>Located deep to endothoracic fascia.<br><br><div style=""color:#dc2626;margin-bottom:4px;""><b>✘ Visceral pleura:</b></div>Covers lung surface.<br><br><div style=""color:#dc2626;margin-bottom:4px;""><b>✘ Lung parenchyma:</b></div>Deepest structure, beyond pleural layers.</div></div></div>"
Ana-Thorax-Diaphragm-001,2026,Medicine - 7 January (M),Anatomy,Thorax,Diaphragm,"A 63-year-old man came to emergency with complaints of back pain, weakness and shortness of breath. On examination he has an aneurysm of the abdominal aorta at aortic hiatus of diaphragm. Which of the following would most likely be compressed?",Vagus nerve,Esophagus,Azygos vein,IVC,Phrenic nerve,C,Azygos vein passes through aortic hiatus.
Ana-Thorax-Diaphragm-002,2026,Surgery - 6 January (E),Anatomy,Thorax,Diaphragm,Which structure passes through the esophageal hiatus of the diaphragm?,Vagus nerve,Thoracic duct,Inferior vena cava,Phrenic nerve,,A,
Ana-Thorax-Diaphragm-003,2026,Medicine - 8 January (M),Anatomy,Thorax,Diaphragm,Pain from the dome of the diaphragm is referred to the shoulder. Which nerves carry its sensory fibers?,Phrenic nerves only,Intercostal nerves only,Both phrenic and intercostal nerves,Vagus nerve,,C,
Ana-Thorax-Diaphragm-004,2026,Medicine - 5 January (E),Anatomy,Thorax,Diaphragm,Which structure passes through the vertebral level T12?,Esophagus,Aorta,Inferior vena cava,Thoracic duct,,B,"<div class=""explanation-container""><div class=""explanation-text""><div style=""color:#16a34a;font-weight:800;margin-bottom:6px;"">✔ Correct Answer: Aorta</div><div style=""margin-bottom:8px;""><b>Explanation:</b> The aorta passes through the diaphragm at T12 via the aortic hiatus.</div><div style=""margin-bottom:10px;padding:8px 10px;background:#ecfdf5;border-left:4px solid #16a34a;border-radius:6px;""><b>Clinical Pearl:</b> T12 = aorta, T10 = esophagus, T8 = IVC.</div><br><div style=""color:#dc2626;margin-bottom:4px;""><b>✘ Esophagus:</b></div>Passes at T10.<br><br><div style=""color:#dc2626;margin-bottom:4px;""><b>✘ Inferior vena cava:</b></div>Passes at T8.<br><br><div style=""color:#dc2626;margin-bottom:4px;""><b>✘ Thoracic duct:</b></div>Also passes at T12 but less tested than aorta.</div></div></div>"
Ana-Thorax-Diaphragm-005,2026,Medicine - 6 January (E),Anatomy,Thorax,Diaphragm,Through the esophageal hiatus of the diaphragm passes:,Phrenic nerves,Vagus nerve,Azygos vein,Thoracic Duct,,B,
Ana-Thorax-Lymphatics-001,2026,Medicine - 7 January (M),Anatomy,Thorax,Lymphatics,Thoracic duct drains into:,Right brachiocephalic vein,Left brachiocephalic vein,Brachiocephalic Trunk,Junction of left subclavian and internal jugular vein,Right subclavian,D,
Ana-Thorax-Mediastinum-001,2026,Surgery - 6 January (E),Anatomy,Thorax,Mediastinum,Which of the following structures is located in the posterior mediastinum?,Thymus,Descending thoracic aorta,Heart,Femur,,B,
Ana-Thorax-Mediastinum-002,2026,Medicine - 6 January (E),Anatomy,Thorax,Mediastinum,Which structure is located in the posterior mediastinum?,Heart,Thymus,Descending thoracic aorta,Trachea,,C,
Ana-Thorax-Ribs-001,2026,Radiology - 6 January (M),Anatomy,Thorax,Ribs,"A patient presents with pain and tingling in the right arm, and imaging reveals a cervical rib. How is a cervical rib different from a thoracic rib?",Transverse process of thoracic vertebra is long,Transverse process of cervical vertebra is long,Thoracic rib attaches inferiorly to vertebra,Cervical rib attaches inferiorly to vertebra,,A,
Ana-Thorax-Sternum-001,2026,Medicine - 7 January (M),Anatomy,Thorax,Sternum,The xiphoid process is located approximately at which vertebral level?,T7/T8,T9/T10,T11/T12,L1/L2,,B,
Ana-Thorax-Vasculature-001,2026,Medicine - 5 January (E),Anatomy,Thorax,Vasculature,From where are most posterior intercostal arteries derived?,Subclavian artery,Thoracic aorta,Internal thoracic artery,Brachiocephalic artery,,B,"<div class=""explanation-container""><div class=""explanation-text""><div style=""color:#16a34a;font-weight:800;margin-bottom:6px;"">✔ Correct Answer: Thoracic aorta</div><div style=""margin-bottom:8px;""><b>Explanation:</b> Most posterior intercostal arteries arise from the thoracic aorta except the first two which arise from the costocervical trunk.</div><div style=""margin-bottom:10px;padding:8px 10px;background:#ecfdf5;border-left:4px solid #16a34a;border-radius:6px;""><b>Clinical Pearl:</b> “Aorta supplies most intercostals except first two.”</div><br><div style=""color:#dc2626;margin-bottom:4px;""><b>✘ Subclavian artery:</b></div>Only indirectly via costocervical trunk.<br><br><div style=""color:#dc2626;margin-bottom:4px;""><b>✘ Internal thoracic artery:</b></div>Supplies anterior intercostals.<br><br><div style=""color:#dc2626;margin-bottom:4px;""><b>✘ Brachiocephalic artery:</b></div>Does not directly give posterior intercostals.</div></div></div>"
Ana-Thorax-Vasculature-002,2026,Medicine - 6 January (E),Anatomy,Thorax,Vasculature,Bronchial arteries arise from:,3rd intercostal artery,Ascending aorta,Descending aorta,2nd posterior intercostal artery,,C,
Patho-Thorax-Breast-001,2026,Surgery - 6 January (E),Pathology,Thorax,Breast,Germline BRCA1 mutations increase risk for several cancers. Which of the following is NOT typically associated with BRCA1 mutation?,Thyroid carcinoma,Breast cancer,Ovarian cancer,Laryngeal carcinoma,,D,
Patho-Thorax-Breast-002,2026,Gynecology - 7 January (E),Pathology,Thorax,Breast,Breast cancer genetic predisposition is associated with mutation in:,BRCA1 and BRCA2,TP53,PTEN,Lynch syndrome genes,,A,
Patho-Thorax-Breast-003,2026,Medicine - 6 January (E),Pathology,Thorax,Breast,BRCA-1 mutation is associated with all except:,Breast cancer,Ovarian cancer,Prostate cancer,Laryngeal carcinoma,,D,"Tumor suppressor genes: APC - Colorectal cancer (FAP). BRCA1/BRCA2 - Breast, ovarian, prostate, pancreatic cancers. p16 - Many cancers (melanoma, lung). DCC - Colorectal cancer. DPC - Pancreatic cancer, colorectal cancer. MENin - Multiple Endocrine Neoplasia type 1. NF1 - NeuroFibromatosis type 1. NF2 - NeuroFibromatosis type 2. PTEN - Prostate, breast, and Endometrial cancers. Rb - Retinoblastoma, osteosarcoma. p53 - Most cancers, Li-Fraumeni syndrome (SBLA syndrome). TSC1/TSC2 - Tuberous sclerosis. VHL - von Hippel-Lindau disease. WT1/WT2 - Wilms Tumor. Loss of function → ↑ cancer risk; both alleles must be lost (Knudson's 2-hit hypothesis)."
Patho-Thorax-Breast-004,2026,Radiology - 6 January (M),Pathology,Thorax,Breast,A 50-year-old woman presents with a painless breast lump. Histopathology reveals a malignant tumor arising from the ductal epithelium. Which is the most common type of breast cancer?,Ductal carcinoma,Lobular carcinoma,Medullary carcinoma,Papillary carcinoma,,A,
Patho-Thorax-Breast-005,2026,Radiology - 5 January (M),Pathology,Thorax,Breast,Most common breast cancer type is:,Lobular carcinoma,Ductal carcinoma,DCIS,Medullary carcinoma,,B,
Patho-Thorax-Breast-006,2026,Surgery - 7 January (E),Pathology,Thorax,Breast,A 27 year old women requests a mammogram because both of her mother and sister died of metastatic breast cancer before 40 years of age. Which of the following would add to this patient's risk for breast cancer?,Multiparty,High-fiber diet,OCP's,BRCA-1 mutation,Bilateral fibroadenomas,D,
Patho-Thorax-Breast-007,2026,Surgery - 7 January (E),Pathology,Thorax,Breast,BRCA-2 is NOT associated with:,Laryngeal carcinoma,Prostate carcinoma,Ovarian Carcinoma,Pancreatic Carcinoma,,A,
Patho-Thorax-Mediastinum-001,2026,Radiology - 6 January (M),Pathology,Thorax,Mediastinum,A 25-year-old patient has a soft tissue mass seen on chest X-ray. The lung fields are clear and there is no lymphadenopathy. The mass is located in the anterior mediastinum. Which of the following is the most likely origin of this mass?,Thymus,Esophagus,Left atrium,Aorta,,A,"The anterior mediastinum houses the ""4 Ts"": Thymoma, Teratoma, Thyroid, Terrible lymphoma. Clear lungs and absence of lymphadenopathy suggest thymic origin rather than cardiac (left atrium) or esophagus (middle mediastinum). Aortic aneurysm can appear, but usually associated with contour change in mediastinal silhouette."
Surg-Thorax-Breast-001,2026,Gynecology - 6 January (M),Surgery,Thorax,Breast,A 35-year-old female with a history of smoking presents with a greenish discharge from her nipples and nipple retraction on examination. This common benign condition is?,Breast Ca,Intraductal Ca,Duct Extasi,Carcinoma in situ,,C,
Surg-Thorax-Breast-002,2026,Gynecology - 6 January (M),Surgery,Thorax,Breast,"During pregnancy, the breast undergoes structural changes to prepare for lactation. Which hormone is primarily responsible for development of alveoli and lobules in the breast?",Estrogen,Progesterone,Prolactin,Oxytocin,hCG,B,
Surg-Thorax-Breast-003,2026,Gynecology - 6 January (M),Surgery,Thorax,Breast,Mother has breast carcinoma. Her daughter wants to know her predisposition. Which test is required?,Mammography,Breast biopsy,FNAC,Ultrasound breast,BRCA1 and BRCA2 mutation testing,E,
Surg-Thorax-Breast-004,2026,Surgery - 7 January (E),Surgery,Thorax,Breast,A lymph node group draining the lateral aspect of the breast is called:,Central lymph nodes,Apical lymph nodes,Lateral lymph nodes,Posterior axillary nodes,Parasternal nodes,C,
Surg-Thorax-Breast-005,2026,Radiology - 5 January (M),Surgery,Thorax,Breast,Lymphatic drainage of the upper outer quadrant of the breast goes to:,Anterior axillary nodes,Parasternal nodes,Supraclavicular nodes,Internal mammary nodes,,A,"Breast Lymph<br>- Axillary lymph nodes - 75%<br>- Internal thoracic (mammary) parastemal - 20%<br>- Posterior intercostal - 5%<br>- Axillary lymph node include Anterior pectoral (Mainly), posterior, central, apical and lateral<br>- Sequence of major lymph node parallel along which vessel – Anterior axillary pectoral<br>- Sequence of lymph node parallel along which vessel - Internal thoracic<br>- Nipple drainage – Ant. axillary (Pectoral)<br>- Upper lateral – Ant. axillary mainly<br>- Lower lateral (Inferior) – Ant. axillary + Sub diaphragmatic + Internal mammary<br>Medial Quadrant -- Mainly to Internal mammary (Internal thoracic)<br>Lower Inner Medial Quadrant -- Inferior Phrenic (Sub Diaphragmatic)<br>Tail of Breast -- Posterior (Scapular) Lymph Node<br>Path of Axillary lymph flow --Anterior and posterior<br>Quadrant of Breast Lymph -- Medial and lateral"
Surg-Thorax-Breast-006,2026,Radiology - 6 January (M),Surgery,Thorax,Breast,Which is the correct anatomical location of breast lymph node levels?,Level I: lateral to pectoralis minor,Level II: posterior to pectoralis minor,Level III: medial to pectoralis minor,All of the above,,D,"Breast Lymph - Axillary lymph nodes - 75% - Internal thoracic (mammary) parasternal - 20% - Posterior intercostal - 5% - Axillary lymph node include Anterior or pectoral (Mainly), posterior, central, apical and lateral - Sequence of major lymph node parallel along which vessel → Anterior axillary to pectoral - Sequence of lymph node parallel along which vessel - Internal thoracic - Nipple drainage → Ant. axillary (Pectoral) - Upper lateral → Ant. axillary mainly - Lower lateral(Inferior) → Ant. axillary + Sub diaphragmatic + Internal mammary"
Surg-Thorax-Breast-007,2026,Radiology - 5 January (M),Surgery,Thorax,Breast,A nurse administration intramuscular injection in the gluteal region. Which site is the safest to avoid damaging the schiatic nerve?,Upper outer quadrant,Upper inner quadrant,Lower outer quadrant,Lower inner quadrant,,A,
Surg-Thorax-Breast-008,2026,Radiology - 5 January (M),Surgery,Thorax,Breast,"26-year-old female with 3x3 cm mobile, non-tender breast mass, positive family history. Next step:",Core biopsy,Mammography,Ultrasound,MRI,,C,
Surg-Thorax-Breast-009,2026,Medicine - 7 January (M),Surgery,Thorax,Breast,"A patient presents with a circumscribed, mobile breast mass. The most likely diagnosis is:",Fibroadenoma,Fibrocystic change,Breast carcinoma,Lipoma,,A,
Surg-Thorax-Pericardiocentesis-001,2026,Radiology - 5 January (M),Surgery,Thorax,Pericardiocentesis,Site of pericardiocentesis:,3rd ICS mid-axillary,4–5th ICS left mid-axillary,6th ICS parasternal,"Lateral to sternum, angled upward",,B,
Med-Toxicology-Poisoning & Antidotes-001,2026,Surgery - 7 January (E),Medicine,Toxicology,Poisoning & Antidotes,Patient brought to ER unconscious there is breathing problem Empty bottle of Aspirin found which one eliminate aspirin from body?,Bicarbonate administration,NH4Cl administration,IV hydration,Diuretic administration,Gastric lavage,A,
Med-Toxicology-Poisoning & Antidotes-002,2026,Surgery - 6 January (E),Medicine,Toxicology,Poisoning & Antidotes,Which of the following is used in the treatment of aspirin (salicylate) toxicity?,Activated charcoal only,Vitamin K,Calcium gluconate,Sodium bicarbonate,,D,
Med-Toxicology-Snake Bite-001,2026,Medicine - 6 January (E),Medicine,Toxicology,Snake Bite,Snake bite patient later develops hemoptysis and dyspnea. Toxin responsible:,Coagulase,Hyaluronidase,Proteases,Metalloproteinases,,D,
Med-Toxicology-Snake Bite-002,2026,Surgery - 6 January (E),Medicine,Toxicology,Snake Bite,A patient bitten by a snake later develops hemoptysis and dyspnea. Which venom toxin most likely caused these hemorrhagic respiratory symptoms?,Metalloproteinases,Insulin,Hyaluronidase,Coagulase,,A,
Peads-Toxicology-Teratogens-001,2026,Gynecology - 5 January (M),Pediatrics,Toxicology,Teratogens,A newborn has limb defects and cleft lip/palate. Maternal drug exposure is suspected. Which drug is responsible?,Mercury,Thalidomide,Valproate,Isotretinoin,,B,
Pharm-Toxicology-Poisoning & Antidotes-001,2026,Medicine - 7 January (M),Pharmacology,Toxicology,Poisoning & Antidotes,Treatment for aspirin toxicity includes:,Administration of activated charcoal,Administration of sodium bicarbonate,Hemodialysis only,IV glucose,,B,
Pharm-Toxicology-Poisoning & Antidotes-002,2026,Medicine - 6 January (E),Pharmacology,Toxicology,Poisoning & Antidotes,Treatment of aspirin toxicity includes administration of:,Calcium gluconate,Sodium bicarbonate,Naloxone,Activated charcoal only,,B,
Pharm-Toxicology-Poisoning & Antidotes-003,2026,Anesthesia - 5 January (M),Pharmacology,Toxicology,Poisoning & Antidotes,A farmer presented with pinpoint pupils and shallow breathing. Which of the following is the treatment for organophosphorus poisoning?,Atropine,Glycopyrrolate,Naloxone,Flumazenil,Sodium bicarbonate,A,SOME IMP ANTIDOTES TO REMEMBER
Pharm-Toxicology-Teratogens-001,2026,Gynecology - 7 January (E),Pharmacology,Toxicology,Teratogens,A 25-year-old woman on oral isotretinoin for severe acne becomes pregnant. What is the major risk to the fetus?,Neural tube defects,Cardiac septal defects,Teratogenic anomalies Due to Vitamin A,,,C,
Pharm-Toxicology-Teratogens-002,2026,Radiology - 5 January (M),Pharmacology,Toxicology,Teratogens,A pregnant lady taking acne treatment delivers a child with cleft palate and cardiac defects. Which drug is responsible?,Isotretinoin,Tetracycline,Phenytoin,Lithium,,A,
Pharm-Toxicology-Teratogens-003,2026,Anesthesia - 5 January (M),Pharmacology,Toxicology,Teratogens,A newborn is born with facial abnormalities. The mother was using treatment for acne. Which of the following is responsible for this defect?,Steroid ointment,Retinoid cream,Ascorbic acid,Vitamin E capsules for face,,B,
Pharm-Toxicology-Teratogens-004,2026,Gynecology - 5 January (M),Pharmacology,Toxicology,Teratogens,"A newborn has craniofacial abnormalities, history reveals the mother used a drug for acne during pregnancy. What is the most likely drug ?",Vitamin A,Estrogen,Steroids,Antibiotics,,A,
Pharm-Toxicology-Teratogens-005,2026,Anesthesia - 5 January (M),Pharmacology,Toxicology,Teratogens,A pregnant lady with epilepsy gave birth to a baby with notocord defect. Which of the following drug is responsible for this condition in baby?,Carbamazepine,Sodium valproate,Phenytoin,Levitracetam,Lorazepam,B,
Med-Transfusion Med-Citrate Toxicity-001,2026,Surgery - 7 January (E),Medicine,Transfusion Medicine,Citrate Toxicity,"After massive blood transfusion, patient develops carpopedal spasm. Cause?",Low calcium,High potassium,High calcium,Low sodium,,A,
Surg-Trauma-Abdomen-001,2026,Medicine - 8 January (M),Surgery,Trauma,Abdomen,"A 35-year-old male presents after a road traffic accident with left hypochondrial pain, hypotension, and signs of intra-abdominal bleeding. X-ray shows fractures of the left 9th and 10th ribs. On laparotomy, massive hemoperitoneum is noted. Which organ is most likely the source of bleeding?",Liver,Spleen,Stomach,Left kidney,,B,
Surg-Trauma-Abdomen-002,2026,Surgery - 7 January (E),Surgery,Trauma,Abdomen,"A patient presents after a road traffic accident with left upper abdominal pain, hypotension, and signs of internal bleeding. Imaging reveals accumulation of blood within the peritoneal cavity. Which organ most likely injured?",Liver (right side),Right kidney,Spleen (left side),Pancreas,,C,
Surg-Trauma-Abdomen-003,2026,Radiology - 5 January (M),Surgery,Trauma,Abdomen,A boy is hit by a cart and develops hypotension. Which organ is most commonly ruptured?,Liver,Pancreas,Kidneys,Spleen,,D,
Surg-Trauma-Abdomen-004,2026,Surgery - 7 January (E),Surgery,Trauma,Abdomen,"A person got a stab wound 3cm vertical on lateral right side of linea alba, initially he was fine but then developed hypotension & shock. Which vessel is most likely damaged.",IVC,Superior mesenteric Artery,Inferior Mesenteric Artery,Abdominal Aorta,Ileal branch of superior mesenteric artery,B,
Surg-Trauma-Abdomen-005,2026,Surgery - 6 January (E),Surgery,Trauma,Abdomen,A patient presents with flank pain and gross hematuria following trauma. What is the most appropriate next investigation?,Complete urine examination,Cystourethroscopy,Ultrasound,Electrocardiogram (ECG),,C,
Surg-Trauma-Abdomen-006,2026,Radiology - 5 January (M),Surgery,Trauma,Abdomen,Which organ is most commonly ruptured in blunt trauma to the left hypochondriac region?,Liver,Spleen,Pancreas,Aorta,,B,
Surg-Trauma-Abdomen-007,2026,Radiology - 6 January (M),Surgery,Trauma,Abdomen,A patient presented in ER after road traffic accident complains of pain in left lower chest with free fluid in abdomen on ultrasonography. Which of the following organ is responsible for this?,Lungs,Stomach,Liver,Spleen,Heart,D,
Surg-Trauma-Abdomen-008,2026,Anesthesia - 5 January (M),Surgery,Trauma,Abdomen,A patient presented in ER after a road traffic accident complaining of pain in the left lower chest. Free fluid is seen in the abdomen on ultrasonography. Which organ is responsible?,Lungs,Stomach,Liver,Spleen,Heart,D,
Surg-Trauma-Burns-001,2026,Surgery - 6 January (E),Surgery,Trauma,Burns,A patient with burns involving 35% of total body surface area presents with hypovolemia. Which type of shock is most likely?,Neurogenic shock,Hypovolemic shock,Septic shock,Psychogenic shock,,B,
Surg-Trauma-Chest-001,2026,Gynecology - 7 January (E),Surgery,Trauma,Chest,Paradoxical movement of a chest wall segment after trauma suggests:,Pulmonary embolism,Cardiac tamponade,Tension pneumothorax,Flail Chest,Massive hemothorax,D,Flail chest results from multiple rib fractures causing a free-floating segment that moves paradoxically. Source: ATLS – Chest trauma
Surg-Trauma-Chest-002,2026,Surgery - 7 January (E),Surgery,Trauma,Chest,Paradoxical movement of a chest segment after trauma suggests:,Pulmonary embolism,Cardiac tamponade,Tension pneumothorax,Flail chest,Massive hemothorax,D,Flail chest results from multiple rib fractures causing a free-floating segment that moves paradoxically.
Surg-Trauma-Kidney-001,2026,Medicine - 6 January (E),Surgery,Trauma,Kidney,A patient presents with flank pain and gross hematuria after trauma. Most appropriate next investigation?,Urine complete examination,Ultrasound,Cytourethroscopy,IV pyelogram,,C,Gross hematuria post-trauma → rule out lower urinary tract injury.
Surg-Trauma-Neck-001,2026,Surgery - 7 January (E),Surgery,Trauma,Neck,A man sustained a stab wound to the neck one year ago. He now notices a swelling on the right side of his neck that becomes more prominent during deep inspiration. The swelling was not present initially but has gradually appeared over time. What is the most likely cause of this swelling?,Excessive bone growth at the site of fracture (callus formation),Hypertrophy of neck fascia,Cervical lung herniation through a fascial defect,Enlarged cervical lymph nodes,Carotid artery aneurysm,C,
Surg-Trauma-Trauma Resuscitation-001,2026,Medicine - 5 January (E),Surgery,Trauma,Trauma Resuscitation,"A road traffic accident patient presents with unconsciousness, tachycardia, and hypotensive shock. Besides initial management, what should be administered?",Diuretics,Steroids,Beta blockers,Calcium supplements,,B,"<div class=""explanation-container""><div class=""explanation-text""><div style=""color:#16a34a;font-weight:800;margin-bottom:6px;"">✔ Correct Answer: Steroids</div><div style=""margin-bottom:8px;""><b>Explanation:</b> In suspected adrenal insufficiency during shock, immediate corticosteroid administration is critical to restore vascular responsiveness to catecholamines and prevent cardiovascular collapse.</div><div style=""margin-bottom:10px;padding:8px 10px;background:#ecfdf5;border-left:4px solid #16a34a;border-radius:6px;""><b>Clinical Pearl:</b> Unexplained shock + trauma → give steroids if adrenal crisis suspected.</div><br><div style=""color:#dc2626;margin-bottom:4px;""><b>✘ Diuretics:</b></div>Worsen hypovolemia.<br><br><div style=""color:#dc2626;margin-bottom:4px;""><b>✘ Beta blockers:</b></div>Contraindicated in shock.<br><br><div style=""color:#dc2626;margin-bottom:4px;""><b>✘ Calcium supplements:</b></div>No role in acute shock management.</div></div></div>"
Surg-Trauma-Trauma Resuscitation-002,2026,Gynecology - 5 January (M),Surgery,Trauma,Trauma Resuscitation,A trauma patient presents with acute hemorrhage. What is the first fluid to be administered?,Colloids,Tranexamic acid,Crystalloids,Blood products,,C,
Surg-Trauma-Triage-001,2026,Surgery - 7 January (E),Surgery,Trauma,Triage,"After a road traffic accident involving multiple victims, a patient is conscious, has fractures and moderate bleeding, but is hemodynamically stable. According to the disaster triage color-coding system, which color tag should be assigned to this patient?",Red,Green,Yellow,Black,Blue,C,"In mass-casualty triage: Red → Immediate life-saving care, Yellow → Delayed treatment (serious injuries but stable), Green → Minor injuries, Black → Dead/expectant."
Surg-Trauma-Triage-002,2026,Medicine - 6 January (E),Surgery,Trauma,Triage,A hemodynamically stable patient with bone fractures after an explosion is classified under which triage color?,Yellow,Red,Green,Black,,A,Stable patients needing delayed care are Yellow (urgent). EMERGENCY: RED - A life-threatening medical condition. Expect to receive immediate attention. ORANGE - A serious medical condition. Expect attention after red patients have been stabilised. YELLOW - Expect attention after red and orange patients have been stabilised. GREEN - You can function without immediate care and will be attended to as soon as possible.
Surg-Trauma-Triage-003,2026,Surgery - 6 January (E),Surgery,Trauma,Triage,What triage color is assigned to a hemodynamically stable patient with bone fractures after an explosion?,Brown,Yellow,Green,Red,,B,
Embryo-Tumors-Sacrococcygeal Teratoma-001,2026,Radiology - 5 January (M),Embryology,Tumors,Sacrococcygeal Teratoma,Sacrococcygeal mass originates from:,Notocord,Neural crest,Primitive streak,Somites,,C,
Ana-Upper-Arm-001,2026,Gynecology - 7 January (E),Anatomy,Upper Limb,Arm,A person lifts heavy weight and develops severe forearm pain. Which muscle inserts into the radial tuberosity?,Brachialis,Biceps brachii,Supinator,Pronator teres,,B,
Ana-Upper-Brachial Plexus-001,2026,Surgery - 7 January (E),Anatomy,Upper Limb,Brachial Plexus,A man presents with numbness on the medial side of his hand and forearm. You also notice compromised blood supply to the forearm. What is the most likely cause?,Cervical rib,First thoracic rib,Second thoracic rib,Pancoast tumor,,A,"Cervical Rib (arising from the C7 vertebra. is a classic cause of Thoracic Outlet Syndrome, where it compresses both the lower brachial plexus and the subclavian artery, causing both neurological (numbness/pain. and vascular (compromised blood supply) symptoms."
Ana-Upper-Brachial Plexus-002,2026,Surgery - 6 January (E),Anatomy,Upper Limb,Brachial Plexus,Weakness of the intrinsic hand muscles accompanied by vascular compromise suggests injury at which anatomical level?,Thoracic vertebrae,Cervical vertebrae,Axilla,Knee,,C,
Ana-Upper-Brachial Plexus-003,2026,Medicine - 5 January (E),Anatomy,Upper Limb,Brachial Plexus,"A 30 year old man falls from height and Landing on the shoulder causes a ""waiter's tip"" arm posture (adducted, internally rotated, pronated). Which brachial plexus part is most likely injured?",Upper trunk (C5-C6),Lower trunk (C8-T1),Posterior cord,Lateral cord,Roots of C7,A,"<div class=""explanation-container""><div class=""explanation-text""><div style=""color:#16a34a;font-weight:800;margin-bottom:6px;"">✔ Correct Answer: Upper trunk (C5-C6)</div><div style=""margin-bottom:8px;""><b>Explanation:</b> ""Waiter’s tip"" posture is classic for Erb-Duchenne palsy due to injury to the upper trunk (C5-C6).</div><div style=""margin-bottom:10px;padding:8px 10px;background:#ecfdf5;border-left:4px solid #16a34a;border-radius:6px;""><b>Clinical Pearl:</b> Erb palsy = arm adducted, internally rotated, pronated.</div><br><div style=""color:#dc2626;margin-bottom:4px;""><b>✘ Lower trunk:</b></div>Causes Klumpke palsy (claw hand).<br><br><div style=""color:#dc2626;margin-bottom:4px;""><b>✘ Posterior cord:</b></div>Affects extensors but not classic posture.<br><br><div style=""color:#dc2626;margin-bottom:4px;""><b>✘ Lateral cord:</b></div>Not typical presentation.</div></div></div>"
Ana-Upper-Brachial Plexus-004,2026,Radiology - 5 January (M),Anatomy,Upper Limb,Brachial Plexus,A patient presents with weakness and sensory deficits in hand involvingg both the ulnar and median nerve distributions. There is no involvement of radial nerve function?,Lateral cord,Medial cord,Posterior cord,Upper trunk,,B,
Ana-Upper-Elbow-001,2026,Radiology - 6 January (M),Anatomy,Upper Limb,Elbow,Which is the correct order of cubital fossa contents from medial to lateral?,Median nerve → Brachial artery → Tendon of biceps,Tendon of biceps → Brachial artery → Median nerve,Median nerve → Tendon of biceps → Brachial artery,Brachial artery → Tendon of biceps → Median nerve,,A,
Ana-Upper-Elbow-002,2026,Radiology - 5 January (M),Anatomy,Upper Limb,Elbow,Injury near lateral epicondyle of humerus causes:,Weak wrist flexion,Weak wrist extension,Weak elbow flexion,Weak shoulder flexion,,B,
Ana-Upper-Forearm-001,2026,Medicine - 5 January (E),Anatomy,Upper Limb,Forearm,"Which muscle remains functional during a deep radial nerve injury, thereby preventing a total wrist drop?",Extensor carpi ulnaris,Extensor digitorum,Brachioradialis,Extensor carpi radialis longus,,D,"<div class=""explanation-container""><div class=""explanation-text""><div style=""color:#16a34a;font-weight:800;margin-bottom:6px;"">✔ Correct Answer: Extensor carpi radialis longus</div><div style=""margin-bottom:8px;""><b>Explanation:</b> In deep radial nerve injury, extensor carpi radialis longus may be spared as it is innervated before the nerve divides, allowing partial wrist extension.</div><div style=""margin-bottom:10px;padding:8px 10px;background:#ecfdf5;border-left:4px solid #16a34a;border-radius:6px;""><b>Clinical Pearl:</b> ECRL preservation prevents complete wrist drop.</div><br><div style=""color:#dc2626;margin-bottom:4px;""><b>✘ Extensor carpi ulnaris:</b></div>Innervated by posterior interosseous nerve, affected.<br><br><div style=""color:#dc2626;margin-bottom:4px;""><b>✘ Extensor digitorum:</b></div>Also supplied by posterior interosseous nerve.<br><br><div style=""color:#dc2626;margin-bottom:4px;""><b>✘ Brachioradialis:</b></div>May be weak depending on lesion level.</div></div></div>"
Ana-Upper-Forearm-002,2026,Medicine - 7 January (M),Anatomy,Upper Limb,Forearm,A patient with a fracture of the anatomical snuffbox accompanied by bleeding most likely has injury to:,Ulnar artery,Radial artery,Brachial artery,Superficial palmar arch,,B,
Ana-Upper-Hand-001,2026,Medicine - 5 January (E),Anatomy,Upper Limb,Hand,A blow to the dorsal surface of the wrist joint might damage which tendon in the second compartment of the extensor retinaculum?,Abductor pollicis brevis,Extensor carpi radialis Longus,Flexor carpi radialis brevis,Extensor pollicis brevis,,B,"<div class=""explanation-container""><div class=""explanation-text""><div style=""color:#16a34a;font-weight:800;margin-bottom:6px;"">✔ Correct Answer: Extensor carpi radialis longus</div><div style=""margin-bottom:8px;""><b>Explanation:</b> The second compartment of the extensor retinaculum contains extensor carpi radialis longus and brevis tendons.</div><div style=""margin-bottom:10px;padding:8px 10px;background:#ecfdf5;border-left:4px solid #16a34a;border-radius:6px;""><b>Clinical Pearl:</b> 2nd compartment = ECRL + ECRB.</div><br><div style=""color:#dc2626;margin-bottom:4px;""><b>✘ Abductor pollicis brevis:</b></div>1st compartment.<br><br><div style=""color:#dc2626;margin-bottom:4px;""><b>✘ Flexor carpi radialis brevis:</b></div>Not in extensor compartment.<br><br><div style=""color:#dc2626;margin-bottom:4px;""><b>✘ Extensor pollicis brevis:</b></div>1st compartment.</div></div></div>"
Ana-Upper-Hand-002,2026,Medicine - 8 January (M),Anatomy,Upper Limb,Hand,"A young athlete falls on an outstretched hand and later presents with wrist pain, reduced grip strength, and instability of the carpal bones. Imaging shows disruption of the central stabilizing bone of the proximal carpal row. Which bone is most likely injured?",Scaphoid,Lunate,Hamate,Pisiform,,B,"The lunate is the key stabilizer of the proximal carpal row. Injury or dislocation of the lunate leads to carpal instability, altered wrist mechanics, and possible median nerve compression."
Ana-Upper-Lymphatics-001,2026,Surgery - 7 January (E),Anatomy,Upper Limb,Lymphatics,Lymph nodes located along the anterior axillary fold are called:,Central,Apical,Posterior axillary,Anterior axillary lymph node,Lateral,D,
Ana-Upper-Lymphatics-002,2026,Surgery - 7 January (E),Anatomy,Upper Limb,Lymphatics,First web lymphatic drainage is:,Supraclavicular,Infraclavicular,Epitrochlear,Lateral axillary,,B,First and second web space along cephalic vein drain into Infraclavicular 3rd and 4th web space along basilic vein drain into Epitrochlear.<br>Thumb and index finger drains into Infraclavicular lymph nodes.<br>Middle/ring/little finger drains into Supraclavicular lymph nodes.
Ana-Upper-Nerves-001,2026,Gynecology - 6 January (M),Anatomy,Upper Limb,Nerves,"A 30-year-old man falls directly onto his right shoulder. After the injury, he is unable to abduct his arm beyond 15°, though he can flex and extend the elbow normally. On examination, there is flattening of the shoulder contour and loss of sensation over the lateral aspect of the upper arm. Which nerve is most likely injured?",Axillary nerve,Suprascapular nerve,Musculocutaneous nerve,Radial nerve,Long thoracic nerve,A,
Ana-Upper-Nerves-002,2026,Radiology - 6 January (M),Anatomy,Upper Limb,Nerves,"A 30-year-old man falls directly onto his right shoulder. After the injury, he is unable to abduct his arm beyond 15°, though he can flex and extend the elbow normally. On examination, there is flattening of the shoulder contour and loss of sensation over the lateral aspect of the upper arm. Which nerve is most likely injured?",Axillary nerve,Suprascapular nerve,Musculocutaneous nerve,Radial nerve,Long thoracic nerve,A,
Ana-Upper-Nerves-003,2026,Medicine - 8 January (M),Anatomy,Upper Limb,Nerves,A patient sustains a mid-shaft humeral fracture. Numbness is noted over a small area on the posterior forearm. Which nerve is most likely involved?,Palmar aspect of thumb,Dorsal aspect of hand,Small strip on posterior forearm,Medial arm,,C,
Ana-Upper-Nerves-004,2026,Surgery - 6 January (E),Anatomy,Upper Limb,Nerves,An ape-hand deformity results from a lesion of which peripheral nerve?,Femoral nerve,Median nerve,Radial nerve,Ulnar nerve,,B,
Ana-Upper-Nerves-005,2026,Radiology - 6 January (M),Anatomy,Upper Limb,Nerves,Patient with ape hand deformity. Diagnosis:,Median nerve,Ulnar nerve,Musculocutaneous nerve,Radial nerve,,A,Median nerve injury → loss of Aur muscles → ape hand deformity.
Ana-Upper-Nerves-006,2026,Radiology - 6 January (M),Anatomy,Upper Limb,Nerves,A patient injures her wrist in a suicide attempt and now cannot make a fist. Which nerve is most likely injured?,Median nerve,Ulnar nerve,Radial nerve,Musculocutaneous nerve,,A,"Median nerve injury at wrist → thenar weakness, loss of flexion at lateral 3 fingers (lumbricals I & II). Ulnar nerve → medial 1.5 fingers; radial nerve → wrist/finger extension."
Ana-Upper-Nerves-007,2026,Medicine - 6 January (E),Anatomy,Upper Limb,Nerves,Patient with ape hand deformity due to lesion of,Median nerve,Ulnar nerve,Musculocutaneous nerve,Radial nerve,,A,Median nerve injury → loss of thenar muscles → ape hand deformity.
Ana-Upper-Nerves-008,2026,Medicine - 6 January (E),Anatomy,Upper Limb,Nerves,Inability to flex the elbow indicates injury to:,Radial nerve,Median nerve,Musculocutaneous nerve,Ulnar nerve,,C,Biceps & brachialis → musculocutaneous nerve.
Ana-Upper-Nerves-009,2026,Surgery - 6 January (E),Anatomy,Upper Limb,Nerves,Loss of elbow flexion indicates injury to which nerve?,Musculocutaneous nerve,Radial nerve,Ulnar nerve,Accessory nerve,,A,
Ana-Upper-Nerves-010,2026,Anesthesia - 5 January (M),Anatomy,Upper Limb,Nerves,A patient presented with weakness of adduction of thumb and weakness of thenar eminence. Which nerve is involved?,Median nerve,Ulnar nerve,Radial nerve,Musculocutaneous nerve,Axillary nerve,A,
Ana-Upper-Nerves-011,2026,Surgery - 7 January (E),Anatomy,Upper Limb,Nerves,A patient presents with weakness during supination and flexion of the elbow. Which nerve is most likely injured?,Musculocutaneous nerve,Radial nerve,Median nerve,Ulnar nerve,Axillary nerve,A,
Ana-Upper-Nerves-012,2026,Radiology - 5 January (M),Anatomy,Upper Limb,Nerves,"A patient presents with inability to extend the wrist and fingers, resulting in a characteristic ""wrist drop."" Which nerve is most likely injured?",Ulnar nerve,Median nerve,Radial nerve,Axillary nerve,,C,
Ana-Upper-Nerves-013,2026,Medicine - 7 January (M),Anatomy,Upper Limb,Nerves,Winging of the scapula is caused by injury to:,Spinal accessory nerve,Long thoracic nerve,Dorsal scapular nerve,Suprascapular nerve,,B,
Ana-Upper-Nerves-014,2026,Medicine - 7 January (M),Anatomy,Upper Limb,Nerves,A patient with axillary injury present with loss of index finger flexion and decreased sensation on the lateral palm. Which nerve is affected?,Ulnar nerve,Radial nerve,Median nerve,Musculocutaneous nerve,,C,
Ana-Upper-Nerves-015,2026,Medicine - 8 January (M),Anatomy,Upper Limb,Nerves,"After a shoulder injury, a patient cannot abduct the arm above 15° and has numbness over the lateral shoulder (""regimental badge"" area). Which nerve is affected?",Radial nerve,Axillary nerve,Musculocutaneous nerve,Suprascapular nerve,,B,
Ana-Upper-Nerves-016,2026,Surgery - 7 January (E),Anatomy,Upper Limb,Nerves,"A patient presents with difficulty raising the arm. On examination, the medial border of the scapula protrudes posteriorly when pushing against a wall. Which condition is this, and which nerve is most likely injured?",Erb palsy – upper trunk of brachial plexus,Winged scapula – long thoracic nerve,Frozen shoulder – axillary nerve,Rotator cuff tear – suprascapular nerve,Clavicle fracture – subclavian nerve,B,"Winged scapula occurs due to injury to the long thoracic nerve, which innervates the serratus anterior muscle. The serratus anterior stabilizes the scapula against the thoracic wall; its paralysis allows the medial border to protrude, especially during arm elevation."
Ana-Upper-Nerves-017,2026,Radiology - 5 January (M),Anatomy,Upper Limb,Nerves,Adduction of the thumb is affected due to lesion of which nerve?,Median Nevre,Ulnar Nerve,Radial Nerve,Musculocutaneous Nerve,,B,
Ana-Upper-Shoulder-001,2026,Medicine - 6 January (E),Anatomy,Upper Limb,Shoulder,A patient with a history of breast surgery is unable to abduct the arm above the head. Which muscle is most likely injured?,Pect minor,Trapezius,Serratus anterior,Latissimus dorsi,,C,
Ana-Upper-Shoulder-002,2026,Surgery - 6 January (E),Anatomy,Upper Limb,Shoulder,"A young boy has difficulty initiating shoulder abduction between 0° and 30°, with the rest of the exam normal. Which muscle is most likely affected?",Deltoid,Supraspinatus,Quadriceps femoris,Subscapularis,,B,
Ana-Upper-Shoulder-003,2026,Surgery - 7 January (E),Anatomy,Upper Limb,Shoulder,A man cannot laterally rotate his shoulder after a posterior shoulder trauma. Which muscle is likely injured?,Supraspinatus,Infraspinatus,Teres major,Subscapularis,,B,
Ana-Upper-Shoulder-004,2026,Surgery - 6 January (E),Anatomy,Upper Limb,Shoulder,"After prior breast surgery, a patient cannot abduct the arm above the head. Which muscle is most likely injured?",Serratus anterior,Trapezius,Gastrocnemius,Pectoralis minor,,A,
Ana-Upper-Shoulder-005,2026,Medicine - 5 January (E),Anatomy,Upper Limb,Shoulder,"A patient cannot actively initiate arm abduction up to 15 degrees, but can abduct further after passive assistance. Which muscle is damaged?",Supraspinatus,Infraspinatus,Deltoid,Serratus anterior,,A,"<div class=""explanation-container""><div class=""explanation-text""><div style=""color:#16a34a;font-weight:800;margin-bottom:6px;"">✔ Correct Answer: Supraspinatus</div><div style=""margin-bottom:8px;""><b>Explanation:</b> Supraspinatus initiates the first 15° of arm abduction; deltoid continues abduction beyond this range.</div><div style=""margin-bottom:10px;padding:8px 10px;background:#ecfdf5;border-left:4px solid #16a34a;border-radius:6px;""><b>Clinical Pearl:</b> First 15° = supraspinatus; beyond = deltoid.</div><br><div style=""color:#dc2626;margin-bottom:4px;""><b>✘ Infraspinatus:</b></div>External rotation muscle.<br><br><div style=""color:#dc2626;margin-bottom:4px;""><b>✘ Deltoid:</b></div>Main abductor after 15°.<br><br><div style=""color:#dc2626;margin-bottom:4px;""><b>✘ Serratus anterior:</b></div>Scapular rotation.</div></div></div>"
Ana-Upper-Shoulder-006,2026,Medicine - 6 January (E),Anatomy,Upper Limb,Shoulder,"Young boy with difficulty abducting arm 0–30°, rest normal. Muscles affected:",Subscapularis,Supraspinatus,Deltoid,Trapezius,,B,Up to 15 degrees = Supraspinatus<br>15 to 90 degrees = Deltoid<br>Beyond 90 degrees = Serratus anterior and Trapezius
Ana-Upper-Shoulder-007,2026,Gynecology - 6 January (M),Anatomy,Upper Limb,Shoulder,Difficulty initiating shoulder abduction from 0° to 15° suggests damage to which muscle-nerve pair?,Supraspinatus muscle,Deltoid muscle,Serratus anterior,Biceps brachii,,A,
Ana-Upper-Shoulder-008,2026,Anesthesia - 5 January (M),Anatomy,Upper Limb,Shoulder,The medial border of the scapula is held in position due to which of the following muscles?,Pectoralis major,Rhomboids,Serratus anterior,Trapezius,Subscapularis,C,
Ana-Uro-Prostate-001,2026,Surgery - 7 January (E),Anatomy,Urology,Prostate,Digital rectal examination primarily assesses which part of the prostate?,Anterior lobe,Median lobe,Lateral lobe,Posterior lobe,Apex,D,
Ana-Uro-Prostate-002,2026,Radiology - 5 January (M),Anatomy,Urology,Prostate,Most common site of BPH:,Transitional zone,Central + Transitional zone,Peripheral zone,Peripheral + Transitional zone,,B,
Med-Uro-Prostate-001,2026,Medicine - 7 January (M),Medicine,Urology,Prostate,An elderly male with difficulty starting and stopping urination most likely has pathology in:,Ureter,Bladder,Prostate,Urethra,,C,
Med-Uro-Renal Tumors-001,2026,Medicine - 7 January (M),Medicine,Urology,Renal Tumors,"A patient presents with flank pain, a palpable mass, and hematura. The most likely diagnosis is:",Wilms tumor,RCC,Transitional carcinoma,Polycystic kidney,,B,
Patho-Uro-Prostate-001,2026,Gynecology - 5 January (M),Pathology,Urology,Prostate,Prostate adenocarcinoma most commonly arises from which zone of the prostate?,Central zone,Transitional zone,Anterior fibromuscular zone,Posterior (peripheral) zone,,D,#NAME?
Peads-Uro-Hydrocele-001,2026,Gynecology - 5 January (M),Pediatrics,Urology,Hydrocele,"A 2-year-old boy presents with a painless scrotal swelling. On examination, the swelling transilluminates. What is the most likely cause of hydrocele?",Patent processus vaginalis,Tunica vaginalis,Testicular trauma,Epididymal cyst,,A,Most congenital hydroceles due to patent processus vaginalis.
Surg-Uro-Benign Prostatic Hyperplasia-001,2026,Medicine - 6 January (E),Surgery,Urology,Benign Prostatic Hyperplasia,"A 75-year-old man has frequency, urgency, nocturia, difficulty in voiding. Organ involved?",Urinary bladder,Prostate,Urethra,Kidney,,B,
Surg-Uro-Benign Prostatic Hyperplasia-002,2026,Medicine - 8 January (M),Surgery,Urology,Benign Prostatic Hyperplasia,"A 75-year-old man reports urinary urgency, frequency, and nocturia, but denies dysuria or hematuria. On digital rectal exam, his prostate is symmetrically enlarged and non-tender. What is the most likely diagnosis?",Prostate carcinoma,Acute prostatitis,Benign Prostatic Hyperplasia (BPH),Neurogenic bladder,,C,"BPH commonly presents in elderly men with lower urinary tract symptoms due to bladder outlet obstruction. Symmetrical, firm enlargement without tenderness or nodules differentiates it from prostate cancer or prostatitis."
Surg-Uro-Benign Prostatic Hyperplasia-003,2026,Surgery - 6 January (E),Surgery,Urology,Benign Prostatic Hyperplasia,"A 77-year-old man presents with urinary frequency, urgency, nocturia, and difficulty voiding. Which organ is most likely involved?",Urinary bladder,Liver,Urethra,Prostate,,D,
Surg-Uro-Hydrocele-001,2026,Radiology - 5 January (M),Surgery,Urology,Hydrocele,Scrotal swelling with positive transilumination. Cause?,Tunica albuginea,Gubernaculum,Processus vaginalis,Epididymis,,C,
Surg-Uro-Infertility-001,2026,Gynecology - 5 January (M),Surgery,Urology,Infertility,A semen analysis shows reduced sperm motility. Which value confirms asthenospermia?,Motility <40%,Count <15 million/ml,Morphology <4%,Volume <1.5 ml,,A,Normal motility ≥40%; less indicates asthenospermia.
Surg-Uro-Infertility-002,2026,Gynecology - 5 January (M),Surgery,Urology,Infertility,"A 35-year-old male presents for fertility evaluation. Semen analysis shows sperm count 10 million/mL, motility 14%, morphology 12%. What is the diagnosis?",Asthenozoospermia,Teratozoospermia,Oligospermia,Oligoasthenoteratozoospermia,,D,All three variables disturbed.
Surg-Uro-Infertility-003,2026,Gynecology - 5 January (M),Surgery,Urology,Infertility,A male patient undergoing infertility evaluation is advised repeat semen analysis for confirmation. Semen analysis is repeatedly done after how many weeks?,12 weeks,10 weeks,9 weeks,,,A,Spermatogenic cycle takes 64-74 days; repeat after 3 months.
Surg-Uro-Kidney-001,2026,Radiology - 5 January (M),Surgery,Urology,Kidney,Kidney transplantation is usually done in:,Iliac fossa,Lumbar region,Hypogastric region,Pelvic cavity,,A,
Surg-Uro-Kidney-002,2026,Radiology - 6 January (M),Surgery,Urology,Kidney,A patient is hit at the flank region and presents to emergency with gross hematuria. Best investigation at this stage?,CT pelvis,Cytourethroscopy,MRI,Intravenous urography,,B,
Surg-Uro-Prostate-001,2026,Radiology - 6 January (M),Surgery,Urology,Prostate,"A 75-year-old man presents with urinary hesitancy, weak stream, and nocturia and weight loss. Digital rectal exam reveals hard, nodular prostate. Most likely diagnosis?",Benign prostatic hyperplasia,Prostate carcinoma,Prostatitis,Bladder cancer,,B,"Prostate carcinoma → common in elderly men, often in peripheral zone (detected on DRE). PSA may be elevated; may metastasize to bone."
Surg-Uro-Urethra-001,2026,Gynecology - 5 January (M),Surgery,Urology,Urethra,A patient presents with a urethral mass that bleeds on touch. Histopathology shows both transitional and squamous epithelium. Most likely diagnosis?,Squamous cell carcinoma,Transitional cell carcinoma,Carcinoma in situ,Papilloma,,A,
Patho-Vascular-Arteriolosclerosis-001,2026,Surgery - 6 January (E),Pathology,Vascular System,Arteriolosclerosis,A 55-year-old man with long-standing uncontrolled hypertension has progressive visual impairment and worsening renal function. Which vascular structure is primarily involved in hypertensive injury to both the retina and the kidneys?,Lymphatic vessels,Venules,Arterioles,Capillaries,,C,
Patho-Vascular-Vascular Disorders-001,2026,Medicine - 8 January (M),Pathology,Vascular System,Vascular Disorders,Echocardiography shows thickened left ventricular walls due to chronic hypertension. Which term best describes this?,Dilatation,Atrophy,Hypertrophy,Hyperplasia,,C,
Patho-Vascular-Vascular Disorders-002,2026,Medicine - 6 January (E),Pathology,Vascular System,Vascular Disorders,A 55-year-old man with long-standing uncontrolled hypertension presents with gradual visual impairment and declining renal function. Which vascular structure is primarily involved in the pathogenesis of hypertensive damage to the retina and kidneys?,Large elastic arteries,Capillaries,Arterioles,Venules,,C,
Patho-Vascular-Vascular Disorders-003,2026,Surgery - 7 January (E),Pathology,Vascular System,Vascular Disorders,A patient presents with recurrent episodes of epistaxis. Examination reveals multiple mucocutaneous telangiectasias and evidence of arteriovenous malformations. What is the most likely diagnosis?,Vasculitis,Hemophilia,Osler-Weber-Rendu syndrome,Disseminated intravascular coagulation (DIC),Systemic lupus erythematosus,C,"Osler-Weber-Rendu syndrome (hereditary hemorrhagic telangiectasia) is characterized by:<br>- Recurrent epistaxis<br>- Mucocutaneous telangiectasia<br>- Arteriovenous malformations (lungs, liver, brain)<br>- It is an autosomal dominant vascular disorder."
Patho-Vascular-Vascular Disorders-004,2026,Surgery - 6 January (E),Pathology,Vascular System,Vascular Disorders,A patient presents with recurrent epistaxis and a positive family history. Which diagnosis is most likely?,Angiofibroma of the nose,Migraine,Von Willebrand disease,Osler–Weber–Rendu syndrome,,D,
Patho-Vascular-Vascular Disorders-005,2026,Medicine - 7 January (M),Pathology,Vascular System,Vascular Disorders,A patient with long-standing atherosclerotic plaques is found have calcification within the arterial wall despite normal serum calcium and phosphate levels. This type of calcification is best described as:,Metastatic calcification,Dystrophic calcification,Calcinosis Universalis,Metabolic calcification,,B,
Patho-Vascular-Vascular Disorders-006,2026,Radiology - 5 January (M),Pathology,Vascular System,Vascular Disorders,"Asthma, eosinophilia, and vasculitis is characteristic of:",Churg-Strauss syndrome,Wegener’s granulomatosis,Microscopic polyangiitis,Polyarteritis nodosa,,A,
Patho-Vascular-Vascular Disorders-007,2026,Radiology - 6 January (M),Pathology,Vascular System,Vascular Disorders,An asthmatic patient presents with eosinophilia and involvement of branches of the aorta. Which condition is most likely?,Wegener's granulomatosis,Churg-Strauss syndrome,Hypersensitive vasculitis,Polyarteritis nodosa,Aortitis,B,"Churg-Strauss features asthma, eosinophilia, and systemic vasculitis affecting small-to-medium vessels, sometimes including aortic branches. Wegener's (GPA. typically affects upper/lower respiratory tract and kidneys without asthma."
Microbio-Virology-Herpesviruses-001,2026,Anesthesia - 5 January (M),Microbiology,Virology,Herpesviruses,"A 35-year-old man with HIV infection (CD4 count 50) presented with profuse watery diarrhea for three weeks associated with fever, weight loss, and abdominal cramps. Colonoscopy shows linear ulcers in the colon and biopsy reveals owl-eye intranuclear inclusions in stromal cells. What is the likely organism responsible?",EBV,CMV,Campylobacter jejuni,Amoebiasis,Pneumocystis jirovecii,B,
Microbio-Virology-Herpesviruses-002,2026,Surgery - 6 January (E),Microbiology,Virology,Herpesviruses,"A patient presents with fever, weight loss, and sore throat; histology shows atypical lymphocytosis. What is the most likely diagnosis?",CMV,Appendicitis,Infectious mononucleosis,Acute pharyngitis,,C,
Microbio-Virology-Herpesviruses-003,2026,Gynecology - 7 January (E),Microbiology,Virology,Herpesviruses,"Varicella-zoster virus rash with ""dew drops on rose petals"" appearance is seen in:",Measles,Chickenpox (varicella),Rubella,Scarlet fever,,B,Varicella presents with vesicles on erythematous base (dew drops on rose petals). Reference: Harrison Infectious Diseases; Jawetz Microbiology
Microbio-Virology-Liver-001,2026,Gynecology - 7 January (E),Microbiology,Virology,Liver,A patient develops raised liver enzymes (3× normal) after blood transfusion. Which virus is most commonly responsible?,Hepatitis B,Cytomegalovirus,Hepatitis C,Hepatitis A,,C,
Microbio-Virology-Liver-002,2026,Gynecology - 7 January (E),Microbiology,Virology,Liver,A patient is diagnosed with active Hepatitis B infection. Which of the following serological markers indicates active infection that typically requires treatment?,HBsAg positive and HBeAg positive,HBsAg positive and Anti-HBe positive,Anti-HBs positive and Anti-HBc IgG positive,Anti-HBs positive only,HBeAg negative and Anti-HBc IgM positive,A,
Microbio-Virology-Liver-003,2026,Radiology - 5 January (M),Microbiology,Virology,Liver,HBeAg in a person indicates:,Acute infection,Chronic infection,Viral replication and infectivity,Past infection,,C,
Microbio-Virology-Liver-004,2026,Radiology - 6 January (M),Microbiology,Virology,Liver,"A pregnant woman has abdominal pain. Labs: HBsAg negative, Anti-HBc IgG positive, HBcAg negative. What is the mechanism behind this serological pattern?",Vaccination against HBV,Chronic carrier of HBV,Previous exposure to HBV,Acute HBV infection,Immunization failure,C,"Anti-HBc positive with HBsAg negative indicates past HBV infection. She has developed immunity, not an active infection."
Microbio-Virology-Liver-005,2026,Radiology - 6 January (M),Microbiology,Virology,Liver,"A patient has ALT and AST raised by, without hepatosplenomegaly or anemia. Which virus is most likely responsible?",CMV,Hepatitis A,Hepatitis B,Hepatitis C,Hepatitis D,B,
Microbio-Virology-Viral exanthems-001,2026,Surgery - 6 January (E),Microbiology,Virology,Viral exanthems,A patient has painful nodules on the shins and a lacy reticular pattern on the buccal mucosa. Which virus is associated with this condition?,Norovirus,EBV,CMV,Hepatitis B,,D,
Med-Vitals-Temperature Measurement-001,2026,Anesthesia - 5 January (M),Medicine,Vitals,Temperature Measurement,"Regarding temperature measurement in clinical practice, which of the following statements is CORRECT?",Thermostats are based on change in electrical resistance with temperature,Thermocouples generate voltage due to Seebeck effect,Mercury-in-glass thermometers use expansion of liquid metal,Platinum resistance thermometers are highly accurate and stable,Thermistors are not used after 3 months due to loss of sensitivity,A,
,,,,,,,,,,,,,
,2025,Medicine - 4 August (E),Anatomy,Head & Neck,,"A 42-year-old woman undergoes a total thyroidectomy for multinodular goitre. On the first postoperative day she notices that her voice is weak and has a new, high-pitched quality when attempting to sing or speak on higher notes. On laryngoscopic exam the vocal cord mobility is preserved but the patient cannot tense the ipsilateral vocal cord. Which nerve was most likely injured during surgery?",Recurrent laryngeal nerve,Internal branch of the superior laryngeal nerve,External branch of the superior laryngeal nerve (EBSLN),Hypoglossal nerve,Glossopharyngeal nerve,C,"<span style=""color: #2e7d32""><b>Option C Correct</b></span>
EBSLN supplies the cricothyroid muscle → tenses vocal cord for high pitches; injury → weak, high-pitched voice but preserved mobility (recurrent laryngeal intact).

<b>Option A:</b> Recurrent laryngeal causes cord paralysis/immobility.

<b>Option B:</b> Internal branch of superior laryngeal is sensory to supraglottis → loss would give sensory change, not inability to tense.

<b>Option D:</b> Hypoglossal affects tongue movement.

(Memory: ""external = extra tension → cricothyroid"")."
,,,,Breast,,"A 24-year-old woman presents with a 1.5 cm, painless, firm, well-circumscribed breast lump discovered incidentally. It is non-tender, rubbery, and moves freely under the skin; ultrasound shows a homogeneous, oval lesion with smooth margins. Which is the most likely diagnosis?",Invasive ductal carcinoma,Fibroadenoma,Phyllodes tumour,Fat necrosis,Mammary papilloma,B,
,,,,,,A medical student studying pelvic anatomy is asked which structure passes through the greater sciatic foramen and effectively divides it into spaces. Which structure performs this role?,Superior gluteal bundle,Obturator internus tendon,Sciatic nerve,Piriformis muscle,Pudendal nerve,D,
,,,,,,"After blunt thoracoabdominal trauma, a patient develops abdominal viscera herniation through a posterolateral defect in the diaphragm. Which anatomical region of the diaphragm is involved?",Esophageal (hiatus) opening,Central tendon,Lumbocostal (Bochdalek) triangle posterolateral defect,Sternocostal (Morgagni) area parasternal,Foramen of vena cava,C,
,,,,,,A 6-year-old presents with hearing difficulty and recurrent ear pain. Otoscopic exam shows a retracted tympanic membrane with decreased mobility and a dull appearance; there is conductive hearing loss on audiometry. Which of the following is the most likely underlying cause?,Otosclerosis of the ossicles,Chronic suppurative otitis media with perforation,Eustachian tube dysfunction causing negative middle-ear pressure,Labyrinthitis,Sensorineural hearing loss from congenital malformation,C,
,,,,,,"A neonate is noted to have poor feeding, vomiting, hypotonia, and a urine odor described by the parents as sweet or like burnt sugar. Newborn screening suggests an inborn error of branched-chain metabolism. Which enzyme deficiency best explains the presentation?",Phenylalanine hydroxylase,Branched-chain dehydrogenase (BCKDH) complex,Homogentisate oxidase,Methylmalonyl-CoA mutase,Pyruvate carboxylase,B,
,,,,,,A young adult presents with recurrent lactic acidosis and neurologic symptoms. Laboratory workup suggests impaired decarboxylation of pyruvate. Supplementation with which vitamin is most likely to improve activity of the deficient enzyme?,Pyridoxine (B6),Riboflavin (B2),Thiamine (B1),Niacin (B3),Biotin (B7),C,
,,,,,,A pathology slide from an oral mucosal biopsy demonstrates marked thickening of the prickle-cell layer (with widened intercellular bridges) but no hyperkeratosis. Which epidermal layer is primarily involved in this change described as acanthosis?,Stratum basale,Stratum spinosum,Stratum granulosum,Stratum corneum,Stratum lucidum,B,
,,,,,,A 38-year-old sedentary man with a BMI of 32 presents with velvety hyperpigmented plaques in the posterior neck fold that developed over months. He reports increased thirst and occasional blurred vision. Which initial laboratory test is most appropriate to evaluate the likely underlying abnormality?,Serum thyroid-stimulating hormone (TSH),Fasting blood glucose,Serum cortisol,Complete blood count (CBC),Anti-nuclear antibody (ANA),B,
,,,,,,On a cross-sectional neuroanatomy exam you are asked: the sacral spinal cord segments S2-S4 are located opposite which vertebral level in the adult (due to differential growth of spinal cord and vertebral column)?,L1-L2 vertebrae,T11-T12 vertebrae,L4-L5 vertebrae,S2-S4 vertebrae,T9-T10 vertebrae,A,
,,,,,,"A 7-year-old child presents with notched, peg-shaped upper central incisors, decreased hearing, and a history of recurrent conjunctivitis with corneal clouding. Which congenital infection is most consistent with this triad?",Congenital Rubella,Congenital Syphilis,Congenital Toxoplasmosis,Congenital Cytomegalovirus,Ectodermal Dysplasia,B,
,,,,,,A patient with marked hypoalbuminemia secondary to nephrotic syndrome develops generalized edema and increased total body sodium and water. Which mechanism best explains the sodium retention seen in this setting?,Decreased plasma oncotic pressure leading to intravascular volume depletion and secondary activation of the renin-angiotensin-aldosterone system (RAAS),Direct renal tubular damage causing sodium retention,Primary increase in atrial natriuretic peptide (ANP) secretion,Increased capillary hydrostatic pressure from congestive heart failure,Increased interstitial oncotic pressure pulling sodium into tissues,A,
,,,,,,"A 10-month-old infant presents with intermittent severe abdominal pain causing crying and drawing up of the legs, vomiting, and passage of red, mucus-streaked currant-jelly stool. Abdominal ultrasound shows a target sign; contrast enema demonstrates a string of contrast narrowing. What is the most likely diagnosis?",Volvulus,Meckel diverticulum,Intussusception,Hirschsprung disease,Pyloric stenosis,C,
,,,,,,"A neonate with delayed passage of meconium, abdominal distension, and constipation undergoes contrast enema demonstrating a transition zone. To confirm the diagnosis of congenital aganglionic megacolon (Hirschsprung disease), which investigation is considered diagnostic?",Anorectal manometry showing absent rectoanal inhibitory reflex,Barium enema alone,Full-thickness rectal biopsy,Stool culture,Pelvic MRI,C,
,,,,,,"A 56-year-old woman with recurrent right upper quadrant pain episodes, cholestatic LFTs, and dilated common bile duct on ultrasound is suspected of having choledocholithiasis. Which investigation provides both the most direct diagnostic information and the potential for immediate therapeutic intervention?",Abdominal CT scan,Magnetic resonance cholangiopancreatography (MRCP),Endoscopic retrograde cholangiopancreatography (ERCP),Hepatobiliary iminodiacetic acid (HIDA) scan,Percutaneous transhepatic cholangiography (PTC),C,
,,,,,,"A 30-year-old woman presents with sudden onset right upper quadrant pain that began 12 hours ago, fever to 38.5°C, nausea, and a positive Murphy's sign on exam. Her white cell count is elevated. Ultrasound shows a thickened gallbladder wall with pericholecystic fluid. What is the most likely diagnosis?",Chronic cholecystitis,Acute cholecystitis,Acute cholangitis,Biliary colic only,Appendicitis,B,
,,,,,,"During an orthopedic lecture on knee biomechanics, you are asked: through which structure is axial load transmitted from the femur to the tibia to help distribute weight across the joint?",Cruciate ligaments,Menisci,Articular capsule,Patellar tendon,Lateral collateral ligament,B,
,,,,,,"A patient with a localized bacterial cellulitis develops marked swelling, warmth, and an exudative fluid accumulation in the interstitial space. Pathologically, what type of edema fluid is expected in infected/inflamed tissue?",Transudative (low protein) fluid due to hydrostatic changes,Exudative (high protein) fluid due to increased vascular permeability,Lymphatic edema due to lymphatic obstruction only,Osmotic edema from hypoalbuminemia only,Pitting edema due to deep venous thrombosis,B,
,,,,,,"Cancer center recruits volunteers who are themselves cancer survivors to offer emotional support, practical tips, and mentorship to newly diagnosed patients. What is the most accurate occupational/role title commonly used for these individuals?",Case manager,Peer support volunteer (peer navigator),Palliative care physician,Social worker,Hospice coordinator,B,
,,,,,,"A 65-year-old man is started on an oral anticoagulant that prevents recycling of vitamin K and thereby reduces γ-carboxylation of clotting factors II, VII, IX, and X. Which molecular target is inhibited by this drug?",Gamma-glutamyl carboxylase enzyme,Vitamin K epoxide reductase complex,Direct thrombin (factor IIa) inhibition,Antithrombin activation,Factor Xa active site,B,
,,,Pharmacology,Cardiovascular,,"After intravenous atropine is given for symptomatic bradycardia, a clinician observes an initial paradoxical slowing of heart rate before subsequent tachycardia. What explains the initial bradycardia?",Atropine immediately stimulates vagal nuclei,Atropine blocks sympathetic ganglia first,Atropine causes immediate β1 blockade,Atropine causes α1-mediated vasodilation initially,This observation is not documented clinically,A,
,,,Medicine,Cardiology,,"A 25-year-old with sudden onset palpitations and a regular narrow QRS tachycardia at 180 bpm is hemodynamically stable. Vagal maneuvers fail. Which rapid, short-acting drug is the next best step to terminate a re-entrant supraventricular tachycardia?",Intravenous adenosine,Intravenous amiodarone,Intravenous digoxin bolus,Oral beta-blocker only,Immediate synchronized cardioversion,A,
,,,Medicine,Infectious Diseases,,A traveler returning from rural Thailand develops pneumonia and multiple abscesses; laboratory culture isolates a Gram-negative bacillus that is oxidase variable and grows in soil and water. Which organism endemic to Southeast Asia (including Thailand) should be suspected?,Burkholderia pseudomallei (melioidosis),Yersinia pestis,Vibrio cholerae,Leptospira interrogans,Francisella tularensis,A,
,,,Pharmacology,Endocrine,,"A 34-year-old man with newly diagnosed Graves disease has palpitations, tremor, and anxiety. Which medication is best for rapid symptomatic control and also reduces peripheral T4→T3 conversion?",Propranolol,Atenolol,Methimazole,Iodine solution (Lugol's),Levothyroxine,A,
,,,Microbiology,Mycology,,"A 32-year-old man with HIV presents with dysphagia. Endoscopy shows white, plaque-like lesions on the esophageal mucosa. Biopsy reveals septate pseudohyphae. Which of the following is the most likely diagnosis?",Esophageal candidiasis,Aspergillosis,Histoplasmosis,CMV esophagitis,Herpes simplex esophagitis,A,
,,,Pathology,Cell Injury,,A 64-year-old man dies of acute myocardial infarction. Histologic examination of the affected myocardium shows preservation of tissue architecture with loss of nuclei and increased eosinophilia. Which of the following types of necrosis is most consistent with this finding?,Coagulative,Liquefactive,Fat,Caseous,Fibrinoid,A,
,,,Surgery,Trauma Surgery,,A 30-year-old man sustains a skull fracture after a road traffic accident and is scheduled for surgery. Which of the following is the most important perioperative complication to prevent?,Fat embolism,Pulmonary embolism,Air embolism,Aspiration pneumonia,Hypovolemic shock,A,
,,,Anatomy,Pelvis,,"In a sagittal section of the female pelvis, which of the following structures lies directly posterior to the uterus and cervix?",Rectum,Urinary bladder,Ureter,Pubic symphysis,Iliac vessels,A,
,,,Surgery,Trauma Surgery,,"A 33-year-old man is involved in a high-speed motor vehicle collision. On arrival, he is found to have a cervical spine fracture with disruption of the anterior longitudinal ligament. This pattern is most consistent with which of the following mechanisms of injury?",Hyperextension,Hyperflexion,Axial compression,Rotational injury,Distraction injury,A,
,,,Anatomy,Upper Limb,,A patient presents with wasting of the thenar muscles and sensory loss over the lateral 2½ fingers on the palmar surface. Which nerve is most likely injured?,Median nerve,Ulnar nerve,Radial nerve,Musculocutaneous nerve,Axillary nerve,A,
,,,Anatomy,Head & Neck,,Nasal endoscopy in a 40-year-old man reveals obstruction of the right superior meatus. Which of the following structures drains into this meatus?,Posterior ethmoidal sinus,Anterior ethmoidal sinus,Maxillary sinus,Frontal sinus,Occipital sinus,A,
,,,Anatomy,Nervous System,,A 60-year-old woman presents with severe dry mouth. Neurological testing suggests cranial nerve nucleus involvement. Which of the following nuclei is most likely affected?,Superior salivatory nucleus,Inferior salivatory nucleus,Hypoglossal nucleus,Solitary nucleus,Nucleus ambiguus,A,
,,,Pathology,Acid-Base,,"A 25-year-old man ingests a large quantity of ammonium hydroxide solution in a suicide attempt. Several hours later, arterial blood gas reveals: pH 7.52, PaCO2 40 mmHg, HCO3- 32 mEq/L. Which acid-base disorder is most likely present?",Metabolic alkalosis,Metabolic acidosis,Respiratory alkalosis,Respiratory acidosis,Mixed metabolic acidosis and respiratory alkalosis,A,
,,,Pharmacology,Central Nervous System,,"A 6-month-old infant with focal seizures is started on an antiseizure medication. Two months later, he presents with easy bruising and bleeding gums. Laboratory results show prolonged prothrombin time. The mechanism of this adverse effect is most likely due to which of the following?",Decreased absorption of vitamin K due to gut flora suppression,Immune-mediated platelet destruction,Inhibition of clotting factor synthesis in the liver by direct toxicity,Increased fibrinolytic activity,Vitamin C deficiency,A,
,,,Surgery,Thoracic Surgery,,"A 54-year-old man with pleural effusion undergoes thoracentesis. To avoid injury to the neurovascular bundle, the needle should be inserted:",At the upper border of the rib below the fluid level,At the lower border of the rib above the fluid level,At the costochondral junction,Through the midclavicular line at T4,Through the posterior axillary line at T2,A,
,,,Physiology,Nervous System,,A professional football player is seen in a sports science study while running and dribbling the ball with precision. Which of the following neural functions is primarily responsible for his dexterity and accuracy?,Integration of sensory feedback during movement,Planning and execution of voluntary movement,Activation of higher a-adrenergic receptors,Planning of involuntary movement,Vestibular reflex stabilization,A,
,,,Medicine,Pulmonology,,"A 65-year-old man with COPD is admitted for worsening shortness of breath. ABG shows: pH 7.30, PaCO2 60 mmHg, HCO3- 28 mEq/L. Which of the following is the most likely acid-base disturbance?",Acute Respiratory Acidosis,Chronic respiratory acidosis,Metabolic acidosis with respiratory compensation,Acute respiratory alkalosis,Mixed metabolic acidosis and respiratory alkalosis,B,
,,,Medicine,Neurology,,"A patient demonstrates slow, writhing, involuntary movements of the hands and face that flow into one another. These are most consistent with which movement disorder and anatomic substrate?",Chorea — basal ganglia (caudate nucleus),Athetosis — basal ganglia (putamen),Parkinsonism — substantia nigra pars compacta,Dystonia — cerebellar vermis,Myoclonus — thalamus,B,
,,,Medicine,Neurology,,"A 67-year-old man is brought to the emergency department 2 hours after sudden-onset weakness on the right side of his face and right arm. He reports no numbness, visual changes, or speech difficulties. His past medical history includes poorly controlled hypertension and type 2 diabetes mellitus. On examination, muscle strength is 3/5 in the right upper limb and right lower face. Sensation, coordination, and reflexes are normal. There are no cranial nerve deficits apart from facial weakness. A non-contrast CT of the brain shows no acute cortical infarct or hemorrhage. Which of the following is the most likely diagnosis?",Wernicke's aphasia,Pure motor lacunar stroke,Locked-in syndrome,Gerstmann syndrome,Benign essential tremor,B,
,,,Pharmacology,Central Nervous System,,Which of the following drugs increases synaptic norepinephrine primarily by inhibiting norepinephrine reuptake into presynaptic terminals?,Monoamine oxidase inhibitors (MAOIs) only,"Tricyclic antidepressants (TCAs), SNRIs, and cocaine",β-blockers,ACE inhibitors,Benzodiazepines,B,
,,,Biochemistry,Metabolism,,A 28-year-old man participates in a 24-hour fast. His blood glucose level remains normal. Which combination of substrates and cofactors is most important for hepatic gluconeogenesis at this time?,Fatty acids → acetyl-CoA; niacin (B3),"Amino acids, glycerol, lactate; biotin (B7), vitamin B6, vitamin B12",Glucose-6-phosphate only; no cofactors,Ketone bodies; thiamine (B1),None,B,
,,,Medicine,Oncology,,A 68-year-old man with prostate adenocarcinoma complains of new severe back pain. Bone scan shows multiple sclerotic lesions in the spine and pelvis. Which statement is most accurate?,Prostate cancer commonly metastasizes to the lungs only,Prostate cancer commonly metastasizes to axial skeleton producing osteoblastic (sclerotic) lesions,Prostate cancer metastases are purely lytic and spare the spine,Prostate cancer rarely metastasizes to bone,Bone metastases from prostate cancer always produce marrow suppression only,B,
,,,Pediatrics,Neurology,,"A 9-year-old boy with ADHD develops new, troublesome motor tics after starting methylphenidate. Which management change is most appropriate?",Increase methylphenidate dose,Discontinue stimulants and start atomoxetine or alpha-2 agonist,Add haloperidol immediately,"Switch to a higher-potency stimulant (e.g., amphetamine salts)",Ignore the tics — they are always transient and harmless,B,
,,,Anatomy,Head & Neck,,A patient has a right vocal cord that lies in a paramedian (adducted/medial) position and presents with hoarseness and difficulty breathing. Paralysis of which muscle best explains the inability to abduct the right vocal cord?,Lateral cricoarytenoid,Posterior cricoarytenoid,Thyroarytenoid,Cricothyroid,Aryepiglottic muscle,B,
,,,Pediatrics,Hematology,,"A 3-year-old boy is brought to the emergency department after he develops swelling and pain in his right knee following a minor fall. He has had multiple episodes of prolonged bleeding after minor injuries since infancy. Labs: Prolonged aPTT, Normal PT. Mixing studies correct the aPTT. What is the most appropriate acute management for this patient?",Desmopressin (DDAVP) only,Factor VIII concentrate replacement,Fresh frozen plasma only,Factor IX concentrate,Vitamin K injection,B,
,,,Medicine,Neurology,,"A 72-year-old with progressive short-term memory loss, getting lost in familiar places, and difficulty with word finding is suspected to have Alzheimer disease. Which neuropathological findings support this diagnosis?",Microglial nodules and multinucleated giant cells,Neurofibrillary tangles composed of hyperphosphorylated tau and extracellular β-amyloid plaques,Demyelination of periventricular white matter,Lewy bodies (α-synuclein) in substantia nigra,Pick bodies (tau) localized to frontal lobes only,B,
,,,Pharmacology,Hematology,,"A 65-year-old man is started on an oral anticoagulant that prevents recycling of vitamin K and thereby reduces γ-carboxylation of clotting factors II, VII, IX, and X. Which molecular target is inhibited by this drug?",Gamma-glutamyl carboxylase enzyme,Vitamin K epoxide reductase complex,Direct thrombin (factor IIa) inhibition,Antithrombin activation,Factor Xa active site,B,
,,,Medicine,Infectious Diseases,,"A 28-year-old man presents with chronic, painless mandibular swelling and draining sinuses. The exudate contains yellow granules. Which of the following organisms is the most likely cause?",Nocardia asteroides,Actinomyces israelii,Staphylococcus aureus,Mycobacterium tuberculosis,Bacillus anthracis,B,
,,,Anatomy,Embryology,,A newborn is delivered at 35 weeks gestation with absence of most of the brain and skull above the orbits. Prenatal ultrasound had shown polyhydramnios. Failure of closure of which embryologic structure is responsible for this defect?,Posterior neuropore,Anterior neuropore,Neural crest migration,Lateral body folds,Primitive streak,B,
,,,Pathology,Cell Injury,,A 43-year-old woman undergoes exploratory laparotomy for perforated peptic ulcer. Histopathology of the greater omentum shows areas of chalky white deposits with saponification. Which of the following types of necrosis is seen?,Coagulative,Fat,Liquefactive,Caseous,Fibrinoid,B,
,,,Pharmacology,Hematology,,A 64-year-old man is admitted with a massive pulmonary embolism. He is started on an anticoagulant that works by enhancing the activity of a natural inhibitor of clotting factors IIa and Xa. Which of the following best describes the primary binding site for this drug?,Plasminogen,Antithrombin III,Tissue factor pathway inhibitor,Protein C,Factor VIII,B,
,,,Pathology,Hematology,,"A 14-year-old boy presents with pallor, jaundice, and splenomegaly. Peripheral smear shows spherocytes, and osmotic fragility test is positive. Which of the following proteins is most likely defective?",Ankyrin,Spectrin,Band 3 protein,Glycophorin,Actin,B,
,,,Pharmacology,Antimicrobial Drugs,,A 41-year-old HIV-positive man with a history of gallstones is being switched to a protease inhibitor-based regimen. Which of the following should be avoided because it is associated with an increased risk of crystalluria and nephrolithiasis?,Didanosine,Indinavir,Zidovudine,Efavirenz,Tenofovir,B,
,,,Medicine,Infectious Diseases,,"A 50-year-old alcoholic man presents with productive cough producing thick, blood-tinged currant jelly sputum. Chest x-ray shows right upper lobe consolidation with bulging fissure sign. Which of the following is the most likely organism?",Streptococcus pneumoniae,Klebsiella pneumoniae,Mycobacterium tuberculosis,Haemophilus influenzae,Pseudomonas aeruginosa,B,
,,,Medicine,Neurology,,"A 72-year-old woman is brought to the clinic by her daughter because of progressive forgetfulness and disorientation over the past 2 years. She has difficulty performing daily activities and has recently gotten lost in her own neighborhood. Physical examination is normal. After basic labs, the physician orders the most appropriate imaging study to evaluate for structural brain disease. Which of the following is the best next step?",CT scan without contrast,MRI of the brain,PET scan,EEG,SPECT scan,B,
,,,Surgery,Thoracic Surgery,,A 40-year-old man is brought to the ED after blunt chest trauma. Physical examination reveals paradoxical chest wall movement on inspiration and expiration. Which of the following is the most likely diagnosis?,Tension pneumothorax,Flail chest,Hemothorax,Open pneumothorax,Pulmonary contusion,B,
,,,Pharmacology,Endocrine,,"A 28-year-old woman is diagnosed with Graves disease and started on carbimazole. Six weeks later, she presents to her physician with a positive pregnancy test. Which of the following is the most appropriate change in her management?",Continue carbimazole at a lower dose,Switch to propylthiouracil,Add beta-blockers only,Stop antithyroid medication,Begin radioiodine therapy,B,
,,,Biochemistry,Metabolism,,"A 2-year-old child presents with developmental delay, hypotonia, and metabolic acidosis. Lab evaluation suggests impaired gluconeogenesis due to deficiency of an enzyme that requires biotin as a cofactor. Which of the following enzymes is most likely deficient?",Pyruvate decarboxylase,Pyruvate carboxylase,Alpha-ketoglutarate dehydrogenase,Transketolase,Succinate dehydrogenase,B,
,,,Pediatrics,Genetics,,A 7-year-old girl is diagnosed with Turner syndrome. Echocardiography is ordered to screen for common cardiovascular abnormalities. Which of the following is most likely to be found?,Patent ductus arteriosus,Bicuspid aortic valve,Atrial septal defect,Mitral valve prolapse,Pulmonary valve stenosis,B,
,,,Surgery,Abdomen,,A patient is suspected of having a perforated viscus. What is the minimum volume of free intraperitoneal air required to detect pneumoperitoneum on an erect chest X-ray?,0.5 mL,1 mL,5 mL,10–15 mL,50 mL,B,
,,,Pathology,Genetics,,A 28-year-old woman with beta-thalassemia minor and a husband who is also a carrier present for genetic counseling. They have one child diagnosed with beta-thalassemia major. What is the probability that their next child will also have beta-thalassemia major?,0%,25%,50%,75%,100%,B,
,,,Pathology,Cell Biology,,A 55-year-old man with a history of early liver cirrhosis presents with ascites. His serum-ascites albumin gradient (SAAG) is 1.1. A liver biopsy is planned. Which of the following best describes the hepatocyte's phase in the cell cycle?,G0 phase,G1 phase,S phase,G2 phase,M phase,B,
,,,Surgery,Neurosurgery,,"During a posterior surgical approach to the spinal canal (laminectomy), which structure is removed first to expose the vertebral canal?",Intervertebral disc,Spinous process,Transverse process,Vertebral body,None,B,
,,,Medicine,Cardiology,,"A 58-year-old man presents with crushing chest pain. ECG shows ST-segment elevation in leads I, aVL, V5, and V6. Which of the following arteries is most likely occluded?",Left anterior descending artery,Left circumflex artery,Posterior descending artery,Right coronary artery,Diagonal branch of LAD,B,
,,,Anatomy,Nervous System,,A 65-year-old man with a lacunar stroke affecting the internal capsule is found to have weakness and sensory loss on the right side of his body. The damaged area is primarily composed of which type of tissue?,Gray matter,White matter,Nissl substance,Unmyelinated fibers,Neuromuscular junctions,B,
,,,Anatomy,Pelvis,,A 24-year-old man is brought to the ED after a motorcycle accident. Imaging reveals disruption of the pubic symphysis. Which of the following structures is most likely injured?,Rectum,Levator ani,Ischiorectal fossa,Prostate,Ureter,B,
,,,Anatomy,Head & Neck,,A 40-year-old man presents with anterior neck swelling and fever following untreated pharyngitis. Imaging reveals spread of infection to the anterior mediastinum. This is most likely due to involvement of which of the following fascial spaces?,Retropharyngeal space,Pretracheal space,Prevertebral space,Carotid sheath,Submandibular space,B,
,,,Anatomy,Upper Limb,,"A 36-year-old man sustains a fracture of the proximal humerus and requires shoulder surgery. During the procedure, the surgeon ligates a vessel within the quadrangular space to control bleeding. Which of the following vessels was most likely ligated?",Anterior circumflex humeral artery,Posterior circumflex humeral artery,Thoracoacromial artery,Suprascapular artery,Subscapular artery,B,
,,,Anatomy,Embryology,,"During embryonic development, which structure gives rise to the central tendon of the diaphragm?",Pleuroperitoneal folds,Septum transversum,Dorsal mesentery,Lateral body wall musculature,Cervical myotomes,B,
,,,Medicine,Endocrinology,,"A 30-year-old woman presents with fatigue, constipation, and weight gain despite no change in diet. She reports feeling cold all the time and sleeping excessively. Physical examination shows dry skin and delayed reflex relaxation. Which of the following is the most likely diagnosis?",Hyperthyroidism,Hypothyroidism,Addison disease,Cushing syndrome,Chronic fatigue syndrome,B,
,,,Medicine,Nephrology,,"A 52-year-old man with a history of poorly controlled hypertension and diabetic nephropathy presents with progressive fatigue, dyspnea, and chest discomfort. On examination, he has a pericardial friction rub. Laboratory results show:<br>BUN: 212 mg/dL <br>Creatinine: 7.1 mg/dL <br>ECG: diffuse ST-segment elevations without reciprocal changes <br>Which of the following is the most likely cause of his pericardial findings?",Viral infection of the pericardium,Uremic inflammation secondary to advanced renal failure,Autoimmune-mediated pericarditis,Post-myocardial infarction Dressler syndrome,Hypothyroidism-induced pericardial effusion,B,
,,,Medicine,Gastroenterology,,A 40-year-old man presents with multiple episodes of vomiting followed by hematemesis. Endoscopy reveals a mucosal tear at the gastroesophageal junction. Which of the following is the most likely diagnosis?,Boerhaave syndrome,Mallory–Weiss tear,Peptic ulcer disease,Esophageal varices,Gastric carcinoma,B,
,,,Surgery,Vascular Surgery,,A 56-year-old man develops acute renal artery thrombosis. Immediate reperfusion is required to prevent irreversible ischemic injury. This should be performed within which time frame?,30 minutes,<1 hour,2–3 hours,6–8 hours,12 hours,B,
,,,Medicine,Neurology,,A 29-year-old woman develops optic neuritis and weakness in her lower limbs. MRI reveals demyelinating lesions in the brain and spinal cord. Which of the following cell types is most directly affected in this condition?,Schwann cells,Oligodendrocytes,Astrocytes,Microglia,Ependymal cells,B,
,,,Surgery,Abdomen,,"A 54-year-old man presents to the emergency department with sudden onset abdominal pain, distension, and vomiting for the past 12 hours. He has not passed stool/flatus since the symptoms began. On examination, his abdomen is distended with high-pitched bowel sounds. Laboratory tests are unremarkable. An abdominal upright radiograph is ordered. Which of the following radiographic findings is most likely to be seen in this patient?",Large solitary gas bubble in the stomach with paucity of distal bowel gas,Multiple air-fluid levels with dilated loops of bowel,Crescent-shaped lucency under the diaphragm,Thumbprinting of the colonic mucosa,Lead-pipe appearance of the colon,B,
,,,Medicine,Endocrinology,,"A 55-year-old woman presents with episodic watery diarrhea, flushing of the face, and wheezing. Abdominal CT shows multiple hypodense lesions in the liver. Which of the following best explains her symptoms?",Secretion of vasoactive intestinal peptide from a pancreatic tumor,Increased serotonin release from small bowel tumor with hepatic metastasis,Mast cell degranulation with histamine release,Overproduction of prostaglandins from colon carcinoma,Estrogen-secreting ovarian tumor,B,
,,,Anatomy,Nervous System,,"A 62-year-old man presents with dysphagia, hoarseness, loss of pain and temperature sensation on the left side of the face, and right-sided loss of pain and temperature sensation in the body. Which of the following arteries is most likely occluded?",Anterior spinal artery,Posterior inferior cerebellar artery,Basilar artery,Middle cerebral artery,Superior cerebellar artery,B,
,,,Physiology,Cardiovascular System,,"A 25-year-old healthy man suddenly stands up after prolonged lying down. His blood pressure briefly drops to 90/50 mm Hg, but he does not lose consciousness. Which of the following changes are most likely to occur as a compensatory response?","Increased HR, decreased TPR","Increased HR, increased TPR","Decreased HR, increased TPR","Decreased HR, decreased TPR",None,B,
,,,Medicine,Endocrinology,,"A 45-year-old man presents for a routine health check. He has a sedentary lifestyle and a BMI of 31 kg/m². His lipid profile reveals: triglycerides 300 mg/dL, HDL 32 mg/dL, LDL 140 mg/dL. Fasting glucose is 108 mg/dL. Which hormone is most directly implicated in the pathophysiology of his lipid abnormalities?",Glucagon,Insulin,Cortisol,Growth hormone,Leptin,B,
,,,Medicine,Cardiology,,A 72-year-old man with ischemic cardiomyopathy and reduced ejection fraction develops persistent atrial fibrillation with rapid ventricular response. Which antiarrhythmic is preferred for rhythm control in patients with significant heart failure?,Flecainide,Dofetilide,Amiodarone,Sotalol,Propafenone,C,
,,,Pharmacology,Antivirals,,An HIV patient with chronic therapy-related hyperbilirubinemia and a history of gallstones asks which antiretroviral is most associated with cholelithiasis and indirect hyperbilirubinemia. Which drug is the likely culprit?,Efavirenz (NNRTI),Zidovudine (NRTI),Atazanavir (protease inhibitor),Lamivudine (3TC),Raltegravir (integrase inhibitor),C,
,,,Pharmacology,Ophthalmology,,A 70-year-old woman with known narrow-angle glaucoma is scheduled for a procedure. Which of the following medications is contraindicated because it may precipitate an acute angle-closure attack by causing pupil dilation?,Pilocarpine (muscarinic agonist),Timolol (topical β-blocker),Atropine (antimuscarinic),Acetazolamide (carbonic anhydrase inhibitor),Latanoprost (prostaglandin analogue),C,
,,,Pharmacology,Cardiovascular,,A hypertensive patient is started on clonidine and reports lightheadedness initially but feels calmer overall. What is clonidine's primary mechanism of action?,β1-adrenergic antagonist,α1-adrenergic agonist,α2-adrenergic agonist in CNS,Indirect sympathomimetic that increases norepinephrine release,ACE inhibitor,C,
,,,Medicine,Infectious Diseases,,A 34-year-old HIV-positive patient with CD4 count 50 presents with profuse watery diarrhea and wasting. Modified acid-fast staining of stool demonstrates small oocysts. Which organism is most likely?,Giardia lamblia,Entamoeba histolytica,Cryptosporidium parvum,Cyclospora cayetanensis,Isospora belli,C,
,,,Medicine,Neurology,,"A 35-year-old woman has fluctuating ptosis and diplopia worse in the evening. An edrophonium (Tensilon) test produces marked, transient improvement in strength. What does a positive edrophonium test indicate?",Organophosphate poisoning,Cholinergic crisis from AChE inhibitors,Myasthenia gravis,Lambert-Eaton syndrome — improved strength after edrophonium,Botulism — paradoxical improvement,C,
,,,Biochemistry,Metabolism,,"A 6-month-old infant presents with severe fasting hypoglycemia, lactic acidosis, hepatomegaly, doll-like face, and elevated triglycerides and uric acid. A deficiency of which enzyme best explains this presentation?",Glycogen phosphorylase,"Debranching enzyme (α-1,6-glucosidase)",Glucose-6-phosphatase,Branching enzyme (glycogen synthase),Phosphofructokinase-1,C,
,,,Pharmacology,Antimicrobial Drugs,,A 22-year-old with presumed bacterial prostatitis is prescribed ciprofloxacin. Which enzyme(s) in bacteria are the primary targets of fluoroquinolones such as ciprofloxacin?,30S ribosomal subunit,RNA polymerase (DNA-dependent RNA polymerase),DNA gyrase (topoisomerase II) and topoisomerase IV,Peptidoglycan transpeptidase,Dihydrofolate reductase,C,
,,,Medicine,Gastroenterology,,A 45-year-old woman with chronic hepatitis B requires a percutaneous liver biopsy to evaluate fibrosis. Which of the following is the most appropriate site for needle insertion to minimize complications?,"4th intercostal space, mid-clavicular line","6th intercostal space, anterior axillary line","8th-10th intercostal space, mid-axillary line (right side)","8th-10th intercostal space, mid-scapular line (left side)","10th intercostal space, paravertebral line",C,
,,,Pharmacology,Antimicrobial Drugs,,A 28-year-old with acne is prescribed doxycycline. Which of the following describes doxycycline's primary antibacterial mechanism?,Inhibits cell wall peptidoglycan cross-linking by binding PBPs,Binds 30S ribosomal subunit → inhibits peptidyl transferase,Binds 30S ribosomal subunit → blocks aminoacyl-tRNA binding at the A site,Inhibits DNA gyrase (topoisomerase II),Disrupts cell membrane integrity by forming pores,C,
,,,Anatomy,Nervous System,,A neurology resident is asked which cerebellar efferent pathway connects the cerebellum to the midbrain. Which structure is the correct answer?,Middle cerebellar peduncle,Inferior cerebellar peduncle,Superior cerebellar peduncle,Corpus callosum,Fornix,C,
,,,Medicine,Infectious Diseases,,"A 19-year-old university student presents with fever, severe sore throat, posterior cervical lymphadenopathy, and atypical lymphocytosis on CBC. Which virus is the most likely cause?",Cytomegalovirus (CMV),Human herpesvirus 6 (HHV-6),Epstein-Barr virus (EBV),Adenovirus,Parvovirus B19,C,
,,,Medicine,Neurology,,"A 45-year-old woman has difficulty buttoning her blouse, dysmetria on finger-to-nose testing, slurred speech, and a broad-based staggering gait. Which neurologic syndrome best describes these findings?",Extrapyramidal rigidity,Lower motor neuron disease,Cerebellar ataxia,Sensory ataxia due to posterior column loss,Pure apraxia,C,
,,,Medicine,Cardiology,,"A 60-year-old man presents with sustained monomorphic ventricular tachycardia and hypotension (BP 80/50), diaphoresis, and altered consciousness. What is the immediate next step?",IV amiodarone and observe while patient remains conscious,IV adenosine bolus,Synchronized electrical cardioversion,Vagal maneuvers,Immediate unsynchronized defibrillation,C,
,,,Microbiology,Mycology,,"A 52-year-old man with poorly controlled diabetes presents with facial pain, black eschar on the hard palate, and rapidly progressive proptosis. A nasal biopsy shows broad, ribbon-like, non-septate hyphae branching at wide (=90°) angles. Which organism and immediate treatment are most appropriate?",Aspergillus fumigatus — voriconazole,Candida albicans — fluconazole,Mucorales species (mucormycosis) — intravenous amphotericin B,Cryptococcus neoformans — amphotericin B + flucytosine,Histoplasma capsulatum — itraconazole,C,
,,,Pharmacology,Respiratory System,,"A 35-year-old man presents with an irritating, nonproductive cough that is most prominent at night, disrupting his sleep. Physical examination and chest X-ray are unremarkable. Which of the following is the most appropriate pharmacologic therapy?",Guaifenesin,Dimenhydrinate,Dextromethorphan,Diphenhydramine,Salbutamol,C,
,,,Medicine,Infectious Diseases,,"A 29-year-old woman presents with dysuria and suprapubic pain. Urinalysis shows numerous WBCs leukocyte esterase +++ and nitrite +++, and Gram stain reveals Gram-negative bacilli. Which organism is the most likely cause?",Actinomyces israelii,Enterococcus faecalis,Escherichia coli,Proteus mirabilis,Klebsiella pneumoniae,C,
,,,Pharmacology,Antimicrobial Drugs,,"A 26-year-old woman is newly diagnosed with HIV during her first trimester of pregnancy (8 weeks gestation). Antiretroviral therapy is indicated, but one of the standard drugs in nonpregnant adults is avoided in early pregnancy due to teratogenic risk, particularly neural tube defects. Which of the following drugs should be avoided?",Zidovudine,Lamivudine,Efavirenz,Raltegravir,Nevirapine,C,
,,,Pathology,Hematology,,"A 34-year-old woman with chronic alcohol use presents with fatigue and pallor. CBC reveals macrocytic anemia. Neurological examination is normal. Serum methylmalonic acid levels are within normal limits, but homocysteine levels are elevated. Which of the following deficiencies is the most likely cause?",Vitamin B1 (thiamine),Vitamin B2 (riboflavin),Folate,Vitamin B12 (cobalamin),Niacin,C,
,,,Medicine,Endocrinology,,A 63-year-old man with type 2 diabetes presents with confusion and a generalized tonic-clonic seizure. He has been taking glibenclamide for the past 2 years. Laboratory studies reveal a blood glucose of 35 mg/dL. Which of the following is the most likely cause of his symptoms?,Hyperosmolar hyperglycemic state,Diabetic ketoacidosis,Drug-induced hypoglycemia,Syndrome of inappropriate ADH secretion,Hyperinsulinism due to insulinoma,C,
,,,Pediatrics,Hematology,,A 12-year-old boy with hemophilia A presents with knee swelling after minor trauma. Which of the following is the most appropriate source of factor VIII replacement?,Fresh frozen plasma,Platelet concentrate,Cryoprecipitate,Packed red blood cells,Whole blood,C,
,,,Pharmacology,Antimicrobial Drugs,,"A 42-year-old man is being treated for pulmonary tuberculosis. After completing therapy, he develops irritability, insomnia, and peripheral neuropathy. These symptoms are most likely associated with the withdrawal of which of the following drugs?",Rifampicin,Pyrazinamide,Isoniazid,Ethambutol,Streptomycin,C,
,,,Biochemistry,Genetics,,"A 2-day-old male newborn develops lethargy, poor feeding, and vomiting. Laboratory evaluation reveals hyperammonemia, low citrulline levels, and elevated orotic acid in urine. The father recalls that his maternal uncle died in infancy with similar symptoms. Which of the following enzyme deficiencies is the most likely cause?",Argininosuccinate lyase deficiency,Carbamoyl phosphate synthetase I deficiency,Ornithine transcarbamylase deficiency,N-acetylglutamate synthase deficiency,Arginase deficiency,C,
,,,Pharmacology,Central Nervous System,,"A 23-year-old man with new-onset generalized tonic-clonic seizures is started on a drug that works by blocking voltage-gated sodium channels, thereby reducing neuronal high-frequency firing. Which of the following drugs was most likely prescribed?",Valproic acid,Ethosuximide,Phenytoin,Benzodiazepine,Phenobarbital,C,
,,,Medicine,Hematology,,"A 44-year-old man presents with jaundice. Labs show elevated total bilirubin, but AST, ALT, ALP, and GGT are normal. Hemoglobin is 8.5 g/dL, reticulocyte count is increased, and peripheral smear shows spherocytes. Which of the following is the most likely diagnosis?",Hepatocellular jaundice,Obstructive jaundice,Pre-hepatic jaundice,Dubin-Johnson syndrome,Rotor syndrome,C,
,,,Physiology,Renal System,,A 58-year-old man with chronic kidney disease presents with calf pain and muscle weakness. Laboratory studies reveal elevated serum parathyroid hormone (PTH) levels. Which of the following is a direct effect of PTH on the kidneys in this patient?,Increased calcium excretion,Increased phosphate reabsorption,Increased phosphate excretion,Decreased 1α-hydroxylase activity,Increased bicarbonate reabsorption,C,
,,,Obstetrics,Antenatal Care,,"A 27-year-old primigravida comes for a routine prenatal visit at 18 weeks' gestation. She asks when she should first expect to feel her baby's movements (""quickening""). Which of the following is the most likely time frame for this to occur in a first pregnancy?",12 weeks,14 weeks,20 weeks,24 weeks,28 weeks,C,
,,,Pathology,Acid-Base,,"A 25-year-old woman is brought to the ED after being found unconscious at home. Two empty bottles of aspirin are found beside her bed. On arrival, she is tachypneic, febrile, and disoriented. Physical examination reveals rapid, deep breathing. Arterial blood gas shows pH 7.42, PaCO2 25 mmHg, HCO3- 16 mEq/L. Which of the following is the most likely explanation for these findings?",Acute respiratory alkalosis,Acute metabolic acidosis,Mixed metabolic acidosis and respiratory alkalosis,Chronic respiratory alkalosis,Metabolic alkalosis with respiratory compensation,C,
,,,Medicine,Nutrition,,"A 30-year-old man presents with photophobia, tearing, and a burning sensation in his eyes. On slit-lamp examination, corneal vascularization is noted. He has a history of malnutrition. Which vitamin deficiency is the most likely cause?",Vitamin A,Vitamin B1,Vitamin B2,Vitamin B3,Vitamin B6,C,
,,,Physiology,Respiratory System,,"During a cardiac catheterization, a patient is found to have pulmonary systolic and diastolic pressures that both exceed alveolar pressure throughout the cardiac cycle. Which of the following describes the zone of the lung being measured?",Zone 1,Zone 2,Zone 3,Zone 4,Apical capillaries,C,
,,,Pathology,Neoplasia,,"A 55-year-old woman is diagnosed with invasive ductal carcinoma of the breast. Six months later, she develops progressive back pain and spinal tenderness. MRI reveals multiple vertebral lesions. The spread of the tumor to the spine most likely occurred via which of the following routes?",Direct extension through intercostal spaces,Lymphatic spread via axillary nodes,Hematogenous spread,Seeding across the pleural space,Perineural spread through intercostal nerves,C,
,,,Anatomy,Upper Limb,,Which of the following structures provides the greatest dynamic stability to the glenohumeral joint?,Glenoid fossa,Glenoid labrum,Rotator cuff muscles,Joint capsule,Coracoacromial ligament,C,
,,,Medicine,Nutrition,,"A 45-year-old woman presents with severe diarrhea, dermatitis, and confusion over the last 3 months. Physical exam reveals hyperpigmented, scaly rash in sun-exposed areas. Laboratory findings show mild anemia. Which vitamin deficiency is most likely responsible for her symptoms?",Vitamin B1 (thiamine),Vitamin B2 (riboflavin),Vitamin B3 (niacin),Vitamin B6 (pyridoxine),Vitamin B12 (cobalamin),C,
,,,Anatomy,Head & Neck,,"During neurosurgery, the free margin of the falx cerebri is visualized. To which structure does it attach anteriorly?",Posterior clinoid process,Anterior clinoid process,Crista galli,Tentorium cerebelli,Foramen magnum,C,
,,,Surgery,Abdomen,,A 60-year-old man undergoes total gastrectomy for gastric carcinoma. Which vitamin deficiency is he most likely to develop?,Vitamin C,Vitamin D,Vitamin B12,Vitamin A,Folate,C,
,,,Anatomy,Lower Limb,,A patient sustains a fracture of the distal medial condyle of the femur. Which structure in the popliteal fossa is most at risk of injury?,Tibial nerve,Popliteal vein,Popliteal artery,Common peroneal nerve,Saphenous nerve,C,
,,,Surgery,Orthopedics,,A 32-year-old man is involved in a motor vehicle collision and sustains a posterior dislocation of the hip. Which nerve is most at risk of injury?,Femoral nerve,Obturator nerve,Sciatic nerve,Superior gluteal nerve,Inferior gluteal nerve,C,
,,,Anatomy,Abdomen,,A 34-year-old man sustains blunt abdominal trauma in a motor vehicle accident. Imaging reveals injury to the structure located anterior to the third part of the duodenum. Which of the following is most likely damaged?,Abdominal aorta,Inferior vena cava,Superior mesenteric artery,Portal vein,Celiac trunk,C,
,,,Anatomy,Pelvis,,"During pelvic surgery, a ligament attaching the posterior cervix to the sacrum is visualized. Which of the following ligaments is being described?",Cardinal ligament,Round ligament,Uterosacral ligament,Broad ligament,Ovarian ligament,C,
,,,Medicine,Infectious Diseases,,"A 65-year-old man presents with fever, headache, neck stiffness, and photophobia. CSF analysis reveals elevated opening pressure, high protein, low glucose, and neutrophilic predominance. Gram staining of CSF reveals gram positive lancet shaped diplococci. Which of the following is the most likely causative organism?",Listeria monocytogenes,Neisseria meningitidis,Streptococcus pneumoniae,Haemophilus influenzae type B,Cryptococcus neoformans,C,
,,,Medicine,Hepatology,,"A 42-year-old woman presents with right upper quadrant pain, jaundice, and pruritus. Laboratory results show markedly elevated alkaline phosphatase and mildly elevated ALT/AST. Which of the following is the most likely explanation?",Hepatocellular injury,Alcoholic hepatitis,Obstructive biliary pathology,Viral hepatitis,Autoimmune hepatitis,C,
,,,Microbiology,Virology,,"A 17-year-old boy presents with fever, sore throat, and cervical lymphadenopathy. Laboratory evaluation shows atypical lymphocytosis. The Monospot test is positive. This test detects which of the following?",Anti-VCA IgM antibodies,Anti-EBNA antibodies,Heterophile antibodies,Anti-p24 antigen,Anti-capsid IgG antibodies,C,
,,,Medicine,Hepatology,,"A 52-year-old man presents with jaundice. Labs reveal elevated AST and ALT, but GGT is within normal limits. ALP is also normal. Which of the following is the most likely cause?",Biliary obstruction,Alcoholic hepatitis,Hepatocellular damage,Pancreatic carcinoma,Cholestatic injury,C,
,,,Physiology,Respiratory System,,"A 30-year-old healthy man undergoes a study to measure mucociliary clearance in the respiratory tract. A tracer particle is placed in the nasal cavity, and the time required to reach the nasopharynx is recorded. In healthy individuals, the nasal mucus typically moves at which of the following rates?",0.5 mm/min,1 mm/min,3 mm/min,9 mm/min,10 mm/min,C,
,,,Anatomy,Head & Neck,,"A 32-year-old man sustains a blow to the head in a road traffic accident. Examination reveals ptosis, a dilated pupil, and the eye deviated ""down and out"" on the left side. Injury to which of the following skull structures most likely caused his symptoms?",Greater wing of sphenoid,Lesser wing of sphenoid,Superior orbital fissure,Ethmoid bone,Frontal bone,C,
,,,Anatomy,Abdomen,,A 36-year-old man is undergoing exploratory laparotomy after blunt abdominal trauma. The surgeon identifies the third part of the duodenum and notes a large vascular structure posterior to it. Which of the following is most likely?,Superior mesenteric artery,Superior mesenteric vein,Aorta and inferior vena cava,Portal vein and splenic vein,Celiac artery and portal vein,C,
,,,Medicine,Gastroenterology,,"A 38-year-old woman presents with chronic watery diarrhea, flushing episodes, and wheezing. She is found to have a large hepatic mass on imaging. Which of the following is the most likely underlying cause of her symptoms?",Pheochromocytoma,VIPoma,Carcinoid tumor,Insulinoma,Medullary thyroid carcinoma,C,
,,,Medicine,Oncology,,"A 48-year-old woman presents for a routine check-up. She has been using Estrogen oral contraceptive pills continuously for the past 15 years. Her medical history is otherwise unremarkable, and she has no current symptoms. She asks about the long-term health risks associated with her contraceptive use. Prolonged use of oral contraceptive pills is most strongly associated with an increased risk of which of the following malignancies?",Endometrial carcinoma,Ovarian carcinoma,Breast carcinoma,Prostate carcinoma,Hepatocellular carcinoma,C,
,,,Pharmacology,Gastrointestinal System,,Which of the following antacids or acid-reducing agents is a potent CYP450 inhibitor?,Aluminum hydroxide,Magnesium hydroxide,Calcium carbonate,Cimetidine,Omeprazole,D,
,,,Pharmacology,Anesthesia,,A 54-year-old man requires induction of anesthesia for an emergent orthopedic procedure. He has a history of severe asthma and borderline hypotension. Ketamine is chosen for induction. Which of the following is the primary cardiovascular effect of ketamine that makes it useful in this patient?,Decreased preload due to venodilation,Negative inotropy with reduced oxygen demand,Coronary artery vasodilation,Increased sympathetic outflow,Suppression of baroreceptor reflex,D,
,,,Anatomy,Lower Limb,,"A 24-year-old man presents after a motorcycle crash. He has swelling over the lateral knee, foot drop, and inability to evert the foot. Which nerve is most likely injured?",Tibial nerve,Deep peroneal nerve,Sural nerve,Common peroneal nerve,Superficial peroneal nerve,D,
,,,Pediatrics,Neurology,,"A 7-year-old boy is brought in by his parents for frequent episodes of staring into space for 10–15 seconds, followed by immediate resumption of activity. During the episodes, he is unresponsive and exhibits subtle eyelid fluttering. EEG shows generalized 3-Hz spike-and-wave discharges. Which of the following is the most appropriate treatment?",Phenytoin,Carbamazepine,Valproate,Ethosuximide,Phenobarbital,D,
,,,Medicine,Pulmonology,,"A 19-year-old woman presents with chronic productive cough and multiple episodes of pneumonia. CT scan of the chest reveals dilated bronchi with mucous plugging and a ""tram-track"" appearance. Which of the following is the most likely underlying diagnosis?",Alpha-1 antitrypsin deficiency,Kartagener syndrome,Bronchial asthma,Cystic fibrosis,Chronic bronchitis,D,
,,,Medicine,Infectious Diseases,,"A 24-year-old woman presents with headache and fever. Lumbar puncture reveals: opening pressure 180 mmH2O, 1 RBC/mm³, 10 lymphocytes/mm³, normal glucose, and normal protein. Which of the following is the most likely cause?",Streptococcus pneumoniae,Neisseria meningitidis,Staphylococcus aureus,Influenza virus,Cryptococcus neoformans,D,
,,,Pathology,Acid-Base,,"A 48-year-old man in the ICU develops worsening respiratory distress. Arterial blood gas analysis shows: pH = 7.12, PaCO2 = 60 mm Hg, HCO3- = 14 mEq/L, anion gap = 20. Which of the following best describes his acid–base disturbance?",Respiratory alkalosis,High-anion-gap metabolic acidosis,Respiratory acidosis,Mixed metabolic and respiratory acidosis,Metabolic alkalosis,D,
,,,Anatomy,Lower Limb,,"A 28-year-old woman presents with severe pain radiating down the back of her thigh shortly after receiving an intramuscular injection in her right buttock. On examination, she has weakness of knee flexion and diminished ankle reflexes. Which of the following structures was most likely injured?",Femoral nerve,Superior gluteal nerve,Inferior gluteal nerve,Sciatic nerve,Pudendal nerve,D,
,,,Surgery,Abdomen,,A 58-year-old man undergoes subtotal esophagectomy for esophageal cancer. The stomach is mobilized into the thorax to anastomose with the remaining esophagus. Which artery must be preserved to maintain the stomach's blood supply?,Short gastric artery,Right gastric artery,Left gastric artery,Right gastroepiploic artery,Left gastroepiploic artery,D,
,,,Pathology,Hematology,,"A fisherman from a rural area presents with easy bruising, fatigue, and pallor. Examination shows ecchymoses over both legs. Lab studies reveal macrocytic anemia and elevated methylmalonic acid levels. Which of the following deficiencies is the most likely cause?",Vitamin B1 (thiamine),Vitamin B2 (riboflavin),Vitamin B6 (pyridoxine),Vitamin B9 (folate),Vitamin B12 (cobalamin),E,
,,,Medicine,Neurology,,A patient is found to have proximal muscle weakness that improves with repeated muscle use; nerve conduction studies show increment with rapid repetitive stimulation. Autoantibodies against which target best explain this syndrome?,Postsynaptic acetylcholine receptors,Presynaptic voltage-gated calcium channels,Muscle nicotinic receptor subunits (alpha2),Presynaptic acetylcholinesterase,Dihydropyridine receptor,B,
,,,,,,A 19-year-old sprinter suddenly stops during a race after feeling a pop in the back of his thigh. Examination reveals tenderness over the ischial tuberosity and weakness of knee flextion. Which of the following injuries has most likely occured?,Avulsion fracture of femoral neck,Reupture of quadriceps tendon,Avulsion fracture of ischial tuberosity,Rupture of popliteus tendon,Tear of the adductor longus tendon,C,
,,,,,,"A 56-year-old man with pooly controlled type 1 diabetes presents with 2 days of abdominal ppain, polyuria, and confusion. His wife reports fruity-smelling breath and rapid breathing. On arrival, he is tachypneic with a respiratory rate of 28/min , blood pressure 90/60 mmHg, and dry mucous membranes. Arterial blood gas shows: <br> pH: 7.15 <br>PaCO2: 24 mmHg <br>HCO3: 8 mEq/L <br>Which of the following best describes his acid-base status?",Uncompensated metabolic acidosis,Metabolic acidosis with appropriate respiratory compensation,,,,,
,,,,,,Which component of bacterial spores is responsible for their high resistance to heat and chemicals?,Mycolic acid,Peptidoglycan cross-linking,Dipocolinic acid,Endotoxin,Lipoteichoic acid,C,
,,,,,,A 33-year-old man sustains a stab wound to the medial aspect of the forearm. Examination reveals inability to adduct the thumb and weakness in finger adduction/abduction. Which of the following nerves most likely injured?,Median nerve,Radial nerve,Musculoskeletal nerve,Ulnar nerve,Axillary nerve,D,
